url,url_kind,host,path,legis,tipo_ex,num_ex,tipo_fich,failures,source_files,source_files_joined
https://www.senado.es/web/actividadparlamentaria/iniciativas/detalleiniciativa/index.html?legis=14&id1=622&id2=000026,detalleiniciativa,www.senado.es,/web/actividadparlamentaria/iniciativas/detalleiniciativa/index.html,14,622,000026,,3,3,docs/etl/sprints/AI-OPS-339/evidence/senado_retry_status404_recent-window_packet20_20260301T020240Z.json|docs/etl/sprints/AI-OPS-340/evidence/senado_retry_status404_recent-window_packet6_20260301T021418Z.json|docs/etl/sprints/AI-OPS-340/evidence/senado_retry_status404_recent-window_packet6_20260301T022459Z.json
https://www.senado.es/web/actividadparlamentaria/iniciativas/detalleiniciativa/index.html?legis=14&id1=622&id2=000039,detalleiniciativa,www.senado.es,/web/actividadparlamentaria/iniciativas/detalleiniciativa/index.html,14,622,000039,,3,3,docs/etl/sprints/AI-OPS-339/evidence/senado_retry_status404_recent-window_packet20_20260301T020240Z.json|docs/etl/sprints/AI-OPS-340/evidence/senado_retry_status404_recent-window_packet6_20260301T021418Z.json|docs/etl/sprints/AI-OPS-340/evidence/senado_retry_status404_recent-window_packet6_20260301T022459Z.json
https://www.senado.es/web/actividadparlamentaria/iniciativas/detalleiniciativa/index.html?legis=10&id1=610&id2=000081,detalleiniciativa,www.senado.es,/web/actividadparlamentaria/iniciativas/detalleiniciativa/index.html,10,610,000081,,2,2,docs/etl/sprints/AI-OPS-335/evidence/senado_retry_status404_fresh_20260301T012500Z.json|docs/etl/sprints/AI-OPS-342/evidence/senado_retry_status404_recent-window_packet80_20260301T030721Z.json
https://www.senado.es/web/actividadparlamentaria/iniciativas/detalleiniciativa/index.html?legis=10&id1=610&id2=000082,detalleiniciativa,www.senado.es,/web/actividadparlamentaria/iniciativas/detalleiniciativa/index.html,10,610,000082,,2,2,docs/etl/sprints/AI-OPS-335/evidence/senado_retry_status404_fresh_20260301T012500Z.json|docs/etl/sprints/AI-OPS-342/evidence/senado_retry_status404_recent-window_packet80_20260301T030721Z.json
https://www.senado.es/web/actividadparlamentaria/iniciativas/detalleiniciativa/index.html?legis=10&id1=610&id2=000083,detalleiniciativa,www.senado.es,/web/actividadparlamentaria/iniciativas/detalleiniciativa/index.html,10,610,000083,,2,2,docs/etl/sprints/AI-OPS-335/evidence/senado_retry_status404_fresh_20260301T012500Z.json|docs/etl/sprints/AI-OPS-342/evidence/senado_retry_status404_recent-window_packet80_20260301T030721Z.json
https://www.senado.es/web/actividadparlamentaria/iniciativas/detalleiniciativa/index.html?legis=10&id1=610&id2=000084,detalleiniciativa,www.senado.es,/web/actividadparlamentaria/iniciativas/detalleiniciativa/index.html,10,610,000084,,2,2,docs/etl/sprints/AI-OPS-335/evidence/senado_retry_status404_fresh_20260301T012500Z.json|docs/etl/sprints/AI-OPS-342/evidence/senado_retry_status404_recent-window_packet80_20260301T030721Z.json
https://www.senado.es/web/actividadparlamentaria/iniciativas/detalleiniciativa/index.html?legis=10&id1=610&id2=000085,detalleiniciativa,www.senado.es,/web/actividadparlamentaria/iniciativas/detalleiniciativa/index.html,10,610,000085,,2,2,docs/etl/sprints/AI-OPS-335/evidence/senado_retry_status404_fresh_20260301T012500Z.json|docs/etl/sprints/AI-OPS-342/evidence/senado_retry_status404_recent-window_packet80_20260301T030721Z.json
https://www.senado.es/web/actividadparlamentaria/iniciativas/detalleiniciativa/index.html?legis=10&id1=610&id2=000086,detalleiniciativa,www.senado.es,/web/actividadparlamentaria/iniciativas/detalleiniciativa/index.html,10,610,000086,,2,2,docs/etl/sprints/AI-OPS-335/evidence/senado_retry_status404_fresh_20260301T012500Z.json|docs/etl/sprints/AI-OPS-342/evidence/senado_retry_status404_recent-window_packet80_20260301T030721Z.json
https://www.senado.es/web/actividadparlamentaria/iniciativas/detalleiniciativa/index.html?legis=10&id1=610&id2=000096,detalleiniciativa,www.senado.es,/web/actividadparlamentaria/iniciativas/detalleiniciativa/index.html,10,610,000096,,2,2,docs/etl/sprints/AI-OPS-335/evidence/senado_retry_status404_fresh_20260301T012500Z.json|docs/etl/sprints/AI-OPS-342/evidence/senado_retry_status404_recent-window_packet80_20260301T030721Z.json
https://www.senado.es/web/actividadparlamentaria/iniciativas/detalleiniciativa/index.html?legis=10&id1=610&id2=000097,detalleiniciativa,www.senado.es,/web/actividadparlamentaria/iniciativas/detalleiniciativa/index.html,10,610,000097,,2,2,docs/etl/sprints/AI-OPS-335/evidence/senado_retry_status404_fresh_20260301T012500Z.json|docs/etl/sprints/AI-OPS-342/evidence/senado_retry_status404_recent-window_packet80_20260301T030721Z.json
https://www.senado.es/web/actividadparlamentaria/iniciativas/detalleiniciativa/index.html?legis=10&id1=610&id2=000113,detalleiniciativa,www.senado.es,/web/actividadparlamentaria/iniciativas/detalleiniciativa/index.html,10,610,000113,,2,2,docs/etl/sprints/AI-OPS-332/evidence/senado_retry_status404_fresh_20260301T005820Z.json|docs/etl/sprints/AI-OPS-341/evidence/senado_retry_status404_recent-window_packet80_20260301T023238Z.json
https://www.senado.es/web/actividadparlamentaria/iniciativas/detalleiniciativa/index.html?legis=10&id1=610&id2=000114,detalleiniciativa,www.senado.es,/web/actividadparlamentaria/iniciativas/detalleiniciativa/index.html,10,610,000114,,2,2,docs/etl/sprints/AI-OPS-333/evidence/senado_retry_status404_fresh_20260301T010746Z.json|docs/etl/sprints/AI-OPS-341/evidence/senado_retry_status404_recent-window_packet80_20260301T023238Z.json
https://www.senado.es/web/actividadparlamentaria/iniciativas/detalleiniciativa/index.html?legis=10&id1=610&id2=000115,detalleiniciativa,www.senado.es,/web/actividadparlamentaria/iniciativas/detalleiniciativa/index.html,10,610,000115,,2,2,docs/etl/sprints/AI-OPS-333/evidence/senado_retry_status404_fresh_20260301T010746Z.json|docs/etl/sprints/AI-OPS-341/evidence/senado_retry_status404_recent-window_packet80_20260301T023238Z.json
https://www.senado.es/web/actividadparlamentaria/iniciativas/detalleiniciativa/index.html?legis=14&id1=624&id2=000017,detalleiniciativa,www.senado.es,/web/actividadparlamentaria/iniciativas/detalleiniciativa/index.html,14,624,000017,,2,2,docs/etl/sprints/AI-OPS-332/evidence/senado_retry_status404_fresh_20260301T005820Z.json|docs/etl/sprints/AI-OPS-341/evidence/senado_retry_status404_recent-window_packet80_20260301T023238Z.json
https://www.senado.es/web/actividadparlamentaria/iniciativas/detalleiniciativa/index.html?legis=14&id1=624&id2=000019,detalleiniciativa,www.senado.es,/web/actividadparlamentaria/iniciativas/detalleiniciativa/index.html,14,624,000019,,2,2,docs/etl/sprints/AI-OPS-332/evidence/senado_retry_status404_fresh_20260301T005820Z.json|docs/etl/sprints/AI-OPS-341/evidence/senado_retry_status404_recent-window_packet80_20260301T023238Z.json
https://www.senado.es/web/actividadparlamentaria/iniciativas/enmiendas/index.html?id1=610&id2=000001&legis=10,enmiendas_index,www.senado.es,/web/actividadparlamentaria/iniciativas/enmiendas/index.html,10,610,000001,,2,2,docs/etl/sprints/AI-OPS-336/evidence/senado_retry_status404_fresh_20260301T013022Z.json|docs/etl/sprints/AI-OPS-344/evidence/senado_retry_status404_recent-window_packet80_20260301T040942Z.json
https://www.senado.es/web/actividadparlamentaria/iniciativas/enmiendas/index.html?id1=610&id2=000002&legis=10,enmiendas_index,www.senado.es,/web/actividadparlamentaria/iniciativas/enmiendas/index.html,10,610,000002,,2,2,docs/etl/sprints/AI-OPS-332/evidence/senado_retry_status404_fresh_20260301T005820Z.json|docs/etl/sprints/AI-OPS-341/evidence/senado_retry_status404_recent-window_packet80_20260301T023238Z.json
https://www.senado.es/web/actividadparlamentaria/iniciativas/enmiendas/index.html?id1=610&id2=000003&legis=10,enmiendas_index,www.senado.es,/web/actividadparlamentaria/iniciativas/enmiendas/index.html,10,610,000003,,2,2,docs/etl/sprints/AI-OPS-332/evidence/senado_retry_status404_fresh_20260301T005820Z.json|docs/etl/sprints/AI-OPS-341/evidence/senado_retry_status404_recent-window_packet80_20260301T023238Z.json
https://www.senado.es/web/actividadparlamentaria/iniciativas/enmiendas/index.html?id1=610&id2=000004&legis=10,enmiendas_index,www.senado.es,/web/actividadparlamentaria/iniciativas/enmiendas/index.html,10,610,000004,,2,2,docs/etl/sprints/AI-OPS-332/evidence/senado_retry_status404_fresh_20260301T005820Z.json|docs/etl/sprints/AI-OPS-341/evidence/senado_retry_status404_recent-window_packet80_20260301T023238Z.json
https://www.senado.es/web/actividadparlamentaria/iniciativas/enmiendas/index.html?id1=610&id2=000027&legis=10,enmiendas_index,www.senado.es,/web/actividadparlamentaria/iniciativas/enmiendas/index.html,10,610,000027,,2,2,docs/etl/sprints/AI-OPS-332/evidence/senado_retry_status404_fresh_20260301T005820Z.json|docs/etl/sprints/AI-OPS-341/evidence/senado_retry_status404_recent-window_packet80_20260301T023238Z.json
https://www.senado.es/web/actividadparlamentaria/iniciativas/enmiendas/index.html?id1=610&id2=000028&legis=10,enmiendas_index,www.senado.es,/web/actividadparlamentaria/iniciativas/enmiendas/index.html,10,610,000028,,2,2,docs/etl/sprints/AI-OPS-332/evidence/senado_retry_status404_fresh_20260301T005820Z.json|docs/etl/sprints/AI-OPS-341/evidence/senado_retry_status404_recent-window_packet80_20260301T023238Z.json
https://www.senado.es/web/actividadparlamentaria/iniciativas/enmiendas/index.html?id1=610&id2=000029&legis=10,enmiendas_index,www.senado.es,/web/actividadparlamentaria/iniciativas/enmiendas/index.html,10,610,000029,,2,2,docs/etl/sprints/AI-OPS-332/evidence/senado_retry_status404_fresh_20260301T005820Z.json|docs/etl/sprints/AI-OPS-341/evidence/senado_retry_status404_recent-window_packet80_20260301T023238Z.json
https://www.senado.es/web/actividadparlamentaria/iniciativas/enmiendas/index.html?id1=610&id2=000030&legis=10,enmiendas_index,www.senado.es,/web/actividadparlamentaria/iniciativas/enmiendas/index.html,10,610,000030,,2,2,docs/etl/sprints/AI-OPS-332/evidence/senado_retry_status404_fresh_20260301T005820Z.json|docs/etl/sprints/AI-OPS-341/evidence/senado_retry_status404_recent-window_packet80_20260301T023238Z.json
https://www.senado.es/web/actividadparlamentaria/iniciativas/enmiendas/index.html?id1=610&id2=000031&legis=10,enmiendas_index,www.senado.es,/web/actividadparlamentaria/iniciativas/enmiendas/index.html,10,610,000031,,2,2,docs/etl/sprints/AI-OPS-332/evidence/senado_retry_status404_fresh_20260301T005820Z.json|docs/etl/sprints/AI-OPS-341/evidence/senado_retry_status404_recent-window_packet80_20260301T023238Z.json
https://www.senado.es/web/actividadparlamentaria/iniciativas/enmiendas/index.html?id1=610&id2=000032&legis=10,enmiendas_index,www.senado.es,/web/actividadparlamentaria/iniciativas/enmiendas/index.html,10,610,000032,,2,2,docs/etl/sprints/AI-OPS-332/evidence/senado_retry_status404_fresh_20260301T005820Z.json|docs/etl/sprints/AI-OPS-341/evidence/senado_retry_status404_recent-window_packet80_20260301T023238Z.json
https://www.senado.es/web/actividadparlamentaria/iniciativas/enmiendas/index.html?id1=610&id2=000033&legis=10,enmiendas_index,www.senado.es,/web/actividadparlamentaria/iniciativas/enmiendas/index.html,10,610,000033,,2,2,docs/etl/sprints/AI-OPS-332/evidence/senado_retry_status404_fresh_20260301T005820Z.json|docs/etl/sprints/AI-OPS-341/evidence/senado_retry_status404_recent-window_packet80_20260301T023238Z.json
https://www.senado.es/web/actividadparlamentaria/iniciativas/enmiendas/index.html?id1=610&id2=000034&legis=10,enmiendas_index,www.senado.es,/web/actividadparlamentaria/iniciativas/enmiendas/index.html,10,610,000034,,2,2,docs/etl/sprints/AI-OPS-336/evidence/senado_retry_status404_fresh_20260301T013022Z.json|docs/etl/sprints/AI-OPS-344/evidence/senado_retry_status404_recent-window_packet80_20260301T040942Z.json
https://www.senado.es/web/actividadparlamentaria/iniciativas/enmiendas/index.html?id1=610&id2=000035&legis=10,enmiendas_index,www.senado.es,/web/actividadparlamentaria/iniciativas/enmiendas/index.html,10,610,000035,,2,2,docs/etl/sprints/AI-OPS-336/evidence/senado_retry_status404_fresh_20260301T013022Z.json|docs/etl/sprints/AI-OPS-344/evidence/senado_retry_status404_recent-window_packet80_20260301T040942Z.json
https://www.senado.es/web/actividadparlamentaria/iniciativas/enmiendas/index.html?id1=610&id2=000036&legis=10,enmiendas_index,www.senado.es,/web/actividadparlamentaria/iniciativas/enmiendas/index.html,10,610,000036,,2,2,docs/etl/sprints/AI-OPS-336/evidence/senado_retry_status404_fresh_20260301T013022Z.json|docs/etl/sprints/AI-OPS-344/evidence/senado_retry_status404_recent-window_packet80_20260301T040942Z.json
https://www.senado.es/web/actividadparlamentaria/iniciativas/enmiendas/index.html?id1=610&id2=000037&legis=10,enmiendas_index,www.senado.es,/web/actividadparlamentaria/iniciativas/enmiendas/index.html,10,610,000037,,2,2,docs/etl/sprints/AI-OPS-336/evidence/senado_retry_status404_fresh_20260301T013022Z.json|docs/etl/sprints/AI-OPS-344/evidence/senado_retry_status404_recent-window_packet80_20260301T040942Z.json
https://www.senado.es/web/actividadparlamentaria/iniciativas/enmiendas/index.html?id1=610&id2=000038&legis=10,enmiendas_index,www.senado.es,/web/actividadparlamentaria/iniciativas/enmiendas/index.html,10,610,000038,,2,2,docs/etl/sprints/AI-OPS-336/evidence/senado_retry_status404_fresh_20260301T013022Z.json|docs/etl/sprints/AI-OPS-344/evidence/senado_retry_status404_recent-window_packet80_20260301T040942Z.json
https://www.senado.es/web/actividadparlamentaria/iniciativas/enmiendas/index.html?id1=610&id2=000039&legis=10,enmiendas_index,www.senado.es,/web/actividadparlamentaria/iniciativas/enmiendas/index.html,10,610,000039,,2,2,docs/etl/sprints/AI-OPS-336/evidence/senado_retry_status404_fresh_20260301T013022Z.json|docs/etl/sprints/AI-OPS-344/evidence/senado_retry_status404_recent-window_packet80_20260301T040942Z.json
https://www.senado.es/web/actividadparlamentaria/iniciativas/enmiendas/index.html?id1=610&id2=000040&legis=10,enmiendas_index,www.senado.es,/web/actividadparlamentaria/iniciativas/enmiendas/index.html,10,610,000040,,2,2,docs/etl/sprints/AI-OPS-336/evidence/senado_retry_status404_fresh_20260301T013022Z.json|docs/etl/sprints/AI-OPS-344/evidence/senado_retry_status404_recent-window_packet80_20260301T040942Z.json
https://www.senado.es/web/actividadparlamentaria/iniciativas/enmiendas/index.html?id1=610&id2=000041&legis=10,enmiendas_index,www.senado.es,/web/actividadparlamentaria/iniciativas/enmiendas/index.html,10,610,000041,,2,2,docs/etl/sprints/AI-OPS-336/evidence/senado_retry_status404_fresh_20260301T013022Z.json|docs/etl/sprints/AI-OPS-344/evidence/senado_retry_status404_recent-window_packet80_20260301T040942Z.json
https://www.senado.es/web/actividadparlamentaria/iniciativas/enmiendas/index.html?id1=610&id2=000042&legis=10,enmiendas_index,www.senado.es,/web/actividadparlamentaria/iniciativas/enmiendas/index.html,10,610,000042,,2,2,docs/etl/sprints/AI-OPS-336/evidence/senado_retry_status404_fresh_20260301T013022Z.json|docs/etl/sprints/AI-OPS-344/evidence/senado_retry_status404_recent-window_packet80_20260301T040942Z.json
https://www.senado.es/web/actividadparlamentaria/iniciativas/enmiendas/index.html?id1=610&id2=000043&legis=10,enmiendas_index,www.senado.es,/web/actividadparlamentaria/iniciativas/enmiendas/index.html,10,610,000043,,2,2,docs/etl/sprints/AI-OPS-336/evidence/senado_retry_status404_fresh_20260301T013022Z.json|docs/etl/sprints/AI-OPS-344/evidence/senado_retry_status404_recent-window_packet80_20260301T040942Z.json
https://www.senado.es/web/actividadparlamentaria/iniciativas/enmiendas/index.html?id1=610&id2=000044&legis=10,enmiendas_index,www.senado.es,/web/actividadparlamentaria/iniciativas/enmiendas/index.html,10,610,000044,,2,2,docs/etl/sprints/AI-OPS-336/evidence/senado_retry_status404_fresh_20260301T013022Z.json|docs/etl/sprints/AI-OPS-344/evidence/senado_retry_status404_recent-window_packet80_20260301T040942Z.json
https://www.senado.es/web/actividadparlamentaria/iniciativas/enmiendas/index.html?id1=610&id2=000045&legis=10,enmiendas_index,www.senado.es,/web/actividadparlamentaria/iniciativas/enmiendas/index.html,10,610,000045,,2,2,docs/etl/sprints/AI-OPS-336/evidence/senado_retry_status404_fresh_20260301T013022Z.json|docs/etl/sprints/AI-OPS-344/evidence/senado_retry_status404_recent-window_packet80_20260301T040942Z.json
https://www.senado.es/web/actividadparlamentaria/iniciativas/enmiendas/index.html?id1=610&id2=000046&legis=10,enmiendas_index,www.senado.es,/web/actividadparlamentaria/iniciativas/enmiendas/index.html,10,610,000046,,2,2,docs/etl/sprints/AI-OPS-336/evidence/senado_retry_status404_fresh_20260301T013022Z.json|docs/etl/sprints/AI-OPS-344/evidence/senado_retry_status404_recent-window_packet80_20260301T040942Z.json
https://www.senado.es/web/actividadparlamentaria/iniciativas/enmiendas/index.html?id1=610&id2=000047&legis=10,enmiendas_index,www.senado.es,/web/actividadparlamentaria/iniciativas/enmiendas/index.html,10,610,000047,,2,2,docs/etl/sprints/AI-OPS-336/evidence/senado_retry_status404_fresh_20260301T013022Z.json|docs/etl/sprints/AI-OPS-344/evidence/senado_retry_status404_recent-window_packet80_20260301T040942Z.json
https://www.senado.es/web/actividadparlamentaria/iniciativas/enmiendas/index.html?id1=610&id2=000048&legis=10,enmiendas_index,www.senado.es,/web/actividadparlamentaria/iniciativas/enmiendas/index.html,10,610,000048,,2,2,docs/etl/sprints/AI-OPS-336/evidence/senado_retry_status404_fresh_20260301T013022Z.json|docs/etl/sprints/AI-OPS-344/evidence/senado_retry_status404_recent-window_packet80_20260301T040942Z.json
https://www.senado.es/web/actividadparlamentaria/iniciativas/enmiendas/index.html?id1=610&id2=000049&legis=10,enmiendas_index,www.senado.es,/web/actividadparlamentaria/iniciativas/enmiendas/index.html,10,610,000049,,2,2,docs/etl/sprints/AI-OPS-336/evidence/senado_retry_status404_fresh_20260301T013022Z.json|docs/etl/sprints/AI-OPS-344/evidence/senado_retry_status404_recent-window_packet80_20260301T040942Z.json
https://www.senado.es/web/actividadparlamentaria/iniciativas/enmiendas/index.html?id1=610&id2=000050&legis=10,enmiendas_index,www.senado.es,/web/actividadparlamentaria/iniciativas/enmiendas/index.html,10,610,000050,,2,2,docs/etl/sprints/AI-OPS-336/evidence/senado_retry_status404_fresh_20260301T013022Z.json|docs/etl/sprints/AI-OPS-344/evidence/senado_retry_status404_recent-window_packet80_20260301T040942Z.json
https://www.senado.es/web/actividadparlamentaria/iniciativas/enmiendas/index.html?id1=610&id2=000051&legis=10,enmiendas_index,www.senado.es,/web/actividadparlamentaria/iniciativas/enmiendas/index.html,10,610,000051,,2,2,docs/etl/sprints/AI-OPS-336/evidence/senado_retry_status404_fresh_20260301T013022Z.json|docs/etl/sprints/AI-OPS-344/evidence/senado_retry_status404_recent-window_packet80_20260301T040942Z.json
https://www.senado.es/web/actividadparlamentaria/iniciativas/enmiendas/index.html?id1=610&id2=000052&legis=10,enmiendas_index,www.senado.es,/web/actividadparlamentaria/iniciativas/enmiendas/index.html,10,610,000052,,2,2,docs/etl/sprints/AI-OPS-336/evidence/senado_retry_status404_fresh_20260301T013022Z.json|docs/etl/sprints/AI-OPS-344/evidence/senado_retry_status404_recent-window_packet80_20260301T040942Z.json
https://www.senado.es/web/actividadparlamentaria/iniciativas/enmiendas/index.html?id1=610&id2=000054&legis=10,enmiendas_index,www.senado.es,/web/actividadparlamentaria/iniciativas/enmiendas/index.html,10,610,000054,,2,2,docs/etl/sprints/AI-OPS-336/evidence/senado_retry_status404_fresh_20260301T013022Z.json|docs/etl/sprints/AI-OPS-344/evidence/senado_retry_status404_recent-window_packet80_20260301T040942Z.json
https://www.senado.es/web/actividadparlamentaria/iniciativas/enmiendas/index.html?id1=610&id2=000087&legis=10,enmiendas_index,www.senado.es,/web/actividadparlamentaria/iniciativas/enmiendas/index.html,10,610,000087,,2,2,docs/etl/sprints/AI-OPS-337/evidence/senado_retry_status404_fresh_20260301T014053Z.json|docs/etl/sprints/AI-OPS-345/evidence/senado_retry_status404_recent-window_packet80_20260301T044125Z.json
https://www.senado.es/web/actividadparlamentaria/iniciativas/enmiendas/index.html?id1=610&id2=000088&legis=10,enmiendas_index,www.senado.es,/web/actividadparlamentaria/iniciativas/enmiendas/index.html,10,610,000088,,2,2,docs/etl/sprints/AI-OPS-337/evidence/senado_retry_status404_fresh_20260301T014053Z.json|docs/etl/sprints/AI-OPS-345/evidence/senado_retry_status404_recent-window_packet80_20260301T044125Z.json
https://www.senado.es/web/actividadparlamentaria/iniciativas/enmiendas/index.html?id1=610&id2=000089&legis=10,enmiendas_index,www.senado.es,/web/actividadparlamentaria/iniciativas/enmiendas/index.html,10,610,000089,,2,2,docs/etl/sprints/AI-OPS-337/evidence/senado_retry_status404_fresh_20260301T014053Z.json|docs/etl/sprints/AI-OPS-345/evidence/senado_retry_status404_recent-window_packet80_20260301T044125Z.json
https://www.senado.es/web/actividadparlamentaria/iniciativas/enmiendas/index.html?id1=610&id2=000090&legis=10,enmiendas_index,www.senado.es,/web/actividadparlamentaria/iniciativas/enmiendas/index.html,10,610,000090,,2,2,docs/etl/sprints/AI-OPS-337/evidence/senado_retry_status404_fresh_20260301T014053Z.json|docs/etl/sprints/AI-OPS-345/evidence/senado_retry_status404_recent-window_packet80_20260301T044125Z.json
https://www.senado.es/web/actividadparlamentaria/iniciativas/enmiendas/index.html?id1=610&id2=000091&legis=10,enmiendas_index,www.senado.es,/web/actividadparlamentaria/iniciativas/enmiendas/index.html,10,610,000091,,2,2,docs/etl/sprints/AI-OPS-337/evidence/senado_retry_status404_fresh_20260301T014053Z.json|docs/etl/sprints/AI-OPS-345/evidence/senado_retry_status404_recent-window_packet80_20260301T044125Z.json
https://www.senado.es/web/actividadparlamentaria/iniciativas/enmiendas/index.html?id1=610&id2=000092&legis=10,enmiendas_index,www.senado.es,/web/actividadparlamentaria/iniciativas/enmiendas/index.html,10,610,000092,,2,2,docs/etl/sprints/AI-OPS-337/evidence/senado_retry_status404_fresh_20260301T014053Z.json|docs/etl/sprints/AI-OPS-345/evidence/senado_retry_status404_recent-window_packet80_20260301T044125Z.json
https://www.senado.es/web/actividadparlamentaria/iniciativas/enmiendas/index.html?id1=610&id2=000093&legis=10,enmiendas_index,www.senado.es,/web/actividadparlamentaria/iniciativas/enmiendas/index.html,10,610,000093,,2,2,docs/etl/sprints/AI-OPS-337/evidence/senado_retry_status404_fresh_20260301T014053Z.json|docs/etl/sprints/AI-OPS-345/evidence/senado_retry_status404_recent-window_packet80_20260301T044125Z.json
https://www.senado.es/web/actividadparlamentaria/iniciativas/enmiendas/index.html?id1=610&id2=000094&legis=10,enmiendas_index,www.senado.es,/web/actividadparlamentaria/iniciativas/enmiendas/index.html,10,610,000094,,2,2,docs/etl/sprints/AI-OPS-337/evidence/senado_retry_status404_fresh_20260301T014053Z.json|docs/etl/sprints/AI-OPS-345/evidence/senado_retry_status404_recent-window_packet80_20260301T044125Z.json
https://www.senado.es/web/actividadparlamentaria/iniciativas/enmiendas/index.html?id1=610&id2=000095&legis=10,enmiendas_index,www.senado.es,/web/actividadparlamentaria/iniciativas/enmiendas/index.html,10,610,000095,,2,2,docs/etl/sprints/AI-OPS-337/evidence/senado_retry_status404_fresh_20260301T014053Z.json|docs/etl/sprints/AI-OPS-345/evidence/senado_retry_status404_recent-window_packet80_20260301T044125Z.json
https://www.senado.es/web/actividadparlamentaria/iniciativas/enmiendas/index.html?id1=610&id2=000106&legis=10,enmiendas_index,www.senado.es,/web/actividadparlamentaria/iniciativas/enmiendas/index.html,10,610,000106,,2,2,docs/etl/sprints/AI-OPS-337/evidence/senado_retry_status404_fresh_20260301T014053Z.json|docs/etl/sprints/AI-OPS-345/evidence/senado_retry_status404_recent-window_packet80_20260301T044125Z.json
https://www.senado.es/web/actividadparlamentaria/iniciativas/enmiendas/index.html?id1=610&id2=000107&legis=10,enmiendas_index,www.senado.es,/web/actividadparlamentaria/iniciativas/enmiendas/index.html,10,610,000107,,2,2,docs/etl/sprints/AI-OPS-337/evidence/senado_retry_status404_fresh_20260301T014053Z.json|docs/etl/sprints/AI-OPS-345/evidence/senado_retry_status404_recent-window_packet80_20260301T044125Z.json
https://www.senado.es/web/ficopendataservlet?legis=10&tipoFich=12&tipoEx=605&numEx=000001,ficopendataservlet,www.senado.es,/web/ficopendataservlet,10,605,000001,12,2,2,docs/etl/sprints/AI-OPS-337/evidence/senado_retry_status404_fresh_20260301T014053Z.json|docs/etl/sprints/AI-OPS-346/evidence/senado_retry_status404_recent-window_packet80_20260301T051526Z.json
https://www.senado.es/web/ficopendataservlet?legis=10&tipoFich=12&tipoEx=610&numEx=000001,ficopendataservlet,www.senado.es,/web/ficopendataservlet,10,610,000001,12,2,2,docs/etl/sprints/AI-OPS-337/evidence/senado_retry_status404_fresh_20260301T014053Z.json|docs/etl/sprints/AI-OPS-346/evidence/senado_retry_status404_recent-window_packet80_20260301T051526Z.json
https://www.senado.es/web/ficopendataservlet?legis=10&tipoFich=12&tipoEx=610&numEx=000002,ficopendataservlet,www.senado.es,/web/ficopendataservlet,10,610,000002,12,2,2,docs/etl/sprints/AI-OPS-335/evidence/senado_retry_status404_fresh_20260301T012500Z.json|docs/etl/sprints/AI-OPS-342/evidence/senado_retry_status404_recent-window_packet80_20260301T030721Z.json
https://www.senado.es/web/ficopendataservlet?legis=10&tipoFich=12&tipoEx=610&numEx=000003,ficopendataservlet,www.senado.es,/web/ficopendataservlet,10,610,000003,12,2,2,docs/etl/sprints/AI-OPS-335/evidence/senado_retry_status404_fresh_20260301T012500Z.json|docs/etl/sprints/AI-OPS-342/evidence/senado_retry_status404_recent-window_packet80_20260301T030721Z.json
https://www.senado.es/web/ficopendataservlet?legis=10&tipoFich=12&tipoEx=610&numEx=000004,ficopendataservlet,www.senado.es,/web/ficopendataservlet,10,610,000004,12,2,2,docs/etl/sprints/AI-OPS-335/evidence/senado_retry_status404_fresh_20260301T012500Z.json|docs/etl/sprints/AI-OPS-342/evidence/senado_retry_status404_recent-window_packet80_20260301T030721Z.json
https://www.senado.es/web/ficopendataservlet?legis=10&tipoFich=12&tipoEx=610&numEx=000005,ficopendataservlet,www.senado.es,/web/ficopendataservlet,10,610,000005,12,2,2,docs/etl/sprints/AI-OPS-335/evidence/senado_retry_status404_fresh_20260301T012500Z.json|docs/etl/sprints/AI-OPS-342/evidence/senado_retry_status404_recent-window_packet80_20260301T030721Z.json
https://www.senado.es/web/ficopendataservlet?legis=10&tipoFich=12&tipoEx=610&numEx=000006,ficopendataservlet,www.senado.es,/web/ficopendataservlet,10,610,000006,12,2,2,docs/etl/sprints/AI-OPS-335/evidence/senado_retry_status404_fresh_20260301T012500Z.json|docs/etl/sprints/AI-OPS-342/evidence/senado_retry_status404_recent-window_packet80_20260301T030721Z.json
https://www.senado.es/web/ficopendataservlet?legis=10&tipoFich=12&tipoEx=610&numEx=000007,ficopendataservlet,www.senado.es,/web/ficopendataservlet,10,610,000007,12,2,2,docs/etl/sprints/AI-OPS-335/evidence/senado_retry_status404_fresh_20260301T012500Z.json|docs/etl/sprints/AI-OPS-342/evidence/senado_retry_status404_recent-window_packet80_20260301T030721Z.json
https://www.senado.es/web/ficopendataservlet?legis=10&tipoFich=12&tipoEx=610&numEx=000008,ficopendataservlet,www.senado.es,/web/ficopendataservlet,10,610,000008,12,2,2,docs/etl/sprints/AI-OPS-335/evidence/senado_retry_status404_fresh_20260301T012500Z.json|docs/etl/sprints/AI-OPS-342/evidence/senado_retry_status404_recent-window_packet80_20260301T030721Z.json
https://www.senado.es/web/ficopendataservlet?legis=10&tipoFich=12&tipoEx=610&numEx=000009,ficopendataservlet,www.senado.es,/web/ficopendataservlet,10,610,000009,12,2,2,docs/etl/sprints/AI-OPS-335/evidence/senado_retry_status404_fresh_20260301T012500Z.json|docs/etl/sprints/AI-OPS-342/evidence/senado_retry_status404_recent-window_packet80_20260301T030721Z.json
https://www.senado.es/web/ficopendataservlet?legis=10&tipoFich=12&tipoEx=610&numEx=000010,ficopendataservlet,www.senado.es,/web/ficopendataservlet,10,610,000010,12,2,2,docs/etl/sprints/AI-OPS-335/evidence/senado_retry_status404_fresh_20260301T012500Z.json|docs/etl/sprints/AI-OPS-342/evidence/senado_retry_status404_recent-window_packet80_20260301T030721Z.json
https://www.senado.es/web/ficopendataservlet?legis=10&tipoFich=12&tipoEx=610&numEx=000011,ficopendataservlet,www.senado.es,/web/ficopendataservlet,10,610,000011,12,2,2,docs/etl/sprints/AI-OPS-335/evidence/senado_retry_status404_fresh_20260301T012500Z.json|docs/etl/sprints/AI-OPS-342/evidence/senado_retry_status404_recent-window_packet80_20260301T030721Z.json
https://www.senado.es/web/ficopendataservlet?legis=10&tipoFich=12&tipoEx=610&numEx=000012,ficopendataservlet,www.senado.es,/web/ficopendataservlet,10,610,000012,12,2,2,docs/etl/sprints/AI-OPS-335/evidence/senado_retry_status404_fresh_20260301T012500Z.json|docs/etl/sprints/AI-OPS-342/evidence/senado_retry_status404_recent-window_packet80_20260301T030721Z.json
https://www.senado.es/web/ficopendataservlet?legis=10&tipoFich=12&tipoEx=610&numEx=000013,ficopendataservlet,www.senado.es,/web/ficopendataservlet,10,610,000013,12,2,2,docs/etl/sprints/AI-OPS-335/evidence/senado_retry_status404_fresh_20260301T012500Z.json|docs/etl/sprints/AI-OPS-342/evidence/senado_retry_status404_recent-window_packet80_20260301T030721Z.json
https://www.senado.es/web/ficopendataservlet?legis=10&tipoFich=12&tipoEx=610&numEx=000014,ficopendataservlet,www.senado.es,/web/ficopendataservlet,10,610,000014,12,2,2,docs/etl/sprints/AI-OPS-335/evidence/senado_retry_status404_fresh_20260301T012500Z.json|docs/etl/sprints/AI-OPS-342/evidence/senado_retry_status404_recent-window_packet80_20260301T030721Z.json
https://www.senado.es/web/ficopendataservlet?legis=10&tipoFich=12&tipoEx=610&numEx=000015,ficopendataservlet,www.senado.es,/web/ficopendataservlet,10,610,000015,12,2,2,docs/etl/sprints/AI-OPS-335/evidence/senado_retry_status404_fresh_20260301T012500Z.json|docs/etl/sprints/AI-OPS-342/evidence/senado_retry_status404_recent-window_packet80_20260301T030721Z.json
https://www.senado.es/web/ficopendataservlet?legis=10&tipoFich=12&tipoEx=610&numEx=000016,ficopendataservlet,www.senado.es,/web/ficopendataservlet,10,610,000016,12,2,2,docs/etl/sprints/AI-OPS-335/evidence/senado_retry_status404_fresh_20260301T012500Z.json|docs/etl/sprints/AI-OPS-342/evidence/senado_retry_status404_recent-window_packet80_20260301T030721Z.json
https://www.senado.es/web/ficopendataservlet?legis=10&tipoFich=12&tipoEx=610&numEx=000017,ficopendataservlet,www.senado.es,/web/ficopendataservlet,10,610,000017,12,2,2,docs/etl/sprints/AI-OPS-335/evidence/senado_retry_status404_fresh_20260301T012500Z.json|docs/etl/sprints/AI-OPS-342/evidence/senado_retry_status404_recent-window_packet80_20260301T030721Z.json
https://www.senado.es/web/ficopendataservlet?legis=10&tipoFich=12&tipoEx=610&numEx=000018,ficopendataservlet,www.senado.es,/web/ficopendataservlet,10,610,000018,12,2,2,docs/etl/sprints/AI-OPS-335/evidence/senado_retry_status404_fresh_20260301T012500Z.json|docs/etl/sprints/AI-OPS-342/evidence/senado_retry_status404_recent-window_packet80_20260301T030721Z.json
https://www.senado.es/web/ficopendataservlet?legis=10&tipoFich=12&tipoEx=610&numEx=000019,ficopendataservlet,www.senado.es,/web/ficopendataservlet,10,610,000019,12,2,2,docs/etl/sprints/AI-OPS-335/evidence/senado_retry_status404_fresh_20260301T012500Z.json|docs/etl/sprints/AI-OPS-342/evidence/senado_retry_status404_recent-window_packet80_20260301T030721Z.json
https://www.senado.es/web/ficopendataservlet?legis=10&tipoFich=12&tipoEx=610&numEx=000020,ficopendataservlet,www.senado.es,/web/ficopendataservlet,10,610,000020,12,2,2,docs/etl/sprints/AI-OPS-335/evidence/senado_retry_status404_fresh_20260301T012500Z.json|docs/etl/sprints/AI-OPS-342/evidence/senado_retry_status404_recent-window_packet80_20260301T030721Z.json
https://www.senado.es/web/ficopendataservlet?legis=10&tipoFich=12&tipoEx=610&numEx=000021,ficopendataservlet,www.senado.es,/web/ficopendataservlet,10,610,000021,12,2,2,docs/etl/sprints/AI-OPS-335/evidence/senado_retry_status404_fresh_20260301T012500Z.json|docs/etl/sprints/AI-OPS-342/evidence/senado_retry_status404_recent-window_packet80_20260301T030721Z.json
https://www.senado.es/web/ficopendataservlet?legis=10&tipoFich=12&tipoEx=610&numEx=000022,ficopendataservlet,www.senado.es,/web/ficopendataservlet,10,610,000022,12,2,2,docs/etl/sprints/AI-OPS-335/evidence/senado_retry_status404_fresh_20260301T012500Z.json|docs/etl/sprints/AI-OPS-342/evidence/senado_retry_status404_recent-window_packet80_20260301T030721Z.json
https://www.senado.es/web/ficopendataservlet?legis=10&tipoFich=12&tipoEx=610&numEx=000023,ficopendataservlet,www.senado.es,/web/ficopendataservlet,10,610,000023,12,2,2,docs/etl/sprints/AI-OPS-335/evidence/senado_retry_status404_fresh_20260301T012500Z.json|docs/etl/sprints/AI-OPS-342/evidence/senado_retry_status404_recent-window_packet80_20260301T030721Z.json
https://www.senado.es/web/ficopendataservlet?legis=10&tipoFich=12&tipoEx=610&numEx=000034,ficopendataservlet,www.senado.es,/web/ficopendataservlet,10,610,000034,12,2,2,docs/etl/sprints/AI-OPS-337/evidence/senado_retry_status404_fresh_20260301T014053Z.json|docs/etl/sprints/AI-OPS-346/evidence/senado_retry_status404_recent-window_packet80_20260301T051526Z.json
https://www.senado.es/web/ficopendataservlet?legis=10&tipoFich=12&tipoEx=610&numEx=000035,ficopendataservlet,www.senado.es,/web/ficopendataservlet,10,610,000035,12,2,2,docs/etl/sprints/AI-OPS-337/evidence/senado_retry_status404_fresh_20260301T014053Z.json|docs/etl/sprints/AI-OPS-346/evidence/senado_retry_status404_recent-window_packet80_20260301T051526Z.json
https://www.senado.es/web/ficopendataservlet?legis=10&tipoFich=12&tipoEx=610&numEx=000036,ficopendataservlet,www.senado.es,/web/ficopendataservlet,10,610,000036,12,2,2,docs/etl/sprints/AI-OPS-337/evidence/senado_retry_status404_fresh_20260301T014053Z.json|docs/etl/sprints/AI-OPS-346/evidence/senado_retry_status404_recent-window_packet80_20260301T051526Z.json
https://www.senado.es/web/ficopendataservlet?legis=10&tipoFich=12&tipoEx=610&numEx=000037,ficopendataservlet,www.senado.es,/web/ficopendataservlet,10,610,000037,12,2,2,docs/etl/sprints/AI-OPS-337/evidence/senado_retry_status404_fresh_20260301T014053Z.json|docs/etl/sprints/AI-OPS-346/evidence/senado_retry_status404_recent-window_packet80_20260301T051526Z.json
https://www.senado.es/web/ficopendataservlet?legis=10&tipoFich=12&tipoEx=610&numEx=000038,ficopendataservlet,www.senado.es,/web/ficopendataservlet,10,610,000038,12,2,2,docs/etl/sprints/AI-OPS-337/evidence/senado_retry_status404_fresh_20260301T014053Z.json|docs/etl/sprints/AI-OPS-346/evidence/senado_retry_status404_recent-window_packet80_20260301T051526Z.json
https://www.senado.es/web/ficopendataservlet?legis=10&tipoFich=12&tipoEx=610&numEx=000039,ficopendataservlet,www.senado.es,/web/ficopendataservlet,10,610,000039,12,2,2,docs/etl/sprints/AI-OPS-337/evidence/senado_retry_status404_fresh_20260301T014053Z.json|docs/etl/sprints/AI-OPS-346/evidence/senado_retry_status404_recent-window_packet80_20260301T051526Z.json
https://www.senado.es/web/ficopendataservlet?legis=10&tipoFich=12&tipoEx=610&numEx=000040,ficopendataservlet,www.senado.es,/web/ficopendataservlet,10,610,000040,12,2,2,docs/etl/sprints/AI-OPS-337/evidence/senado_retry_status404_fresh_20260301T014053Z.json|docs/etl/sprints/AI-OPS-346/evidence/senado_retry_status404_recent-window_packet80_20260301T051526Z.json
https://www.senado.es/web/ficopendataservlet?legis=10&tipoFich=12&tipoEx=610&numEx=000041,ficopendataservlet,www.senado.es,/web/ficopendataservlet,10,610,000041,12,2,2,docs/etl/sprints/AI-OPS-337/evidence/senado_retry_status404_fresh_20260301T014053Z.json|docs/etl/sprints/AI-OPS-346/evidence/senado_retry_status404_recent-window_packet80_20260301T051526Z.json
https://www.senado.es/web/ficopendataservlet?legis=10&tipoFich=12&tipoEx=610&numEx=000042,ficopendataservlet,www.senado.es,/web/ficopendataservlet,10,610,000042,12,2,2,docs/etl/sprints/AI-OPS-337/evidence/senado_retry_status404_fresh_20260301T014053Z.json|docs/etl/sprints/AI-OPS-346/evidence/senado_retry_status404_recent-window_packet80_20260301T051526Z.json
https://www.senado.es/web/ficopendataservlet?legis=10&tipoFich=12&tipoEx=610&numEx=000043,ficopendataservlet,www.senado.es,/web/ficopendataservlet,10,610,000043,12,2,2,docs/etl/sprints/AI-OPS-337/evidence/senado_retry_status404_fresh_20260301T014053Z.json|docs/etl/sprints/AI-OPS-346/evidence/senado_retry_status404_recent-window_packet80_20260301T051526Z.json
https://www.senado.es/web/ficopendataservlet?legis=10&tipoFich=12&tipoEx=610&numEx=000044,ficopendataservlet,www.senado.es,/web/ficopendataservlet,10,610,000044,12,2,2,docs/etl/sprints/AI-OPS-337/evidence/senado_retry_status404_fresh_20260301T014053Z.json|docs/etl/sprints/AI-OPS-346/evidence/senado_retry_status404_recent-window_packet80_20260301T051526Z.json
https://www.senado.es/web/ficopendataservlet?legis=10&tipoFich=12&tipoEx=610&numEx=000045,ficopendataservlet,www.senado.es,/web/ficopendataservlet,10,610,000045,12,2,2,docs/etl/sprints/AI-OPS-337/evidence/senado_retry_status404_fresh_20260301T014053Z.json|docs/etl/sprints/AI-OPS-346/evidence/senado_retry_status404_recent-window_packet80_20260301T051526Z.json
https://www.senado.es/web/ficopendataservlet?legis=10&tipoFich=12&tipoEx=610&numEx=000046,ficopendataservlet,www.senado.es,/web/ficopendataservlet,10,610,000046,12,2,2,docs/etl/sprints/AI-OPS-337/evidence/senado_retry_status404_fresh_20260301T014053Z.json|docs/etl/sprints/AI-OPS-346/evidence/senado_retry_status404_recent-window_packet80_20260301T051526Z.json
https://www.senado.es/web/ficopendataservlet?legis=10&tipoFich=12&tipoEx=610&numEx=000047,ficopendataservlet,www.senado.es,/web/ficopendataservlet,10,610,000047,12,2,2,docs/etl/sprints/AI-OPS-337/evidence/senado_retry_status404_fresh_20260301T014053Z.json|docs/etl/sprints/AI-OPS-346/evidence/senado_retry_status404_recent-window_packet80_20260301T051526Z.json
https://www.senado.es/web/ficopendataservlet?legis=10&tipoFich=12&tipoEx=610&numEx=000048,ficopendataservlet,www.senado.es,/web/ficopendataservlet,10,610,000048,12,2,2,docs/etl/sprints/AI-OPS-337/evidence/senado_retry_status404_fresh_20260301T014053Z.json|docs/etl/sprints/AI-OPS-346/evidence/senado_retry_status404_recent-window_packet80_20260301T051526Z.json
https://www.senado.es/web/ficopendataservlet?legis=10&tipoFich=12&tipoEx=610&numEx=000049,ficopendataservlet,www.senado.es,/web/ficopendataservlet,10,610,000049,12,2,2,docs/etl/sprints/AI-OPS-337/evidence/senado_retry_status404_fresh_20260301T014053Z.json|docs/etl/sprints/AI-OPS-346/evidence/senado_retry_status404_recent-window_packet80_20260301T051526Z.json
https://www.senado.es/web/ficopendataservlet?legis=10&tipoFich=12&tipoEx=610&numEx=000079,ficopendataservlet,www.senado.es,/web/ficopendataservlet,10,610,000079,12,2,2,docs/etl/sprints/AI-OPS-338/evidence/senado_retry_status404_fresh_20260301T014759Z.json|docs/etl/sprints/AI-OPS-349/evidence/senado_retry_status404_recent-window_packet80_20260301T063939Z.json
https://www.senado.es/web/ficopendataservlet?legis=10&tipoFich=12&tipoEx=610&numEx=000080,ficopendataservlet,www.senado.es,/web/ficopendataservlet,10,610,000080,12,2,2,docs/etl/sprints/AI-OPS-338/evidence/senado_retry_status404_fresh_20260301T014759Z.json|docs/etl/sprints/AI-OPS-349/evidence/senado_retry_status404_recent-window_packet80_20260301T063939Z.json
https://www.senado.es/web/ficopendataservlet?legis=10&tipoFich=12&tipoEx=610&numEx=000081,ficopendataservlet,www.senado.es,/web/ficopendataservlet,10,610,000081,12,2,2,docs/etl/sprints/AI-OPS-338/evidence/senado_retry_status404_fresh_20260301T014759Z.json|docs/etl/sprints/AI-OPS-350/evidence/senado_retry_status404_recent-window_packet80_20260301T071518Z.json
https://www.senado.es/web/ficopendataservlet?legis=10&tipoFich=12&tipoEx=610&numEx=000082,ficopendataservlet,www.senado.es,/web/ficopendataservlet,10,610,000082,12,2,2,docs/etl/sprints/AI-OPS-338/evidence/senado_retry_status404_fresh_20260301T014759Z.json|docs/etl/sprints/AI-OPS-350/evidence/senado_retry_status404_recent-window_packet80_20260301T071518Z.json
https://www.senado.es/web/ficopendataservlet?legis=10&tipoFich=12&tipoEx=610&numEx=000083,ficopendataservlet,www.senado.es,/web/ficopendataservlet,10,610,000083,12,2,2,docs/etl/sprints/AI-OPS-338/evidence/senado_retry_status404_fresh_20260301T014759Z.json|docs/etl/sprints/AI-OPS-350/evidence/senado_retry_status404_recent-window_packet80_20260301T071518Z.json
https://www.senado.es/web/ficopendataservlet?legis=10&tipoFich=12&tipoEx=610&numEx=000084,ficopendataservlet,www.senado.es,/web/ficopendataservlet,10,610,000084,12,2,2,docs/etl/sprints/AI-OPS-338/evidence/senado_retry_status404_fresh_20260301T014759Z.json|docs/etl/sprints/AI-OPS-350/evidence/senado_retry_status404_recent-window_packet80_20260301T071518Z.json
https://www.senado.es/web/ficopendataservlet?legis=10&tipoFich=12&tipoEx=610&numEx=000085,ficopendataservlet,www.senado.es,/web/ficopendataservlet,10,610,000085,12,2,2,docs/etl/sprints/AI-OPS-338/evidence/senado_retry_status404_fresh_20260301T014759Z.json|docs/etl/sprints/AI-OPS-350/evidence/senado_retry_status404_recent-window_packet80_20260301T071518Z.json
https://www.senado.es/web/ficopendataservlet?legis=10&tipoFich=12&tipoEx=610&numEx=000086,ficopendataservlet,www.senado.es,/web/ficopendataservlet,10,610,000086,12,2,2,docs/etl/sprints/AI-OPS-338/evidence/senado_retry_status404_fresh_20260301T014759Z.json|docs/etl/sprints/AI-OPS-350/evidence/senado_retry_status404_recent-window_packet80_20260301T071518Z.json
https://www.senado.es/web/ficopendataservlet?legis=10&tipoFich=12&tipoEx=610&numEx=000087,ficopendataservlet,www.senado.es,/web/ficopendataservlet,10,610,000087,12,2,2,docs/etl/sprints/AI-OPS-338/evidence/senado_retry_status404_fresh_20260301T014759Z.json|docs/etl/sprints/AI-OPS-350/evidence/senado_retry_status404_recent-window_packet80_20260301T071518Z.json
https://www.senado.es/web/ficopendataservlet?legis=10&tipoFich=12&tipoEx=610&numEx=000088,ficopendataservlet,www.senado.es,/web/ficopendataservlet,10,610,000088,12,2,2,docs/etl/sprints/AI-OPS-338/evidence/senado_retry_status404_fresh_20260301T014759Z.json|docs/etl/sprints/AI-OPS-350/evidence/senado_retry_status404_recent-window_packet80_20260301T071518Z.json
https://www.senado.es/web/ficopendataservlet?legis=10&tipoFich=12&tipoEx=610&numEx=000089,ficopendataservlet,www.senado.es,/web/ficopendataservlet,10,610,000089,12,2,2,docs/etl/sprints/AI-OPS-338/evidence/senado_retry_status404_fresh_20260301T014759Z.json|docs/etl/sprints/AI-OPS-350/evidence/senado_retry_status404_recent-window_packet80_20260301T071518Z.json
https://www.senado.es/web/ficopendataservlet?legis=10&tipoFich=12&tipoEx=610&numEx=000090,ficopendataservlet,www.senado.es,/web/ficopendataservlet,10,610,000090,12,2,2,docs/etl/sprints/AI-OPS-338/evidence/senado_retry_status404_fresh_20260301T014759Z.json|docs/etl/sprints/AI-OPS-350/evidence/senado_retry_status404_recent-window_packet80_20260301T071518Z.json
https://www.senado.es/web/ficopendataservlet?legis=10&tipoFich=12&tipoEx=610&numEx=000091,ficopendataservlet,www.senado.es,/web/ficopendataservlet,10,610,000091,12,2,2,docs/etl/sprints/AI-OPS-338/evidence/senado_retry_status404_fresh_20260301T014759Z.json|docs/etl/sprints/AI-OPS-350/evidence/senado_retry_status404_recent-window_packet80_20260301T071518Z.json
https://www.senado.es/web/ficopendataservlet?legis=10&tipoFich=12&tipoEx=610&numEx=000092,ficopendataservlet,www.senado.es,/web/ficopendataservlet,10,610,000092,12,2,2,docs/etl/sprints/AI-OPS-338/evidence/senado_retry_status404_fresh_20260301T014759Z.json|docs/etl/sprints/AI-OPS-350/evidence/senado_retry_status404_recent-window_packet80_20260301T071518Z.json
https://www.senado.es/web/ficopendataservlet?legis=10&tipoFich=12&tipoEx=610&numEx=000093,ficopendataservlet,www.senado.es,/web/ficopendataservlet,10,610,000093,12,2,2,docs/etl/sprints/AI-OPS-338/evidence/senado_retry_status404_fresh_20260301T014759Z.json|docs/etl/sprints/AI-OPS-350/evidence/senado_retry_status404_recent-window_packet80_20260301T071518Z.json
https://www.senado.es/web/ficopendataservlet?legis=10&tipoFich=12&tipoEx=610&numEx=000094,ficopendataservlet,www.senado.es,/web/ficopendataservlet,10,610,000094,12,2,2,docs/etl/sprints/AI-OPS-338/evidence/senado_retry_status404_fresh_20260301T014759Z.json|docs/etl/sprints/AI-OPS-350/evidence/senado_retry_status404_recent-window_packet80_20260301T071518Z.json
https://www.senado.es/web/ficopendataservlet?legis=10&tipoFich=12&tipoEx=610&numEx=000095,ficopendataservlet,www.senado.es,/web/ficopendataservlet,10,610,000095,12,2,2,docs/etl/sprints/AI-OPS-338/evidence/senado_retry_status404_fresh_20260301T014759Z.json|docs/etl/sprints/AI-OPS-350/evidence/senado_retry_status404_recent-window_packet80_20260301T071518Z.json
https://www.senado.es/web/ficopendataservlet?legis=10&tipoFich=12&tipoEx=610&numEx=000096,ficopendataservlet,www.senado.es,/web/ficopendataservlet,10,610,000096,12,2,2,docs/etl/sprints/AI-OPS-338/evidence/senado_retry_status404_fresh_20260301T014759Z.json|docs/etl/sprints/AI-OPS-350/evidence/senado_retry_status404_recent-window_packet80_20260301T071518Z.json
https://www.senado.es/web/ficopendataservlet?legis=10&tipoFich=12&tipoEx=610&numEx=000097,ficopendataservlet,www.senado.es,/web/ficopendataservlet,10,610,000097,12,2,2,docs/etl/sprints/AI-OPS-338/evidence/senado_retry_status404_fresh_20260301T014759Z.json|docs/etl/sprints/AI-OPS-350/evidence/senado_retry_status404_recent-window_packet80_20260301T071518Z.json
https://www.senado.es/web/ficopendataservlet?legis=10&tipoFich=12&tipoEx=610&numEx=000099,ficopendataservlet,www.senado.es,/web/ficopendataservlet,10,610,000099,12,2,2,docs/etl/sprints/AI-OPS-338/evidence/senado_retry_status404_fresh_20260301T014759Z.json|docs/etl/sprints/AI-OPS-350/evidence/senado_retry_status404_recent-window_packet80_20260301T071518Z.json
https://www.senado.es/web/ficopendataservlet?legis=10&tipoFich=12&tipoEx=610&numEx=000100,ficopendataservlet,www.senado.es,/web/ficopendataservlet,10,610,000100,12,2,2,docs/etl/sprints/AI-OPS-338/evidence/senado_retry_status404_fresh_20260301T014759Z.json|docs/etl/sprints/AI-OPS-350/evidence/senado_retry_status404_recent-window_packet80_20260301T071518Z.json
https://www.senado.es/web/ficopendataservlet?legis=10&tipoFich=12&tipoEx=610&numEx=000101,ficopendataservlet,www.senado.es,/web/ficopendataservlet,10,610,000101,12,2,2,docs/etl/sprints/AI-OPS-338/evidence/senado_retry_status404_fresh_20260301T014759Z.json|docs/etl/sprints/AI-OPS-350/evidence/senado_retry_status404_recent-window_packet80_20260301T071518Z.json
https://www.senado.es/web/ficopendataservlet?legis=14&tipoFich=3&tipoEx=622&numEx=000055,ficopendataservlet,www.senado.es,/web/ficopendataservlet,14,622,000055,3,2,2,docs/etl/sprints/AI-OPS-339/evidence/senado_retry_status404_recent-window_packet20_20260301T020240Z.json|docs/etl/sprints/AI-OPS-340/evidence/senado_retry_status404_recent-window_packet6_20260301T021418Z.json
https://www.senado.es/web/ficopendataservlet?legis=14&tipoFich=3&tipoEx=622&numEx=000059,ficopendataservlet,www.senado.es,/web/ficopendataservlet,14,622,000059,3,2,2,docs/etl/sprints/AI-OPS-339/evidence/senado_retry_status404_recent-window_packet20_20260301T020240Z.json|docs/etl/sprints/AI-OPS-340/evidence/senado_retry_status404_recent-window_packet6_20260301T021418Z.json
https://www.senado.es/web/ficopendataservlet?legis=14&tipoFich=3&tipoEx=622&numEx=000096,ficopendataservlet,www.senado.es,/web/ficopendataservlet,14,622,000096,3,2,2,docs/etl/sprints/AI-OPS-339/evidence/senado_retry_status404_recent-window_packet20_20260301T020240Z.json|docs/etl/sprints/AI-OPS-340/evidence/senado_retry_status404_recent-window_packet6_20260301T021418Z.json
https://www.senado.es/web/ficopendataservlet?legis=14&tipoFich=3&tipoEx=622&numEx=000102,ficopendataservlet,www.senado.es,/web/ficopendataservlet,14,622,000102,3,2,2,docs/etl/sprints/AI-OPS-339/evidence/senado_retry_status404_recent-window_packet20_20260301T020240Z.json|docs/etl/sprints/AI-OPS-340/evidence/senado_retry_status404_recent-window_packet6_20260301T021418Z.json
http://www.senado.es/legis12/expedientes/625/enmiendas/global_enmiendas_vetos_12_625000001.xml,other,www.senado.es,/legis12/expedientes/625/enmiendas/global_enmiendas_vetos_12_625000001.xml,,,,,1,1,docs/etl/sprints/AI-OPS-343/evidence/senado_retry_status404_recent-window_packet80_20260301T033850Z.json
http://www.senado.es/legis12/expedientes/626/enmiendas/global_enmiendas_vetos_12_626000001.xml,other,www.senado.es,/legis12/expedientes/626/enmiendas/global_enmiendas_vetos_12_626000001.xml,,,,,1,1,docs/etl/sprints/AI-OPS-343/evidence/senado_retry_status404_recent-window_packet80_20260301T033850Z.json
http://www.senado.es/legis12/expedientes/626/enmiendas/global_enmiendas_vetos_12_626000002.xml,other,www.senado.es,/legis12/expedientes/626/enmiendas/global_enmiendas_vetos_12_626000002.xml,,,,,1,1,docs/etl/sprints/AI-OPS-333/evidence/senado_retry_status404_fresh_20260301T010746Z.json
http://www.senado.es/legis12/expedientes/626/enmiendas/global_enmiendas_vetos_12_626000008.xml,other,www.senado.es,/legis12/expedientes/626/enmiendas/global_enmiendas_vetos_12_626000008.xml,,,,,1,1,docs/etl/sprints/AI-OPS-343/evidence/senado_retry_status404_recent-window_packet80_20260301T033850Z.json
http://www.senado.es/legis12/expedientes/626/enmiendas/global_enmiendas_vetos_12_626000009.xml,other,www.senado.es,/legis12/expedientes/626/enmiendas/global_enmiendas_vetos_12_626000009.xml,,,,,1,1,docs/etl/sprints/AI-OPS-343/evidence/senado_retry_status404_recent-window_packet80_20260301T033850Z.json
https://www.senado.es/legis14/expedientes/626/enmiendas/global_enmiendas_vetos_14_626000008.xml,other,www.senado.es,/legis14/expedientes/626/enmiendas/global_enmiendas_vetos_14_626000008.xml,,,,,1,1,docs/etl/sprints/AI-OPS-333/evidence/senado_retry_status404_fresh_20260301T010746Z.json
https://www.senado.es/web/actividadparlamentaria/iniciativas/detalleiniciativa/index.html?legis=10&id1=610&id2=000079,detalleiniciativa,www.senado.es,/web/actividadparlamentaria/iniciativas/detalleiniciativa/index.html,10,610,000079,,1,1,docs/etl/sprints/AI-OPS-333/evidence/senado_retry_status404_fresh_20260301T010746Z.json
https://www.senado.es/web/actividadparlamentaria/iniciativas/detalleiniciativa/index.html?legis=10&id1=610&id2=000080,detalleiniciativa,www.senado.es,/web/actividadparlamentaria/iniciativas/detalleiniciativa/index.html,10,610,000080,,1,1,docs/etl/sprints/AI-OPS-333/evidence/senado_retry_status404_fresh_20260301T010746Z.json
https://www.senado.es/web/actividadparlamentaria/iniciativas/detalleiniciativa/index.html?legis=10&id1=610&id2=000102,detalleiniciativa,www.senado.es,/web/actividadparlamentaria/iniciativas/detalleiniciativa/index.html,10,610,000102,,1,1,docs/etl/sprints/AI-OPS-343/evidence/senado_retry_status404_recent-window_packet80_20260301T033850Z.json
https://www.senado.es/web/actividadparlamentaria/iniciativas/detalleiniciativa/index.html?legis=10&id1=610&id2=000103,detalleiniciativa,www.senado.es,/web/actividadparlamentaria/iniciativas/detalleiniciativa/index.html,10,610,000103,,1,1,docs/etl/sprints/AI-OPS-343/evidence/senado_retry_status404_recent-window_packet80_20260301T033850Z.json
https://www.senado.es/web/actividadparlamentaria/iniciativas/detalleiniciativa/index.html?legis=10&id1=610&id2=000104,detalleiniciativa,www.senado.es,/web/actividadparlamentaria/iniciativas/detalleiniciativa/index.html,10,610,000104,,1,1,docs/etl/sprints/AI-OPS-343/evidence/senado_retry_status404_recent-window_packet80_20260301T033850Z.json
https://www.senado.es/web/actividadparlamentaria/iniciativas/detalleiniciativa/index.html?legis=10&id1=610&id2=000105,detalleiniciativa,www.senado.es,/web/actividadparlamentaria/iniciativas/detalleiniciativa/index.html,10,610,000105,,1,1,docs/etl/sprints/AI-OPS-343/evidence/senado_retry_status404_recent-window_packet80_20260301T033850Z.json
https://www.senado.es/web/actividadparlamentaria/iniciativas/detalleiniciativa/index.html?legis=10&id1=610&id2=000109,detalleiniciativa,www.senado.es,/web/actividadparlamentaria/iniciativas/detalleiniciativa/index.html,10,610,000109,,1,1,docs/etl/sprints/AI-OPS-333/evidence/senado_retry_status404_fresh_20260301T010746Z.json
https://www.senado.es/web/actividadparlamentaria/iniciativas/detalleiniciativa/index.html?legis=10&id1=610&id2=000110,detalleiniciativa,www.senado.es,/web/actividadparlamentaria/iniciativas/detalleiniciativa/index.html,10,610,000110,,1,1,docs/etl/sprints/AI-OPS-333/evidence/senado_retry_status404_fresh_20260301T010746Z.json
https://www.senado.es/web/actividadparlamentaria/iniciativas/detalleiniciativa/index.html?legis=10&id1=610&id2=000111,detalleiniciativa,www.senado.es,/web/actividadparlamentaria/iniciativas/detalleiniciativa/index.html,10,610,000111,,1,1,docs/etl/sprints/AI-OPS-333/evidence/senado_retry_status404_fresh_20260301T010746Z.json
https://www.senado.es/web/actividadparlamentaria/iniciativas/detalleiniciativa/index.html?legis=10&id1=610&id2=000112,detalleiniciativa,www.senado.es,/web/actividadparlamentaria/iniciativas/detalleiniciativa/index.html,10,610,000112,,1,1,docs/etl/sprints/AI-OPS-333/evidence/senado_retry_status404_fresh_20260301T010746Z.json
https://www.senado.es/web/actividadparlamentaria/iniciativas/detalleiniciativa/index.html?legis=10&id1=610&id2=000116,detalleiniciativa,www.senado.es,/web/actividadparlamentaria/iniciativas/detalleiniciativa/index.html,10,610,000116,,1,1,docs/etl/sprints/AI-OPS-341/evidence/senado_retry_status404_recent-window_packet80_20260301T023238Z.json
https://www.senado.es/web/actividadparlamentaria/iniciativas/detalleiniciativa/index.html?legis=10&id1=610&id2=000117,detalleiniciativa,www.senado.es,/web/actividadparlamentaria/iniciativas/detalleiniciativa/index.html,10,610,000117,,1,1,docs/etl/sprints/AI-OPS-341/evidence/senado_retry_status404_recent-window_packet80_20260301T023238Z.json
https://www.senado.es/web/actividadparlamentaria/iniciativas/detalleiniciativa/index.html?legis=10&id1=610&id2=000118,detalleiniciativa,www.senado.es,/web/actividadparlamentaria/iniciativas/detalleiniciativa/index.html,10,610,000118,,1,1,docs/etl/sprints/AI-OPS-341/evidence/senado_retry_status404_recent-window_packet80_20260301T023238Z.json
https://www.senado.es/web/actividadparlamentaria/iniciativas/detalleiniciativa/index.html?legis=10&id1=610&id2=000119,detalleiniciativa,www.senado.es,/web/actividadparlamentaria/iniciativas/detalleiniciativa/index.html,10,610,000119,,1,1,docs/etl/sprints/AI-OPS-341/evidence/senado_retry_status404_recent-window_packet80_20260301T023238Z.json
https://www.senado.es/web/actividadparlamentaria/iniciativas/detalleiniciativa/index.html?legis=10&id1=610&id2=000120,detalleiniciativa,www.senado.es,/web/actividadparlamentaria/iniciativas/detalleiniciativa/index.html,10,610,000120,,1,1,docs/etl/sprints/AI-OPS-341/evidence/senado_retry_status404_recent-window_packet80_20260301T023238Z.json
https://www.senado.es/web/actividadparlamentaria/iniciativas/detalleiniciativa/index.html?legis=10&id1=610&id2=000121,detalleiniciativa,www.senado.es,/web/actividadparlamentaria/iniciativas/detalleiniciativa/index.html,10,610,000121,,1,1,docs/etl/sprints/AI-OPS-341/evidence/senado_retry_status404_recent-window_packet80_20260301T023238Z.json
https://www.senado.es/web/actividadparlamentaria/iniciativas/detalleiniciativa/index.html?legis=10&id1=610&id2=000122,detalleiniciativa,www.senado.es,/web/actividadparlamentaria/iniciativas/detalleiniciativa/index.html,10,610,000122,,1,1,docs/etl/sprints/AI-OPS-341/evidence/senado_retry_status404_recent-window_packet80_20260301T023238Z.json
https://www.senado.es/web/actividadparlamentaria/iniciativas/detalleiniciativa/index.html?legis=10&id1=610&id2=000123,detalleiniciativa,www.senado.es,/web/actividadparlamentaria/iniciativas/detalleiniciativa/index.html,10,610,000123,,1,1,docs/etl/sprints/AI-OPS-341/evidence/senado_retry_status404_recent-window_packet80_20260301T023238Z.json
https://www.senado.es/web/actividadparlamentaria/iniciativas/detalleiniciativa/index.html?legis=10&id1=610&id2=000124,detalleiniciativa,www.senado.es,/web/actividadparlamentaria/iniciativas/detalleiniciativa/index.html,10,610,000124,,1,1,docs/etl/sprints/AI-OPS-341/evidence/senado_retry_status404_recent-window_packet80_20260301T023238Z.json
https://www.senado.es/web/actividadparlamentaria/iniciativas/detalleiniciativa/index.html?legis=10&id1=610&id2=000126,detalleiniciativa,www.senado.es,/web/actividadparlamentaria/iniciativas/detalleiniciativa/index.html,10,610,000126,,1,1,docs/etl/sprints/AI-OPS-341/evidence/senado_retry_status404_recent-window_packet80_20260301T023238Z.json
https://www.senado.es/web/actividadparlamentaria/iniciativas/detalleiniciativa/index.html?legis=10&id1=610&id2=000127,detalleiniciativa,www.senado.es,/web/actividadparlamentaria/iniciativas/detalleiniciativa/index.html,10,610,000127,,1,1,docs/etl/sprints/AI-OPS-341/evidence/senado_retry_status404_recent-window_packet80_20260301T023238Z.json
https://www.senado.es/web/actividadparlamentaria/iniciativas/detalleiniciativa/index.html?legis=10&id1=610&id2=000128,detalleiniciativa,www.senado.es,/web/actividadparlamentaria/iniciativas/detalleiniciativa/index.html,10,610,000128,,1,1,docs/etl/sprints/AI-OPS-341/evidence/senado_retry_status404_recent-window_packet80_20260301T023238Z.json
https://www.senado.es/web/actividadparlamentaria/iniciativas/detalleiniciativa/index.html?legis=10&id1=610&id2=000129,detalleiniciativa,www.senado.es,/web/actividadparlamentaria/iniciativas/detalleiniciativa/index.html,10,610,000129,,1,1,docs/etl/sprints/AI-OPS-341/evidence/senado_retry_status404_recent-window_packet80_20260301T023238Z.json
https://www.senado.es/web/actividadparlamentaria/iniciativas/detalleiniciativa/index.html?legis=10&id1=610&id2=000130,detalleiniciativa,www.senado.es,/web/actividadparlamentaria/iniciativas/detalleiniciativa/index.html,10,610,000130,,1,1,docs/etl/sprints/AI-OPS-341/evidence/senado_retry_status404_recent-window_packet80_20260301T023238Z.json
https://www.senado.es/web/actividadparlamentaria/iniciativas/detalleiniciativa/index.html?legis=10&id1=610&id2=000131,detalleiniciativa,www.senado.es,/web/actividadparlamentaria/iniciativas/detalleiniciativa/index.html,10,610,000131,,1,1,docs/etl/sprints/AI-OPS-341/evidence/senado_retry_status404_recent-window_packet80_20260301T023238Z.json
https://www.senado.es/web/actividadparlamentaria/iniciativas/detalleiniciativa/index.html?legis=10&id1=622&id2=000002,detalleiniciativa,www.senado.es,/web/actividadparlamentaria/iniciativas/detalleiniciativa/index.html,10,622,000002,,1,1,docs/etl/sprints/AI-OPS-332/evidence/senado_retry_status404_fresh_20260301T005820Z.json
https://www.senado.es/web/actividadparlamentaria/iniciativas/detalleiniciativa/index.html?legis=14&id1=621&id2=000066,detalleiniciativa,www.senado.es,/web/actividadparlamentaria/iniciativas/detalleiniciativa/index.html,14,621,000066,,1,1,docs/etl/sprints/AI-OPS-332/evidence/senado_retry_status404_fresh_20260301T005820Z.json
https://www.senado.es/web/actividadparlamentaria/iniciativas/detalleiniciativa/index.html?legis=14&id1=621&id2=000069,detalleiniciativa,www.senado.es,/web/actividadparlamentaria/iniciativas/detalleiniciativa/index.html,14,621,000069,,1,1,docs/etl/sprints/AI-OPS-332/evidence/senado_retry_status404_fresh_20260301T005820Z.json
https://www.senado.es/web/actividadparlamentaria/iniciativas/detalleiniciativa/index.html?legis=14&id1=621&id2=000070,detalleiniciativa,www.senado.es,/web/actividadparlamentaria/iniciativas/detalleiniciativa/index.html,14,621,000070,,1,1,docs/etl/sprints/AI-OPS-332/evidence/senado_retry_status404_fresh_20260301T005820Z.json
https://www.senado.es/web/actividadparlamentaria/iniciativas/detalleiniciativa/index.html?legis=14&id1=621&id2=000071,detalleiniciativa,www.senado.es,/web/actividadparlamentaria/iniciativas/detalleiniciativa/index.html,14,621,000071,,1,1,docs/etl/sprints/AI-OPS-332/evidence/senado_retry_status404_fresh_20260301T005820Z.json
https://www.senado.es/web/actividadparlamentaria/iniciativas/detalleiniciativa/index.html?legis=14&id1=621&id2=000072,detalleiniciativa,www.senado.es,/web/actividadparlamentaria/iniciativas/detalleiniciativa/index.html,14,621,000072,,1,1,docs/etl/sprints/AI-OPS-332/evidence/senado_retry_status404_fresh_20260301T005820Z.json
https://www.senado.es/web/actividadparlamentaria/iniciativas/detalleiniciativa/index.html?legis=14&id1=621&id2=000073,detalleiniciativa,www.senado.es,/web/actividadparlamentaria/iniciativas/detalleiniciativa/index.html,14,621,000073,,1,1,docs/etl/sprints/AI-OPS-332/evidence/senado_retry_status404_fresh_20260301T005820Z.json
https://www.senado.es/web/actividadparlamentaria/iniciativas/detalleiniciativa/index.html?legis=14&id1=621&id2=000074,detalleiniciativa,www.senado.es,/web/actividadparlamentaria/iniciativas/detalleiniciativa/index.html,14,621,000074,,1,1,docs/etl/sprints/AI-OPS-332/evidence/senado_retry_status404_fresh_20260301T005820Z.json
https://www.senado.es/web/actividadparlamentaria/iniciativas/detalleiniciativa/index.html?legis=14&id1=622&id2=000064,detalleiniciativa,www.senado.es,/web/actividadparlamentaria/iniciativas/detalleiniciativa/index.html,14,622,000064,,1,1,docs/etl/sprints/AI-OPS-339/evidence/senado_retry_status404_recent-window_packet20_20260301T020240Z.json
https://www.senado.es/web/actividadparlamentaria/iniciativas/detalleiniciativa/index.html?legis=14&id1=626&id2=000001,detalleiniciativa,www.senado.es,/web/actividadparlamentaria/iniciativas/detalleiniciativa/index.html,14,626,000001,,1,1,docs/etl/sprints/AI-OPS-339/evidence/senado_retry_status404_recent-window_packet20_20260301T020240Z.json
https://www.senado.es/web/actividadparlamentaria/iniciativas/detalleiniciativa/index.html?legis=14&id1=626&id2=000003,detalleiniciativa,www.senado.es,/web/actividadparlamentaria/iniciativas/detalleiniciativa/index.html,14,626,000003,,1,1,docs/etl/sprints/AI-OPS-339/evidence/senado_retry_status404_recent-window_packet20_20260301T020240Z.json
https://www.senado.es/web/actividadparlamentaria/iniciativas/detalleiniciativa/index.html?legis=14&id1=626&id2=000008,detalleiniciativa,www.senado.es,/web/actividadparlamentaria/iniciativas/detalleiniciativa/index.html,14,626,000008,,1,1,docs/etl/sprints/AI-OPS-339/evidence/senado_retry_status404_recent-window_packet20_20260301T020240Z.json
https://www.senado.es/web/actividadparlamentaria/iniciativas/enmiendas/index.html?id1=605&id2=000002&legis=10,enmiendas_index,www.senado.es,/web/actividadparlamentaria/iniciativas/enmiendas/index.html,10,605,000002,,1,1,docs/etl/sprints/AI-OPS-336/evidence/senado_retry_status404_fresh_20260301T013022Z.json
https://www.senado.es/web/actividadparlamentaria/iniciativas/enmiendas/index.html?id1=610&id2=000025&legis=10,enmiendas_index,www.senado.es,/web/actividadparlamentaria/iniciativas/enmiendas/index.html,10,610,000025,,1,1,docs/etl/sprints/AI-OPS-332/evidence/senado_retry_status404_fresh_20260301T005820Z.json
https://www.senado.es/web/actividadparlamentaria/iniciativas/enmiendas/index.html?id1=610&id2=000026&legis=10,enmiendas_index,www.senado.es,/web/actividadparlamentaria/iniciativas/enmiendas/index.html,10,610,000026,,1,1,docs/etl/sprints/AI-OPS-332/evidence/senado_retry_status404_fresh_20260301T005820Z.json
https://www.senado.es/web/actividadparlamentaria/iniciativas/enmiendas/index.html?id1=610&id2=000053&legis=10,enmiendas_index,www.senado.es,/web/actividadparlamentaria/iniciativas/enmiendas/index.html,10,610,000053,,1,1,docs/etl/sprints/AI-OPS-336/evidence/senado_retry_status404_fresh_20260301T013022Z.json
https://www.senado.es/web/actividadparlamentaria/iniciativas/enmiendas/index.html?id1=610&id2=000055&legis=10,enmiendas_index,www.senado.es,/web/actividadparlamentaria/iniciativas/enmiendas/index.html,10,610,000055,,1,1,docs/etl/sprints/AI-OPS-336/evidence/senado_retry_status404_fresh_20260301T013022Z.json
https://www.senado.es/web/actividadparlamentaria/iniciativas/enmiendas/index.html?id1=610&id2=000056&legis=10,enmiendas_index,www.senado.es,/web/actividadparlamentaria/iniciativas/enmiendas/index.html,10,610,000056,,1,1,docs/etl/sprints/AI-OPS-336/evidence/senado_retry_status404_fresh_20260301T013022Z.json
https://www.senado.es/web/actividadparlamentaria/iniciativas/enmiendas/index.html?id1=610&id2=000057&legis=10,enmiendas_index,www.senado.es,/web/actividadparlamentaria/iniciativas/enmiendas/index.html,10,610,000057,,1,1,docs/etl/sprints/AI-OPS-336/evidence/senado_retry_status404_fresh_20260301T013022Z.json
https://www.senado.es/web/actividadparlamentaria/iniciativas/enmiendas/index.html?id1=610&id2=000058&legis=10,enmiendas_index,www.senado.es,/web/actividadparlamentaria/iniciativas/enmiendas/index.html,10,610,000058,,1,1,docs/etl/sprints/AI-OPS-336/evidence/senado_retry_status404_fresh_20260301T013022Z.json
https://www.senado.es/web/actividadparlamentaria/iniciativas/enmiendas/index.html?id1=610&id2=000059&legis=10,enmiendas_index,www.senado.es,/web/actividadparlamentaria/iniciativas/enmiendas/index.html,10,610,000059,,1,1,docs/etl/sprints/AI-OPS-336/evidence/senado_retry_status404_fresh_20260301T013022Z.json
https://www.senado.es/web/actividadparlamentaria/iniciativas/enmiendas/index.html?id1=610&id2=000060&legis=10,enmiendas_index,www.senado.es,/web/actividadparlamentaria/iniciativas/enmiendas/index.html,10,610,000060,,1,1,docs/etl/sprints/AI-OPS-336/evidence/senado_retry_status404_fresh_20260301T013022Z.json
https://www.senado.es/web/actividadparlamentaria/iniciativas/enmiendas/index.html?id1=610&id2=000061&legis=10,enmiendas_index,www.senado.es,/web/actividadparlamentaria/iniciativas/enmiendas/index.html,10,610,000061,,1,1,docs/etl/sprints/AI-OPS-336/evidence/senado_retry_status404_fresh_20260301T013022Z.json
https://www.senado.es/web/actividadparlamentaria/iniciativas/enmiendas/index.html?id1=610&id2=000079&legis=10,enmiendas_index,www.senado.es,/web/actividadparlamentaria/iniciativas/enmiendas/index.html,10,610,000079,,1,1,docs/etl/sprints/AI-OPS-345/evidence/senado_retry_status404_recent-window_packet80_20260301T044125Z.json
https://www.senado.es/web/actividadparlamentaria/iniciativas/enmiendas/index.html?id1=610&id2=000080&legis=10,enmiendas_index,www.senado.es,/web/actividadparlamentaria/iniciativas/enmiendas/index.html,10,610,000080,,1,1,docs/etl/sprints/AI-OPS-345/evidence/senado_retry_status404_recent-window_packet80_20260301T044125Z.json
https://www.senado.es/web/actividadparlamentaria/iniciativas/enmiendas/index.html?id1=610&id2=000081&legis=10,enmiendas_index,www.senado.es,/web/actividadparlamentaria/iniciativas/enmiendas/index.html,10,610,000081,,1,1,docs/etl/sprints/AI-OPS-345/evidence/senado_retry_status404_recent-window_packet80_20260301T044125Z.json
https://www.senado.es/web/actividadparlamentaria/iniciativas/enmiendas/index.html?id1=610&id2=000082&legis=10,enmiendas_index,www.senado.es,/web/actividadparlamentaria/iniciativas/enmiendas/index.html,10,610,000082,,1,1,docs/etl/sprints/AI-OPS-345/evidence/senado_retry_status404_recent-window_packet80_20260301T044125Z.json
https://www.senado.es/web/actividadparlamentaria/iniciativas/enmiendas/index.html?id1=610&id2=000083&legis=10,enmiendas_index,www.senado.es,/web/actividadparlamentaria/iniciativas/enmiendas/index.html,10,610,000083,,1,1,docs/etl/sprints/AI-OPS-345/evidence/senado_retry_status404_recent-window_packet80_20260301T044125Z.json
https://www.senado.es/web/actividadparlamentaria/iniciativas/enmiendas/index.html?id1=610&id2=000084&legis=10,enmiendas_index,www.senado.es,/web/actividadparlamentaria/iniciativas/enmiendas/index.html,10,610,000084,,1,1,docs/etl/sprints/AI-OPS-345/evidence/senado_retry_status404_recent-window_packet80_20260301T044125Z.json
https://www.senado.es/web/actividadparlamentaria/iniciativas/enmiendas/index.html?id1=610&id2=000085&legis=10,enmiendas_index,www.senado.es,/web/actividadparlamentaria/iniciativas/enmiendas/index.html,10,610,000085,,1,1,docs/etl/sprints/AI-OPS-345/evidence/senado_retry_status404_recent-window_packet80_20260301T044125Z.json
https://www.senado.es/web/actividadparlamentaria/iniciativas/enmiendas/index.html?id1=610&id2=000086&legis=10,enmiendas_index,www.senado.es,/web/actividadparlamentaria/iniciativas/enmiendas/index.html,10,610,000086,,1,1,docs/etl/sprints/AI-OPS-345/evidence/senado_retry_status404_recent-window_packet80_20260301T044125Z.json
https://www.senado.es/web/actividadparlamentaria/iniciativas/enmiendas/index.html?id1=610&id2=000096&legis=10,enmiendas_index,www.senado.es,/web/actividadparlamentaria/iniciativas/enmiendas/index.html,10,610,000096,,1,1,docs/etl/sprints/AI-OPS-345/evidence/senado_retry_status404_recent-window_packet80_20260301T044125Z.json
https://www.senado.es/web/actividadparlamentaria/iniciativas/enmiendas/index.html?id1=610&id2=000097&legis=10,enmiendas_index,www.senado.es,/web/actividadparlamentaria/iniciativas/enmiendas/index.html,10,610,000097,,1,1,docs/etl/sprints/AI-OPS-345/evidence/senado_retry_status404_recent-window_packet80_20260301T044125Z.json
https://www.senado.es/web/actividadparlamentaria/iniciativas/enmiendas/index.html?id1=610&id2=000099&legis=10,enmiendas_index,www.senado.es,/web/actividadparlamentaria/iniciativas/enmiendas/index.html,10,610,000099,,1,1,docs/etl/sprints/AI-OPS-345/evidence/senado_retry_status404_recent-window_packet80_20260301T044125Z.json
https://www.senado.es/web/actividadparlamentaria/iniciativas/enmiendas/index.html?id1=610&id2=000100&legis=10,enmiendas_index,www.senado.es,/web/actividadparlamentaria/iniciativas/enmiendas/index.html,10,610,000100,,1,1,docs/etl/sprints/AI-OPS-345/evidence/senado_retry_status404_recent-window_packet80_20260301T044125Z.json
https://www.senado.es/web/actividadparlamentaria/iniciativas/enmiendas/index.html?id1=610&id2=000101&legis=10,enmiendas_index,www.senado.es,/web/actividadparlamentaria/iniciativas/enmiendas/index.html,10,610,000101,,1,1,docs/etl/sprints/AI-OPS-345/evidence/senado_retry_status404_recent-window_packet80_20260301T044125Z.json
https://www.senado.es/web/actividadparlamentaria/iniciativas/enmiendas/index.html?id1=610&id2=000102&legis=10,enmiendas_index,www.senado.es,/web/actividadparlamentaria/iniciativas/enmiendas/index.html,10,610,000102,,1,1,docs/etl/sprints/AI-OPS-345/evidence/senado_retry_status404_recent-window_packet80_20260301T044125Z.json
https://www.senado.es/web/actividadparlamentaria/iniciativas/enmiendas/index.html?id1=610&id2=000103&legis=10,enmiendas_index,www.senado.es,/web/actividadparlamentaria/iniciativas/enmiendas/index.html,10,610,000103,,1,1,docs/etl/sprints/AI-OPS-345/evidence/senado_retry_status404_recent-window_packet80_20260301T044125Z.json
https://www.senado.es/web/actividadparlamentaria/iniciativas/enmiendas/index.html?id1=610&id2=000104&legis=10,enmiendas_index,www.senado.es,/web/actividadparlamentaria/iniciativas/enmiendas/index.html,10,610,000104,,1,1,docs/etl/sprints/AI-OPS-345/evidence/senado_retry_status404_recent-window_packet80_20260301T044125Z.json
https://www.senado.es/web/actividadparlamentaria/iniciativas/enmiendas/index.html?id1=610&id2=000105&legis=10,enmiendas_index,www.senado.es,/web/actividadparlamentaria/iniciativas/enmiendas/index.html,10,610,000105,,1,1,docs/etl/sprints/AI-OPS-345/evidence/senado_retry_status404_recent-window_packet80_20260301T044125Z.json
https://www.senado.es/web/actividadparlamentaria/iniciativas/enmiendas/index.html?id1=610&id2=000108&legis=10,enmiendas_index,www.senado.es,/web/actividadparlamentaria/iniciativas/enmiendas/index.html,10,610,000108,,1,1,docs/etl/sprints/AI-OPS-345/evidence/senado_retry_status404_recent-window_packet80_20260301T044125Z.json
https://www.senado.es/web/actividadparlamentaria/iniciativas/enmiendas/index.html?id1=610&id2=000110&legis=10,enmiendas_index,www.senado.es,/web/actividadparlamentaria/iniciativas/enmiendas/index.html,10,610,000110,,1,1,docs/etl/sprints/AI-OPS-345/evidence/senado_retry_status404_recent-window_packet80_20260301T044125Z.json
https://www.senado.es/web/actividadparlamentaria/iniciativas/enmiendas/index.html?id1=610&id2=000113&legis=10,enmiendas_index,www.senado.es,/web/actividadparlamentaria/iniciativas/enmiendas/index.html,10,610,000113,,1,1,docs/etl/sprints/AI-OPS-333/evidence/senado_retry_status404_fresh_20260301T010746Z.json
https://www.senado.es/web/actividadparlamentaria/iniciativas/enmiendas/index.html?id1=610&id2=000125&legis=10,enmiendas_index,www.senado.es,/web/actividadparlamentaria/iniciativas/enmiendas/index.html,10,610,000125,,1,1,docs/etl/sprints/AI-OPS-348/evidence/senado_retry_status404_recent-window_packet80_20260301T060032Z.json
https://www.senado.es/web/actividadparlamentaria/iniciativas/enmiendas/index.html?id1=610&id2=000140&legis=10,enmiendas_index,www.senado.es,/web/actividadparlamentaria/iniciativas/enmiendas/index.html,10,610,000140,,1,1,docs/etl/sprints/AI-OPS-333/evidence/senado_retry_status404_fresh_20260301T010746Z.json
https://www.senado.es/web/actividadparlamentaria/iniciativas/enmiendas/index.html?id1=610&id2=000141&legis=10,enmiendas_index,www.senado.es,/web/actividadparlamentaria/iniciativas/enmiendas/index.html,10,610,000141,,1,1,docs/etl/sprints/AI-OPS-333/evidence/senado_retry_status404_fresh_20260301T010746Z.json
https://www.senado.es/web/actividadparlamentaria/iniciativas/enmiendas/index.html?id1=610&id2=000142&legis=10,enmiendas_index,www.senado.es,/web/actividadparlamentaria/iniciativas/enmiendas/index.html,10,610,000142,,1,1,docs/etl/sprints/AI-OPS-333/evidence/senado_retry_status404_fresh_20260301T010746Z.json
https://www.senado.es/web/actividadparlamentaria/iniciativas/enmiendas/index.html?id1=610&id2=000143&legis=10,enmiendas_index,www.senado.es,/web/actividadparlamentaria/iniciativas/enmiendas/index.html,10,610,000143,,1,1,docs/etl/sprints/AI-OPS-333/evidence/senado_retry_status404_fresh_20260301T010746Z.json
https://www.senado.es/web/actividadparlamentaria/iniciativas/enmiendas/index.html?id1=610&id2=000144&legis=10,enmiendas_index,www.senado.es,/web/actividadparlamentaria/iniciativas/enmiendas/index.html,10,610,000144,,1,1,docs/etl/sprints/AI-OPS-333/evidence/senado_retry_status404_fresh_20260301T010746Z.json
https://www.senado.es/web/actividadparlamentaria/iniciativas/enmiendas/index.html?id1=610&id2=000145&legis=10,enmiendas_index,www.senado.es,/web/actividadparlamentaria/iniciativas/enmiendas/index.html,10,610,000145,,1,1,docs/etl/sprints/AI-OPS-333/evidence/senado_retry_status404_fresh_20260301T010746Z.json
https://www.senado.es/web/actividadparlamentaria/iniciativas/enmiendas/index.html?id1=610&id2=000146&legis=10,enmiendas_index,www.senado.es,/web/actividadparlamentaria/iniciativas/enmiendas/index.html,10,610,000146,,1,1,docs/etl/sprints/AI-OPS-333/evidence/senado_retry_status404_fresh_20260301T010746Z.json
https://www.senado.es/web/actividadparlamentaria/iniciativas/enmiendas/index.html?id1=610&id2=000147&legis=10,enmiendas_index,www.senado.es,/web/actividadparlamentaria/iniciativas/enmiendas/index.html,10,610,000147,,1,1,docs/etl/sprints/AI-OPS-333/evidence/senado_retry_status404_fresh_20260301T010746Z.json
https://www.senado.es/web/actividadparlamentaria/iniciativas/enmiendas/index.html?id1=610&id2=000148&legis=10,enmiendas_index,www.senado.es,/web/actividadparlamentaria/iniciativas/enmiendas/index.html,10,610,000148,,1,1,docs/etl/sprints/AI-OPS-348/evidence/senado_retry_status404_recent-window_packet80_20260301T060032Z.json
https://www.senado.es/web/actividadparlamentaria/iniciativas/enmiendas/index.html?id1=610&id2=000149&legis=10,enmiendas_index,www.senado.es,/web/actividadparlamentaria/iniciativas/enmiendas/index.html,10,610,000149,,1,1,docs/etl/sprints/AI-OPS-348/evidence/senado_retry_status404_recent-window_packet80_20260301T060032Z.json
https://www.senado.es/web/actividadparlamentaria/iniciativas/enmiendas/index.html?id1=610&id2=000150&legis=10,enmiendas_index,www.senado.es,/web/actividadparlamentaria/iniciativas/enmiendas/index.html,10,610,000150,,1,1,docs/etl/sprints/AI-OPS-348/evidence/senado_retry_status404_recent-window_packet80_20260301T060032Z.json
https://www.senado.es/web/actividadparlamentaria/iniciativas/enmiendas/index.html?id1=610&id2=000151&legis=10,enmiendas_index,www.senado.es,/web/actividadparlamentaria/iniciativas/enmiendas/index.html,10,610,000151,,1,1,docs/etl/sprints/AI-OPS-348/evidence/senado_retry_status404_recent-window_packet80_20260301T060032Z.json
https://www.senado.es/web/actividadparlamentaria/iniciativas/enmiendas/index.html?id1=610&id2=000152&legis=10,enmiendas_index,www.senado.es,/web/actividadparlamentaria/iniciativas/enmiendas/index.html,10,610,000152,,1,1,docs/etl/sprints/AI-OPS-348/evidence/senado_retry_status404_recent-window_packet80_20260301T060032Z.json
https://www.senado.es/web/actividadparlamentaria/iniciativas/enmiendas/index.html?id1=610&id2=000153&legis=10,enmiendas_index,www.senado.es,/web/actividadparlamentaria/iniciativas/enmiendas/index.html,10,610,000153,,1,1,docs/etl/sprints/AI-OPS-348/evidence/senado_retry_status404_recent-window_packet80_20260301T060032Z.json
https://www.senado.es/web/actividadparlamentaria/iniciativas/enmiendas/index.html?id1=610&id2=000154&legis=10,enmiendas_index,www.senado.es,/web/actividadparlamentaria/iniciativas/enmiendas/index.html,10,610,000154,,1,1,docs/etl/sprints/AI-OPS-348/evidence/senado_retry_status404_recent-window_packet80_20260301T060032Z.json
https://www.senado.es/web/actividadparlamentaria/iniciativas/enmiendas/index.html?id1=610&id2=000155&legis=10,enmiendas_index,www.senado.es,/web/actividadparlamentaria/iniciativas/enmiendas/index.html,10,610,000155,,1,1,docs/etl/sprints/AI-OPS-348/evidence/senado_retry_status404_recent-window_packet80_20260301T060032Z.json
https://www.senado.es/web/actividadparlamentaria/iniciativas/enmiendas/index.html?id1=610&id2=000156&legis=10,enmiendas_index,www.senado.es,/web/actividadparlamentaria/iniciativas/enmiendas/index.html,10,610,000156,,1,1,docs/etl/sprints/AI-OPS-348/evidence/senado_retry_status404_recent-window_packet80_20260301T060032Z.json
https://www.senado.es/web/actividadparlamentaria/iniciativas/enmiendas/index.html?id1=610&id2=000157&legis=10,enmiendas_index,www.senado.es,/web/actividadparlamentaria/iniciativas/enmiendas/index.html,10,610,000157,,1,1,docs/etl/sprints/AI-OPS-348/evidence/senado_retry_status404_recent-window_packet80_20260301T060032Z.json
https://www.senado.es/web/actividadparlamentaria/iniciativas/enmiendas/index.html?id1=610&id2=000158&legis=10,enmiendas_index,www.senado.es,/web/actividadparlamentaria/iniciativas/enmiendas/index.html,10,610,000158,,1,1,docs/etl/sprints/AI-OPS-348/evidence/senado_retry_status404_recent-window_packet80_20260301T060032Z.json
https://www.senado.es/web/actividadparlamentaria/iniciativas/enmiendas/index.html?id1=610&id2=000159&legis=10,enmiendas_index,www.senado.es,/web/actividadparlamentaria/iniciativas/enmiendas/index.html,10,610,000159,,1,1,docs/etl/sprints/AI-OPS-348/evidence/senado_retry_status404_recent-window_packet80_20260301T060032Z.json
https://www.senado.es/web/actividadparlamentaria/iniciativas/enmiendas/index.html?id1=610&id2=000162&legis=10,enmiendas_index,www.senado.es,/web/actividadparlamentaria/iniciativas/enmiendas/index.html,10,610,000162,,1,1,docs/etl/sprints/AI-OPS-348/evidence/senado_retry_status404_recent-window_packet80_20260301T060032Z.json
https://www.senado.es/web/actividadparlamentaria/iniciativas/enmiendas/index.html?id1=620&id2=000007&legis=14,enmiendas_index,www.senado.es,/web/actividadparlamentaria/iniciativas/enmiendas/index.html,14,620,000007,,1,1,docs/etl/sprints/AI-OPS-333/evidence/senado_retry_status404_fresh_20260301T010746Z.json
https://www.senado.es/web/actividadparlamentaria/iniciativas/enmiendas/index.html?id1=621&id2=000001&legis=12,enmiendas_index,www.senado.es,/web/actividadparlamentaria/iniciativas/enmiendas/index.html,12,621,000001,,1,1,docs/etl/sprints/AI-OPS-332/evidence/senado_retry_status404_fresh_20260301T005820Z.json
https://www.senado.es/web/actividadparlamentaria/iniciativas/enmiendas/index.html?id1=621&id2=000044&legis=14,enmiendas_index,www.senado.es,/web/actividadparlamentaria/iniciativas/enmiendas/index.html,14,621,000044,,1,1,docs/etl/sprints/AI-OPS-349/evidence/senado_retry_status404_recent-window_packet80_20260301T063939Z.json
https://www.senado.es/web/actividadparlamentaria/iniciativas/enmiendas/index.html?id1=621&id2=000047&legis=14,enmiendas_index,www.senado.es,/web/actividadparlamentaria/iniciativas/enmiendas/index.html,14,621,000047,,1,1,docs/etl/sprints/AI-OPS-332/evidence/senado_retry_status404_fresh_20260301T005820Z.json
https://www.senado.es/web/actividadparlamentaria/iniciativas/enmiendas/index.html?id1=621&id2=000048&legis=14,enmiendas_index,www.senado.es,/web/actividadparlamentaria/iniciativas/enmiendas/index.html,14,621,000048,,1,1,docs/etl/sprints/AI-OPS-333/evidence/senado_retry_status404_fresh_20260301T010746Z.json
https://www.senado.es/web/actividadparlamentaria/iniciativas/enmiendas/index.html?id1=621&id2=000049&legis=14,enmiendas_index,www.senado.es,/web/actividadparlamentaria/iniciativas/enmiendas/index.html,14,621,000049,,1,1,docs/etl/sprints/AI-OPS-333/evidence/senado_retry_status404_fresh_20260301T010746Z.json
https://www.senado.es/web/actividadparlamentaria/iniciativas/enmiendas/index.html?id1=621&id2=000050&legis=14,enmiendas_index,www.senado.es,/web/actividadparlamentaria/iniciativas/enmiendas/index.html,14,621,000050,,1,1,docs/etl/sprints/AI-OPS-333/evidence/senado_retry_status404_fresh_20260301T010746Z.json
https://www.senado.es/web/actividadparlamentaria/iniciativas/enmiendas/index.html?id1=621&id2=000052&legis=14,enmiendas_index,www.senado.es,/web/actividadparlamentaria/iniciativas/enmiendas/index.html,14,621,000052,,1,1,docs/etl/sprints/AI-OPS-333/evidence/senado_retry_status404_fresh_20260301T010746Z.json
https://www.senado.es/web/actividadparlamentaria/iniciativas/enmiendas/index.html?id1=621&id2=000053&legis=14,enmiendas_index,www.senado.es,/web/actividadparlamentaria/iniciativas/enmiendas/index.html,14,621,000053,,1,1,docs/etl/sprints/AI-OPS-333/evidence/senado_retry_status404_fresh_20260301T010746Z.json
https://www.senado.es/web/actividadparlamentaria/iniciativas/enmiendas/index.html?id1=621&id2=000054&legis=14,enmiendas_index,www.senado.es,/web/actividadparlamentaria/iniciativas/enmiendas/index.html,14,621,000054,,1,1,docs/etl/sprints/AI-OPS-333/evidence/senado_retry_status404_fresh_20260301T010746Z.json
https://www.senado.es/web/actividadparlamentaria/iniciativas/enmiendas/index.html?id1=621&id2=000069&legis=14,enmiendas_index,www.senado.es,/web/actividadparlamentaria/iniciativas/enmiendas/index.html,14,621,000069,,1,1,docs/etl/sprints/AI-OPS-343/evidence/senado_retry_status404_recent-window_packet80_20260301T033850Z.json
https://www.senado.es/web/actividadparlamentaria/iniciativas/enmiendas/index.html?id1=621&id2=000070&legis=14,enmiendas_index,www.senado.es,/web/actividadparlamentaria/iniciativas/enmiendas/index.html,14,621,000070,,1,1,docs/etl/sprints/AI-OPS-343/evidence/senado_retry_status404_recent-window_packet80_20260301T033850Z.json
https://www.senado.es/web/actividadparlamentaria/iniciativas/enmiendas/index.html?id1=621&id2=000071&legis=14,enmiendas_index,www.senado.es,/web/actividadparlamentaria/iniciativas/enmiendas/index.html,14,621,000071,,1,1,docs/etl/sprints/AI-OPS-343/evidence/senado_retry_status404_recent-window_packet80_20260301T033850Z.json
https://www.senado.es/web/actividadparlamentaria/iniciativas/enmiendas/index.html?id1=621&id2=000072&legis=14,enmiendas_index,www.senado.es,/web/actividadparlamentaria/iniciativas/enmiendas/index.html,14,621,000072,,1,1,docs/etl/sprints/AI-OPS-343/evidence/senado_retry_status404_recent-window_packet80_20260301T033850Z.json
https://www.senado.es/web/actividadparlamentaria/iniciativas/enmiendas/index.html?id1=621&id2=000073&legis=14,enmiendas_index,www.senado.es,/web/actividadparlamentaria/iniciativas/enmiendas/index.html,14,621,000073,,1,1,docs/etl/sprints/AI-OPS-343/evidence/senado_retry_status404_recent-window_packet80_20260301T033850Z.json
https://www.senado.es/web/actividadparlamentaria/iniciativas/enmiendas/index.html?id1=621&id2=000074&legis=14,enmiendas_index,www.senado.es,/web/actividadparlamentaria/iniciativas/enmiendas/index.html,14,621,000074,,1,1,docs/etl/sprints/AI-OPS-343/evidence/senado_retry_status404_recent-window_packet80_20260301T033850Z.json
https://www.senado.es/web/actividadparlamentaria/iniciativas/enmiendas/index.html?id1=624&id2=000001&legis=12,enmiendas_index,www.senado.es,/web/actividadparlamentaria/iniciativas/enmiendas/index.html,12,624,000001,,1,1,docs/etl/sprints/AI-OPS-348/evidence/senado_retry_status404_recent-window_packet80_20260301T060032Z.json
https://www.senado.es/web/actividadparlamentaria/iniciativas/enmiendas/index.html?id1=624&id2=000009&legis=14,enmiendas_index,www.senado.es,/web/actividadparlamentaria/iniciativas/enmiendas/index.html,14,624,000009,,1,1,docs/etl/sprints/AI-OPS-346/evidence/senado_retry_status404_recent-window_packet80_20260301T051526Z.json
https://www.senado.es/web/actividadparlamentaria/iniciativas/enmiendas/index.html?id1=624&id2=000014&legis=12,enmiendas_index,www.senado.es,/web/actividadparlamentaria/iniciativas/enmiendas/index.html,12,624,000014,,1,1,docs/etl/sprints/AI-OPS-333/evidence/senado_retry_status404_fresh_20260301T010746Z.json
https://www.senado.es/web/actividadparlamentaria/iniciativas/enmiendas/index.html?id1=624&id2=000017&legis=14,enmiendas_index,www.senado.es,/web/actividadparlamentaria/iniciativas/enmiendas/index.html,14,624,000017,,1,1,docs/etl/sprints/AI-OPS-344/evidence/senado_retry_status404_recent-window_packet80_20260301T040942Z.json
https://www.senado.es/web/actividadparlamentaria/iniciativas/enmiendas/index.html?id1=624&id2=000019&legis=14,enmiendas_index,www.senado.es,/web/actividadparlamentaria/iniciativas/enmiendas/index.html,14,624,000019,,1,1,docs/etl/sprints/AI-OPS-344/evidence/senado_retry_status404_recent-window_packet80_20260301T040942Z.json
https://www.senado.es/web/actividadparlamentaria/iniciativas/enmiendas/index.html?id1=624&id2=000020&legis=14,enmiendas_index,www.senado.es,/web/actividadparlamentaria/iniciativas/enmiendas/index.html,14,624,000020,,1,1,docs/etl/sprints/AI-OPS-332/evidence/senado_retry_status404_fresh_20260301T005820Z.json
https://www.senado.es/web/actividadparlamentaria/iniciativas/enmiendas/index.html?id1=626&id2=000001&legis=11,enmiendas_index,www.senado.es,/web/actividadparlamentaria/iniciativas/enmiendas/index.html,11,626,000001,,1,1,docs/etl/sprints/AI-OPS-348/evidence/senado_retry_status404_recent-window_packet80_20260301T060032Z.json
https://www.senado.es/web/actividadparlamentaria/iniciativas/enmiendas/index.html?id1=626&id2=000002&legis=12,enmiendas_index,www.senado.es,/web/actividadparlamentaria/iniciativas/enmiendas/index.html,12,626,000002,,1,1,docs/etl/sprints/AI-OPS-332/evidence/senado_retry_status404_fresh_20260301T005820Z.json
https://www.senado.es/web/ficopendataservlet?legis=10&tipoFich=12&tipoEx=605&numEx=000002,ficopendataservlet,www.senado.es,/web/ficopendataservlet,10,605,000002,12,1,1,docs/etl/sprints/AI-OPS-337/evidence/senado_retry_status404_fresh_20260301T014053Z.json
https://www.senado.es/web/ficopendataservlet?legis=10&tipoFich=12&tipoEx=610&numEx=000050,ficopendataservlet,www.senado.es,/web/ficopendataservlet,10,610,000050,12,1,1,docs/etl/sprints/AI-OPS-346/evidence/senado_retry_status404_recent-window_packet80_20260301T051526Z.json
https://www.senado.es/web/ficopendataservlet?legis=10&tipoFich=12&tipoEx=610&numEx=000051,ficopendataservlet,www.senado.es,/web/ficopendataservlet,10,610,000051,12,1,1,docs/etl/sprints/AI-OPS-346/evidence/senado_retry_status404_recent-window_packet80_20260301T051526Z.json
https://www.senado.es/web/ficopendataservlet?legis=10&tipoFich=12&tipoEx=610&numEx=000052,ficopendataservlet,www.senado.es,/web/ficopendataservlet,10,610,000052,12,1,1,docs/etl/sprints/AI-OPS-346/evidence/senado_retry_status404_recent-window_packet80_20260301T051526Z.json
https://www.senado.es/web/ficopendataservlet?legis=10&tipoFich=12&tipoEx=610&numEx=000054,ficopendataservlet,www.senado.es,/web/ficopendataservlet,10,610,000054,12,1,1,docs/etl/sprints/AI-OPS-346/evidence/senado_retry_status404_recent-window_packet80_20260301T051526Z.json
https://www.senado.es/web/ficopendataservlet?legis=10&tipoFich=12&tipoEx=610&numEx=000072,ficopendataservlet,www.senado.es,/web/ficopendataservlet,10,610,000072,12,1,1,docs/etl/sprints/AI-OPS-338/evidence/senado_retry_status404_fresh_20260301T014759Z.json
https://www.senado.es/web/ficopendataservlet?legis=10&tipoFich=12&tipoEx=610&numEx=000073,ficopendataservlet,www.senado.es,/web/ficopendataservlet,10,610,000073,12,1,1,docs/etl/sprints/AI-OPS-338/evidence/senado_retry_status404_fresh_20260301T014759Z.json
https://www.senado.es/web/ficopendataservlet?legis=10&tipoFich=12&tipoEx=610&numEx=000074,ficopendataservlet,www.senado.es,/web/ficopendataservlet,10,610,000074,12,1,1,docs/etl/sprints/AI-OPS-338/evidence/senado_retry_status404_fresh_20260301T014759Z.json
https://www.senado.es/web/ficopendataservlet?legis=10&tipoFich=12&tipoEx=610&numEx=000075,ficopendataservlet,www.senado.es,/web/ficopendataservlet,10,610,000075,12,1,1,docs/etl/sprints/AI-OPS-338/evidence/senado_retry_status404_fresh_20260301T014759Z.json
https://www.senado.es/web/ficopendataservlet?legis=10&tipoFich=12&tipoEx=610&numEx=000076,ficopendataservlet,www.senado.es,/web/ficopendataservlet,10,610,000076,12,1,1,docs/etl/sprints/AI-OPS-338/evidence/senado_retry_status404_fresh_20260301T014759Z.json
https://www.senado.es/web/ficopendataservlet?legis=10&tipoFich=12&tipoEx=610&numEx=000077,ficopendataservlet,www.senado.es,/web/ficopendataservlet,10,610,000077,12,1,1,docs/etl/sprints/AI-OPS-338/evidence/senado_retry_status404_fresh_20260301T014759Z.json
https://www.senado.es/web/ficopendataservlet?legis=10&tipoFich=12&tipoEx=610&numEx=000078,ficopendataservlet,www.senado.es,/web/ficopendataservlet,10,610,000078,12,1,1,docs/etl/sprints/AI-OPS-338/evidence/senado_retry_status404_fresh_20260301T014759Z.json
https://www.senado.es/web/ficopendataservlet?legis=10&tipoFich=12&tipoEx=610&numEx=000098,ficopendataservlet,www.senado.es,/web/ficopendataservlet,10,610,000098,12,1,1,docs/etl/sprints/AI-OPS-338/evidence/senado_retry_status404_fresh_20260301T014759Z.json
https://www.senado.es/web/ficopendataservlet?legis=10&tipoFich=12&tipoEx=610&numEx=000102,ficopendataservlet,www.senado.es,/web/ficopendataservlet,10,610,000102,12,1,1,docs/etl/sprints/AI-OPS-350/evidence/senado_retry_status404_recent-window_packet80_20260301T071518Z.json
https://www.senado.es/web/ficopendataservlet?legis=10&tipoFich=12&tipoEx=610&numEx=000103,ficopendataservlet,www.senado.es,/web/ficopendataservlet,10,610,000103,12,1,1,docs/etl/sprints/AI-OPS-350/evidence/senado_retry_status404_recent-window_packet80_20260301T071518Z.json
https://www.senado.es/web/ficopendataservlet?legis=10&tipoFich=12&tipoEx=610&numEx=000104,ficopendataservlet,www.senado.es,/web/ficopendataservlet,10,610,000104,12,1,1,docs/etl/sprints/AI-OPS-350/evidence/senado_retry_status404_recent-window_packet80_20260301T071518Z.json
https://www.senado.es/web/ficopendataservlet?legis=10&tipoFich=12&tipoEx=610&numEx=000105,ficopendataservlet,www.senado.es,/web/ficopendataservlet,10,610,000105,12,1,1,docs/etl/sprints/AI-OPS-350/evidence/senado_retry_status404_recent-window_packet80_20260301T071518Z.json
https://www.senado.es/web/ficopendataservlet?legis=10&tipoFich=12&tipoEx=610&numEx=000106,ficopendataservlet,www.senado.es,/web/ficopendataservlet,10,610,000106,12,1,1,docs/etl/sprints/AI-OPS-350/evidence/senado_retry_status404_recent-window_packet80_20260301T071518Z.json
https://www.senado.es/web/ficopendataservlet?legis=10&tipoFich=12&tipoEx=610&numEx=000107,ficopendataservlet,www.senado.es,/web/ficopendataservlet,10,610,000107,12,1,1,docs/etl/sprints/AI-OPS-350/evidence/senado_retry_status404_recent-window_packet80_20260301T071518Z.json
https://www.senado.es/web/ficopendataservlet?legis=10&tipoFich=12&tipoEx=610&numEx=000108,ficopendataservlet,www.senado.es,/web/ficopendataservlet,10,610,000108,12,1,1,docs/etl/sprints/AI-OPS-350/evidence/senado_retry_status404_recent-window_packet80_20260301T071518Z.json
https://www.senado.es/web/ficopendataservlet?legis=10&tipoFich=12&tipoEx=610&numEx=000109,ficopendataservlet,www.senado.es,/web/ficopendataservlet,10,610,000109,12,1,1,docs/etl/sprints/AI-OPS-348/evidence/senado_retry_status404_recent-window_packet80_20260301T060032Z.json
https://www.senado.es/web/ficopendataservlet?legis=10&tipoFich=12&tipoEx=610&numEx=000110,ficopendataservlet,www.senado.es,/web/ficopendataservlet,10,610,000110,12,1,1,docs/etl/sprints/AI-OPS-348/evidence/senado_retry_status404_recent-window_packet80_20260301T060032Z.json
https://www.senado.es/web/ficopendataservlet?legis=10&tipoFich=12&tipoEx=610&numEx=000111,ficopendataservlet,www.senado.es,/web/ficopendataservlet,10,610,000111,12,1,1,docs/etl/sprints/AI-OPS-348/evidence/senado_retry_status404_recent-window_packet80_20260301T060032Z.json
https://www.senado.es/web/ficopendataservlet?legis=10&tipoFich=12&tipoEx=610&numEx=000112,ficopendataservlet,www.senado.es,/web/ficopendataservlet,10,610,000112,12,1,1,docs/etl/sprints/AI-OPS-348/evidence/senado_retry_status404_recent-window_packet80_20260301T060032Z.json
https://www.senado.es/web/ficopendataservlet?legis=10&tipoFich=12&tipoEx=610&numEx=000125,ficopendataservlet,www.senado.es,/web/ficopendataservlet,10,610,000125,12,1,1,docs/etl/sprints/AI-OPS-350/evidence/senado_retry_status404_recent-window_packet80_20260301T071518Z.json
https://www.senado.es/web/ficopendataservlet?legis=10&tipoFich=12&tipoEx=610&numEx=000148,ficopendataservlet,www.senado.es,/web/ficopendataservlet,10,610,000148,12,1,1,docs/etl/sprints/AI-OPS-350/evidence/senado_retry_status404_recent-window_packet80_20260301T071518Z.json
https://www.senado.es/web/ficopendataservlet?legis=10&tipoFich=12&tipoEx=610&numEx=000149,ficopendataservlet,www.senado.es,/web/ficopendataservlet,10,610,000149,12,1,1,docs/etl/sprints/AI-OPS-350/evidence/senado_retry_status404_recent-window_packet80_20260301T071518Z.json
https://www.senado.es/web/ficopendataservlet?legis=10&tipoFich=12&tipoEx=622&numEx=000001,ficopendataservlet,www.senado.es,/web/ficopendataservlet,10,622,000001,12,1,1,docs/etl/sprints/AI-OPS-339/evidence/senado_retry_status404_fresh_20260301T015814Z.json
https://www.senado.es/web/ficopendataservlet?legis=10&tipoFich=12&tipoEx=622&numEx=000004,ficopendataservlet,www.senado.es,/web/ficopendataservlet,10,622,000004,12,1,1,docs/etl/sprints/AI-OPS-339/evidence/senado_retry_status404_fresh_20260301T015814Z.json
https://www.senado.es/web/ficopendataservlet?legis=12&tipoFich=3&tipoEx=610&numEx=000080,ficopendataservlet,www.senado.es,/web/ficopendataservlet,12,610,000080,3,1,1,docs/etl/sprints/AI-OPS-348/evidence/senado_retry_status404_recent-window_packet80_20260301T060032Z.json
https://www.senado.es/web/ficopendataservlet?legis=12&tipoFich=3&tipoEx=622&numEx=000008,ficopendataservlet,www.senado.es,/web/ficopendataservlet,12,622,000008,3,1,1,docs/etl/sprints/AI-OPS-346/evidence/senado_retry_status404_recent-window_packet80_20260301T051526Z.json
https://www.senado.es/web/ficopendataservlet?legis=12&tipoFich=3&tipoEx=622&numEx=000014,ficopendataservlet,www.senado.es,/web/ficopendataservlet,12,622,000014,3,1,1,docs/etl/sprints/AI-OPS-346/evidence/senado_retry_status404_recent-window_packet80_20260301T051526Z.json
https://www.senado.es/web/ficopendataservlet?legis=12&tipoFich=3&tipoEx=622&numEx=000025,ficopendataservlet,www.senado.es,/web/ficopendataservlet,12,622,000025,3,1,1,docs/etl/sprints/AI-OPS-346/evidence/senado_retry_status404_recent-window_packet80_20260301T051526Z.json
https://www.senado.es/web/ficopendataservlet?legis=12&tipoFich=3&tipoEx=622&numEx=000026,ficopendataservlet,www.senado.es,/web/ficopendataservlet,12,622,000026,3,1,1,docs/etl/sprints/AI-OPS-346/evidence/senado_retry_status404_recent-window_packet80_20260301T051526Z.json
https://www.senado.es/web/ficopendataservlet?legis=12&tipoFich=3&tipoEx=624&numEx=000001,ficopendataservlet,www.senado.es,/web/ficopendataservlet,12,624,000001,3,1,1,docs/etl/sprints/AI-OPS-346/evidence/senado_retry_status404_recent-window_packet80_20260301T051526Z.json
https://www.senado.es/web/ficopendataservlet?legis=14&tipoFich=12&tipoEx=610&numEx=000082,ficopendataservlet,www.senado.es,/web/ficopendataservlet,14,610,000082,12,1,1,docs/etl/sprints/AI-OPS-346/evidence/senado_retry_status404_recent-window_packet80_20260301T051526Z.json
https://www.senado.es/web/ficopendataservlet?legis=14&tipoFich=12&tipoEx=610&numEx=000083,ficopendataservlet,www.senado.es,/web/ficopendataservlet,14,610,000083,12,1,1,docs/etl/sprints/AI-OPS-346/evidence/senado_retry_status404_recent-window_packet80_20260301T051526Z.json
https://www.senado.es/web/ficopendataservlet?legis=14&tipoFich=12&tipoEx=610&numEx=000085,ficopendataservlet,www.senado.es,/web/ficopendataservlet,14,610,000085,12,1,1,docs/etl/sprints/AI-OPS-349/evidence/senado_retry_status404_recent-window_packet80_20260301T063939Z.json
https://www.senado.es/web/ficopendataservlet?legis=14&tipoFich=12&tipoEx=610&numEx=000086,ficopendataservlet,www.senado.es,/web/ficopendataservlet,14,610,000086,12,1,1,docs/etl/sprints/AI-OPS-349/evidence/senado_retry_status404_recent-window_packet80_20260301T063939Z.json
https://www.senado.es/web/ficopendataservlet?legis=14&tipoFich=12&tipoEx=610&numEx=000087,ficopendataservlet,www.senado.es,/web/ficopendataservlet,14,610,000087,12,1,1,docs/etl/sprints/AI-OPS-349/evidence/senado_retry_status404_recent-window_packet80_20260301T063939Z.json
https://www.senado.es/web/ficopendataservlet?legis=14&tipoFich=12&tipoEx=610&numEx=000088,ficopendataservlet,www.senado.es,/web/ficopendataservlet,14,610,000088,12,1,1,docs/etl/sprints/AI-OPS-349/evidence/senado_retry_status404_recent-window_packet80_20260301T063939Z.json
https://www.senado.es/web/ficopendataservlet?legis=14&tipoFich=12&tipoEx=610&numEx=000089,ficopendataservlet,www.senado.es,/web/ficopendataservlet,14,610,000089,12,1,1,docs/etl/sprints/AI-OPS-349/evidence/senado_retry_status404_recent-window_packet80_20260301T063939Z.json
https://www.senado.es/web/ficopendataservlet?legis=14&tipoFich=12&tipoEx=610&numEx=000090,ficopendataservlet,www.senado.es,/web/ficopendataservlet,14,610,000090,12,1,1,docs/etl/sprints/AI-OPS-349/evidence/senado_retry_status404_recent-window_packet80_20260301T063939Z.json
https://www.senado.es/web/ficopendataservlet?legis=14&tipoFich=12&tipoEx=610&numEx=000091,ficopendataservlet,www.senado.es,/web/ficopendataservlet,14,610,000091,12,1,1,docs/etl/sprints/AI-OPS-349/evidence/senado_retry_status404_recent-window_packet80_20260301T063939Z.json
https://www.senado.es/web/ficopendataservlet?legis=14&tipoFich=12&tipoEx=622&numEx=000055,ficopendataservlet,www.senado.es,/web/ficopendataservlet,14,622,000055,12,1,1,docs/etl/sprints/AI-OPS-333/evidence/senado_retry_status404_fresh_20260301T010746Z.json
https://www.senado.es/web/ficopendataservlet?legis=14&tipoFich=12&tipoEx=624&numEx=000009,ficopendataservlet,www.senado.es,/web/ficopendataservlet,14,624,000009,12,1,1,docs/etl/sprints/AI-OPS-349/evidence/senado_retry_status404_recent-window_packet80_20260301T063939Z.json
https://www.senado.es/web/ficopendataservlet?legis=14&tipoFich=3&tipoEx=610&numEx=000042,ficopendataservlet,www.senado.es,/web/ficopendataservlet,14,610,000042,3,1,1,docs/etl/sprints/AI-OPS-349/evidence/senado_retry_status404_recent-window_packet80_20260301T063939Z.json
https://www.senado.es/web/ficopendataservlet?legis=14&tipoFich=3&tipoEx=610&numEx=000051,ficopendataservlet,www.senado.es,/web/ficopendataservlet,14,610,000051,3,1,1,docs/etl/sprints/AI-OPS-349/evidence/senado_retry_status404_recent-window_packet80_20260301T063939Z.json
https://www.senado.es/web/ficopendataservlet?legis=14&tipoFich=3&tipoEx=621&numEx=000066,ficopendataservlet,www.senado.es,/web/ficopendataservlet,14,621,000066,3,1,1,docs/etl/sprints/AI-OPS-343/evidence/senado_retry_status404_recent-window_packet80_20260301T033850Z.json
https://www.senado.es/web/ficopendataservlet?legis=14&tipoFich=3&tipoEx=621&numEx=000069,ficopendataservlet,www.senado.es,/web/ficopendataservlet,14,621,000069,3,1,1,docs/etl/sprints/AI-OPS-343/evidence/senado_retry_status404_recent-window_packet80_20260301T033850Z.json
https://www.senado.es/web/ficopendataservlet?legis=14&tipoFich=3&tipoEx=621&numEx=000070,ficopendataservlet,www.senado.es,/web/ficopendataservlet,14,621,000070,3,1,1,docs/etl/sprints/AI-OPS-343/evidence/senado_retry_status404_recent-window_packet80_20260301T033850Z.json
https://www.senado.es/web/ficopendataservlet?legis=14&tipoFich=3&tipoEx=621&numEx=000071,ficopendataservlet,www.senado.es,/web/ficopendataservlet,14,621,000071,3,1,1,docs/etl/sprints/AI-OPS-343/evidence/senado_retry_status404_recent-window_packet80_20260301T033850Z.json
https://www.senado.es/web/ficopendataservlet?legis=14&tipoFich=3&tipoEx=621&numEx=000072,ficopendataservlet,www.senado.es,/web/ficopendataservlet,14,621,000072,3,1,1,docs/etl/sprints/AI-OPS-343/evidence/senado_retry_status404_recent-window_packet80_20260301T033850Z.json
https://www.senado.es/web/ficopendataservlet?legis=14&tipoFich=3&tipoEx=621&numEx=000073,ficopendataservlet,www.senado.es,/web/ficopendataservlet,14,621,000073,3,1,1,docs/etl/sprints/AI-OPS-343/evidence/senado_retry_status404_recent-window_packet80_20260301T033850Z.json
https://www.senado.es/web/ficopendataservlet?legis=14&tipoFich=3&tipoEx=621&numEx=000074,ficopendataservlet,www.senado.es,/web/ficopendataservlet,14,621,000074,3,1,1,docs/etl/sprints/AI-OPS-343/evidence/senado_retry_status404_recent-window_packet80_20260301T033850Z.json
https://www.senado.es/web/ficopendataservlet?legis=14&tipoFich=3&tipoEx=621&numEx=000087,ficopendataservlet,www.senado.es,/web/ficopendataservlet,14,621,000087,3,1,1,docs/etl/sprints/AI-OPS-332/evidence/senado_retry_status404_fresh_20260301T005820Z.json
https://www.senado.es/web/ficopendataservlet?legis=14&tipoFich=3&tipoEx=621&numEx=000088,ficopendataservlet,www.senado.es,/web/ficopendataservlet,14,621,000088,3,1,1,docs/etl/sprints/AI-OPS-332/evidence/senado_retry_status404_fresh_20260301T005820Z.json
https://www.senado.es/web/ficopendataservlet?legis=14&tipoFich=3&tipoEx=621&numEx=000089,ficopendataservlet,www.senado.es,/web/ficopendataservlet,14,621,000089,3,1,1,docs/etl/sprints/AI-OPS-332/evidence/senado_retry_status404_fresh_20260301T005820Z.json
https://www.senado.es/web/ficopendataservlet?legis=14&tipoFich=3&tipoEx=622&numEx=000020,ficopendataservlet,www.senado.es,/web/ficopendataservlet,14,622,000020,3,1,1,docs/etl/sprints/AI-OPS-344/evidence/senado_retry_status404_recent-window_packet80_20260301T040942Z.json
https://www.senado.es/web/ficopendataservlet?legis=14&tipoFich=3&tipoEx=622&numEx=000026,ficopendataservlet,www.senado.es,/web/ficopendataservlet,14,622,000026,3,1,1,docs/etl/sprints/AI-OPS-339/evidence/senado_retry_status404_recent-window_packet20_20260301T020240Z.json
https://www.senado.es/web/ficopendataservlet?legis=14&tipoFich=3&tipoEx=622&numEx=000030,ficopendataservlet,www.senado.es,/web/ficopendataservlet,14,622,000030,3,1,1,docs/etl/sprints/AI-OPS-339/evidence/senado_retry_status404_recent-window_packet20_20260301T020240Z.json
https://www.senado.es/web/ficopendataservlet?legis=14&tipoFich=3&tipoEx=622&numEx=000034,ficopendataservlet,www.senado.es,/web/ficopendataservlet,14,622,000034,3,1,1,docs/etl/sprints/AI-OPS-339/evidence/senado_retry_status404_recent-window_packet20_20260301T020240Z.json
https://www.senado.es/web/ficopendataservlet?legis=14&tipoFich=3&tipoEx=622&numEx=000039,ficopendataservlet,www.senado.es,/web/ficopendataservlet,14,622,000039,3,1,1,docs/etl/sprints/AI-OPS-339/evidence/senado_retry_status404_recent-window_packet20_20260301T020240Z.json
https://www.senado.es/web/ficopendataservlet?legis=14&tipoFich=3&tipoEx=622&numEx=000044,ficopendataservlet,www.senado.es,/web/ficopendataservlet,14,622,000044,3,1,1,docs/etl/sprints/AI-OPS-339/evidence/senado_retry_status404_recent-window_packet20_20260301T020240Z.json
https://www.senado.es/web/ficopendataservlet?legis=14&tipoFich=3&tipoEx=622&numEx=000062,ficopendataservlet,www.senado.es,/web/ficopendataservlet,14,622,000062,3,1,1,docs/etl/sprints/AI-OPS-339/evidence/senado_retry_status404_recent-window_packet20_20260301T020240Z.json
https://www.senado.es/web/ficopendataservlet?legis=14&tipoFich=3&tipoEx=622&numEx=000064,ficopendataservlet,www.senado.es,/web/ficopendataservlet,14,622,000064,3,1,1,docs/etl/sprints/AI-OPS-339/evidence/senado_retry_status404_recent-window_packet20_20260301T020240Z.json
https://www.senado.es/web/ficopendataservlet?legis=14&tipoFich=3&tipoEx=622&numEx=000071,ficopendataservlet,www.senado.es,/web/ficopendataservlet,14,622,000071,3,1,1,docs/etl/sprints/AI-OPS-339/evidence/senado_retry_status404_recent-window_packet20_20260301T020240Z.json
https://www.senado.es/web/ficopendataservlet?legis=14&tipoFich=3&tipoEx=622&numEx=000074,ficopendataservlet,www.senado.es,/web/ficopendataservlet,14,622,000074,3,1,1,docs/etl/sprints/AI-OPS-339/evidence/senado_retry_status404_recent-window_packet20_20260301T020240Z.json
https://www.senado.es/web/ficopendataservlet?legis=14&tipoFich=3&tipoEx=624&numEx=000001,ficopendataservlet,www.senado.es,/web/ficopendataservlet,14,624,000001,3,1,1,docs/etl/sprints/AI-OPS-333/evidence/senado_retry_status404_fresh_20260301T010746Z.json
https://www.senado.es/web/ficopendataservlet?legis=14&tipoFich=3&tipoEx=624&numEx=000017,ficopendataservlet,www.senado.es,/web/ficopendataservlet,14,624,000017,3,1,1,docs/etl/sprints/AI-OPS-344/evidence/senado_retry_status404_recent-window_packet80_20260301T040942Z.json
https://www.senado.es/web/ficopendataservlet?legis=14&tipoFich=3&tipoEx=624&numEx=000019,ficopendataservlet,www.senado.es,/web/ficopendataservlet,14,624,000019,3,1,1,docs/etl/sprints/AI-OPS-344/evidence/senado_retry_status404_recent-window_packet80_20260301T040942Z.json
https://www.senado.es/web/ficopendataservlet?legis=14&tipoFich=3&tipoEx=624&numEx=000020,ficopendataservlet,www.senado.es,/web/ficopendataservlet,14,624,000020,3,1,1,docs/etl/sprints/AI-OPS-333/evidence/senado_retry_status404_fresh_20260301T010746Z.json
https://www.senado.es/web/ficopendataservlet?legis=14&tipoFich=3&tipoEx=626&numEx=000008,ficopendataservlet,www.senado.es,/web/ficopendataservlet,14,626,000008,3,1,1,docs/etl/sprints/AI-OPS-339/evidence/senado_retry_status404_recent-window_packet20_20260301T020240Z.json
