code,status,ok,error_type,error_detail,results_count
D_1NBAA000,412,False,http_error,HTTP Error 412: Precondition Failed,0
D_1NBAA001,412,False,http_error,HTTP Error 412: Precondition Failed,0
D_1NBAA002,412,False,http_error,HTTP Error 412: Precondition Failed,0
D_1NBAA003,412,False,http_error,HTTP Error 412: Precondition Failed,0
D_1NBAA004,412,False,http_error,HTTP Error 412: Precondition Failed,0
D_1NBAA005,412,False,http_error,HTTP Error 412: Precondition Failed,0
D_1NBAA006,412,False,http_error,HTTP Error 412: Precondition Failed,0
D_1NBAA007,412,False,http_error,HTTP Error 412: Precondition Failed,0
D_1NBAA008,412,False,http_error,HTTP Error 412: Precondition Failed,0
D_1NBAA009,412,False,http_error,HTTP Error 412: Precondition Failed,0
D_1NBAA010,412,False,http_error,HTTP Error 412: Precondition Failed,0
D_1NBAA011,412,False,http_error,HTTP Error 412: Precondition Failed,0
D_1NBAA012,412,False,http_error,HTTP Error 412: Precondition Failed,0
D_1NBAA013,412,False,http_error,HTTP Error 412: Precondition Failed,0
D_1NBAA014,412,False,http_error,HTTP Error 412: Precondition Failed,0
D_1NBAA015,412,False,http_error,HTTP Error 412: Precondition Failed,0
D_1NBAA016,412,False,http_error,HTTP Error 412: Precondition Failed,0
D_1NBAA017,412,False,http_error,HTTP Error 412: Precondition Failed,0
D_1NBAA018,412,False,http_error,HTTP Error 412: Precondition Failed,0
D_1NBAA019,412,False,http_error,HTTP Error 412: Precondition Failed,0
D_1NBAA020,412,False,http_error,HTTP Error 412: Precondition Failed,0
D_1NBAA021,412,False,http_error,HTTP Error 412: Precondition Failed,0
D_1NBAA022,412,False,http_error,HTTP Error 412: Precondition Failed,0
D_1NBAA023,412,False,http_error,HTTP Error 412: Precondition Failed,0
D_1NBAA024,412,False,http_error,HTTP Error 412: Precondition Failed,0
D_1NBAA025,412,False,http_error,HTTP Error 412: Precondition Failed,0
D_1NBAA026,412,False,http_error,HTTP Error 412: Precondition Failed,0
D_1NBAA027,412,False,http_error,HTTP Error 412: Precondition Failed,0
D_1NBAA028,412,False,http_error,HTTP Error 412: Precondition Failed,0
D_1NBAA029,412,False,http_error,HTTP Error 412: Precondition Failed,0
D_1NBAA030,412,False,http_error,HTTP Error 412: Precondition Failed,0
D_1NBAA031,412,False,http_error,HTTP Error 412: Precondition Failed,0
D_1NBAA032,412,False,http_error,HTTP Error 412: Precondition Failed,0
D_1NBAA033,412,False,http_error,HTTP Error 412: Precondition Failed,0
D_1NBAA034,412,False,http_error,HTTP Error 412: Precondition Failed,0
D_1NBAA035,412,False,http_error,HTTP Error 412: Precondition Failed,0
D_1NBAA036,412,False,http_error,HTTP Error 412: Precondition Failed,0
D_1NBAA037,412,False,http_error,HTTP Error 412: Precondition Failed,0
D_1NBAA038,412,False,http_error,HTTP Error 412: Precondition Failed,0
D_1NBAA039,412,False,http_error,HTTP Error 412: Precondition Failed,0
D_1NBAA040,412,False,http_error,HTTP Error 412: Precondition Failed,0
D_1NBAA041,412,False,http_error,HTTP Error 412: Precondition Failed,0
D_1NBAA042,412,False,http_error,HTTP Error 412: Precondition Failed,0
D_1NBAA043,412,False,http_error,HTTP Error 412: Precondition Failed,0
D_1NBAA044,412,False,http_error,HTTP Error 412: Precondition Failed,0
D_1NBAA045,412,False,http_error,HTTP Error 412: Precondition Failed,0
D_1NBAA046,412,False,http_error,HTTP Error 412: Precondition Failed,0
D_1NBAA047,412,False,http_error,HTTP Error 412: Precondition Failed,0
D_1NBAA048,412,False,http_error,HTTP Error 412: Precondition Failed,0
D_1NBAA049,412,False,http_error,HTTP Error 412: Precondition Failed,0
D_1NBAA050,412,False,http_error,HTTP Error 412: Precondition Failed,0
D_1NBAA051,412,False,http_error,HTTP Error 412: Precondition Failed,0
D_1NBAA052,412,False,http_error,HTTP Error 412: Precondition Failed,0
D_1NBAA053,412,False,http_error,HTTP Error 412: Precondition Failed,0
D_1NBAA054,412,False,http_error,HTTP Error 412: Precondition Failed,0
D_1NBAA055,412,False,http_error,HTTP Error 412: Precondition Failed,0
D_1NBAA056,412,False,http_error,HTTP Error 412: Precondition Failed,0
D_1NBAA057,412,False,http_error,HTTP Error 412: Precondition Failed,0
D_1NBAA058,412,False,http_error,HTTP Error 412: Precondition Failed,0
D_1NBAA059,412,False,http_error,HTTP Error 412: Precondition Failed,0
D_1NBAA060,412,False,http_error,HTTP Error 412: Precondition Failed,0
D_1NBAA061,412,False,http_error,HTTP Error 412: Precondition Failed,0
D_1NBAA062,412,False,http_error,HTTP Error 412: Precondition Failed,0
D_1NBAA063,412,False,http_error,HTTP Error 412: Precondition Failed,0
D_1NBAA064,412,False,http_error,HTTP Error 412: Precondition Failed,0
D_1NBAA065,412,False,http_error,HTTP Error 412: Precondition Failed,0
D_1NBAA066,412,False,http_error,HTTP Error 412: Precondition Failed,0
D_1NBAA067,412,False,http_error,HTTP Error 412: Precondition Failed,0
D_1NBAA068,412,False,http_error,HTTP Error 412: Precondition Failed,0
D_1NBAA069,412,False,http_error,HTTP Error 412: Precondition Failed,0
D_1NBAA070,412,False,http_error,HTTP Error 412: Precondition Failed,0
D_1NBAA071,412,False,http_error,HTTP Error 412: Precondition Failed,0
D_1NBAA072,412,False,http_error,HTTP Error 412: Precondition Failed,0
D_1NBAA073,412,False,http_error,HTTP Error 412: Precondition Failed,0
D_1NBAA074,412,False,http_error,HTTP Error 412: Precondition Failed,0
D_1NBAA075,412,False,http_error,HTTP Error 412: Precondition Failed,0
D_1NBAA076,412,False,http_error,HTTP Error 412: Precondition Failed,0
D_1NBAA077,412,False,http_error,HTTP Error 412: Precondition Failed,0
D_1NBAA078,412,False,http_error,HTTP Error 412: Precondition Failed,0
D_1NBAA079,412,False,http_error,HTTP Error 412: Precondition Failed,0
D_1NBAA080,412,False,http_error,HTTP Error 412: Precondition Failed,0
D_1NBAA081,412,False,http_error,HTTP Error 412: Precondition Failed,0
D_1NBAA082,412,False,http_error,HTTP Error 412: Precondition Failed,0
D_1NBAA083,412,False,http_error,HTTP Error 412: Precondition Failed,0
D_1NBAA084,412,False,http_error,HTTP Error 412: Precondition Failed,0
D_1NBAA085,412,False,http_error,HTTP Error 412: Precondition Failed,0
D_1NBAA086,412,False,http_error,HTTP Error 412: Precondition Failed,0
D_1NBAA087,412,False,http_error,HTTP Error 412: Precondition Failed,0
D_1NBAA088,412,False,http_error,HTTP Error 412: Precondition Failed,0
D_1NBAA089,412,False,http_error,HTTP Error 412: Precondition Failed,0
D_1NBAA090,412,False,http_error,HTTP Error 412: Precondition Failed,0
D_1NBAA091,412,False,http_error,HTTP Error 412: Precondition Failed,0
D_1NBAA092,412,False,http_error,HTTP Error 412: Precondition Failed,0
D_1NBAA093,412,False,http_error,HTTP Error 412: Precondition Failed,0
D_1NBAA094,412,False,http_error,HTTP Error 412: Precondition Failed,0
D_1NBAA095,412,False,http_error,HTTP Error 412: Precondition Failed,0
D_1NBAA096,412,False,http_error,HTTP Error 412: Precondition Failed,0
D_1NBAA097,412,False,http_error,HTTP Error 412: Precondition Failed,0
D_1NBAA098,412,False,http_error,HTTP Error 412: Precondition Failed,0
D_1NBAA099,412,False,http_error,HTTP Error 412: Precondition Failed,0
D_1NBAA100,412,False,http_error,HTTP Error 412: Precondition Failed,0
D_1NBAA101,412,False,http_error,HTTP Error 412: Precondition Failed,0
D_1NBAA102,412,False,http_error,HTTP Error 412: Precondition Failed,0
D_1NBAA103,412,False,http_error,HTTP Error 412: Precondition Failed,0
D_1NBAA104,412,False,http_error,HTTP Error 412: Precondition Failed,0
D_1NBAA105,412,False,http_error,HTTP Error 412: Precondition Failed,0
D_1NBAA106,412,False,http_error,HTTP Error 412: Precondition Failed,0
D_1NBAA107,412,False,http_error,HTTP Error 412: Precondition Failed,0
D_1NBAA108,412,False,http_error,HTTP Error 412: Precondition Failed,0
D_1NBAA109,412,False,http_error,HTTP Error 412: Precondition Failed,0
D_1NBAA110,412,False,http_error,HTTP Error 412: Precondition Failed,0
D_1NBAA111,412,False,http_error,HTTP Error 412: Precondition Failed,0
D_1NBAA112,412,False,http_error,HTTP Error 412: Precondition Failed,0
D_1NBAA113,412,False,http_error,HTTP Error 412: Precondition Failed,0
D_1NBAA114,412,False,http_error,HTTP Error 412: Precondition Failed,0
D_1NBAA115,412,False,http_error,HTTP Error 412: Precondition Failed,0
D_1NBAA116,412,False,http_error,HTTP Error 412: Precondition Failed,0
D_1NBAA117,412,False,http_error,HTTP Error 412: Precondition Failed,0
D_1NBAA118,412,False,http_error,HTTP Error 412: Precondition Failed,0
D_1NBAA119,412,False,http_error,HTTP Error 412: Precondition Failed,0
D_1NBAA120,412,False,http_error,HTTP Error 412: Precondition Failed,0
D_1NBAA121,412,False,http_error,HTTP Error 412: Precondition Failed,0
D_1NBAA122,412,False,http_error,HTTP Error 412: Precondition Failed,0
D_1NBAA123,412,False,http_error,HTTP Error 412: Precondition Failed,0
D_1NBAA124,412,False,http_error,HTTP Error 412: Precondition Failed,0
D_1NBAA125,412,False,http_error,HTTP Error 412: Precondition Failed,0
D_1NBAA126,412,False,http_error,HTTP Error 412: Precondition Failed,0
D_1NBAA127,412,False,http_error,HTTP Error 412: Precondition Failed,0
D_1NBAA128,412,False,http_error,HTTP Error 412: Precondition Failed,0
D_1NBAA129,412,False,http_error,HTTP Error 412: Precondition Failed,0
D_1NBAA130,412,False,http_error,HTTP Error 412: Precondition Failed,0
D_1NBAA131,412,False,http_error,HTTP Error 412: Precondition Failed,0
D_1NBAA132,412,False,http_error,HTTP Error 412: Precondition Failed,0
D_1NBAA133,412,False,http_error,HTTP Error 412: Precondition Failed,0
D_1NBAA134,412,False,http_error,HTTP Error 412: Precondition Failed,0
D_1NBAA135,412,False,http_error,HTTP Error 412: Precondition Failed,0
D_1NBAA136,412,False,http_error,HTTP Error 412: Precondition Failed,0
D_1NBAA137,412,False,http_error,HTTP Error 412: Precondition Failed,0
D_1NBAA138,412,False,http_error,HTTP Error 412: Precondition Failed,0
D_1NBAA139,412,False,http_error,HTTP Error 412: Precondition Failed,0
D_1NBAA140,412,False,http_error,HTTP Error 412: Precondition Failed,0
D_1NBAA141,412,False,http_error,HTTP Error 412: Precondition Failed,0
D_1NBAA142,412,False,http_error,HTTP Error 412: Precondition Failed,0
D_1NBAA143,412,False,http_error,HTTP Error 412: Precondition Failed,0
D_1NBAA144,412,False,http_error,HTTP Error 412: Precondition Failed,0
D_1NBAA145,412,False,http_error,HTTP Error 412: Precondition Failed,0
D_1NBAA146,412,False,http_error,HTTP Error 412: Precondition Failed,0
D_1NBAA147,412,False,http_error,HTTP Error 412: Precondition Failed,0
D_1NBAA148,412,False,http_error,HTTP Error 412: Precondition Failed,0
D_1NBAA149,412,False,http_error,HTTP Error 412: Precondition Failed,0
D_1NBAA150,412,False,http_error,HTTP Error 412: Precondition Failed,0
D_1NBAA151,412,False,http_error,HTTP Error 412: Precondition Failed,0
D_1NBAA152,412,False,http_error,HTTP Error 412: Precondition Failed,0
D_1NBAA153,412,False,http_error,HTTP Error 412: Precondition Failed,0
D_1NBAA154,412,False,http_error,HTTP Error 412: Precondition Failed,0
D_1NBAA155,412,False,http_error,HTTP Error 412: Precondition Failed,0
D_1NBAA156,412,False,http_error,HTTP Error 412: Precondition Failed,0
D_1NBAA157,412,False,http_error,HTTP Error 412: Precondition Failed,0
D_1NBAA158,412,False,http_error,HTTP Error 412: Precondition Failed,0
D_1NBAA159,412,False,http_error,HTTP Error 412: Precondition Failed,0
D_1NBAA160,412,False,http_error,HTTP Error 412: Precondition Failed,0
D_1NBAA161,412,False,http_error,HTTP Error 412: Precondition Failed,0
D_1NBAA162,412,False,http_error,HTTP Error 412: Precondition Failed,0
D_1NBAA163,412,False,http_error,HTTP Error 412: Precondition Failed,0
D_1NBAA164,412,False,http_error,HTTP Error 412: Precondition Failed,0
D_1NBAA165,412,False,http_error,HTTP Error 412: Precondition Failed,0
D_1NBAA166,412,False,http_error,HTTP Error 412: Precondition Failed,0
D_1NBAA167,412,False,http_error,HTTP Error 412: Precondition Failed,0
D_1NBAA168,412,False,http_error,HTTP Error 412: Precondition Failed,0
D_1NBAA169,412,False,http_error,HTTP Error 412: Precondition Failed,0
D_1NBAA170,412,False,http_error,HTTP Error 412: Precondition Failed,0
D_1NBAA171,412,False,http_error,HTTP Error 412: Precondition Failed,0
D_1NBAA172,412,False,http_error,HTTP Error 412: Precondition Failed,0
D_1NBAA173,412,False,http_error,HTTP Error 412: Precondition Failed,0
D_1NBAA174,412,False,http_error,HTTP Error 412: Precondition Failed,0
D_1NBAA175,412,False,http_error,HTTP Error 412: Precondition Failed,0
D_1NBAA176,412,False,http_error,HTTP Error 412: Precondition Failed,0
D_1NBAA177,412,False,http_error,HTTP Error 412: Precondition Failed,0
D_1NBAA178,412,False,http_error,HTTP Error 412: Precondition Failed,0
D_1NBAA179,412,False,http_error,HTTP Error 412: Precondition Failed,0
D_1NBAA180,412,False,http_error,HTTP Error 412: Precondition Failed,0
D_1NBAA181,412,False,http_error,HTTP Error 412: Precondition Failed,0
D_1NBAA182,412,False,http_error,HTTP Error 412: Precondition Failed,0
D_1NBAA183,412,False,http_error,HTTP Error 412: Precondition Failed,0
D_1NBAA184,412,False,http_error,HTTP Error 412: Precondition Failed,0
D_1NBAA185,412,False,http_error,HTTP Error 412: Precondition Failed,0
D_1NBAA186,412,False,http_error,HTTP Error 412: Precondition Failed,0
D_1NBAA187,412,False,http_error,HTTP Error 412: Precondition Failed,0
D_1NBAA188,412,False,http_error,HTTP Error 412: Precondition Failed,0
D_1NBAA189,412,False,http_error,HTTP Error 412: Precondition Failed,0
D_1NBAA190,,False,timeout,timed out,0
D_1NBAA191,412,False,http_error,HTTP Error 412: Precondition Failed,0
D_1NBAA192,412,False,http_error,HTTP Error 412: Precondition Failed,0
D_1NBAA193,412,False,http_error,HTTP Error 412: Precondition Failed,0
D_1NBAA194,412,False,http_error,HTTP Error 412: Precondition Failed,0
D_1NBAA195,412,False,http_error,HTTP Error 412: Precondition Failed,0
D_1NBAA196,412,False,http_error,HTTP Error 412: Precondition Failed,0
D_1NBAA197,412,False,http_error,HTTP Error 412: Precondition Failed,0
D_1NBAA198,412,False,http_error,HTTP Error 412: Precondition Failed,0
D_1NBAA199,412,False,http_error,HTTP Error 412: Precondition Failed,0
D_1NBAA200,412,False,http_error,HTTP Error 412: Precondition Failed,0
D_1NBAA201,412,False,http_error,HTTP Error 412: Precondition Failed,0
D_1NBAA202,412,False,http_error,HTTP Error 412: Precondition Failed,0
D_1NBAA203,412,False,http_error,HTTP Error 412: Precondition Failed,0
D_1NBAA204,412,False,http_error,HTTP Error 412: Precondition Failed,0
D_1NBAA205,412,False,http_error,HTTP Error 412: Precondition Failed,0
D_1NBAA206,412,False,http_error,HTTP Error 412: Precondition Failed,0
D_1NBAA207,412,False,http_error,HTTP Error 412: Precondition Failed,0
D_1NBAA208,412,False,http_error,HTTP Error 412: Precondition Failed,0
D_1NBAA209,412,False,http_error,HTTP Error 412: Precondition Failed,0
D_1NBAA210,412,False,http_error,HTTP Error 412: Precondition Failed,0
D_1NBAA211,412,False,http_error,HTTP Error 412: Precondition Failed,0
D_1NBAA212,412,False,http_error,HTTP Error 412: Precondition Failed,0
D_1NBAA213,412,False,http_error,HTTP Error 412: Precondition Failed,0
D_1NBAA214,412,False,http_error,HTTP Error 412: Precondition Failed,0
D_1NBAA215,412,False,http_error,HTTP Error 412: Precondition Failed,0
D_1NBAA216,,False,timeout,timed out,0
D_1NBAA217,412,False,http_error,HTTP Error 412: Precondition Failed,0
D_1NBAA218,412,False,http_error,HTTP Error 412: Precondition Failed,0
D_1NBAA219,412,False,http_error,HTTP Error 412: Precondition Failed,0
D_1NBAA220,412,False,http_error,HTTP Error 412: Precondition Failed,0
D_1NBAA221,412,False,http_error,HTTP Error 412: Precondition Failed,0
D_1NBAA222,412,False,http_error,HTTP Error 412: Precondition Failed,0
D_1NBAA223,412,False,http_error,HTTP Error 412: Precondition Failed,0
D_1NBAA224,412,False,http_error,HTTP Error 412: Precondition Failed,0
D_1NBAA225,412,False,http_error,HTTP Error 412: Precondition Failed,0
D_1NBAA226,412,False,http_error,HTTP Error 412: Precondition Failed,0
D_1NBAA227,412,False,http_error,HTTP Error 412: Precondition Failed,0
D_1NBAA228,412,False,http_error,HTTP Error 412: Precondition Failed,0
D_1NBAA229,412,False,http_error,HTTP Error 412: Precondition Failed,0
D_1NBAA230,412,False,http_error,HTTP Error 412: Precondition Failed,0
D_1NBAA231,412,False,http_error,HTTP Error 412: Precondition Failed,0
D_1NBAA232,412,False,http_error,HTTP Error 412: Precondition Failed,0
D_1NBAA233,412,False,http_error,HTTP Error 412: Precondition Failed,0
D_1NBAA234,412,False,http_error,HTTP Error 412: Precondition Failed,0
D_1NBAA235,412,False,http_error,HTTP Error 412: Precondition Failed,0
D_1NBAA236,412,False,http_error,HTTP Error 412: Precondition Failed,0
D_1NBAA237,412,False,http_error,HTTP Error 412: Precondition Failed,0
D_1NBAA238,412,False,http_error,HTTP Error 412: Precondition Failed,0
D_1NBAA239,412,False,http_error,HTTP Error 412: Precondition Failed,0
D_1NBAA240,412,False,http_error,HTTP Error 412: Precondition Failed,0
D_1NBAA241,412,False,http_error,HTTP Error 412: Precondition Failed,0
D_1NBAA242,412,False,http_error,HTTP Error 412: Precondition Failed,0
D_1NBAA243,412,False,http_error,HTTP Error 412: Precondition Failed,0
D_1NBAA244,412,False,http_error,HTTP Error 412: Precondition Failed,0
D_1NBAA245,412,False,http_error,HTTP Error 412: Precondition Failed,0
D_1NBAA246,412,False,http_error,HTTP Error 412: Precondition Failed,0
D_1NBAA247,412,False,http_error,HTTP Error 412: Precondition Failed,0
D_1NBAA248,412,False,http_error,HTTP Error 412: Precondition Failed,0
D_1NBAA249,412,False,http_error,HTTP Error 412: Precondition Failed,0
D_1NBAA250,412,False,http_error,HTTP Error 412: Precondition Failed,0
D_1NBAA251,412,False,http_error,HTTP Error 412: Precondition Failed,0
D_1NBAA252,412,False,http_error,HTTP Error 412: Precondition Failed,0
D_1NBAA253,412,False,http_error,HTTP Error 412: Precondition Failed,0
D_1NBAA254,412,False,http_error,HTTP Error 412: Precondition Failed,0
D_1NBAA255,412,False,http_error,HTTP Error 412: Precondition Failed,0
D_1NBAA256,412,False,http_error,HTTP Error 412: Precondition Failed,0
D_1NBAA257,412,False,http_error,HTTP Error 412: Precondition Failed,0
D_1NBAA258,412,False,http_error,HTTP Error 412: Precondition Failed,0
D_1NBAA259,412,False,http_error,HTTP Error 412: Precondition Failed,0
D_1NBAA260,412,False,http_error,HTTP Error 412: Precondition Failed,0
D_1NBAA261,412,False,http_error,HTTP Error 412: Precondition Failed,0
D_1NBAA262,412,False,http_error,HTTP Error 412: Precondition Failed,0
D_1NBAA263,412,False,http_error,HTTP Error 412: Precondition Failed,0
D_1NBAA264,412,False,http_error,HTTP Error 412: Precondition Failed,0
D_1NBAA265,412,False,http_error,HTTP Error 412: Precondition Failed,0
D_1NBAA266,412,False,http_error,HTTP Error 412: Precondition Failed,0
D_1NBAA267,412,False,http_error,HTTP Error 412: Precondition Failed,0
D_1NBAA268,412,False,http_error,HTTP Error 412: Precondition Failed,0
D_1NBAA269,412,False,http_error,HTTP Error 412: Precondition Failed,0
D_1NBAA270,412,False,http_error,HTTP Error 412: Precondition Failed,0
D_1NBAA271,412,False,http_error,HTTP Error 412: Precondition Failed,0
D_1NBAA272,412,False,http_error,HTTP Error 412: Precondition Failed,0
D_1NBAA273,412,False,http_error,HTTP Error 412: Precondition Failed,0
D_1NBAA274,412,False,http_error,HTTP Error 412: Precondition Failed,0
D_1NBAA275,412,False,http_error,HTTP Error 412: Precondition Failed,0
D_1NBAA276,412,False,http_error,HTTP Error 412: Precondition Failed,0
D_1NBAA277,412,False,http_error,HTTP Error 412: Precondition Failed,0
D_1NBAA278,412,False,http_error,HTTP Error 412: Precondition Failed,0
D_1NBAA279,412,False,http_error,HTTP Error 412: Precondition Failed,0
D_1NBAA280,412,False,http_error,HTTP Error 412: Precondition Failed,0
D_1NBAA281,412,False,http_error,HTTP Error 412: Precondition Failed,0
D_1NBAA282,412,False,http_error,HTTP Error 412: Precondition Failed,0
D_1NBAA283,412,False,http_error,HTTP Error 412: Precondition Failed,0
D_1NBAA284,412,False,http_error,HTTP Error 412: Precondition Failed,0
D_1NBAA285,412,False,http_error,HTTP Error 412: Precondition Failed,0
D_1NBAA286,412,False,http_error,HTTP Error 412: Precondition Failed,0
D_1NBAA287,412,False,http_error,HTTP Error 412: Precondition Failed,0
D_1NBAA288,412,False,http_error,HTTP Error 412: Precondition Failed,0
D_1NBAA289,412,False,http_error,HTTP Error 412: Precondition Failed,0
D_1NBAA290,412,False,http_error,HTTP Error 412: Precondition Failed,0
D_1NBAA291,412,False,http_error,HTTP Error 412: Precondition Failed,0
D_1NBAA292,412,False,http_error,HTTP Error 412: Precondition Failed,0
D_1NBAA293,412,False,http_error,HTTP Error 412: Precondition Failed,0
D_1NBAA294,412,False,http_error,HTTP Error 412: Precondition Failed,0
D_1NBAA295,412,False,http_error,HTTP Error 412: Precondition Failed,0
D_1NBAA296,412,False,http_error,HTTP Error 412: Precondition Failed,0
D_1NBAA297,412,False,http_error,HTTP Error 412: Precondition Failed,0
D_1NBAA298,412,False,http_error,HTTP Error 412: Precondition Failed,0
D_1NBAA299,412,False,http_error,HTTP Error 412: Precondition Failed,0
D_1NBAA300,412,False,http_error,HTTP Error 412: Precondition Failed,0
D_1NBAA301,200,False,parse_error,Expecting value: line 1 column 1 (char 0),0
D_1NBAA302,412,False,http_error,HTTP Error 412: Precondition Failed,0
D_1NBAA303,412,False,http_error,HTTP Error 412: Precondition Failed,0
D_1NBAA304,200,False,parse_error,Expecting value: line 1 column 1 (char 0),0
D_1NBAA305,,False,timeout,timed out,0
D_1NBAA306,412,False,http_error,HTTP Error 412: Precondition Failed,0
D_1NBAA307,412,False,http_error,HTTP Error 412: Precondition Failed,0
D_1NBAA308,412,False,http_error,HTTP Error 412: Precondition Failed,0
D_1NBAA309,412,False,http_error,HTTP Error 412: Precondition Failed,0
D_1NBAA310,412,False,http_error,HTTP Error 412: Precondition Failed,0
D_1NBAA311,412,False,http_error,HTTP Error 412: Precondition Failed,0
D_1NBAA312,412,False,http_error,HTTP Error 412: Precondition Failed,0
D_1NBAA313,412,False,http_error,HTTP Error 412: Precondition Failed,0
D_1NBAA314,412,False,http_error,HTTP Error 412: Precondition Failed,0
D_1NBAA315,412,False,http_error,HTTP Error 412: Precondition Failed,0
D_1NBAA316,412,False,http_error,HTTP Error 412: Precondition Failed,0
D_1NBAA317,200,False,parse_error,Expecting value: line 1 column 1 (char 0),0
D_1NBAA318,412,False,http_error,HTTP Error 412: Precondition Failed,0
D_1NBAA319,412,False,http_error,HTTP Error 412: Precondition Failed,0
D_1NBAA320,412,False,http_error,HTTP Error 412: Precondition Failed,0
D_1NBAA321,412,False,http_error,HTTP Error 412: Precondition Failed,0
D_1NBAA322,412,False,http_error,HTTP Error 412: Precondition Failed,0
D_1NBAA323,412,False,http_error,HTTP Error 412: Precondition Failed,0
D_1NBAA324,412,False,http_error,HTTP Error 412: Precondition Failed,0
D_1NBAA325,412,False,http_error,HTTP Error 412: Precondition Failed,0
D_1NBAA326,412,False,http_error,HTTP Error 412: Precondition Failed,0
D_1NBAA327,412,False,http_error,HTTP Error 412: Precondition Failed,0
D_1NBAA328,412,False,http_error,HTTP Error 412: Precondition Failed,0
D_1NBAA329,412,False,http_error,HTTP Error 412: Precondition Failed,0
D_1NBAA330,412,False,http_error,HTTP Error 412: Precondition Failed,0
D_1NBAA331,412,False,http_error,HTTP Error 412: Precondition Failed,0
D_1NBAA332,412,False,http_error,HTTP Error 412: Precondition Failed,0
D_1NBAA333,412,False,http_error,HTTP Error 412: Precondition Failed,0
D_1NBAA334,412,False,http_error,HTTP Error 412: Precondition Failed,0
D_1NBAA335,412,False,http_error,HTTP Error 412: Precondition Failed,0
D_1NBAA336,412,False,http_error,HTTP Error 412: Precondition Failed,0
D_1NBAA337,412,False,http_error,HTTP Error 412: Precondition Failed,0
D_1NBAA338,412,False,http_error,HTTP Error 412: Precondition Failed,0
D_1NBAA339,412,False,http_error,HTTP Error 412: Precondition Failed,0
D_1NBAA340,412,False,http_error,HTTP Error 412: Precondition Failed,0
D_1NBAA341,412,False,http_error,HTTP Error 412: Precondition Failed,0
D_1NBAA342,412,False,http_error,HTTP Error 412: Precondition Failed,0
D_1NBAA343,412,False,http_error,HTTP Error 412: Precondition Failed,0
D_1NBAA344,412,False,http_error,HTTP Error 412: Precondition Failed,0
D_1NBAA345,412,False,http_error,HTTP Error 412: Precondition Failed,0
D_1NBAA346,412,False,http_error,HTTP Error 412: Precondition Failed,0
D_1NBAA347,412,False,http_error,HTTP Error 412: Precondition Failed,0
D_1NBAA348,412,False,http_error,HTTP Error 412: Precondition Failed,0
D_1NBAA349,412,False,http_error,HTTP Error 412: Precondition Failed,0
D_1NBAA350,412,False,http_error,HTTP Error 412: Precondition Failed,0
D_1NBAA351,412,False,http_error,HTTP Error 412: Precondition Failed,0
D_1NBAA352,412,False,http_error,HTTP Error 412: Precondition Failed,0
D_1NBAA353,412,False,http_error,HTTP Error 412: Precondition Failed,0
D_1NBAA354,412,False,http_error,HTTP Error 412: Precondition Failed,0
D_1NBAA355,412,False,http_error,HTTP Error 412: Precondition Failed,0
D_1NBAA356,412,False,http_error,HTTP Error 412: Precondition Failed,0
D_1NBAA357,412,False,http_error,HTTP Error 412: Precondition Failed,0
D_1NBAA358,412,False,http_error,HTTP Error 412: Precondition Failed,0
D_1NBAA359,412,False,http_error,HTTP Error 412: Precondition Failed,0
D_1NBAA360,412,False,http_error,HTTP Error 412: Precondition Failed,0
D_1NBAA361,412,False,http_error,HTTP Error 412: Precondition Failed,0
D_1NBAA362,412,False,http_error,HTTP Error 412: Precondition Failed,0
D_1NBAA363,412,False,http_error,HTTP Error 412: Precondition Failed,0
D_1NBAA364,412,False,http_error,HTTP Error 412: Precondition Failed,0
D_1NBAA365,412,False,http_error,HTTP Error 412: Precondition Failed,0
D_1NBAA366,412,False,http_error,HTTP Error 412: Precondition Failed,0
D_1NBAA367,412,False,http_error,HTTP Error 412: Precondition Failed,0
D_1NBAA368,412,False,http_error,HTTP Error 412: Precondition Failed,0
D_1NBAA369,412,False,http_error,HTTP Error 412: Precondition Failed,0
D_1NBAA370,412,False,http_error,HTTP Error 412: Precondition Failed,0
D_1NBAA371,412,False,http_error,HTTP Error 412: Precondition Failed,0
D_1NBAA372,200,False,parse_error,Expecting value: line 1 column 1 (char 0),0
D_1NBAA373,412,False,http_error,HTTP Error 412: Precondition Failed,0
D_1NBAA374,412,False,http_error,HTTP Error 412: Precondition Failed,0
D_1NBAA375,412,False,http_error,HTTP Error 412: Precondition Failed,0
D_1NBAA376,412,False,http_error,HTTP Error 412: Precondition Failed,0
D_1NBAA377,412,False,http_error,HTTP Error 412: Precondition Failed,0
D_1NBAA378,412,False,http_error,HTTP Error 412: Precondition Failed,0
D_1NBAA379,412,False,http_error,HTTP Error 412: Precondition Failed,0
D_1NBAA380,412,False,http_error,HTTP Error 412: Precondition Failed,0
D_1NBAA381,412,False,http_error,HTTP Error 412: Precondition Failed,0
D_1NBAA382,412,False,http_error,HTTP Error 412: Precondition Failed,0
D_1NBAA383,412,False,http_error,HTTP Error 412: Precondition Failed,0
D_1NBAA384,412,False,http_error,HTTP Error 412: Precondition Failed,0
D_1NBAA385,412,False,http_error,HTTP Error 412: Precondition Failed,0
D_1NBAA386,412,False,http_error,HTTP Error 412: Precondition Failed,0
D_1NBAA387,412,False,http_error,HTTP Error 412: Precondition Failed,0
D_1NBAA388,412,False,http_error,HTTP Error 412: Precondition Failed,0
D_1NBAA389,412,False,http_error,HTTP Error 412: Precondition Failed,0
D_1NBAA390,412,False,http_error,HTTP Error 412: Precondition Failed,0
D_1NBAA391,412,False,http_error,HTTP Error 412: Precondition Failed,0
D_1NBAA392,412,False,http_error,HTTP Error 412: Precondition Failed,0
D_1NBAA393,412,False,http_error,HTTP Error 412: Precondition Failed,0
D_1NBAA394,412,False,http_error,HTTP Error 412: Precondition Failed,0
D_1NBAA395,412,False,http_error,HTTP Error 412: Precondition Failed,0
D_1NBAA396,412,False,http_error,HTTP Error 412: Precondition Failed,0
D_1NBAA397,412,False,http_error,HTTP Error 412: Precondition Failed,0
D_1NBAA398,412,False,http_error,HTTP Error 412: Precondition Failed,0
D_1NBAA399,412,False,http_error,HTTP Error 412: Precondition Failed,0
D_1NBAA400,412,False,http_error,HTTP Error 412: Precondition Failed,0
D_1NBAA401,412,False,http_error,HTTP Error 412: Precondition Failed,0
D_1NBAA402,412,False,http_error,HTTP Error 412: Precondition Failed,0
D_1NBAA403,412,False,http_error,HTTP Error 412: Precondition Failed,0
D_1NBAA404,412,False,http_error,HTTP Error 412: Precondition Failed,0
D_1NBAA405,412,False,http_error,HTTP Error 412: Precondition Failed,0
D_1NBAA406,412,False,http_error,HTTP Error 412: Precondition Failed,0
D_1NBAA407,412,False,http_error,HTTP Error 412: Precondition Failed,0
D_1NBAA408,412,False,http_error,HTTP Error 412: Precondition Failed,0
D_1NBAA409,412,False,http_error,HTTP Error 412: Precondition Failed,0
D_1NBAA410,412,False,http_error,HTTP Error 412: Precondition Failed,0
D_1NBAA411,412,False,http_error,HTTP Error 412: Precondition Failed,0
D_1NBAA412,412,False,http_error,HTTP Error 412: Precondition Failed,0
D_1NBAA413,412,False,http_error,HTTP Error 412: Precondition Failed,0
D_1NBAA414,412,False,http_error,HTTP Error 412: Precondition Failed,0
D_1NBAA415,412,False,http_error,HTTP Error 412: Precondition Failed,0
D_1NBAA416,412,False,http_error,HTTP Error 412: Precondition Failed,0
D_1NBAA417,412,False,http_error,HTTP Error 412: Precondition Failed,0
D_1NBAA418,412,False,http_error,HTTP Error 412: Precondition Failed,0
D_1NBAA419,412,False,http_error,HTTP Error 412: Precondition Failed,0
D_1NBAA420,412,False,http_error,HTTP Error 412: Precondition Failed,0
D_1NBAA421,412,False,http_error,HTTP Error 412: Precondition Failed,0
D_1NBAA422,412,False,http_error,HTTP Error 412: Precondition Failed,0
D_1NBAA423,412,False,http_error,HTTP Error 412: Precondition Failed,0
D_1NBAA424,412,False,http_error,HTTP Error 412: Precondition Failed,0
D_1NBAA425,412,False,http_error,HTTP Error 412: Precondition Failed,0
D_1NBAA426,412,False,http_error,HTTP Error 412: Precondition Failed,0
D_1NBAA427,412,False,http_error,HTTP Error 412: Precondition Failed,0
D_1NBAA428,412,False,http_error,HTTP Error 412: Precondition Failed,0
D_1NBAA429,412,False,http_error,HTTP Error 412: Precondition Failed,0
D_1NBAA430,412,False,http_error,HTTP Error 412: Precondition Failed,0
D_1NBAA431,412,False,http_error,HTTP Error 412: Precondition Failed,0
D_1NBAA432,412,False,http_error,HTTP Error 412: Precondition Failed,0
D_1NBAA433,412,False,http_error,HTTP Error 412: Precondition Failed,0
D_1NBAA434,412,False,http_error,HTTP Error 412: Precondition Failed,0
D_1NBAA435,412,False,http_error,HTTP Error 412: Precondition Failed,0
D_1NBAA436,412,False,http_error,HTTP Error 412: Precondition Failed,0
D_1NBAA437,412,False,http_error,HTTP Error 412: Precondition Failed,0
D_1NBAA438,412,False,http_error,HTTP Error 412: Precondition Failed,0
D_1NBAA439,412,False,http_error,HTTP Error 412: Precondition Failed,0
D_1NBAA440,412,False,http_error,HTTP Error 412: Precondition Failed,0
D_1NBAA441,412,False,http_error,HTTP Error 412: Precondition Failed,0
D_1NBAA442,412,False,http_error,HTTP Error 412: Precondition Failed,0
D_1NBAA443,412,False,http_error,HTTP Error 412: Precondition Failed,0
D_1NBAA444,412,False,http_error,HTTP Error 412: Precondition Failed,0
D_1NBAA445,412,False,http_error,HTTP Error 412: Precondition Failed,0
D_1NBAA446,412,False,http_error,HTTP Error 412: Precondition Failed,0
D_1NBAA447,412,False,http_error,HTTP Error 412: Precondition Failed,0
D_1NBAA448,412,False,http_error,HTTP Error 412: Precondition Failed,0
D_1NBAA449,412,False,http_error,HTTP Error 412: Precondition Failed,0
D_1NBAA450,412,False,http_error,HTTP Error 412: Precondition Failed,0
D_1NBAA451,412,False,http_error,HTTP Error 412: Precondition Failed,0
D_1NBAA452,412,False,http_error,HTTP Error 412: Precondition Failed,0
D_1NBAA453,412,False,http_error,HTTP Error 412: Precondition Failed,0
D_1NBAA454,412,False,http_error,HTTP Error 412: Precondition Failed,0
D_1NBAA455,412,False,http_error,HTTP Error 412: Precondition Failed,0
D_1NBAA456,412,False,http_error,HTTP Error 412: Precondition Failed,0
D_1NBAA457,412,False,http_error,HTTP Error 412: Precondition Failed,0
D_1NBAA458,412,False,http_error,HTTP Error 412: Precondition Failed,0
D_1NBAA459,412,False,http_error,HTTP Error 412: Precondition Failed,0
D_1NBAA460,412,False,http_error,HTTP Error 412: Precondition Failed,0
D_1NBAA461,412,False,http_error,HTTP Error 412: Precondition Failed,0
D_1NBAA462,412,False,http_error,HTTP Error 412: Precondition Failed,0
D_1NBAA463,412,False,http_error,HTTP Error 412: Precondition Failed,0
D_1NBAA464,412,False,http_error,HTTP Error 412: Precondition Failed,0
D_1NBAA465,412,False,http_error,HTTP Error 412: Precondition Failed,0
D_1NBAA466,412,False,http_error,HTTP Error 412: Precondition Failed,0
D_1NBAA467,412,False,http_error,HTTP Error 412: Precondition Failed,0
D_1NBAA468,412,False,http_error,HTTP Error 412: Precondition Failed,0
D_1NBAA469,412,False,http_error,HTTP Error 412: Precondition Failed,0
D_1NBAA470,412,False,http_error,HTTP Error 412: Precondition Failed,0
D_1NBAA471,412,False,http_error,HTTP Error 412: Precondition Failed,0
D_1NBAA472,412,False,http_error,HTTP Error 412: Precondition Failed,0
D_1NBAA473,412,False,http_error,HTTP Error 412: Precondition Failed,0
D_1NBAA474,412,False,http_error,HTTP Error 412: Precondition Failed,0
D_1NBAA475,412,False,http_error,HTTP Error 412: Precondition Failed,0
D_1NBAA476,412,False,http_error,HTTP Error 412: Precondition Failed,0
D_1NBAA477,412,False,http_error,HTTP Error 412: Precondition Failed,0
D_1NBAA478,412,False,http_error,HTTP Error 412: Precondition Failed,0
D_1NBAA479,412,False,http_error,HTTP Error 412: Precondition Failed,0
D_1NBAA480,412,False,http_error,HTTP Error 412: Precondition Failed,0
D_1NBAA481,412,False,http_error,HTTP Error 412: Precondition Failed,0
D_1NBAA482,412,False,http_error,HTTP Error 412: Precondition Failed,0
D_1NBAA483,412,False,http_error,HTTP Error 412: Precondition Failed,0
D_1NBAA484,412,False,http_error,HTTP Error 412: Precondition Failed,0
D_1NBAA485,412,False,http_error,HTTP Error 412: Precondition Failed,0
D_1NBAA486,412,False,http_error,HTTP Error 412: Precondition Failed,0
D_1NBAA487,412,False,http_error,HTTP Error 412: Precondition Failed,0
D_1NBAA488,412,False,http_error,HTTP Error 412: Precondition Failed,0
D_1NBAA489,412,False,http_error,HTTP Error 412: Precondition Failed,0
D_1NBAA490,412,False,http_error,HTTP Error 412: Precondition Failed,0
D_1NBAA491,412,False,http_error,HTTP Error 412: Precondition Failed,0
D_1NBAA492,412,False,http_error,HTTP Error 412: Precondition Failed,0
D_1NBAA493,412,False,http_error,HTTP Error 412: Precondition Failed,0
D_1NBAA494,412,False,http_error,HTTP Error 412: Precondition Failed,0
D_1NBAA495,412,False,http_error,HTTP Error 412: Precondition Failed,0
D_1NBAA496,412,False,http_error,HTTP Error 412: Precondition Failed,0
D_1NBAA497,412,False,http_error,HTTP Error 412: Precondition Failed,0
D_1NBAA498,412,False,http_error,HTTP Error 412: Precondition Failed,0
D_1NBAA499,412,False,http_error,HTTP Error 412: Precondition Failed,0
D_1NBAA500,412,False,http_error,HTTP Error 412: Precondition Failed,0
D_1NBAA501,412,False,http_error,HTTP Error 412: Precondition Failed,0
D_1NBAA502,412,False,http_error,HTTP Error 412: Precondition Failed,0
D_1NBAA503,412,False,http_error,HTTP Error 412: Precondition Failed,0
D_1NBAA504,412,False,http_error,HTTP Error 412: Precondition Failed,0
D_1NBAA505,412,False,http_error,HTTP Error 412: Precondition Failed,0
D_1NBAA506,412,False,http_error,HTTP Error 412: Precondition Failed,0
D_1NBAA507,412,False,http_error,HTTP Error 412: Precondition Failed,0
D_1NBAA508,412,False,http_error,HTTP Error 412: Precondition Failed,0
D_1NBAA509,412,False,http_error,HTTP Error 412: Precondition Failed,0
D_1NBAA510,412,False,http_error,HTTP Error 412: Precondition Failed,0
D_1NBAA511,412,False,http_error,HTTP Error 412: Precondition Failed,0
D_1NBAA512,412,False,http_error,HTTP Error 412: Precondition Failed,0
D_1NBAA513,412,False,http_error,HTTP Error 412: Precondition Failed,0
D_1NBAA514,412,False,http_error,HTTP Error 412: Precondition Failed,0
D_1NBAA515,412,False,http_error,HTTP Error 412: Precondition Failed,0
D_1NBAA516,412,False,http_error,HTTP Error 412: Precondition Failed,0
D_1NBAA517,412,False,http_error,HTTP Error 412: Precondition Failed,0
D_1NBAA518,412,False,http_error,HTTP Error 412: Precondition Failed,0
D_1NBAA519,412,False,http_error,HTTP Error 412: Precondition Failed,0
D_1NBAA520,412,False,http_error,HTTP Error 412: Precondition Failed,0
D_1NBAA521,412,False,http_error,HTTP Error 412: Precondition Failed,0
D_1NBAA522,412,False,http_error,HTTP Error 412: Precondition Failed,0
D_1NBAA523,412,False,http_error,HTTP Error 412: Precondition Failed,0
D_1NBAA524,412,False,http_error,HTTP Error 412: Precondition Failed,0
D_1NBAA525,412,False,http_error,HTTP Error 412: Precondition Failed,0
D_1NBAA526,412,False,http_error,HTTP Error 412: Precondition Failed,0
D_1NBAA527,412,False,http_error,HTTP Error 412: Precondition Failed,0
D_1NBAA528,412,False,http_error,HTTP Error 412: Precondition Failed,0
D_1NBAA529,412,False,http_error,HTTP Error 412: Precondition Failed,0
D_1NBAA530,412,False,http_error,HTTP Error 412: Precondition Failed,0
D_1NBAA531,412,False,http_error,HTTP Error 412: Precondition Failed,0
D_1NBAA532,412,False,http_error,HTTP Error 412: Precondition Failed,0
D_1NBAA533,412,False,http_error,HTTP Error 412: Precondition Failed,0
D_1NBAA534,412,False,http_error,HTTP Error 412: Precondition Failed,0
D_1NBAA535,412,False,http_error,HTTP Error 412: Precondition Failed,0
D_1NBAA536,412,False,http_error,HTTP Error 412: Precondition Failed,0
D_1NBAA537,412,False,http_error,HTTP Error 412: Precondition Failed,0
D_1NBAA538,412,False,http_error,HTTP Error 412: Precondition Failed,0
D_1NBAA539,412,False,http_error,HTTP Error 412: Precondition Failed,0
D_1NBAA540,412,False,http_error,HTTP Error 412: Precondition Failed,0
D_1NBAA541,412,False,http_error,HTTP Error 412: Precondition Failed,0
D_1NBAA542,412,False,http_error,HTTP Error 412: Precondition Failed,0
D_1NBAA543,412,False,http_error,HTTP Error 412: Precondition Failed,0
D_1NBAA544,412,False,http_error,HTTP Error 412: Precondition Failed,0
D_1NBAA545,412,False,http_error,HTTP Error 412: Precondition Failed,0
D_1NBAA546,412,False,http_error,HTTP Error 412: Precondition Failed,0
D_1NBAA547,412,False,http_error,HTTP Error 412: Precondition Failed,0
D_1NBAA548,412,False,http_error,HTTP Error 412: Precondition Failed,0
D_1NBAA549,412,False,http_error,HTTP Error 412: Precondition Failed,0
D_1NBAA550,412,False,http_error,HTTP Error 412: Precondition Failed,0
D_1NBAA551,412,False,http_error,HTTP Error 412: Precondition Failed,0
D_1NBAA552,412,False,http_error,HTTP Error 412: Precondition Failed,0
D_1NBAA553,412,False,http_error,HTTP Error 412: Precondition Failed,0
D_1NBAA554,412,False,http_error,HTTP Error 412: Precondition Failed,0
D_1NBAA555,412,False,http_error,HTTP Error 412: Precondition Failed,0
D_1NBAA556,412,False,http_error,HTTP Error 412: Precondition Failed,0
D_1NBAA557,412,False,http_error,HTTP Error 412: Precondition Failed,0
D_1NBAA558,412,False,http_error,HTTP Error 412: Precondition Failed,0
D_1NBAA559,412,False,http_error,HTTP Error 412: Precondition Failed,0
D_1NBAA560,412,False,http_error,HTTP Error 412: Precondition Failed,0
D_1NBAA561,412,False,http_error,HTTP Error 412: Precondition Failed,0
D_1NBAA562,412,False,http_error,HTTP Error 412: Precondition Failed,0
D_1NBAA563,412,False,http_error,HTTP Error 412: Precondition Failed,0
D_1NBAA564,412,False,http_error,HTTP Error 412: Precondition Failed,0
D_1NBAA565,412,False,http_error,HTTP Error 412: Precondition Failed,0
D_1NBAA566,412,False,http_error,HTTP Error 412: Precondition Failed,0
D_1NBAA567,412,False,http_error,HTTP Error 412: Precondition Failed,0
D_1NBAA568,412,False,http_error,HTTP Error 412: Precondition Failed,0
D_1NBAA569,412,False,http_error,HTTP Error 412: Precondition Failed,0
D_1NBAA570,412,False,http_error,HTTP Error 412: Precondition Failed,0
D_1NBAA571,412,False,http_error,HTTP Error 412: Precondition Failed,0
D_1NBAA572,200,False,parse_error,Expecting value: line 1 column 1 (char 0),0
D_1NBAA573,412,False,http_error,HTTP Error 412: Precondition Failed,0
D_1NBAA574,412,False,http_error,HTTP Error 412: Precondition Failed,0
D_1NBAA575,412,False,http_error,HTTP Error 412: Precondition Failed,0
D_1NBAA576,412,False,http_error,HTTP Error 412: Precondition Failed,0
D_1NBAA577,412,False,http_error,HTTP Error 412: Precondition Failed,0
D_1NBAA578,412,False,http_error,HTTP Error 412: Precondition Failed,0
D_1NBAA579,412,False,http_error,HTTP Error 412: Precondition Failed,0
D_1NBAA580,412,False,http_error,HTTP Error 412: Precondition Failed,0
D_1NBAA581,412,False,http_error,HTTP Error 412: Precondition Failed,0
D_1NBAA582,412,False,http_error,HTTP Error 412: Precondition Failed,0
D_1NBAA583,412,False,http_error,HTTP Error 412: Precondition Failed,0
D_1NBAA584,412,False,http_error,HTTP Error 412: Precondition Failed,0
D_1NBAA585,412,False,http_error,HTTP Error 412: Precondition Failed,0
D_1NBAA586,412,False,http_error,HTTP Error 412: Precondition Failed,0
D_1NBAA587,412,False,http_error,HTTP Error 412: Precondition Failed,0
D_1NBAA588,412,False,http_error,HTTP Error 412: Precondition Failed,0
D_1NBAA589,412,False,http_error,HTTP Error 412: Precondition Failed,0
D_1NBAA590,412,False,http_error,HTTP Error 412: Precondition Failed,0
D_1NBAA591,412,False,http_error,HTTP Error 412: Precondition Failed,0
D_1NBAA592,412,False,http_error,HTTP Error 412: Precondition Failed,0
D_1NBAA593,412,False,http_error,HTTP Error 412: Precondition Failed,0
D_1NBAA594,412,False,http_error,HTTP Error 412: Precondition Failed,0
D_1NBAA595,412,False,http_error,HTTP Error 412: Precondition Failed,0
D_1NBAA596,412,False,http_error,HTTP Error 412: Precondition Failed,0
D_1NBAA597,412,False,http_error,HTTP Error 412: Precondition Failed,0
D_1NBAA598,412,False,http_error,HTTP Error 412: Precondition Failed,0
D_1NBAA599,412,False,http_error,HTTP Error 412: Precondition Failed,0
D_1NBAA600,412,False,http_error,HTTP Error 412: Precondition Failed,0
D_1NBAA601,412,False,http_error,HTTP Error 412: Precondition Failed,0
D_1NBAA602,412,False,http_error,HTTP Error 412: Precondition Failed,0
D_1NBAA603,412,False,http_error,HTTP Error 412: Precondition Failed,0
D_1NBAA604,412,False,http_error,HTTP Error 412: Precondition Failed,0
D_1NBAA605,412,False,http_error,HTTP Error 412: Precondition Failed,0
D_1NBAA606,412,False,http_error,HTTP Error 412: Precondition Failed,0
D_1NBAA607,412,False,http_error,HTTP Error 412: Precondition Failed,0
D_1NBAA608,412,False,http_error,HTTP Error 412: Precondition Failed,0
D_1NBAA609,412,False,http_error,HTTP Error 412: Precondition Failed,0
D_1NBAA610,412,False,http_error,HTTP Error 412: Precondition Failed,0
D_1NBAA611,412,False,http_error,HTTP Error 412: Precondition Failed,0
D_1NBAA612,412,False,http_error,HTTP Error 412: Precondition Failed,0
D_1NBAA613,412,False,http_error,HTTP Error 412: Precondition Failed,0
D_1NBAA614,412,False,http_error,HTTP Error 412: Precondition Failed,0
D_1NBAA615,412,False,http_error,HTTP Error 412: Precondition Failed,0
D_1NBAA616,412,False,http_error,HTTP Error 412: Precondition Failed,0
D_1NBAA617,412,False,http_error,HTTP Error 412: Precondition Failed,0
D_1NBAA618,412,False,http_error,HTTP Error 412: Precondition Failed,0
D_1NBAA619,412,False,http_error,HTTP Error 412: Precondition Failed,0
D_1NBAA620,412,False,http_error,HTTP Error 412: Precondition Failed,0
D_1NBAA621,412,False,http_error,HTTP Error 412: Precondition Failed,0
D_1NBAA622,412,False,http_error,HTTP Error 412: Precondition Failed,0
D_1NBAA623,412,False,http_error,HTTP Error 412: Precondition Failed,0
D_1NBAA624,412,False,http_error,HTTP Error 412: Precondition Failed,0
D_1NBAA625,412,False,http_error,HTTP Error 412: Precondition Failed,0
D_1NBAA626,412,False,http_error,HTTP Error 412: Precondition Failed,0
D_1NBAA627,412,False,http_error,HTTP Error 412: Precondition Failed,0
D_1NBAA628,412,False,http_error,HTTP Error 412: Precondition Failed,0
D_1NBAA629,412,False,http_error,HTTP Error 412: Precondition Failed,0
D_1NBAA630,412,False,http_error,HTTP Error 412: Precondition Failed,0
D_1NBAA631,412,False,http_error,HTTP Error 412: Precondition Failed,0
D_1NBAA632,412,False,http_error,HTTP Error 412: Precondition Failed,0
D_1NBAA633,412,False,http_error,HTTP Error 412: Precondition Failed,0
D_1NBAA634,412,False,http_error,HTTP Error 412: Precondition Failed,0
D_1NBAA635,412,False,http_error,HTTP Error 412: Precondition Failed,0
D_1NBAA636,412,False,http_error,HTTP Error 412: Precondition Failed,0
D_1NBAA637,412,False,http_error,HTTP Error 412: Precondition Failed,0
D_1NBAA638,412,False,http_error,HTTP Error 412: Precondition Failed,0
D_1NBAA639,412,False,http_error,HTTP Error 412: Precondition Failed,0
D_1NBAA640,412,False,http_error,HTTP Error 412: Precondition Failed,0
D_1NBAA641,412,False,http_error,HTTP Error 412: Precondition Failed,0
D_1NBAA642,412,False,http_error,HTTP Error 412: Precondition Failed,0
D_1NBAA643,412,False,http_error,HTTP Error 412: Precondition Failed,0
D_1NBAA644,412,False,http_error,HTTP Error 412: Precondition Failed,0
D_1NBAA645,412,False,http_error,HTTP Error 412: Precondition Failed,0
D_1NBAA646,412,False,http_error,HTTP Error 412: Precondition Failed,0
D_1NBAA647,412,False,http_error,HTTP Error 412: Precondition Failed,0
D_1NBAA648,412,False,http_error,HTTP Error 412: Precondition Failed,0
D_1NBAA649,412,False,http_error,HTTP Error 412: Precondition Failed,0
D_1NBAA650,412,False,http_error,HTTP Error 412: Precondition Failed,0
D_1NBAA651,412,False,http_error,HTTP Error 412: Precondition Failed,0
D_1NBAA652,412,False,http_error,HTTP Error 412: Precondition Failed,0
D_1NBAA653,412,False,http_error,HTTP Error 412: Precondition Failed,0
D_1NBAA654,412,False,http_error,HTTP Error 412: Precondition Failed,0
D_1NBAA655,412,False,http_error,HTTP Error 412: Precondition Failed,0
D_1NBAA656,412,False,http_error,HTTP Error 412: Precondition Failed,0
D_1NBAA657,412,False,http_error,HTTP Error 412: Precondition Failed,0
D_1NBAA658,412,False,http_error,HTTP Error 412: Precondition Failed,0
D_1NBAA659,412,False,http_error,HTTP Error 412: Precondition Failed,0
D_1NBAA660,412,False,http_error,HTTP Error 412: Precondition Failed,0
D_1NBAA661,412,False,http_error,HTTP Error 412: Precondition Failed,0
D_1NBAA662,412,False,http_error,HTTP Error 412: Precondition Failed,0
D_1NBAA663,412,False,http_error,HTTP Error 412: Precondition Failed,0
D_1NBAA664,412,False,http_error,HTTP Error 412: Precondition Failed,0
D_1NBAA665,412,False,http_error,HTTP Error 412: Precondition Failed,0
D_1NBAA666,412,False,http_error,HTTP Error 412: Precondition Failed,0
D_1NBAA667,412,False,http_error,HTTP Error 412: Precondition Failed,0
D_1NBAA668,412,False,http_error,HTTP Error 412: Precondition Failed,0
D_1NBAA669,412,False,http_error,HTTP Error 412: Precondition Failed,0
D_1NBAA670,412,False,http_error,HTTP Error 412: Precondition Failed,0
D_1NBAA671,412,False,http_error,HTTP Error 412: Precondition Failed,0
D_1NBAA672,412,False,http_error,HTTP Error 412: Precondition Failed,0
D_1NBAA673,412,False,http_error,HTTP Error 412: Precondition Failed,0
D_1NBAA674,412,False,http_error,HTTP Error 412: Precondition Failed,0
D_1NBAA675,412,False,http_error,HTTP Error 412: Precondition Failed,0
D_1NBAA676,412,False,http_error,HTTP Error 412: Precondition Failed,0
D_1NBAA677,412,False,http_error,HTTP Error 412: Precondition Failed,0
D_1NBAA678,412,False,http_error,HTTP Error 412: Precondition Failed,0
D_1NBAA679,412,False,http_error,HTTP Error 412: Precondition Failed,0
D_1NBAA680,412,False,http_error,HTTP Error 412: Precondition Failed,0
D_1NBAA681,412,False,http_error,HTTP Error 412: Precondition Failed,0
D_1NBAA682,412,False,http_error,HTTP Error 412: Precondition Failed,0
D_1NBAA683,412,False,http_error,HTTP Error 412: Precondition Failed,0
D_1NBAA684,412,False,http_error,HTTP Error 412: Precondition Failed,0
D_1NBAA685,412,False,http_error,HTTP Error 412: Precondition Failed,0
D_1NBAA686,412,False,http_error,HTTP Error 412: Precondition Failed,0
D_1NBAA687,412,False,http_error,HTTP Error 412: Precondition Failed,0
D_1NBAA688,412,False,http_error,HTTP Error 412: Precondition Failed,0
D_1NBAA689,412,False,http_error,HTTP Error 412: Precondition Failed,0
D_1NBAA690,412,False,http_error,HTTP Error 412: Precondition Failed,0
D_1NBAA691,412,False,http_error,HTTP Error 412: Precondition Failed,0
D_1NBAA692,412,False,http_error,HTTP Error 412: Precondition Failed,0
D_1NBAA693,412,False,http_error,HTTP Error 412: Precondition Failed,0
D_1NBAA694,412,False,http_error,HTTP Error 412: Precondition Failed,0
D_1NBAA695,412,False,http_error,HTTP Error 412: Precondition Failed,0
D_1NBAA696,412,False,http_error,HTTP Error 412: Precondition Failed,0
D_1NBAA697,412,False,http_error,HTTP Error 412: Precondition Failed,0
D_1NBAA698,412,False,http_error,HTTP Error 412: Precondition Failed,0
D_1NBAA699,412,False,http_error,HTTP Error 412: Precondition Failed,0
D_1NBAA700,412,False,http_error,HTTP Error 412: Precondition Failed,0
D_1NBAA701,412,False,http_error,HTTP Error 412: Precondition Failed,0
D_1NBAA702,412,False,http_error,HTTP Error 412: Precondition Failed,0
D_1NBAA703,412,False,http_error,HTTP Error 412: Precondition Failed,0
D_1NBAA704,412,False,http_error,HTTP Error 412: Precondition Failed,0
D_1NBAA705,412,False,http_error,HTTP Error 412: Precondition Failed,0
D_1NBAA706,412,False,http_error,HTTP Error 412: Precondition Failed,0
D_1NBAA707,412,False,http_error,HTTP Error 412: Precondition Failed,0
D_1NBAA708,412,False,http_error,HTTP Error 412: Precondition Failed,0
D_1NBAA709,412,False,http_error,HTTP Error 412: Precondition Failed,0
D_1NBAA710,412,False,http_error,HTTP Error 412: Precondition Failed,0
D_1NBAA711,412,False,http_error,HTTP Error 412: Precondition Failed,0
D_1NBAA712,412,False,http_error,HTTP Error 412: Precondition Failed,0
D_1NBAA713,412,False,http_error,HTTP Error 412: Precondition Failed,0
D_1NBAA714,412,False,http_error,HTTP Error 412: Precondition Failed,0
D_1NBAA715,412,False,http_error,HTTP Error 412: Precondition Failed,0
D_1NBAA716,412,False,http_error,HTTP Error 412: Precondition Failed,0
D_1NBAA717,412,False,http_error,HTTP Error 412: Precondition Failed,0
D_1NBAA718,412,False,http_error,HTTP Error 412: Precondition Failed,0
D_1NBAA719,412,False,http_error,HTTP Error 412: Precondition Failed,0
D_1NBAA720,412,False,http_error,HTTP Error 412: Precondition Failed,0
D_1NBAA721,412,False,http_error,HTTP Error 412: Precondition Failed,0
D_1NBAA722,412,False,http_error,HTTP Error 412: Precondition Failed,0
D_1NBAA723,412,False,http_error,HTTP Error 412: Precondition Failed,0
D_1NBAA724,412,False,http_error,HTTP Error 412: Precondition Failed,0
D_1NBAA725,412,False,http_error,HTTP Error 412: Precondition Failed,0
D_1NBAA726,412,False,http_error,HTTP Error 412: Precondition Failed,0
D_1NBAA727,412,False,http_error,HTTP Error 412: Precondition Failed,0
D_1NBAA728,412,False,http_error,HTTP Error 412: Precondition Failed,0
D_1NBAA729,412,False,http_error,HTTP Error 412: Precondition Failed,0
D_1NBAA730,412,False,http_error,HTTP Error 412: Precondition Failed,0
D_1NBAA731,412,False,http_error,HTTP Error 412: Precondition Failed,0
D_1NBAA732,412,False,http_error,HTTP Error 412: Precondition Failed,0
D_1NBAA733,412,False,http_error,HTTP Error 412: Precondition Failed,0
D_1NBAA734,412,False,http_error,HTTP Error 412: Precondition Failed,0
D_1NBAA735,412,False,http_error,HTTP Error 412: Precondition Failed,0
D_1NBAA736,412,False,http_error,HTTP Error 412: Precondition Failed,0
D_1NBAA737,412,False,http_error,HTTP Error 412: Precondition Failed,0
D_1NBAA738,412,False,http_error,HTTP Error 412: Precondition Failed,0
D_1NBAA739,412,False,http_error,HTTP Error 412: Precondition Failed,0
D_1NBAA740,412,False,http_error,HTTP Error 412: Precondition Failed,0
D_1NBAA741,412,False,http_error,HTTP Error 412: Precondition Failed,0
D_1NBAA742,412,False,http_error,HTTP Error 412: Precondition Failed,0
D_1NBAA743,412,False,http_error,HTTP Error 412: Precondition Failed,0
D_1NBAA744,412,False,http_error,HTTP Error 412: Precondition Failed,0
D_1NBAA745,412,False,http_error,HTTP Error 412: Precondition Failed,0
D_1NBAA746,412,False,http_error,HTTP Error 412: Precondition Failed,0
D_1NBAA747,412,False,http_error,HTTP Error 412: Precondition Failed,0
D_1NBAA748,412,False,http_error,HTTP Error 412: Precondition Failed,0
D_1NBAA749,412,False,http_error,HTTP Error 412: Precondition Failed,0
D_1NBAA750,412,False,http_error,HTTP Error 412: Precondition Failed,0
D_1NBAA751,412,False,http_error,HTTP Error 412: Precondition Failed,0
D_1NBAA752,412,False,http_error,HTTP Error 412: Precondition Failed,0
D_1NBAA753,412,False,http_error,HTTP Error 412: Precondition Failed,0
D_1NBAA754,412,False,http_error,HTTP Error 412: Precondition Failed,0
D_1NBAA755,412,False,http_error,HTTP Error 412: Precondition Failed,0
D_1NBAA756,412,False,http_error,HTTP Error 412: Precondition Failed,0
D_1NBAA757,412,False,http_error,HTTP Error 412: Precondition Failed,0
D_1NBAA758,412,False,http_error,HTTP Error 412: Precondition Failed,0
D_1NBAA759,412,False,http_error,HTTP Error 412: Precondition Failed,0
D_1NBAA760,412,False,http_error,HTTP Error 412: Precondition Failed,0
D_1NBAA761,412,False,http_error,HTTP Error 412: Precondition Failed,0
D_1NBAA762,412,False,http_error,HTTP Error 412: Precondition Failed,0
D_1NBAA763,412,False,http_error,HTTP Error 412: Precondition Failed,0
D_1NBAA764,412,False,http_error,HTTP Error 412: Precondition Failed,0
D_1NBAA765,412,False,http_error,HTTP Error 412: Precondition Failed,0
D_1NBAA766,412,False,http_error,HTTP Error 412: Precondition Failed,0
D_1NBAA767,412,False,http_error,HTTP Error 412: Precondition Failed,0
D_1NBAA768,412,False,http_error,HTTP Error 412: Precondition Failed,0
D_1NBAA769,412,False,http_error,HTTP Error 412: Precondition Failed,0
D_1NBAA770,412,False,http_error,HTTP Error 412: Precondition Failed,0
D_1NBAA771,412,False,http_error,HTTP Error 412: Precondition Failed,0
D_1NBAA772,412,False,http_error,HTTP Error 412: Precondition Failed,0
D_1NBAA773,412,False,http_error,HTTP Error 412: Precondition Failed,0
D_1NBAA774,412,False,http_error,HTTP Error 412: Precondition Failed,0
D_1NBAA775,412,False,http_error,HTTP Error 412: Precondition Failed,0
D_1NBAA776,412,False,http_error,HTTP Error 412: Precondition Failed,0
D_1NBAA777,412,False,http_error,HTTP Error 412: Precondition Failed,0
D_1NBAA778,412,False,http_error,HTTP Error 412: Precondition Failed,0
D_1NBAA779,412,False,http_error,HTTP Error 412: Precondition Failed,0
D_1NBAA780,412,False,http_error,HTTP Error 412: Precondition Failed,0
D_1NBAA781,412,False,http_error,HTTP Error 412: Precondition Failed,0
D_1NBAA782,412,False,http_error,HTTP Error 412: Precondition Failed,0
D_1NBAA783,412,False,http_error,HTTP Error 412: Precondition Failed,0
D_1NBAA784,412,False,http_error,HTTP Error 412: Precondition Failed,0
D_1NBAA785,412,False,http_error,HTTP Error 412: Precondition Failed,0
D_1NBAA786,412,False,http_error,HTTP Error 412: Precondition Failed,0
D_1NBAA787,412,False,http_error,HTTP Error 412: Precondition Failed,0
D_1NBAA788,412,False,http_error,HTTP Error 412: Precondition Failed,0
D_1NBAA789,412,False,http_error,HTTP Error 412: Precondition Failed,0
D_1NBAA790,412,False,http_error,HTTP Error 412: Precondition Failed,0
D_1NBAA791,412,False,http_error,HTTP Error 412: Precondition Failed,0
D_1NBAA792,412,False,http_error,HTTP Error 412: Precondition Failed,0
D_1NBAA793,412,False,http_error,HTTP Error 412: Precondition Failed,0
D_1NBAA794,412,False,http_error,HTTP Error 412: Precondition Failed,0
D_1NBAA795,412,False,http_error,HTTP Error 412: Precondition Failed,0
D_1NBAA796,412,False,http_error,HTTP Error 412: Precondition Failed,0
D_1NBAA797,412,False,http_error,HTTP Error 412: Precondition Failed,0
D_1NBAA798,412,False,http_error,HTTP Error 412: Precondition Failed,0
D_1NBAA799,412,False,http_error,HTTP Error 412: Precondition Failed,0
D_1NBAA800,412,False,http_error,HTTP Error 412: Precondition Failed,0
D_1NBAA801,412,False,http_error,HTTP Error 412: Precondition Failed,0
D_1NBAA802,412,False,http_error,HTTP Error 412: Precondition Failed,0
D_1NBAA803,412,False,http_error,HTTP Error 412: Precondition Failed,0
D_1NBAA804,412,False,http_error,HTTP Error 412: Precondition Failed,0
D_1NBAA805,412,False,http_error,HTTP Error 412: Precondition Failed,0
D_1NBAA806,412,False,http_error,HTTP Error 412: Precondition Failed,0
D_1NBAA807,412,False,http_error,HTTP Error 412: Precondition Failed,0
D_1NBAA808,412,False,http_error,HTTP Error 412: Precondition Failed,0
D_1NBAA809,412,False,http_error,HTTP Error 412: Precondition Failed,0
D_1NBAA810,412,False,http_error,HTTP Error 412: Precondition Failed,0
D_1NBAA811,412,False,http_error,HTTP Error 412: Precondition Failed,0
D_1NBAA812,412,False,http_error,HTTP Error 412: Precondition Failed,0
D_1NBAA813,412,False,http_error,HTTP Error 412: Precondition Failed,0
D_1NBAA814,412,False,http_error,HTTP Error 412: Precondition Failed,0
D_1NBAA815,412,False,http_error,HTTP Error 412: Precondition Failed,0
D_1NBAA816,412,False,http_error,HTTP Error 412: Precondition Failed,0
D_1NBAA817,412,False,http_error,HTTP Error 412: Precondition Failed,0
D_1NBAA818,412,False,http_error,HTTP Error 412: Precondition Failed,0
D_1NBAA819,412,False,http_error,HTTP Error 412: Precondition Failed,0
D_1NBAA820,412,False,http_error,HTTP Error 412: Precondition Failed,0
D_1NBAA821,412,False,http_error,HTTP Error 412: Precondition Failed,0
D_1NBAA822,412,False,http_error,HTTP Error 412: Precondition Failed,0
D_1NBAA823,412,False,http_error,HTTP Error 412: Precondition Failed,0
D_1NBAA824,412,False,http_error,HTTP Error 412: Precondition Failed,0
D_1NBAA825,412,False,http_error,HTTP Error 412: Precondition Failed,0
D_1NBAA826,412,False,http_error,HTTP Error 412: Precondition Failed,0
D_1NBAA827,412,False,http_error,HTTP Error 412: Precondition Failed,0
D_1NBAA828,412,False,http_error,HTTP Error 412: Precondition Failed,0
D_1NBAA829,412,False,http_error,HTTP Error 412: Precondition Failed,0
D_1NBAA830,412,False,http_error,HTTP Error 412: Precondition Failed,0
D_1NBAA831,412,False,http_error,HTTP Error 412: Precondition Failed,0
D_1NBAA832,412,False,http_error,HTTP Error 412: Precondition Failed,0
D_1NBAA833,412,False,http_error,HTTP Error 412: Precondition Failed,0
D_1NBAA834,412,False,http_error,HTTP Error 412: Precondition Failed,0
D_1NBAA835,412,False,http_error,HTTP Error 412: Precondition Failed,0
D_1NBAA836,412,False,http_error,HTTP Error 412: Precondition Failed,0
D_1NBAA837,412,False,http_error,HTTP Error 412: Precondition Failed,0
D_1NBAA838,412,False,http_error,HTTP Error 412: Precondition Failed,0
D_1NBAA839,412,False,http_error,HTTP Error 412: Precondition Failed,0
D_1NBAA840,412,False,http_error,HTTP Error 412: Precondition Failed,0
D_1NBAA841,412,False,http_error,HTTP Error 412: Precondition Failed,0
D_1NBAA842,412,False,http_error,HTTP Error 412: Precondition Failed,0
D_1NBAA843,412,False,http_error,HTTP Error 412: Precondition Failed,0
D_1NBAA844,412,False,http_error,HTTP Error 412: Precondition Failed,0
D_1NBAA845,412,False,http_error,HTTP Error 412: Precondition Failed,0
D_1NBAA846,412,False,http_error,HTTP Error 412: Precondition Failed,0
D_1NBAA847,412,False,http_error,HTTP Error 412: Precondition Failed,0
D_1NBAA848,412,False,http_error,HTTP Error 412: Precondition Failed,0
D_1NBAA849,412,False,http_error,HTTP Error 412: Precondition Failed,0
D_1NBAA850,412,False,http_error,HTTP Error 412: Precondition Failed,0
D_1NBAA851,412,False,http_error,HTTP Error 412: Precondition Failed,0
D_1NBAA852,412,False,http_error,HTTP Error 412: Precondition Failed,0
D_1NBAA853,412,False,http_error,HTTP Error 412: Precondition Failed,0
D_1NBAA854,412,False,http_error,HTTP Error 412: Precondition Failed,0
D_1NBAA855,412,False,http_error,HTTP Error 412: Precondition Failed,0
D_1NBAA856,412,False,http_error,HTTP Error 412: Precondition Failed,0
D_1NBAA857,412,False,http_error,HTTP Error 412: Precondition Failed,0
D_1NBAA858,412,False,http_error,HTTP Error 412: Precondition Failed,0
D_1NBAA859,412,False,http_error,HTTP Error 412: Precondition Failed,0
D_1NBAA860,412,False,http_error,HTTP Error 412: Precondition Failed,0
D_1NBAA861,412,False,http_error,HTTP Error 412: Precondition Failed,0
D_1NBAA862,412,False,http_error,HTTP Error 412: Precondition Failed,0
D_1NBAA863,412,False,http_error,HTTP Error 412: Precondition Failed,0
D_1NBAA864,412,False,http_error,HTTP Error 412: Precondition Failed,0
D_1NBAA865,412,False,http_error,HTTP Error 412: Precondition Failed,0
D_1NBAA866,412,False,http_error,HTTP Error 412: Precondition Failed,0
D_1NBAA867,412,False,http_error,HTTP Error 412: Precondition Failed,0
D_1NBAA868,412,False,http_error,HTTP Error 412: Precondition Failed,0
D_1NBAA869,412,False,http_error,HTTP Error 412: Precondition Failed,0
D_1NBAA870,412,False,http_error,HTTP Error 412: Precondition Failed,0
D_1NBAA871,412,False,http_error,HTTP Error 412: Precondition Failed,0
D_1NBAA872,412,False,http_error,HTTP Error 412: Precondition Failed,0
D_1NBAA873,412,False,http_error,HTTP Error 412: Precondition Failed,0
D_1NBAA874,412,False,http_error,HTTP Error 412: Precondition Failed,0
D_1NBAA875,412,False,http_error,HTTP Error 412: Precondition Failed,0
D_1NBAA876,412,False,http_error,HTTP Error 412: Precondition Failed,0
D_1NBAA877,412,False,http_error,HTTP Error 412: Precondition Failed,0
D_1NBAA878,412,False,http_error,HTTP Error 412: Precondition Failed,0
D_1NBAA879,412,False,http_error,HTTP Error 412: Precondition Failed,0
D_1NBAA880,412,False,http_error,HTTP Error 412: Precondition Failed,0
D_1NBAA881,412,False,http_error,HTTP Error 412: Precondition Failed,0
D_1NBAA882,412,False,http_error,HTTP Error 412: Precondition Failed,0
D_1NBAA883,412,False,http_error,HTTP Error 412: Precondition Failed,0
D_1NBAA884,412,False,http_error,HTTP Error 412: Precondition Failed,0
D_1NBAA885,412,False,http_error,HTTP Error 412: Precondition Failed,0
D_1NBAA886,412,False,http_error,HTTP Error 412: Precondition Failed,0
D_1NBAA887,412,False,http_error,HTTP Error 412: Precondition Failed,0
D_1NBAA888,412,False,http_error,HTTP Error 412: Precondition Failed,0
D_1NBAA889,412,False,http_error,HTTP Error 412: Precondition Failed,0
D_1NBAA890,412,False,http_error,HTTP Error 412: Precondition Failed,0
D_1NBAA891,412,False,http_error,HTTP Error 412: Precondition Failed,0
D_1NBAA892,412,False,http_error,HTTP Error 412: Precondition Failed,0
D_1NBAA893,412,False,http_error,HTTP Error 412: Precondition Failed,0
D_1NBAA894,412,False,http_error,HTTP Error 412: Precondition Failed,0
D_1NBAA895,412,False,http_error,HTTP Error 412: Precondition Failed,0
D_1NBAA896,412,False,http_error,HTTP Error 412: Precondition Failed,0
D_1NBAA897,412,False,http_error,HTTP Error 412: Precondition Failed,0
D_1NBAA898,412,False,http_error,HTTP Error 412: Precondition Failed,0
D_1NBAA899,412,False,http_error,HTTP Error 412: Precondition Failed,0
D_1NBAA900,412,False,http_error,HTTP Error 412: Precondition Failed,0
D_1NBAA901,412,False,http_error,HTTP Error 412: Precondition Failed,0
D_1NBAA902,412,False,http_error,HTTP Error 412: Precondition Failed,0
D_1NBAA903,412,False,http_error,HTTP Error 412: Precondition Failed,0
D_1NBAA904,412,False,http_error,HTTP Error 412: Precondition Failed,0
D_1NBAA905,412,False,http_error,HTTP Error 412: Precondition Failed,0
D_1NBAA906,412,False,http_error,HTTP Error 412: Precondition Failed,0
D_1NBAA907,412,False,http_error,HTTP Error 412: Precondition Failed,0
D_1NBAA908,412,False,http_error,HTTP Error 412: Precondition Failed,0
D_1NBAA909,412,False,http_error,HTTP Error 412: Precondition Failed,0
D_1NBAA910,412,False,http_error,HTTP Error 412: Precondition Failed,0
D_1NBAA911,412,False,http_error,HTTP Error 412: Precondition Failed,0
D_1NBAA912,412,False,http_error,HTTP Error 412: Precondition Failed,0
D_1NBAA913,412,False,http_error,HTTP Error 412: Precondition Failed,0
D_1NBAA914,412,False,http_error,HTTP Error 412: Precondition Failed,0
D_1NBAA915,412,False,http_error,HTTP Error 412: Precondition Failed,0
D_1NBAA916,412,False,http_error,HTTP Error 412: Precondition Failed,0
D_1NBAA917,412,False,http_error,HTTP Error 412: Precondition Failed,0
D_1NBAA918,412,False,http_error,HTTP Error 412: Precondition Failed,0
D_1NBAA919,412,False,http_error,HTTP Error 412: Precondition Failed,0
D_1NBAA920,412,False,http_error,HTTP Error 412: Precondition Failed,0
D_1NBAA921,412,False,http_error,HTTP Error 412: Precondition Failed,0
D_1NBAA922,412,False,http_error,HTTP Error 412: Precondition Failed,0
D_1NBAA923,412,False,http_error,HTTP Error 412: Precondition Failed,0
D_1NBAA924,412,False,http_error,HTTP Error 412: Precondition Failed,0
D_1NBAA925,412,False,http_error,HTTP Error 412: Precondition Failed,0
D_1NBAA926,412,False,http_error,HTTP Error 412: Precondition Failed,0
D_1NBAA927,412,False,http_error,HTTP Error 412: Precondition Failed,0
D_1NBAA928,412,False,http_error,HTTP Error 412: Precondition Failed,0
D_1NBAA929,412,False,http_error,HTTP Error 412: Precondition Failed,0
D_1NBAA930,412,False,http_error,HTTP Error 412: Precondition Failed,0
D_1NBAA931,412,False,http_error,HTTP Error 412: Precondition Failed,0
D_1NBAA932,412,False,http_error,HTTP Error 412: Precondition Failed,0
D_1NBAA933,412,False,http_error,HTTP Error 412: Precondition Failed,0
D_1NBAA934,412,False,http_error,HTTP Error 412: Precondition Failed,0
D_1NBAA935,412,False,http_error,HTTP Error 412: Precondition Failed,0
D_1NBAA936,412,False,http_error,HTTP Error 412: Precondition Failed,0
D_1NBAA937,412,False,http_error,HTTP Error 412: Precondition Failed,0
D_1NBAA938,412,False,http_error,HTTP Error 412: Precondition Failed,0
D_1NBAA939,412,False,http_error,HTTP Error 412: Precondition Failed,0
D_1NBAA940,412,False,http_error,HTTP Error 412: Precondition Failed,0
D_1NBAA941,412,False,http_error,HTTP Error 412: Precondition Failed,0
D_1NBAA942,412,False,http_error,HTTP Error 412: Precondition Failed,0
D_1NBAA943,412,False,http_error,HTTP Error 412: Precondition Failed,0
D_1NBAA944,412,False,http_error,HTTP Error 412: Precondition Failed,0
D_1NBAA945,412,False,http_error,HTTP Error 412: Precondition Failed,0
D_1NBAA946,412,False,http_error,HTTP Error 412: Precondition Failed,0
D_1NBAA947,412,False,http_error,HTTP Error 412: Precondition Failed,0
D_1NBAA948,412,False,http_error,HTTP Error 412: Precondition Failed,0
D_1NBAA949,412,False,http_error,HTTP Error 412: Precondition Failed,0
D_1NBAA950,412,False,http_error,HTTP Error 412: Precondition Failed,0
D_1NBAA951,412,False,http_error,HTTP Error 412: Precondition Failed,0
D_1NBAA952,412,False,http_error,HTTP Error 412: Precondition Failed,0
D_1NBAA953,412,False,http_error,HTTP Error 412: Precondition Failed,0
D_1NBAA954,412,False,http_error,HTTP Error 412: Precondition Failed,0
D_1NBAA955,412,False,http_error,HTTP Error 412: Precondition Failed,0
D_1NBAA956,412,False,http_error,HTTP Error 412: Precondition Failed,0
D_1NBAA957,412,False,http_error,HTTP Error 412: Precondition Failed,0
D_1NBAA958,412,False,http_error,HTTP Error 412: Precondition Failed,0
D_1NBAA959,412,False,http_error,HTTP Error 412: Precondition Failed,0
D_1NBAA960,412,False,http_error,HTTP Error 412: Precondition Failed,0
D_1NBAA961,412,False,http_error,HTTP Error 412: Precondition Failed,0
D_1NBAA962,412,False,http_error,HTTP Error 412: Precondition Failed,0
D_1NBAA963,412,False,http_error,HTTP Error 412: Precondition Failed,0
D_1NBAA964,412,False,http_error,HTTP Error 412: Precondition Failed,0
D_1NBAA965,412,False,http_error,HTTP Error 412: Precondition Failed,0
D_1NBAA966,412,False,http_error,HTTP Error 412: Precondition Failed,0
D_1NBAA967,412,False,http_error,HTTP Error 412: Precondition Failed,0
D_1NBAA968,412,False,http_error,HTTP Error 412: Precondition Failed,0
D_1NBAA969,412,False,http_error,HTTP Error 412: Precondition Failed,0
D_1NBAA970,412,False,http_error,HTTP Error 412: Precondition Failed,0
D_1NBAA971,412,False,http_error,HTTP Error 412: Precondition Failed,0
D_1NBAA972,412,False,http_error,HTTP Error 412: Precondition Failed,0
D_1NBAA973,412,False,http_error,HTTP Error 412: Precondition Failed,0
D_1NBAA974,412,False,http_error,HTTP Error 412: Precondition Failed,0
D_1NBAA975,412,False,http_error,HTTP Error 412: Precondition Failed,0
D_1NBAA976,412,False,http_error,HTTP Error 412: Precondition Failed,0
D_1NBAA977,412,False,http_error,HTTP Error 412: Precondition Failed,0
D_1NBAA978,412,False,http_error,HTTP Error 412: Precondition Failed,0
D_1NBAA979,412,False,http_error,HTTP Error 412: Precondition Failed,0
D_1NBAA980,412,False,http_error,HTTP Error 412: Precondition Failed,0
D_1NBAA981,412,False,http_error,HTTP Error 412: Precondition Failed,0
D_1NBAA982,412,False,http_error,HTTP Error 412: Precondition Failed,0
D_1NBAA983,412,False,http_error,HTTP Error 412: Precondition Failed,0
D_1NBAA984,412,False,http_error,HTTP Error 412: Precondition Failed,0
D_1NBAA985,412,False,http_error,HTTP Error 412: Precondition Failed,0
D_1NBAA986,412,False,http_error,HTTP Error 412: Precondition Failed,0
D_1NBAA987,412,False,http_error,HTTP Error 412: Precondition Failed,0
D_1NBAA988,412,False,http_error,HTTP Error 412: Precondition Failed,0
D_1NBAA989,412,False,http_error,HTTP Error 412: Precondition Failed,0
D_1NBAA990,412,False,http_error,HTTP Error 412: Precondition Failed,0
D_1NBAA991,412,False,http_error,HTTP Error 412: Precondition Failed,0
D_1NBAA992,412,False,http_error,HTTP Error 412: Precondition Failed,0
D_1NBAA993,412,False,http_error,HTTP Error 412: Precondition Failed,0
D_1NBAA994,412,False,http_error,HTTP Error 412: Precondition Failed,0
D_1NBAA995,412,False,http_error,HTTP Error 412: Precondition Failed,0
D_1NBAA996,412,False,http_error,HTTP Error 412: Precondition Failed,0
D_1NBAA997,412,False,http_error,HTTP Error 412: Precondition Failed,0
D_1NBAA998,412,False,http_error,HTTP Error 412: Precondition Failed,0
D_1NBAA999,412,False,http_error,HTTP Error 412: Precondition Failed,0
D_1NBAC000,412,False,http_error,HTTP Error 412: Precondition Failed,0
D_1NBAC001,412,False,http_error,HTTP Error 412: Precondition Failed,0
D_1NBAC002,412,False,http_error,HTTP Error 412: Precondition Failed,0
D_1NBAC003,412,False,http_error,HTTP Error 412: Precondition Failed,0
D_1NBAC004,412,False,http_error,HTTP Error 412: Precondition Failed,0
D_1NBAC005,412,False,http_error,HTTP Error 412: Precondition Failed,0
D_1NBAC006,412,False,http_error,HTTP Error 412: Precondition Failed,0
D_1NBAC007,412,False,http_error,HTTP Error 412: Precondition Failed,0
D_1NBAC008,412,False,http_error,HTTP Error 412: Precondition Failed,0
D_1NBAC009,412,False,http_error,HTTP Error 412: Precondition Failed,0
D_1NBAC010,412,False,http_error,HTTP Error 412: Precondition Failed,0
D_1NBAC011,412,False,http_error,HTTP Error 412: Precondition Failed,0
D_1NBAC012,412,False,http_error,HTTP Error 412: Precondition Failed,0
D_1NBAC013,412,False,http_error,HTTP Error 412: Precondition Failed,0
D_1NBAC014,412,False,http_error,HTTP Error 412: Precondition Failed,0
D_1NBAC015,412,False,http_error,HTTP Error 412: Precondition Failed,0
D_1NBAC016,412,False,http_error,HTTP Error 412: Precondition Failed,0
D_1NBAC017,412,False,http_error,HTTP Error 412: Precondition Failed,0
D_1NBAC018,412,False,http_error,HTTP Error 412: Precondition Failed,0
D_1NBAC019,412,False,http_error,HTTP Error 412: Precondition Failed,0
D_1NBAC020,412,False,http_error,HTTP Error 412: Precondition Failed,0
D_1NBAC021,412,False,http_error,HTTP Error 412: Precondition Failed,0
D_1NBAC022,412,False,http_error,HTTP Error 412: Precondition Failed,0
D_1NBAC023,412,False,http_error,HTTP Error 412: Precondition Failed,0
D_1NBAC024,412,False,http_error,HTTP Error 412: Precondition Failed,0
D_1NBAC025,412,False,http_error,HTTP Error 412: Precondition Failed,0
D_1NBAC026,412,False,http_error,HTTP Error 412: Precondition Failed,0
D_1NBAC027,412,False,http_error,HTTP Error 412: Precondition Failed,0
D_1NBAC028,412,False,http_error,HTTP Error 412: Precondition Failed,0
D_1NBAC029,412,False,http_error,HTTP Error 412: Precondition Failed,0
D_1NBAC030,412,False,http_error,HTTP Error 412: Precondition Failed,0
D_1NBAC031,412,False,http_error,HTTP Error 412: Precondition Failed,0
D_1NBAC032,412,False,http_error,HTTP Error 412: Precondition Failed,0
D_1NBAC033,412,False,http_error,HTTP Error 412: Precondition Failed,0
D_1NBAC034,412,False,http_error,HTTP Error 412: Precondition Failed,0
D_1NBAC035,412,False,http_error,HTTP Error 412: Precondition Failed,0
D_1NBAC036,412,False,http_error,HTTP Error 412: Precondition Failed,0
D_1NBAC037,412,False,http_error,HTTP Error 412: Precondition Failed,0
D_1NBAC038,412,False,http_error,HTTP Error 412: Precondition Failed,0
D_1NBAC039,412,False,http_error,HTTP Error 412: Precondition Failed,0
D_1NBAC040,412,False,http_error,HTTP Error 412: Precondition Failed,0
D_1NBAC041,412,False,http_error,HTTP Error 412: Precondition Failed,0
D_1NBAC042,412,False,http_error,HTTP Error 412: Precondition Failed,0
D_1NBAC043,412,False,http_error,HTTP Error 412: Precondition Failed,0
D_1NBAC044,412,False,http_error,HTTP Error 412: Precondition Failed,0
D_1NBAC045,412,False,http_error,HTTP Error 412: Precondition Failed,0
D_1NBAC046,412,False,http_error,HTTP Error 412: Precondition Failed,0
D_1NBAC047,412,False,http_error,HTTP Error 412: Precondition Failed,0
D_1NBAC048,412,False,http_error,HTTP Error 412: Precondition Failed,0
D_1NBAC049,412,False,http_error,HTTP Error 412: Precondition Failed,0
D_1NBAC050,412,False,http_error,HTTP Error 412: Precondition Failed,0
D_1NBAC051,412,False,http_error,HTTP Error 412: Precondition Failed,0
D_1NBAC052,412,False,http_error,HTTP Error 412: Precondition Failed,0
D_1NBAC053,412,False,http_error,HTTP Error 412: Precondition Failed,0
D_1NBAC054,412,False,http_error,HTTP Error 412: Precondition Failed,0
D_1NBAC055,412,False,http_error,HTTP Error 412: Precondition Failed,0
D_1NBAC056,412,False,http_error,HTTP Error 412: Precondition Failed,0
D_1NBAC057,412,False,http_error,HTTP Error 412: Precondition Failed,0
D_1NBAC058,412,False,http_error,HTTP Error 412: Precondition Failed,0
D_1NBAC059,412,False,http_error,HTTP Error 412: Precondition Failed,0
D_1NBAC060,412,False,http_error,HTTP Error 412: Precondition Failed,0
D_1NBAC061,412,False,http_error,HTTP Error 412: Precondition Failed,0
D_1NBAC062,412,False,http_error,HTTP Error 412: Precondition Failed,0
D_1NBAC063,412,False,http_error,HTTP Error 412: Precondition Failed,0
D_1NBAC064,412,False,http_error,HTTP Error 412: Precondition Failed,0
D_1NBAC065,412,False,http_error,HTTP Error 412: Precondition Failed,0
D_1NBAC066,412,False,http_error,HTTP Error 412: Precondition Failed,0
D_1NBAC067,412,False,http_error,HTTP Error 412: Precondition Failed,0
D_1NBAC068,412,False,http_error,HTTP Error 412: Precondition Failed,0
D_1NBAC069,412,False,http_error,HTTP Error 412: Precondition Failed,0
D_1NBAC070,412,False,http_error,HTTP Error 412: Precondition Failed,0
D_1NBAC071,412,False,http_error,HTTP Error 412: Precondition Failed,0
D_1NBAC072,412,False,http_error,HTTP Error 412: Precondition Failed,0
D_1NBAC073,412,False,http_error,HTTP Error 412: Precondition Failed,0
D_1NBAC074,412,False,http_error,HTTP Error 412: Precondition Failed,0
D_1NBAC075,412,False,http_error,HTTP Error 412: Precondition Failed,0
D_1NBAC076,412,False,http_error,HTTP Error 412: Precondition Failed,0
D_1NBAC077,412,False,http_error,HTTP Error 412: Precondition Failed,0
D_1NBAC078,412,False,http_error,HTTP Error 412: Precondition Failed,0
D_1NBAC079,412,False,http_error,HTTP Error 412: Precondition Failed,0
D_1NBAC080,412,False,http_error,HTTP Error 412: Precondition Failed,0
D_1NBAC081,412,False,http_error,HTTP Error 412: Precondition Failed,0
D_1NBAC082,412,False,http_error,HTTP Error 412: Precondition Failed,0
D_1NBAC083,412,False,http_error,HTTP Error 412: Precondition Failed,0
D_1NBAC084,412,False,http_error,HTTP Error 412: Precondition Failed,0
D_1NBAC085,412,False,http_error,HTTP Error 412: Precondition Failed,0
D_1NBAC086,412,False,http_error,HTTP Error 412: Precondition Failed,0
D_1NBAC087,412,False,http_error,HTTP Error 412: Precondition Failed,0
D_1NBAC088,412,False,http_error,HTTP Error 412: Precondition Failed,0
D_1NBAC089,412,False,http_error,HTTP Error 412: Precondition Failed,0
D_1NBAC090,412,False,http_error,HTTP Error 412: Precondition Failed,0
D_1NBAC091,412,False,http_error,HTTP Error 412: Precondition Failed,0
D_1NBAC092,412,False,http_error,HTTP Error 412: Precondition Failed,0
D_1NBAC093,412,False,http_error,HTTP Error 412: Precondition Failed,0
D_1NBAC094,412,False,http_error,HTTP Error 412: Precondition Failed,0
D_1NBAC095,412,False,http_error,HTTP Error 412: Precondition Failed,0
D_1NBAC096,412,False,http_error,HTTP Error 412: Precondition Failed,0
D_1NBAC097,412,False,http_error,HTTP Error 412: Precondition Failed,0
D_1NBAC098,412,False,http_error,HTTP Error 412: Precondition Failed,0
D_1NBAC099,412,False,http_error,HTTP Error 412: Precondition Failed,0
D_1NBAC100,412,False,http_error,HTTP Error 412: Precondition Failed,0
D_1NBAC101,412,False,http_error,HTTP Error 412: Precondition Failed,0
D_1NBAC102,412,False,http_error,HTTP Error 412: Precondition Failed,0
D_1NBAC103,412,False,http_error,HTTP Error 412: Precondition Failed,0
D_1NBAC104,412,False,http_error,HTTP Error 412: Precondition Failed,0
D_1NBAC105,412,False,http_error,HTTP Error 412: Precondition Failed,0
D_1NBAC106,412,False,http_error,HTTP Error 412: Precondition Failed,0
D_1NBAC107,412,False,http_error,HTTP Error 412: Precondition Failed,0
D_1NBAC108,412,False,http_error,HTTP Error 412: Precondition Failed,0
D_1NBAC109,412,False,http_error,HTTP Error 412: Precondition Failed,0
D_1NBAC110,412,False,http_error,HTTP Error 412: Precondition Failed,0
D_1NBAC111,412,False,http_error,HTTP Error 412: Precondition Failed,0
D_1NBAC112,412,False,http_error,HTTP Error 412: Precondition Failed,0
D_1NBAC113,412,False,http_error,HTTP Error 412: Precondition Failed,0
D_1NBAC114,412,False,http_error,HTTP Error 412: Precondition Failed,0
D_1NBAC115,412,False,http_error,HTTP Error 412: Precondition Failed,0
D_1NBAC116,412,False,http_error,HTTP Error 412: Precondition Failed,0
D_1NBAC117,412,False,http_error,HTTP Error 412: Precondition Failed,0
D_1NBAC118,412,False,http_error,HTTP Error 412: Precondition Failed,0
D_1NBAC119,412,False,http_error,HTTP Error 412: Precondition Failed,0
D_1NBAC120,412,False,http_error,HTTP Error 412: Precondition Failed,0
D_1NBAC121,412,False,http_error,HTTP Error 412: Precondition Failed,0
D_1NBAC122,412,False,http_error,HTTP Error 412: Precondition Failed,0
D_1NBAC123,412,False,http_error,HTTP Error 412: Precondition Failed,0
D_1NBAC124,412,False,http_error,HTTP Error 412: Precondition Failed,0
D_1NBAC125,412,False,http_error,HTTP Error 412: Precondition Failed,0
D_1NBAC126,412,False,http_error,HTTP Error 412: Precondition Failed,0
D_1NBAC127,412,False,http_error,HTTP Error 412: Precondition Failed,0
D_1NBAC128,412,False,http_error,HTTP Error 412: Precondition Failed,0
D_1NBAC129,412,False,http_error,HTTP Error 412: Precondition Failed,0
D_1NBAC130,412,False,http_error,HTTP Error 412: Precondition Failed,0
D_1NBAC131,412,False,http_error,HTTP Error 412: Precondition Failed,0
D_1NBAC132,412,False,http_error,HTTP Error 412: Precondition Failed,0
D_1NBAC133,412,False,http_error,HTTP Error 412: Precondition Failed,0
D_1NBAC134,412,False,http_error,HTTP Error 412: Precondition Failed,0
D_1NBAC135,412,False,http_error,HTTP Error 412: Precondition Failed,0
D_1NBAC136,412,False,http_error,HTTP Error 412: Precondition Failed,0
D_1NBAC137,412,False,http_error,HTTP Error 412: Precondition Failed,0
D_1NBAC138,412,False,http_error,HTTP Error 412: Precondition Failed,0
D_1NBAC139,412,False,http_error,HTTP Error 412: Precondition Failed,0
D_1NBAC140,412,False,http_error,HTTP Error 412: Precondition Failed,0
D_1NBAC141,412,False,http_error,HTTP Error 412: Precondition Failed,0
D_1NBAC142,412,False,http_error,HTTP Error 412: Precondition Failed,0
D_1NBAC143,412,False,http_error,HTTP Error 412: Precondition Failed,0
D_1NBAC144,412,False,http_error,HTTP Error 412: Precondition Failed,0
D_1NBAC145,412,False,http_error,HTTP Error 412: Precondition Failed,0
D_1NBAC146,412,False,http_error,HTTP Error 412: Precondition Failed,0
D_1NBAC147,412,False,http_error,HTTP Error 412: Precondition Failed,0
D_1NBAC148,412,False,http_error,HTTP Error 412: Precondition Failed,0
D_1NBAC149,412,False,http_error,HTTP Error 412: Precondition Failed,0
D_1NBAC150,412,False,http_error,HTTP Error 412: Precondition Failed,0
D_1NBAC151,412,False,http_error,HTTP Error 412: Precondition Failed,0
D_1NBAC152,412,False,http_error,HTTP Error 412: Precondition Failed,0
D_1NBAC153,412,False,http_error,HTTP Error 412: Precondition Failed,0
D_1NBAC154,412,False,http_error,HTTP Error 412: Precondition Failed,0
D_1NBAC155,412,False,http_error,HTTP Error 412: Precondition Failed,0
D_1NBAC156,412,False,http_error,HTTP Error 412: Precondition Failed,0
D_1NBAC157,412,False,http_error,HTTP Error 412: Precondition Failed,0
D_1NBAC158,412,False,http_error,HTTP Error 412: Precondition Failed,0
D_1NBAC159,412,False,http_error,HTTP Error 412: Precondition Failed,0
D_1NBAC160,412,False,http_error,HTTP Error 412: Precondition Failed,0
D_1NBAC161,412,False,http_error,HTTP Error 412: Precondition Failed,0
D_1NBAC162,412,False,http_error,HTTP Error 412: Precondition Failed,0
D_1NBAC163,412,False,http_error,HTTP Error 412: Precondition Failed,0
D_1NBAC164,412,False,http_error,HTTP Error 412: Precondition Failed,0
D_1NBAC165,412,False,http_error,HTTP Error 412: Precondition Failed,0
D_1NBAC166,412,False,http_error,HTTP Error 412: Precondition Failed,0
D_1NBAC167,412,False,http_error,HTTP Error 412: Precondition Failed,0
D_1NBAC168,412,False,http_error,HTTP Error 412: Precondition Failed,0
D_1NBAC169,412,False,http_error,HTTP Error 412: Precondition Failed,0
D_1NBAC170,412,False,http_error,HTTP Error 412: Precondition Failed,0
D_1NBAC171,412,False,http_error,HTTP Error 412: Precondition Failed,0
D_1NBAC172,412,False,http_error,HTTP Error 412: Precondition Failed,0
D_1NBAC173,412,False,http_error,HTTP Error 412: Precondition Failed,0
D_1NBAC174,412,False,http_error,HTTP Error 412: Precondition Failed,0
D_1NBAC175,412,False,http_error,HTTP Error 412: Precondition Failed,0
D_1NBAC176,412,False,http_error,HTTP Error 412: Precondition Failed,0
D_1NBAC177,412,False,http_error,HTTP Error 412: Precondition Failed,0
D_1NBAC178,412,False,http_error,HTTP Error 412: Precondition Failed,0
D_1NBAC179,412,False,http_error,HTTP Error 412: Precondition Failed,0
D_1NBAC180,412,False,http_error,HTTP Error 412: Precondition Failed,0
D_1NBAC181,412,False,http_error,HTTP Error 412: Precondition Failed,0
D_1NBAC182,412,False,http_error,HTTP Error 412: Precondition Failed,0
D_1NBAC183,412,False,http_error,HTTP Error 412: Precondition Failed,0
D_1NBAC184,412,False,http_error,HTTP Error 412: Precondition Failed,0
D_1NBAC185,412,False,http_error,HTTP Error 412: Precondition Failed,0
D_1NBAC186,412,False,http_error,HTTP Error 412: Precondition Failed,0
D_1NBAC187,412,False,http_error,HTTP Error 412: Precondition Failed,0
D_1NBAC188,412,False,http_error,HTTP Error 412: Precondition Failed,0
D_1NBAC189,412,False,http_error,HTTP Error 412: Precondition Failed,0
D_1NBAC190,412,False,http_error,HTTP Error 412: Precondition Failed,0
D_1NBAC191,412,False,http_error,HTTP Error 412: Precondition Failed,0
D_1NBAC192,412,False,http_error,HTTP Error 412: Precondition Failed,0
D_1NBAC193,412,False,http_error,HTTP Error 412: Precondition Failed,0
D_1NBAC194,412,False,http_error,HTTP Error 412: Precondition Failed,0
D_1NBAC195,412,False,http_error,HTTP Error 412: Precondition Failed,0
D_1NBAC196,412,False,http_error,HTTP Error 412: Precondition Failed,0
D_1NBAC197,412,False,http_error,HTTP Error 412: Precondition Failed,0
D_1NBAC198,412,False,http_error,HTTP Error 412: Precondition Failed,0
D_1NBAC199,412,False,http_error,HTTP Error 412: Precondition Failed,0
D_1NBAC200,412,False,http_error,HTTP Error 412: Precondition Failed,0
D_1NBAC201,412,False,http_error,HTTP Error 412: Precondition Failed,0
D_1NBAC202,412,False,http_error,HTTP Error 412: Precondition Failed,0
D_1NBAC203,412,False,http_error,HTTP Error 412: Precondition Failed,0
D_1NBAC204,412,False,http_error,HTTP Error 412: Precondition Failed,0
D_1NBAC205,412,False,http_error,HTTP Error 412: Precondition Failed,0
D_1NBAC206,412,False,http_error,HTTP Error 412: Precondition Failed,0
D_1NBAC207,412,False,http_error,HTTP Error 412: Precondition Failed,0
D_1NBAC208,412,False,http_error,HTTP Error 412: Precondition Failed,0
D_1NBAC209,412,False,http_error,HTTP Error 412: Precondition Failed,0
D_1NBAC210,412,False,http_error,HTTP Error 412: Precondition Failed,0
D_1NBAC211,412,False,http_error,HTTP Error 412: Precondition Failed,0
D_1NBAC212,412,False,http_error,HTTP Error 412: Precondition Failed,0
D_1NBAC213,412,False,http_error,HTTP Error 412: Precondition Failed,0
D_1NBAC214,412,False,http_error,HTTP Error 412: Precondition Failed,0
D_1NBAC215,412,False,http_error,HTTP Error 412: Precondition Failed,0
D_1NBAC216,412,False,http_error,HTTP Error 412: Precondition Failed,0
D_1NBAC217,412,False,http_error,HTTP Error 412: Precondition Failed,0
D_1NBAC218,412,False,http_error,HTTP Error 412: Precondition Failed,0
D_1NBAC219,412,False,http_error,HTTP Error 412: Precondition Failed,0
D_1NBAC220,412,False,http_error,HTTP Error 412: Precondition Failed,0
D_1NBAC221,412,False,http_error,HTTP Error 412: Precondition Failed,0
D_1NBAC222,412,False,http_error,HTTP Error 412: Precondition Failed,0
D_1NBAC223,412,False,http_error,HTTP Error 412: Precondition Failed,0
D_1NBAC224,412,False,http_error,HTTP Error 412: Precondition Failed,0
D_1NBAC225,412,False,http_error,HTTP Error 412: Precondition Failed,0
D_1NBAC226,412,False,http_error,HTTP Error 412: Precondition Failed,0
D_1NBAC227,412,False,http_error,HTTP Error 412: Precondition Failed,0
D_1NBAC228,412,False,http_error,HTTP Error 412: Precondition Failed,0
D_1NBAC229,412,False,http_error,HTTP Error 412: Precondition Failed,0
D_1NBAC230,412,False,http_error,HTTP Error 412: Precondition Failed,0
D_1NBAC231,412,False,http_error,HTTP Error 412: Precondition Failed,0
D_1NBAC232,412,False,http_error,HTTP Error 412: Precondition Failed,0
D_1NBAC233,412,False,http_error,HTTP Error 412: Precondition Failed,0
D_1NBAC234,412,False,http_error,HTTP Error 412: Precondition Failed,0
D_1NBAC235,412,False,http_error,HTTP Error 412: Precondition Failed,0
D_1NBAC236,412,False,http_error,HTTP Error 412: Precondition Failed,0
D_1NBAC237,412,False,http_error,HTTP Error 412: Precondition Failed,0
D_1NBAC238,412,False,http_error,HTTP Error 412: Precondition Failed,0
D_1NBAC239,412,False,http_error,HTTP Error 412: Precondition Failed,0
D_1NBAC240,412,False,http_error,HTTP Error 412: Precondition Failed,0
D_1NBAC241,412,False,http_error,HTTP Error 412: Precondition Failed,0
D_1NBAC242,412,False,http_error,HTTP Error 412: Precondition Failed,0
D_1NBAC243,412,False,http_error,HTTP Error 412: Precondition Failed,0
D_1NBAC244,412,False,http_error,HTTP Error 412: Precondition Failed,0
D_1NBAC245,412,False,http_error,HTTP Error 412: Precondition Failed,0
D_1NBAC246,412,False,http_error,HTTP Error 412: Precondition Failed,0
D_1NBAC247,412,False,http_error,HTTP Error 412: Precondition Failed,0
D_1NBAC248,412,False,http_error,HTTP Error 412: Precondition Failed,0
D_1NBAC249,412,False,http_error,HTTP Error 412: Precondition Failed,0
D_1NBAC250,412,False,http_error,HTTP Error 412: Precondition Failed,0
D_1NBAC251,412,False,http_error,HTTP Error 412: Precondition Failed,0
D_1NBAC252,412,False,http_error,HTTP Error 412: Precondition Failed,0
D_1NBAC253,412,False,http_error,HTTP Error 412: Precondition Failed,0
D_1NBAC254,412,False,http_error,HTTP Error 412: Precondition Failed,0
D_1NBAC255,412,False,http_error,HTTP Error 412: Precondition Failed,0
D_1NBAC256,412,False,http_error,HTTP Error 412: Precondition Failed,0
D_1NBAC257,412,False,http_error,HTTP Error 412: Precondition Failed,0
D_1NBAC258,412,False,http_error,HTTP Error 412: Precondition Failed,0
D_1NBAC259,412,False,http_error,HTTP Error 412: Precondition Failed,0
D_1NBAC260,412,False,http_error,HTTP Error 412: Precondition Failed,0
D_1NBAC261,412,False,http_error,HTTP Error 412: Precondition Failed,0
D_1NBAC262,412,False,http_error,HTTP Error 412: Precondition Failed,0
D_1NBAC263,412,False,http_error,HTTP Error 412: Precondition Failed,0
D_1NBAC264,412,False,http_error,HTTP Error 412: Precondition Failed,0
D_1NBAC265,412,False,http_error,HTTP Error 412: Precondition Failed,0
D_1NBAC266,412,False,http_error,HTTP Error 412: Precondition Failed,0
D_1NBAC267,412,False,http_error,HTTP Error 412: Precondition Failed,0
D_1NBAC268,412,False,http_error,HTTP Error 412: Precondition Failed,0
D_1NBAC269,412,False,http_error,HTTP Error 412: Precondition Failed,0
D_1NBAC270,412,False,http_error,HTTP Error 412: Precondition Failed,0
D_1NBAC271,412,False,http_error,HTTP Error 412: Precondition Failed,0
D_1NBAC272,412,False,http_error,HTTP Error 412: Precondition Failed,0
D_1NBAC273,412,False,http_error,HTTP Error 412: Precondition Failed,0
D_1NBAC274,412,False,http_error,HTTP Error 412: Precondition Failed,0
D_1NBAC275,412,False,http_error,HTTP Error 412: Precondition Failed,0
D_1NBAC276,412,False,http_error,HTTP Error 412: Precondition Failed,0
D_1NBAC277,412,False,http_error,HTTP Error 412: Precondition Failed,0
D_1NBAC278,412,False,http_error,HTTP Error 412: Precondition Failed,0
D_1NBAC279,412,False,http_error,HTTP Error 412: Precondition Failed,0
D_1NBAC280,412,False,http_error,HTTP Error 412: Precondition Failed,0
D_1NBAC281,412,False,http_error,HTTP Error 412: Precondition Failed,0
D_1NBAC282,412,False,http_error,HTTP Error 412: Precondition Failed,0
D_1NBAC283,412,False,http_error,HTTP Error 412: Precondition Failed,0
D_1NBAC284,412,False,http_error,HTTP Error 412: Precondition Failed,0
D_1NBAC285,412,False,http_error,HTTP Error 412: Precondition Failed,0
D_1NBAC286,412,False,http_error,HTTP Error 412: Precondition Failed,0
D_1NBAC287,412,False,http_error,HTTP Error 412: Precondition Failed,0
D_1NBAC288,412,False,http_error,HTTP Error 412: Precondition Failed,0
D_1NBAC289,412,False,http_error,HTTP Error 412: Precondition Failed,0
D_1NBAC290,412,False,http_error,HTTP Error 412: Precondition Failed,0
D_1NBAC291,412,False,http_error,HTTP Error 412: Precondition Failed,0
D_1NBAC292,412,False,http_error,HTTP Error 412: Precondition Failed,0
D_1NBAC293,412,False,http_error,HTTP Error 412: Precondition Failed,0
D_1NBAC294,412,False,http_error,HTTP Error 412: Precondition Failed,0
D_1NBAC295,412,False,http_error,HTTP Error 412: Precondition Failed,0
D_1NBAC296,412,False,http_error,HTTP Error 412: Precondition Failed,0
D_1NBAC297,412,False,http_error,HTTP Error 412: Precondition Failed,0
D_1NBAC298,412,False,http_error,HTTP Error 412: Precondition Failed,0
D_1NBAC299,412,False,http_error,HTTP Error 412: Precondition Failed,0
D_1NBAC300,412,False,http_error,HTTP Error 412: Precondition Failed,0
D_1NBAC301,412,False,http_error,HTTP Error 412: Precondition Failed,0
D_1NBAC302,412,False,http_error,HTTP Error 412: Precondition Failed,0
D_1NBAC303,412,False,http_error,HTTP Error 412: Precondition Failed,0
D_1NBAC304,412,False,http_error,HTTP Error 412: Precondition Failed,0
D_1NBAC305,412,False,http_error,HTTP Error 412: Precondition Failed,0
D_1NBAC306,412,False,http_error,HTTP Error 412: Precondition Failed,0
D_1NBAC307,412,False,http_error,HTTP Error 412: Precondition Failed,0
D_1NBAC308,412,False,http_error,HTTP Error 412: Precondition Failed,0
D_1NBAC309,412,False,http_error,HTTP Error 412: Precondition Failed,0
D_1NBAC310,412,False,http_error,HTTP Error 412: Precondition Failed,0
D_1NBAC311,412,False,http_error,HTTP Error 412: Precondition Failed,0
D_1NBAC312,412,False,http_error,HTTP Error 412: Precondition Failed,0
D_1NBAC313,412,False,http_error,HTTP Error 412: Precondition Failed,0
D_1NBAC314,412,False,http_error,HTTP Error 412: Precondition Failed,0
D_1NBAC315,412,False,http_error,HTTP Error 412: Precondition Failed,0
D_1NBAC316,412,False,http_error,HTTP Error 412: Precondition Failed,0
D_1NBAC317,412,False,http_error,HTTP Error 412: Precondition Failed,0
D_1NBAC318,412,False,http_error,HTTP Error 412: Precondition Failed,0
D_1NBAC319,412,False,http_error,HTTP Error 412: Precondition Failed,0
D_1NBAC320,412,False,http_error,HTTP Error 412: Precondition Failed,0
D_1NBAC321,412,False,http_error,HTTP Error 412: Precondition Failed,0
D_1NBAC322,412,False,http_error,HTTP Error 412: Precondition Failed,0
D_1NBAC323,412,False,http_error,HTTP Error 412: Precondition Failed,0
D_1NBAC324,412,False,http_error,HTTP Error 412: Precondition Failed,0
D_1NBAC325,412,False,http_error,HTTP Error 412: Precondition Failed,0
D_1NBAC326,412,False,http_error,HTTP Error 412: Precondition Failed,0
D_1NBAC327,412,False,http_error,HTTP Error 412: Precondition Failed,0
D_1NBAC328,412,False,http_error,HTTP Error 412: Precondition Failed,0
D_1NBAC329,412,False,http_error,HTTP Error 412: Precondition Failed,0
D_1NBAC330,412,False,http_error,HTTP Error 412: Precondition Failed,0
D_1NBAC331,412,False,http_error,HTTP Error 412: Precondition Failed,0
D_1NBAC332,412,False,http_error,HTTP Error 412: Precondition Failed,0
D_1NBAC333,412,False,http_error,HTTP Error 412: Precondition Failed,0
D_1NBAC334,412,False,http_error,HTTP Error 412: Precondition Failed,0
D_1NBAC335,412,False,http_error,HTTP Error 412: Precondition Failed,0
D_1NBAC336,412,False,http_error,HTTP Error 412: Precondition Failed,0
D_1NBAC337,412,False,http_error,HTTP Error 412: Precondition Failed,0
D_1NBAC338,412,False,http_error,HTTP Error 412: Precondition Failed,0
D_1NBAC339,412,False,http_error,HTTP Error 412: Precondition Failed,0
D_1NBAC340,412,False,http_error,HTTP Error 412: Precondition Failed,0
D_1NBAC341,412,False,http_error,HTTP Error 412: Precondition Failed,0
D_1NBAC342,412,False,http_error,HTTP Error 412: Precondition Failed,0
D_1NBAC343,412,False,http_error,HTTP Error 412: Precondition Failed,0
D_1NBAC344,412,False,http_error,HTTP Error 412: Precondition Failed,0
D_1NBAC345,412,False,http_error,HTTP Error 412: Precondition Failed,0
D_1NBAC346,412,False,http_error,HTTP Error 412: Precondition Failed,0
D_1NBAC347,412,False,http_error,HTTP Error 412: Precondition Failed,0
D_1NBAC348,412,False,http_error,HTTP Error 412: Precondition Failed,0
D_1NBAC349,412,False,http_error,HTTP Error 412: Precondition Failed,0
D_1NBAC350,412,False,http_error,HTTP Error 412: Precondition Failed,0
D_1NBAC351,412,False,http_error,HTTP Error 412: Precondition Failed,0
D_1NBAC352,412,False,http_error,HTTP Error 412: Precondition Failed,0
D_1NBAC353,412,False,http_error,HTTP Error 412: Precondition Failed,0
D_1NBAC354,412,False,http_error,HTTP Error 412: Precondition Failed,0
D_1NBAC355,412,False,http_error,HTTP Error 412: Precondition Failed,0
D_1NBAC356,412,False,http_error,HTTP Error 412: Precondition Failed,0
D_1NBAC357,412,False,http_error,HTTP Error 412: Precondition Failed,0
D_1NBAC358,412,False,http_error,HTTP Error 412: Precondition Failed,0
D_1NBAC359,412,False,http_error,HTTP Error 412: Precondition Failed,0
D_1NBAC360,412,False,http_error,HTTP Error 412: Precondition Failed,0
D_1NBAC361,412,False,http_error,HTTP Error 412: Precondition Failed,0
D_1NBAC362,412,False,http_error,HTTP Error 412: Precondition Failed,0
D_1NBAC363,412,False,http_error,HTTP Error 412: Precondition Failed,0
D_1NBAC364,412,False,http_error,HTTP Error 412: Precondition Failed,0
D_1NBAC365,412,False,http_error,HTTP Error 412: Precondition Failed,0
D_1NBAC366,412,False,http_error,HTTP Error 412: Precondition Failed,0
D_1NBAC367,412,False,http_error,HTTP Error 412: Precondition Failed,0
D_1NBAC368,412,False,http_error,HTTP Error 412: Precondition Failed,0
D_1NBAC369,412,False,http_error,HTTP Error 412: Precondition Failed,0
D_1NBAC370,412,False,http_error,HTTP Error 412: Precondition Failed,0
D_1NBAC371,412,False,http_error,HTTP Error 412: Precondition Failed,0
D_1NBAC372,200,False,parse_error,Expecting value: line 1 column 1 (char 0),0
D_1NBAC373,412,False,http_error,HTTP Error 412: Precondition Failed,0
D_1NBAC374,412,False,http_error,HTTP Error 412: Precondition Failed,0
D_1NBAC375,412,False,http_error,HTTP Error 412: Precondition Failed,0
D_1NBAC376,412,False,http_error,HTTP Error 412: Precondition Failed,0
D_1NBAC377,412,False,http_error,HTTP Error 412: Precondition Failed,0
D_1NBAC378,412,False,http_error,HTTP Error 412: Precondition Failed,0
D_1NBAC379,412,False,http_error,HTTP Error 412: Precondition Failed,0
D_1NBAC380,412,False,http_error,HTTP Error 412: Precondition Failed,0
D_1NBAC381,412,False,http_error,HTTP Error 412: Precondition Failed,0
D_1NBAC382,412,False,http_error,HTTP Error 412: Precondition Failed,0
D_1NBAC383,412,False,http_error,HTTP Error 412: Precondition Failed,0
D_1NBAC384,412,False,http_error,HTTP Error 412: Precondition Failed,0
D_1NBAC385,412,False,http_error,HTTP Error 412: Precondition Failed,0
D_1NBAC386,412,False,http_error,HTTP Error 412: Precondition Failed,0
D_1NBAC387,412,False,http_error,HTTP Error 412: Precondition Failed,0
D_1NBAC388,412,False,http_error,HTTP Error 412: Precondition Failed,0
D_1NBAC389,412,False,http_error,HTTP Error 412: Precondition Failed,0
D_1NBAC390,412,False,http_error,HTTP Error 412: Precondition Failed,0
D_1NBAC391,412,False,http_error,HTTP Error 412: Precondition Failed,0
D_1NBAC392,412,False,http_error,HTTP Error 412: Precondition Failed,0
D_1NBAC393,412,False,http_error,HTTP Error 412: Precondition Failed,0
D_1NBAC394,412,False,http_error,HTTP Error 412: Precondition Failed,0
D_1NBAC395,412,False,http_error,HTTP Error 412: Precondition Failed,0
D_1NBAC396,412,False,http_error,HTTP Error 412: Precondition Failed,0
D_1NBAC397,412,False,http_error,HTTP Error 412: Precondition Failed,0
D_1NBAC398,412,False,http_error,HTTP Error 412: Precondition Failed,0
D_1NBAC399,412,False,http_error,HTTP Error 412: Precondition Failed,0
D_1NBAC400,412,False,http_error,HTTP Error 412: Precondition Failed,0
D_1NBAC401,412,False,http_error,HTTP Error 412: Precondition Failed,0
D_1NBAC402,412,False,http_error,HTTP Error 412: Precondition Failed,0
D_1NBAC403,412,False,http_error,HTTP Error 412: Precondition Failed,0
D_1NBAC404,412,False,http_error,HTTP Error 412: Precondition Failed,0
D_1NBAC405,412,False,http_error,HTTP Error 412: Precondition Failed,0
D_1NBAC406,412,False,http_error,HTTP Error 412: Precondition Failed,0
D_1NBAC407,412,False,http_error,HTTP Error 412: Precondition Failed,0
D_1NBAC408,412,False,http_error,HTTP Error 412: Precondition Failed,0
D_1NBAC409,412,False,http_error,HTTP Error 412: Precondition Failed,0
D_1NBAC410,412,False,http_error,HTTP Error 412: Precondition Failed,0
D_1NBAC411,412,False,http_error,HTTP Error 412: Precondition Failed,0
D_1NBAC412,412,False,http_error,HTTP Error 412: Precondition Failed,0
D_1NBAC413,412,False,http_error,HTTP Error 412: Precondition Failed,0
D_1NBAC414,412,False,http_error,HTTP Error 412: Precondition Failed,0
D_1NBAC415,412,False,http_error,HTTP Error 412: Precondition Failed,0
D_1NBAC416,412,False,http_error,HTTP Error 412: Precondition Failed,0
D_1NBAC417,412,False,http_error,HTTP Error 412: Precondition Failed,0
D_1NBAC418,412,False,http_error,HTTP Error 412: Precondition Failed,0
D_1NBAC419,412,False,http_error,HTTP Error 412: Precondition Failed,0
D_1NBAC420,412,False,http_error,HTTP Error 412: Precondition Failed,0
D_1NBAC421,412,False,http_error,HTTP Error 412: Precondition Failed,0
D_1NBAC422,412,False,http_error,HTTP Error 412: Precondition Failed,0
D_1NBAC423,412,False,http_error,HTTP Error 412: Precondition Failed,0
D_1NBAC424,412,False,http_error,HTTP Error 412: Precondition Failed,0
D_1NBAC425,412,False,http_error,HTTP Error 412: Precondition Failed,0
D_1NBAC426,412,False,http_error,HTTP Error 412: Precondition Failed,0
D_1NBAC427,412,False,http_error,HTTP Error 412: Precondition Failed,0
D_1NBAC428,412,False,http_error,HTTP Error 412: Precondition Failed,0
D_1NBAC429,412,False,http_error,HTTP Error 412: Precondition Failed,0
D_1NBAC430,412,False,http_error,HTTP Error 412: Precondition Failed,0
D_1NBAC431,412,False,http_error,HTTP Error 412: Precondition Failed,0
D_1NBAC432,412,False,http_error,HTTP Error 412: Precondition Failed,0
D_1NBAC433,412,False,http_error,HTTP Error 412: Precondition Failed,0
D_1NBAC434,412,False,http_error,HTTP Error 412: Precondition Failed,0
D_1NBAC435,412,False,http_error,HTTP Error 412: Precondition Failed,0
D_1NBAC436,412,False,http_error,HTTP Error 412: Precondition Failed,0
D_1NBAC437,412,False,http_error,HTTP Error 412: Precondition Failed,0
D_1NBAC438,412,False,http_error,HTTP Error 412: Precondition Failed,0
D_1NBAC439,412,False,http_error,HTTP Error 412: Precondition Failed,0
D_1NBAC440,412,False,http_error,HTTP Error 412: Precondition Failed,0
D_1NBAC441,412,False,http_error,HTTP Error 412: Precondition Failed,0
D_1NBAC442,412,False,http_error,HTTP Error 412: Precondition Failed,0
D_1NBAC443,412,False,http_error,HTTP Error 412: Precondition Failed,0
D_1NBAC444,412,False,http_error,HTTP Error 412: Precondition Failed,0
D_1NBAC445,412,False,http_error,HTTP Error 412: Precondition Failed,0
D_1NBAC446,412,False,http_error,HTTP Error 412: Precondition Failed,0
D_1NBAC447,412,False,http_error,HTTP Error 412: Precondition Failed,0
D_1NBAC448,412,False,http_error,HTTP Error 412: Precondition Failed,0
D_1NBAC449,412,False,http_error,HTTP Error 412: Precondition Failed,0
D_1NBAC450,412,False,http_error,HTTP Error 412: Precondition Failed,0
D_1NBAC451,412,False,http_error,HTTP Error 412: Precondition Failed,0
D_1NBAC452,412,False,http_error,HTTP Error 412: Precondition Failed,0
D_1NBAC453,412,False,http_error,HTTP Error 412: Precondition Failed,0
D_1NBAC454,412,False,http_error,HTTP Error 412: Precondition Failed,0
D_1NBAC455,412,False,http_error,HTTP Error 412: Precondition Failed,0
D_1NBAC456,412,False,http_error,HTTP Error 412: Precondition Failed,0
D_1NBAC457,412,False,http_error,HTTP Error 412: Precondition Failed,0
D_1NBAC458,412,False,http_error,HTTP Error 412: Precondition Failed,0
D_1NBAC459,412,False,http_error,HTTP Error 412: Precondition Failed,0
D_1NBAC460,412,False,http_error,HTTP Error 412: Precondition Failed,0
D_1NBAC461,412,False,http_error,HTTP Error 412: Precondition Failed,0
D_1NBAC462,412,False,http_error,HTTP Error 412: Precondition Failed,0
D_1NBAC463,412,False,http_error,HTTP Error 412: Precondition Failed,0
D_1NBAC464,412,False,http_error,HTTP Error 412: Precondition Failed,0
D_1NBAC465,412,False,http_error,HTTP Error 412: Precondition Failed,0
D_1NBAC466,412,False,http_error,HTTP Error 412: Precondition Failed,0
D_1NBAC467,412,False,http_error,HTTP Error 412: Precondition Failed,0
D_1NBAC468,412,False,http_error,HTTP Error 412: Precondition Failed,0
D_1NBAC469,412,False,http_error,HTTP Error 412: Precondition Failed,0
D_1NBAC470,412,False,http_error,HTTP Error 412: Precondition Failed,0
D_1NBAC471,412,False,http_error,HTTP Error 412: Precondition Failed,0
D_1NBAC472,412,False,http_error,HTTP Error 412: Precondition Failed,0
D_1NBAC473,412,False,http_error,HTTP Error 412: Precondition Failed,0
D_1NBAC474,412,False,http_error,HTTP Error 412: Precondition Failed,0
D_1NBAC475,412,False,http_error,HTTP Error 412: Precondition Failed,0
D_1NBAC476,412,False,http_error,HTTP Error 412: Precondition Failed,0
D_1NBAC477,412,False,http_error,HTTP Error 412: Precondition Failed,0
D_1NBAC478,412,False,http_error,HTTP Error 412: Precondition Failed,0
D_1NBAC479,412,False,http_error,HTTP Error 412: Precondition Failed,0
D_1NBAC480,412,False,http_error,HTTP Error 412: Precondition Failed,0
D_1NBAC481,412,False,http_error,HTTP Error 412: Precondition Failed,0
D_1NBAC482,412,False,http_error,HTTP Error 412: Precondition Failed,0
D_1NBAC483,412,False,http_error,HTTP Error 412: Precondition Failed,0
D_1NBAC484,412,False,http_error,HTTP Error 412: Precondition Failed,0
D_1NBAC485,412,False,http_error,HTTP Error 412: Precondition Failed,0
D_1NBAC486,412,False,http_error,HTTP Error 412: Precondition Failed,0
D_1NBAC487,412,False,http_error,HTTP Error 412: Precondition Failed,0
D_1NBAC488,412,False,http_error,HTTP Error 412: Precondition Failed,0
D_1NBAC489,412,False,http_error,HTTP Error 412: Precondition Failed,0
D_1NBAC490,412,False,http_error,HTTP Error 412: Precondition Failed,0
D_1NBAC491,412,False,http_error,HTTP Error 412: Precondition Failed,0
D_1NBAC492,412,False,http_error,HTTP Error 412: Precondition Failed,0
D_1NBAC493,412,False,http_error,HTTP Error 412: Precondition Failed,0
D_1NBAC494,412,False,http_error,HTTP Error 412: Precondition Failed,0
D_1NBAC495,412,False,http_error,HTTP Error 412: Precondition Failed,0
D_1NBAC496,412,False,http_error,HTTP Error 412: Precondition Failed,0
D_1NBAC497,412,False,http_error,HTTP Error 412: Precondition Failed,0
D_1NBAC498,412,False,http_error,HTTP Error 412: Precondition Failed,0
D_1NBAC499,412,False,http_error,HTTP Error 412: Precondition Failed,0
D_1NBAC500,412,False,http_error,HTTP Error 412: Precondition Failed,0
D_1NBAC501,412,False,http_error,HTTP Error 412: Precondition Failed,0
D_1NBAC502,412,False,http_error,HTTP Error 412: Precondition Failed,0
D_1NBAC503,412,False,http_error,HTTP Error 412: Precondition Failed,0
D_1NBAC504,412,False,http_error,HTTP Error 412: Precondition Failed,0
D_1NBAC505,412,False,http_error,HTTP Error 412: Precondition Failed,0
D_1NBAC506,412,False,http_error,HTTP Error 412: Precondition Failed,0
D_1NBAC507,412,False,http_error,HTTP Error 412: Precondition Failed,0
D_1NBAC508,412,False,http_error,HTTP Error 412: Precondition Failed,0
D_1NBAC509,412,False,http_error,HTTP Error 412: Precondition Failed,0
D_1NBAC510,412,False,http_error,HTTP Error 412: Precondition Failed,0
D_1NBAC511,412,False,http_error,HTTP Error 412: Precondition Failed,0
D_1NBAC512,412,False,http_error,HTTP Error 412: Precondition Failed,0
D_1NBAC513,412,False,http_error,HTTP Error 412: Precondition Failed,0
D_1NBAC514,412,False,http_error,HTTP Error 412: Precondition Failed,0
D_1NBAC515,412,False,http_error,HTTP Error 412: Precondition Failed,0
D_1NBAC516,412,False,http_error,HTTP Error 412: Precondition Failed,0
D_1NBAC517,412,False,http_error,HTTP Error 412: Precondition Failed,0
D_1NBAC518,412,False,http_error,HTTP Error 412: Precondition Failed,0
D_1NBAC519,412,False,http_error,HTTP Error 412: Precondition Failed,0
D_1NBAC520,412,False,http_error,HTTP Error 412: Precondition Failed,0
D_1NBAC521,412,False,http_error,HTTP Error 412: Precondition Failed,0
D_1NBAC522,412,False,http_error,HTTP Error 412: Precondition Failed,0
D_1NBAC523,412,False,http_error,HTTP Error 412: Precondition Failed,0
D_1NBAC524,412,False,http_error,HTTP Error 412: Precondition Failed,0
D_1NBAC525,412,False,http_error,HTTP Error 412: Precondition Failed,0
D_1NBAC526,412,False,http_error,HTTP Error 412: Precondition Failed,0
D_1NBAC527,412,False,http_error,HTTP Error 412: Precondition Failed,0
D_1NBAC528,412,False,http_error,HTTP Error 412: Precondition Failed,0
D_1NBAC529,412,False,http_error,HTTP Error 412: Precondition Failed,0
D_1NBAC530,412,False,http_error,HTTP Error 412: Precondition Failed,0
D_1NBAC531,412,False,http_error,HTTP Error 412: Precondition Failed,0
D_1NBAC532,412,False,http_error,HTTP Error 412: Precondition Failed,0
D_1NBAC533,412,False,http_error,HTTP Error 412: Precondition Failed,0
D_1NBAC534,412,False,http_error,HTTP Error 412: Precondition Failed,0
D_1NBAC535,412,False,http_error,HTTP Error 412: Precondition Failed,0
D_1NBAC536,412,False,http_error,HTTP Error 412: Precondition Failed,0
D_1NBAC537,412,False,http_error,HTTP Error 412: Precondition Failed,0
D_1NBAC538,412,False,http_error,HTTP Error 412: Precondition Failed,0
D_1NBAC539,412,False,http_error,HTTP Error 412: Precondition Failed,0
D_1NBAC540,412,False,http_error,HTTP Error 412: Precondition Failed,0
D_1NBAC541,412,False,http_error,HTTP Error 412: Precondition Failed,0
D_1NBAC542,412,False,http_error,HTTP Error 412: Precondition Failed,0
D_1NBAC543,412,False,http_error,HTTP Error 412: Precondition Failed,0
D_1NBAC544,412,False,http_error,HTTP Error 412: Precondition Failed,0
D_1NBAC545,412,False,http_error,HTTP Error 412: Precondition Failed,0
D_1NBAC546,412,False,http_error,HTTP Error 412: Precondition Failed,0
D_1NBAC547,412,False,http_error,HTTP Error 412: Precondition Failed,0
D_1NBAC548,412,False,http_error,HTTP Error 412: Precondition Failed,0
D_1NBAC549,412,False,http_error,HTTP Error 412: Precondition Failed,0
D_1NBAC550,412,False,http_error,HTTP Error 412: Precondition Failed,0
D_1NBAC551,412,False,http_error,HTTP Error 412: Precondition Failed,0
D_1NBAC552,412,False,http_error,HTTP Error 412: Precondition Failed,0
D_1NBAC553,412,False,http_error,HTTP Error 412: Precondition Failed,0
D_1NBAC554,412,False,http_error,HTTP Error 412: Precondition Failed,0
D_1NBAC555,412,False,http_error,HTTP Error 412: Precondition Failed,0
D_1NBAC556,412,False,http_error,HTTP Error 412: Precondition Failed,0
D_1NBAC557,412,False,http_error,HTTP Error 412: Precondition Failed,0
D_1NBAC558,412,False,http_error,HTTP Error 412: Precondition Failed,0
D_1NBAC559,412,False,http_error,HTTP Error 412: Precondition Failed,0
D_1NBAC560,412,False,http_error,HTTP Error 412: Precondition Failed,0
D_1NBAC561,412,False,http_error,HTTP Error 412: Precondition Failed,0
D_1NBAC562,412,False,http_error,HTTP Error 412: Precondition Failed,0
D_1NBAC563,412,False,http_error,HTTP Error 412: Precondition Failed,0
D_1NBAC564,412,False,http_error,HTTP Error 412: Precondition Failed,0
D_1NBAC565,412,False,http_error,HTTP Error 412: Precondition Failed,0
D_1NBAC566,412,False,http_error,HTTP Error 412: Precondition Failed,0
D_1NBAC567,412,False,http_error,HTTP Error 412: Precondition Failed,0
D_1NBAC568,412,False,http_error,HTTP Error 412: Precondition Failed,0
D_1NBAC569,412,False,http_error,HTTP Error 412: Precondition Failed,0
D_1NBAC570,412,False,http_error,HTTP Error 412: Precondition Failed,0
D_1NBAC571,412,False,http_error,HTTP Error 412: Precondition Failed,0
D_1NBAC572,200,False,parse_error,Expecting value: line 1 column 1 (char 0),0
D_1NBAC573,412,False,http_error,HTTP Error 412: Precondition Failed,0
D_1NBAC574,412,False,http_error,HTTP Error 412: Precondition Failed,0
D_1NBAC575,412,False,http_error,HTTP Error 412: Precondition Failed,0
D_1NBAC576,412,False,http_error,HTTP Error 412: Precondition Failed,0
D_1NBAC577,412,False,http_error,HTTP Error 412: Precondition Failed,0
D_1NBAC578,412,False,http_error,HTTP Error 412: Precondition Failed,0
D_1NBAC579,412,False,http_error,HTTP Error 412: Precondition Failed,0
D_1NBAC580,412,False,http_error,HTTP Error 412: Precondition Failed,0
D_1NBAC581,412,False,http_error,HTTP Error 412: Precondition Failed,0
D_1NBAC582,412,False,http_error,HTTP Error 412: Precondition Failed,0
D_1NBAC583,412,False,http_error,HTTP Error 412: Precondition Failed,0
D_1NBAC584,412,False,http_error,HTTP Error 412: Precondition Failed,0
D_1NBAC585,412,False,http_error,HTTP Error 412: Precondition Failed,0
D_1NBAC586,412,False,http_error,HTTP Error 412: Precondition Failed,0
D_1NBAC587,412,False,http_error,HTTP Error 412: Precondition Failed,0
D_1NBAC588,412,False,http_error,HTTP Error 412: Precondition Failed,0
D_1NBAC589,412,False,http_error,HTTP Error 412: Precondition Failed,0
D_1NBAC590,412,False,http_error,HTTP Error 412: Precondition Failed,0
D_1NBAC591,412,False,http_error,HTTP Error 412: Precondition Failed,0
D_1NBAC592,412,False,http_error,HTTP Error 412: Precondition Failed,0
D_1NBAC593,412,False,http_error,HTTP Error 412: Precondition Failed,0
D_1NBAC594,412,False,http_error,HTTP Error 412: Precondition Failed,0
D_1NBAC595,412,False,http_error,HTTP Error 412: Precondition Failed,0
D_1NBAC596,412,False,http_error,HTTP Error 412: Precondition Failed,0
D_1NBAC597,412,False,http_error,HTTP Error 412: Precondition Failed,0
D_1NBAC598,412,False,http_error,HTTP Error 412: Precondition Failed,0
D_1NBAC599,412,False,http_error,HTTP Error 412: Precondition Failed,0
D_1NBAC600,412,False,http_error,HTTP Error 412: Precondition Failed,0
D_1NBAC601,412,False,http_error,HTTP Error 412: Precondition Failed,0
D_1NBAC602,412,False,http_error,HTTP Error 412: Precondition Failed,0
D_1NBAC603,412,False,http_error,HTTP Error 412: Precondition Failed,0
D_1NBAC604,412,False,http_error,HTTP Error 412: Precondition Failed,0
D_1NBAC605,412,False,http_error,HTTP Error 412: Precondition Failed,0
D_1NBAC606,412,False,http_error,HTTP Error 412: Precondition Failed,0
D_1NBAC607,412,False,http_error,HTTP Error 412: Precondition Failed,0
D_1NBAC608,412,False,http_error,HTTP Error 412: Precondition Failed,0
D_1NBAC609,412,False,http_error,HTTP Error 412: Precondition Failed,0
D_1NBAC610,412,False,http_error,HTTP Error 412: Precondition Failed,0
D_1NBAC611,412,False,http_error,HTTP Error 412: Precondition Failed,0
D_1NBAC612,412,False,http_error,HTTP Error 412: Precondition Failed,0
D_1NBAC613,412,False,http_error,HTTP Error 412: Precondition Failed,0
D_1NBAC614,412,False,http_error,HTTP Error 412: Precondition Failed,0
D_1NBAC615,412,False,http_error,HTTP Error 412: Precondition Failed,0
D_1NBAC616,412,False,http_error,HTTP Error 412: Precondition Failed,0
D_1NBAC617,412,False,http_error,HTTP Error 412: Precondition Failed,0
D_1NBAC618,412,False,http_error,HTTP Error 412: Precondition Failed,0
D_1NBAC619,412,False,http_error,HTTP Error 412: Precondition Failed,0
D_1NBAC620,412,False,http_error,HTTP Error 412: Precondition Failed,0
D_1NBAC621,412,False,http_error,HTTP Error 412: Precondition Failed,0
D_1NBAC622,412,False,http_error,HTTP Error 412: Precondition Failed,0
D_1NBAC623,412,False,http_error,HTTP Error 412: Precondition Failed,0
D_1NBAC624,412,False,http_error,HTTP Error 412: Precondition Failed,0
D_1NBAC625,412,False,http_error,HTTP Error 412: Precondition Failed,0
D_1NBAC626,412,False,http_error,HTTP Error 412: Precondition Failed,0
D_1NBAC627,412,False,http_error,HTTP Error 412: Precondition Failed,0
D_1NBAC628,412,False,http_error,HTTP Error 412: Precondition Failed,0
D_1NBAC629,412,False,http_error,HTTP Error 412: Precondition Failed,0
D_1NBAC630,412,False,http_error,HTTP Error 412: Precondition Failed,0
D_1NBAC631,412,False,http_error,HTTP Error 412: Precondition Failed,0
D_1NBAC632,412,False,http_error,HTTP Error 412: Precondition Failed,0
D_1NBAC633,412,False,http_error,HTTP Error 412: Precondition Failed,0
D_1NBAC634,412,False,http_error,HTTP Error 412: Precondition Failed,0
D_1NBAC635,412,False,http_error,HTTP Error 412: Precondition Failed,0
D_1NBAC636,412,False,http_error,HTTP Error 412: Precondition Failed,0
D_1NBAC637,412,False,http_error,HTTP Error 412: Precondition Failed,0
D_1NBAC638,412,False,http_error,HTTP Error 412: Precondition Failed,0
D_1NBAC639,412,False,http_error,HTTP Error 412: Precondition Failed,0
D_1NBAC640,412,False,http_error,HTTP Error 412: Precondition Failed,0
D_1NBAC641,412,False,http_error,HTTP Error 412: Precondition Failed,0
D_1NBAC642,412,False,http_error,HTTP Error 412: Precondition Failed,0
D_1NBAC643,412,False,http_error,HTTP Error 412: Precondition Failed,0
D_1NBAC644,412,False,http_error,HTTP Error 412: Precondition Failed,0
D_1NBAC645,412,False,http_error,HTTP Error 412: Precondition Failed,0
D_1NBAC646,412,False,http_error,HTTP Error 412: Precondition Failed,0
D_1NBAC647,412,False,http_error,HTTP Error 412: Precondition Failed,0
D_1NBAC648,412,False,http_error,HTTP Error 412: Precondition Failed,0
D_1NBAC649,412,False,http_error,HTTP Error 412: Precondition Failed,0
D_1NBAC650,412,False,http_error,HTTP Error 412: Precondition Failed,0
D_1NBAC651,412,False,http_error,HTTP Error 412: Precondition Failed,0
D_1NBAC652,412,False,http_error,HTTP Error 412: Precondition Failed,0
D_1NBAC653,412,False,http_error,HTTP Error 412: Precondition Failed,0
D_1NBAC654,412,False,http_error,HTTP Error 412: Precondition Failed,0
D_1NBAC655,412,False,http_error,HTTP Error 412: Precondition Failed,0
D_1NBAC656,412,False,http_error,HTTP Error 412: Precondition Failed,0
D_1NBAC657,412,False,http_error,HTTP Error 412: Precondition Failed,0
D_1NBAC658,412,False,http_error,HTTP Error 412: Precondition Failed,0
D_1NBAC659,412,False,http_error,HTTP Error 412: Precondition Failed,0
D_1NBAC660,412,False,http_error,HTTP Error 412: Precondition Failed,0
D_1NBAC661,412,False,http_error,HTTP Error 412: Precondition Failed,0
D_1NBAC662,412,False,http_error,HTTP Error 412: Precondition Failed,0
D_1NBAC663,412,False,http_error,HTTP Error 412: Precondition Failed,0
D_1NBAC664,412,False,http_error,HTTP Error 412: Precondition Failed,0
D_1NBAC665,412,False,http_error,HTTP Error 412: Precondition Failed,0
D_1NBAC666,412,False,http_error,HTTP Error 412: Precondition Failed,0
D_1NBAC667,412,False,http_error,HTTP Error 412: Precondition Failed,0
D_1NBAC668,412,False,http_error,HTTP Error 412: Precondition Failed,0
D_1NBAC669,412,False,http_error,HTTP Error 412: Precondition Failed,0
D_1NBAC670,412,False,http_error,HTTP Error 412: Precondition Failed,0
D_1NBAC671,412,False,http_error,HTTP Error 412: Precondition Failed,0
D_1NBAC672,412,False,http_error,HTTP Error 412: Precondition Failed,0
D_1NBAC673,412,False,http_error,HTTP Error 412: Precondition Failed,0
D_1NBAC674,412,False,http_error,HTTP Error 412: Precondition Failed,0
D_1NBAC675,412,False,http_error,HTTP Error 412: Precondition Failed,0
D_1NBAC676,412,False,http_error,HTTP Error 412: Precondition Failed,0
D_1NBAC677,412,False,http_error,HTTP Error 412: Precondition Failed,0
D_1NBAC678,412,False,http_error,HTTP Error 412: Precondition Failed,0
D_1NBAC679,412,False,http_error,HTTP Error 412: Precondition Failed,0
D_1NBAC680,412,False,http_error,HTTP Error 412: Precondition Failed,0
D_1NBAC681,412,False,http_error,HTTP Error 412: Precondition Failed,0
D_1NBAC682,412,False,http_error,HTTP Error 412: Precondition Failed,0
D_1NBAC683,412,False,http_error,HTTP Error 412: Precondition Failed,0
D_1NBAC684,412,False,http_error,HTTP Error 412: Precondition Failed,0
D_1NBAC685,412,False,http_error,HTTP Error 412: Precondition Failed,0
D_1NBAC686,412,False,http_error,HTTP Error 412: Precondition Failed,0
D_1NBAC687,412,False,http_error,HTTP Error 412: Precondition Failed,0
D_1NBAC688,412,False,http_error,HTTP Error 412: Precondition Failed,0
D_1NBAC689,412,False,http_error,HTTP Error 412: Precondition Failed,0
D_1NBAC690,412,False,http_error,HTTP Error 412: Precondition Failed,0
D_1NBAC691,412,False,http_error,HTTP Error 412: Precondition Failed,0
D_1NBAC692,412,False,http_error,HTTP Error 412: Precondition Failed,0
D_1NBAC693,412,False,http_error,HTTP Error 412: Precondition Failed,0
D_1NBAC694,412,False,http_error,HTTP Error 412: Precondition Failed,0
D_1NBAC695,412,False,http_error,HTTP Error 412: Precondition Failed,0
D_1NBAC696,412,False,http_error,HTTP Error 412: Precondition Failed,0
D_1NBAC697,412,False,http_error,HTTP Error 412: Precondition Failed,0
D_1NBAC698,412,False,http_error,HTTP Error 412: Precondition Failed,0
D_1NBAC699,412,False,http_error,HTTP Error 412: Precondition Failed,0
D_1NBAC700,412,False,http_error,HTTP Error 412: Precondition Failed,0
D_1NBAC701,412,False,http_error,HTTP Error 412: Precondition Failed,0
D_1NBAC702,412,False,http_error,HTTP Error 412: Precondition Failed,0
D_1NBAC703,412,False,http_error,HTTP Error 412: Precondition Failed,0
D_1NBAC704,412,False,http_error,HTTP Error 412: Precondition Failed,0
D_1NBAC705,412,False,http_error,HTTP Error 412: Precondition Failed,0
D_1NBAC706,412,False,http_error,HTTP Error 412: Precondition Failed,0
D_1NBAC707,412,False,http_error,HTTP Error 412: Precondition Failed,0
D_1NBAC708,412,False,http_error,HTTP Error 412: Precondition Failed,0
D_1NBAC709,412,False,http_error,HTTP Error 412: Precondition Failed,0
D_1NBAC710,412,False,http_error,HTTP Error 412: Precondition Failed,0
D_1NBAC711,412,False,http_error,HTTP Error 412: Precondition Failed,0
D_1NBAC712,412,False,http_error,HTTP Error 412: Precondition Failed,0
D_1NBAC713,412,False,http_error,HTTP Error 412: Precondition Failed,0
D_1NBAC714,412,False,http_error,HTTP Error 412: Precondition Failed,0
D_1NBAC715,412,False,http_error,HTTP Error 412: Precondition Failed,0
D_1NBAC716,412,False,http_error,HTTP Error 412: Precondition Failed,0
D_1NBAC717,412,False,http_error,HTTP Error 412: Precondition Failed,0
D_1NBAC718,412,False,http_error,HTTP Error 412: Precondition Failed,0
D_1NBAC719,412,False,http_error,HTTP Error 412: Precondition Failed,0
D_1NBAC720,412,False,http_error,HTTP Error 412: Precondition Failed,0
D_1NBAC721,412,False,http_error,HTTP Error 412: Precondition Failed,0
D_1NBAC722,412,False,http_error,HTTP Error 412: Precondition Failed,0
D_1NBAC723,412,False,http_error,HTTP Error 412: Precondition Failed,0
D_1NBAC724,412,False,http_error,HTTP Error 412: Precondition Failed,0
D_1NBAC725,412,False,http_error,HTTP Error 412: Precondition Failed,0
D_1NBAC726,412,False,http_error,HTTP Error 412: Precondition Failed,0
D_1NBAC727,412,False,http_error,HTTP Error 412: Precondition Failed,0
D_1NBAC728,412,False,http_error,HTTP Error 412: Precondition Failed,0
D_1NBAC729,412,False,http_error,HTTP Error 412: Precondition Failed,0
D_1NBAC730,412,False,http_error,HTTP Error 412: Precondition Failed,0
D_1NBAC731,412,False,http_error,HTTP Error 412: Precondition Failed,0
D_1NBAC732,412,False,http_error,HTTP Error 412: Precondition Failed,0
D_1NBAC733,412,False,http_error,HTTP Error 412: Precondition Failed,0
D_1NBAC734,412,False,http_error,HTTP Error 412: Precondition Failed,0
D_1NBAC735,412,False,http_error,HTTP Error 412: Precondition Failed,0
D_1NBAC736,412,False,http_error,HTTP Error 412: Precondition Failed,0
D_1NBAC737,412,False,http_error,HTTP Error 412: Precondition Failed,0
D_1NBAC738,412,False,http_error,HTTP Error 412: Precondition Failed,0
D_1NBAC739,412,False,http_error,HTTP Error 412: Precondition Failed,0
D_1NBAC740,412,False,http_error,HTTP Error 412: Precondition Failed,0
D_1NBAC741,412,False,http_error,HTTP Error 412: Precondition Failed,0
D_1NBAC742,412,False,http_error,HTTP Error 412: Precondition Failed,0
D_1NBAC743,412,False,http_error,HTTP Error 412: Precondition Failed,0
D_1NBAC744,412,False,http_error,HTTP Error 412: Precondition Failed,0
D_1NBAC745,412,False,http_error,HTTP Error 412: Precondition Failed,0
D_1NBAC746,412,False,http_error,HTTP Error 412: Precondition Failed,0
D_1NBAC747,412,False,http_error,HTTP Error 412: Precondition Failed,0
D_1NBAC748,412,False,http_error,HTTP Error 412: Precondition Failed,0
D_1NBAC749,412,False,http_error,HTTP Error 412: Precondition Failed,0
D_1NBAC750,412,False,http_error,HTTP Error 412: Precondition Failed,0
D_1NBAC751,412,False,http_error,HTTP Error 412: Precondition Failed,0
D_1NBAC752,412,False,http_error,HTTP Error 412: Precondition Failed,0
D_1NBAC753,412,False,http_error,HTTP Error 412: Precondition Failed,0
D_1NBAC754,412,False,http_error,HTTP Error 412: Precondition Failed,0
D_1NBAC755,412,False,http_error,HTTP Error 412: Precondition Failed,0
D_1NBAC756,412,False,http_error,HTTP Error 412: Precondition Failed,0
D_1NBAC757,412,False,http_error,HTTP Error 412: Precondition Failed,0
D_1NBAC758,412,False,http_error,HTTP Error 412: Precondition Failed,0
D_1NBAC759,412,False,http_error,HTTP Error 412: Precondition Failed,0
D_1NBAC760,412,False,http_error,HTTP Error 412: Precondition Failed,0
D_1NBAC761,412,False,http_error,HTTP Error 412: Precondition Failed,0
D_1NBAC762,412,False,http_error,HTTP Error 412: Precondition Failed,0
D_1NBAC763,412,False,http_error,HTTP Error 412: Precondition Failed,0
D_1NBAC764,412,False,http_error,HTTP Error 412: Precondition Failed,0
D_1NBAC765,412,False,http_error,HTTP Error 412: Precondition Failed,0
D_1NBAC766,412,False,http_error,HTTP Error 412: Precondition Failed,0
D_1NBAC767,412,False,http_error,HTTP Error 412: Precondition Failed,0
D_1NBAC768,412,False,http_error,HTTP Error 412: Precondition Failed,0
D_1NBAC769,412,False,http_error,HTTP Error 412: Precondition Failed,0
D_1NBAC770,412,False,http_error,HTTP Error 412: Precondition Failed,0
D_1NBAC771,412,False,http_error,HTTP Error 412: Precondition Failed,0
D_1NBAC772,412,False,http_error,HTTP Error 412: Precondition Failed,0
D_1NBAC773,412,False,http_error,HTTP Error 412: Precondition Failed,0
D_1NBAC774,412,False,http_error,HTTP Error 412: Precondition Failed,0
D_1NBAC775,412,False,http_error,HTTP Error 412: Precondition Failed,0
D_1NBAC776,412,False,http_error,HTTP Error 412: Precondition Failed,0
D_1NBAC777,412,False,http_error,HTTP Error 412: Precondition Failed,0
D_1NBAC778,412,False,http_error,HTTP Error 412: Precondition Failed,0
D_1NBAC779,412,False,http_error,HTTP Error 412: Precondition Failed,0
D_1NBAC780,412,False,http_error,HTTP Error 412: Precondition Failed,0
D_1NBAC781,412,False,http_error,HTTP Error 412: Precondition Failed,0
D_1NBAC782,412,False,http_error,HTTP Error 412: Precondition Failed,0
D_1NBAC783,412,False,http_error,HTTP Error 412: Precondition Failed,0
D_1NBAC784,412,False,http_error,HTTP Error 412: Precondition Failed,0
D_1NBAC785,412,False,http_error,HTTP Error 412: Precondition Failed,0
D_1NBAC786,412,False,http_error,HTTP Error 412: Precondition Failed,0
D_1NBAC787,412,False,http_error,HTTP Error 412: Precondition Failed,0
D_1NBAC788,412,False,http_error,HTTP Error 412: Precondition Failed,0
D_1NBAC789,412,False,http_error,HTTP Error 412: Precondition Failed,0
D_1NBAC790,412,False,http_error,HTTP Error 412: Precondition Failed,0
D_1NBAC791,412,False,http_error,HTTP Error 412: Precondition Failed,0
D_1NBAC792,412,False,http_error,HTTP Error 412: Precondition Failed,0
D_1NBAC793,412,False,http_error,HTTP Error 412: Precondition Failed,0
D_1NBAC794,412,False,http_error,HTTP Error 412: Precondition Failed,0
D_1NBAC795,412,False,http_error,HTTP Error 412: Precondition Failed,0
D_1NBAC796,412,False,http_error,HTTP Error 412: Precondition Failed,0
D_1NBAC797,412,False,http_error,HTTP Error 412: Precondition Failed,0
D_1NBAC798,412,False,http_error,HTTP Error 412: Precondition Failed,0
D_1NBAC799,412,False,http_error,HTTP Error 412: Precondition Failed,0
D_1NBAC800,412,False,http_error,HTTP Error 412: Precondition Failed,0
D_1NBAC801,412,False,http_error,HTTP Error 412: Precondition Failed,0
D_1NBAC802,412,False,http_error,HTTP Error 412: Precondition Failed,0
D_1NBAC803,412,False,http_error,HTTP Error 412: Precondition Failed,0
D_1NBAC804,412,False,http_error,HTTP Error 412: Precondition Failed,0
D_1NBAC805,412,False,http_error,HTTP Error 412: Precondition Failed,0
D_1NBAC806,412,False,http_error,HTTP Error 412: Precondition Failed,0
D_1NBAC807,412,False,http_error,HTTP Error 412: Precondition Failed,0
D_1NBAC808,412,False,http_error,HTTP Error 412: Precondition Failed,0
D_1NBAC809,412,False,http_error,HTTP Error 412: Precondition Failed,0
D_1NBAC810,412,False,http_error,HTTP Error 412: Precondition Failed,0
D_1NBAC811,412,False,http_error,HTTP Error 412: Precondition Failed,0
D_1NBAC812,412,False,http_error,HTTP Error 412: Precondition Failed,0
D_1NBAC813,412,False,http_error,HTTP Error 412: Precondition Failed,0
D_1NBAC814,412,False,http_error,HTTP Error 412: Precondition Failed,0
D_1NBAC815,412,False,http_error,HTTP Error 412: Precondition Failed,0
D_1NBAC816,412,False,http_error,HTTP Error 412: Precondition Failed,0
D_1NBAC817,412,False,http_error,HTTP Error 412: Precondition Failed,0
D_1NBAC818,412,False,http_error,HTTP Error 412: Precondition Failed,0
D_1NBAC819,412,False,http_error,HTTP Error 412: Precondition Failed,0
D_1NBAC820,412,False,http_error,HTTP Error 412: Precondition Failed,0
D_1NBAC821,412,False,http_error,HTTP Error 412: Precondition Failed,0
D_1NBAC822,412,False,http_error,HTTP Error 412: Precondition Failed,0
D_1NBAC823,412,False,http_error,HTTP Error 412: Precondition Failed,0
D_1NBAC824,412,False,http_error,HTTP Error 412: Precondition Failed,0
D_1NBAC825,412,False,http_error,HTTP Error 412: Precondition Failed,0
D_1NBAC826,412,False,http_error,HTTP Error 412: Precondition Failed,0
D_1NBAC827,412,False,http_error,HTTP Error 412: Precondition Failed,0
D_1NBAC828,412,False,http_error,HTTP Error 412: Precondition Failed,0
D_1NBAC829,412,False,http_error,HTTP Error 412: Precondition Failed,0
D_1NBAC830,412,False,http_error,HTTP Error 412: Precondition Failed,0
D_1NBAC831,412,False,http_error,HTTP Error 412: Precondition Failed,0
D_1NBAC832,412,False,http_error,HTTP Error 412: Precondition Failed,0
D_1NBAC833,412,False,http_error,HTTP Error 412: Precondition Failed,0
D_1NBAC834,412,False,http_error,HTTP Error 412: Precondition Failed,0
D_1NBAC835,412,False,http_error,HTTP Error 412: Precondition Failed,0
D_1NBAC836,412,False,http_error,HTTP Error 412: Precondition Failed,0
D_1NBAC837,412,False,http_error,HTTP Error 412: Precondition Failed,0
D_1NBAC838,412,False,http_error,HTTP Error 412: Precondition Failed,0
D_1NBAC839,412,False,http_error,HTTP Error 412: Precondition Failed,0
D_1NBAC840,412,False,http_error,HTTP Error 412: Precondition Failed,0
D_1NBAC841,412,False,http_error,HTTP Error 412: Precondition Failed,0
D_1NBAC842,412,False,http_error,HTTP Error 412: Precondition Failed,0
D_1NBAC843,412,False,http_error,HTTP Error 412: Precondition Failed,0
D_1NBAC844,412,False,http_error,HTTP Error 412: Precondition Failed,0
D_1NBAC845,412,False,http_error,HTTP Error 412: Precondition Failed,0
D_1NBAC846,412,False,http_error,HTTP Error 412: Precondition Failed,0
D_1NBAC847,412,False,http_error,HTTP Error 412: Precondition Failed,0
D_1NBAC848,412,False,http_error,HTTP Error 412: Precondition Failed,0
D_1NBAC849,412,False,http_error,HTTP Error 412: Precondition Failed,0
D_1NBAC850,412,False,http_error,HTTP Error 412: Precondition Failed,0
D_1NBAC851,412,False,http_error,HTTP Error 412: Precondition Failed,0
D_1NBAC852,412,False,http_error,HTTP Error 412: Precondition Failed,0
D_1NBAC853,412,False,http_error,HTTP Error 412: Precondition Failed,0
D_1NBAC854,412,False,http_error,HTTP Error 412: Precondition Failed,0
D_1NBAC855,412,False,http_error,HTTP Error 412: Precondition Failed,0
D_1NBAC856,412,False,http_error,HTTP Error 412: Precondition Failed,0
D_1NBAC857,412,False,http_error,HTTP Error 412: Precondition Failed,0
D_1NBAC858,412,False,http_error,HTTP Error 412: Precondition Failed,0
D_1NBAC859,412,False,http_error,HTTP Error 412: Precondition Failed,0
D_1NBAC860,412,False,http_error,HTTP Error 412: Precondition Failed,0
D_1NBAC861,412,False,http_error,HTTP Error 412: Precondition Failed,0
D_1NBAC862,412,False,http_error,HTTP Error 412: Precondition Failed,0
D_1NBAC863,412,False,http_error,HTTP Error 412: Precondition Failed,0
D_1NBAC864,412,False,http_error,HTTP Error 412: Precondition Failed,0
D_1NBAC865,412,False,http_error,HTTP Error 412: Precondition Failed,0
D_1NBAC866,412,False,http_error,HTTP Error 412: Precondition Failed,0
D_1NBAC867,412,False,http_error,HTTP Error 412: Precondition Failed,0
D_1NBAC868,412,False,http_error,HTTP Error 412: Precondition Failed,0
D_1NBAC869,412,False,http_error,HTTP Error 412: Precondition Failed,0
D_1NBAC870,412,False,http_error,HTTP Error 412: Precondition Failed,0
D_1NBAC871,412,False,http_error,HTTP Error 412: Precondition Failed,0
D_1NBAC872,412,False,http_error,HTTP Error 412: Precondition Failed,0
D_1NBAC873,412,False,http_error,HTTP Error 412: Precondition Failed,0
D_1NBAC874,412,False,http_error,HTTP Error 412: Precondition Failed,0
D_1NBAC875,412,False,http_error,HTTP Error 412: Precondition Failed,0
D_1NBAC876,412,False,http_error,HTTP Error 412: Precondition Failed,0
D_1NBAC877,412,False,http_error,HTTP Error 412: Precondition Failed,0
D_1NBAC878,412,False,http_error,HTTP Error 412: Precondition Failed,0
D_1NBAC879,412,False,http_error,HTTP Error 412: Precondition Failed,0
D_1NBAC880,412,False,http_error,HTTP Error 412: Precondition Failed,0
D_1NBAC881,412,False,http_error,HTTP Error 412: Precondition Failed,0
D_1NBAC882,412,False,http_error,HTTP Error 412: Precondition Failed,0
D_1NBAC883,412,False,http_error,HTTP Error 412: Precondition Failed,0
D_1NBAC884,412,False,http_error,HTTP Error 412: Precondition Failed,0
D_1NBAC885,412,False,http_error,HTTP Error 412: Precondition Failed,0
D_1NBAC886,412,False,http_error,HTTP Error 412: Precondition Failed,0
D_1NBAC887,412,False,http_error,HTTP Error 412: Precondition Failed,0
D_1NBAC888,412,False,http_error,HTTP Error 412: Precondition Failed,0
D_1NBAC889,412,False,http_error,HTTP Error 412: Precondition Failed,0
D_1NBAC890,412,False,http_error,HTTP Error 412: Precondition Failed,0
D_1NBAC891,412,False,http_error,HTTP Error 412: Precondition Failed,0
D_1NBAC892,412,False,http_error,HTTP Error 412: Precondition Failed,0
D_1NBAC893,412,False,http_error,HTTP Error 412: Precondition Failed,0
D_1NBAC894,412,False,http_error,HTTP Error 412: Precondition Failed,0
D_1NBAC895,412,False,http_error,HTTP Error 412: Precondition Failed,0
D_1NBAC896,412,False,http_error,HTTP Error 412: Precondition Failed,0
D_1NBAC897,412,False,http_error,HTTP Error 412: Precondition Failed,0
D_1NBAC898,412,False,http_error,HTTP Error 412: Precondition Failed,0
D_1NBAC899,412,False,http_error,HTTP Error 412: Precondition Failed,0
D_1NBAC900,412,False,http_error,HTTP Error 412: Precondition Failed,0
D_1NBAC901,412,False,http_error,HTTP Error 412: Precondition Failed,0
D_1NBAC902,412,False,http_error,HTTP Error 412: Precondition Failed,0
D_1NBAC903,412,False,http_error,HTTP Error 412: Precondition Failed,0
D_1NBAC904,412,False,http_error,HTTP Error 412: Precondition Failed,0
D_1NBAC905,412,False,http_error,HTTP Error 412: Precondition Failed,0
D_1NBAC906,412,False,http_error,HTTP Error 412: Precondition Failed,0
D_1NBAC907,412,False,http_error,HTTP Error 412: Precondition Failed,0
D_1NBAC908,412,False,http_error,HTTP Error 412: Precondition Failed,0
D_1NBAC909,412,False,http_error,HTTP Error 412: Precondition Failed,0
D_1NBAC910,412,False,http_error,HTTP Error 412: Precondition Failed,0
D_1NBAC911,412,False,http_error,HTTP Error 412: Precondition Failed,0
D_1NBAC912,412,False,http_error,HTTP Error 412: Precondition Failed,0
D_1NBAC913,412,False,http_error,HTTP Error 412: Precondition Failed,0
D_1NBAC914,412,False,http_error,HTTP Error 412: Precondition Failed,0
D_1NBAC915,412,False,http_error,HTTP Error 412: Precondition Failed,0
D_1NBAC916,412,False,http_error,HTTP Error 412: Precondition Failed,0
D_1NBAC917,412,False,http_error,HTTP Error 412: Precondition Failed,0
D_1NBAC918,412,False,http_error,HTTP Error 412: Precondition Failed,0
D_1NBAC919,412,False,http_error,HTTP Error 412: Precondition Failed,0
D_1NBAC920,412,False,http_error,HTTP Error 412: Precondition Failed,0
D_1NBAC921,412,False,http_error,HTTP Error 412: Precondition Failed,0
D_1NBAC922,412,False,http_error,HTTP Error 412: Precondition Failed,0
D_1NBAC923,412,False,http_error,HTTP Error 412: Precondition Failed,0
D_1NBAC924,412,False,http_error,HTTP Error 412: Precondition Failed,0
D_1NBAC925,412,False,http_error,HTTP Error 412: Precondition Failed,0
D_1NBAC926,412,False,http_error,HTTP Error 412: Precondition Failed,0
D_1NBAC927,412,False,http_error,HTTP Error 412: Precondition Failed,0
D_1NBAC928,412,False,http_error,HTTP Error 412: Precondition Failed,0
D_1NBAC929,412,False,http_error,HTTP Error 412: Precondition Failed,0
D_1NBAC930,412,False,http_error,HTTP Error 412: Precondition Failed,0
D_1NBAC931,412,False,http_error,HTTP Error 412: Precondition Failed,0
D_1NBAC932,412,False,http_error,HTTP Error 412: Precondition Failed,0
D_1NBAC933,412,False,http_error,HTTP Error 412: Precondition Failed,0
D_1NBAC934,412,False,http_error,HTTP Error 412: Precondition Failed,0
D_1NBAC935,412,False,http_error,HTTP Error 412: Precondition Failed,0
D_1NBAC936,412,False,http_error,HTTP Error 412: Precondition Failed,0
D_1NBAC937,412,False,http_error,HTTP Error 412: Precondition Failed,0
D_1NBAC938,412,False,http_error,HTTP Error 412: Precondition Failed,0
D_1NBAC939,412,False,http_error,HTTP Error 412: Precondition Failed,0
D_1NBAC940,412,False,http_error,HTTP Error 412: Precondition Failed,0
D_1NBAC941,412,False,http_error,HTTP Error 412: Precondition Failed,0
D_1NBAC942,412,False,http_error,HTTP Error 412: Precondition Failed,0
D_1NBAC943,412,False,http_error,HTTP Error 412: Precondition Failed,0
D_1NBAC944,412,False,http_error,HTTP Error 412: Precondition Failed,0
D_1NBAC945,412,False,http_error,HTTP Error 412: Precondition Failed,0
D_1NBAC946,412,False,http_error,HTTP Error 412: Precondition Failed,0
D_1NBAC947,412,False,http_error,HTTP Error 412: Precondition Failed,0
D_1NBAC948,412,False,http_error,HTTP Error 412: Precondition Failed,0
D_1NBAC949,412,False,http_error,HTTP Error 412: Precondition Failed,0
D_1NBAC950,412,False,http_error,HTTP Error 412: Precondition Failed,0
D_1NBAC951,412,False,http_error,HTTP Error 412: Precondition Failed,0
D_1NBAC952,412,False,http_error,HTTP Error 412: Precondition Failed,0
D_1NBAC953,412,False,http_error,HTTP Error 412: Precondition Failed,0
D_1NBAC954,412,False,http_error,HTTP Error 412: Precondition Failed,0
D_1NBAC955,412,False,http_error,HTTP Error 412: Precondition Failed,0
D_1NBAC956,412,False,http_error,HTTP Error 412: Precondition Failed,0
D_1NBAC957,412,False,http_error,HTTP Error 412: Precondition Failed,0
D_1NBAC958,412,False,http_error,HTTP Error 412: Precondition Failed,0
D_1NBAC959,412,False,http_error,HTTP Error 412: Precondition Failed,0
D_1NBAC960,412,False,http_error,HTTP Error 412: Precondition Failed,0
D_1NBAC961,412,False,http_error,HTTP Error 412: Precondition Failed,0
D_1NBAC962,412,False,http_error,HTTP Error 412: Precondition Failed,0
D_1NBAC963,412,False,http_error,HTTP Error 412: Precondition Failed,0
D_1NBAC964,412,False,http_error,HTTP Error 412: Precondition Failed,0
D_1NBAC965,412,False,http_error,HTTP Error 412: Precondition Failed,0
D_1NBAC966,412,False,http_error,HTTP Error 412: Precondition Failed,0
D_1NBAC967,412,False,http_error,HTTP Error 412: Precondition Failed,0
D_1NBAC968,412,False,http_error,HTTP Error 412: Precondition Failed,0
D_1NBAC969,412,False,http_error,HTTP Error 412: Precondition Failed,0
D_1NBAC970,412,False,http_error,HTTP Error 412: Precondition Failed,0
D_1NBAC971,412,False,http_error,HTTP Error 412: Precondition Failed,0
D_1NBAC972,200,False,parse_error,Expecting value: line 1 column 1 (char 0),0
D_1NBAC973,412,False,http_error,HTTP Error 412: Precondition Failed,0
D_1NBAC974,412,False,http_error,HTTP Error 412: Precondition Failed,0
D_1NBAC975,412,False,http_error,HTTP Error 412: Precondition Failed,0
D_1NBAC976,412,False,http_error,HTTP Error 412: Precondition Failed,0
D_1NBAC977,412,False,http_error,HTTP Error 412: Precondition Failed,0
D_1NBAC978,412,False,http_error,HTTP Error 412: Precondition Failed,0
D_1NBAC979,412,False,http_error,HTTP Error 412: Precondition Failed,0
D_1NBAC980,412,False,http_error,HTTP Error 412: Precondition Failed,0
D_1NBAC981,412,False,http_error,HTTP Error 412: Precondition Failed,0
D_1NBAC982,412,False,http_error,HTTP Error 412: Precondition Failed,0
D_1NBAC983,412,False,http_error,HTTP Error 412: Precondition Failed,0
D_1NBAC984,412,False,http_error,HTTP Error 412: Precondition Failed,0
D_1NBAC985,412,False,http_error,HTTP Error 412: Precondition Failed,0
D_1NBAC986,412,False,http_error,HTTP Error 412: Precondition Failed,0
D_1NBAC987,412,False,http_error,HTTP Error 412: Precondition Failed,0
D_1NBAC988,412,False,http_error,HTTP Error 412: Precondition Failed,0
D_1NBAC989,412,False,http_error,HTTP Error 412: Precondition Failed,0
D_1NBAC990,412,False,http_error,HTTP Error 412: Precondition Failed,0
D_1NBAC991,412,False,http_error,HTTP Error 412: Precondition Failed,0
D_1NBAC992,412,False,http_error,HTTP Error 412: Precondition Failed,0
D_1NBAC993,412,False,http_error,HTTP Error 412: Precondition Failed,0
D_1NBAC994,412,False,http_error,HTTP Error 412: Precondition Failed,0
D_1NBAC995,412,False,http_error,HTTP Error 412: Precondition Failed,0
D_1NBAC996,412,False,http_error,HTTP Error 412: Precondition Failed,0
D_1NBAC997,412,False,http_error,HTTP Error 412: Precondition Failed,0
D_1NBAC998,412,False,http_error,HTTP Error 412: Precondition Failed,0
D_1NBAC999,412,False,http_error,HTTP Error 412: Precondition Failed,0
D_1NBAD000,412,False,http_error,HTTP Error 412: Precondition Failed,0
D_1NBAD001,412,False,http_error,HTTP Error 412: Precondition Failed,0
D_1NBAD002,412,False,http_error,HTTP Error 412: Precondition Failed,0
D_1NBAD003,412,False,http_error,HTTP Error 412: Precondition Failed,0
D_1NBAD004,412,False,http_error,HTTP Error 412: Precondition Failed,0
D_1NBAD005,412,False,http_error,HTTP Error 412: Precondition Failed,0
D_1NBAD006,412,False,http_error,HTTP Error 412: Precondition Failed,0
D_1NBAD007,412,False,http_error,HTTP Error 412: Precondition Failed,0
D_1NBAD008,412,False,http_error,HTTP Error 412: Precondition Failed,0
D_1NBAD009,412,False,http_error,HTTP Error 412: Precondition Failed,0
D_1NBAD010,412,False,http_error,HTTP Error 412: Precondition Failed,0
D_1NBAD011,412,False,http_error,HTTP Error 412: Precondition Failed,0
D_1NBAD012,412,False,http_error,HTTP Error 412: Precondition Failed,0
D_1NBAD013,412,False,http_error,HTTP Error 412: Precondition Failed,0
D_1NBAD014,412,False,http_error,HTTP Error 412: Precondition Failed,0
D_1NBAD015,412,False,http_error,HTTP Error 412: Precondition Failed,0
D_1NBAD016,412,False,http_error,HTTP Error 412: Precondition Failed,0
D_1NBAD017,412,False,http_error,HTTP Error 412: Precondition Failed,0
D_1NBAD018,412,False,http_error,HTTP Error 412: Precondition Failed,0
D_1NBAD019,412,False,http_error,HTTP Error 412: Precondition Failed,0
D_1NBAD020,412,False,http_error,HTTP Error 412: Precondition Failed,0
D_1NBAD021,412,False,http_error,HTTP Error 412: Precondition Failed,0
D_1NBAD022,412,False,http_error,HTTP Error 412: Precondition Failed,0
D_1NBAD023,412,False,http_error,HTTP Error 412: Precondition Failed,0
D_1NBAD024,412,False,http_error,HTTP Error 412: Precondition Failed,0
D_1NBAD025,412,False,http_error,HTTP Error 412: Precondition Failed,0
D_1NBAD026,412,False,http_error,HTTP Error 412: Precondition Failed,0
D_1NBAD027,412,False,http_error,HTTP Error 412: Precondition Failed,0
D_1NBAD028,412,False,http_error,HTTP Error 412: Precondition Failed,0
D_1NBAD029,412,False,http_error,HTTP Error 412: Precondition Failed,0
D_1NBAD030,412,False,http_error,HTTP Error 412: Precondition Failed,0
D_1NBAD031,412,False,http_error,HTTP Error 412: Precondition Failed,0
D_1NBAD032,412,False,http_error,HTTP Error 412: Precondition Failed,0
D_1NBAD033,412,False,http_error,HTTP Error 412: Precondition Failed,0
D_1NBAD034,412,False,http_error,HTTP Error 412: Precondition Failed,0
D_1NBAD035,412,False,http_error,HTTP Error 412: Precondition Failed,0
D_1NBAD036,412,False,http_error,HTTP Error 412: Precondition Failed,0
D_1NBAD037,412,False,http_error,HTTP Error 412: Precondition Failed,0
D_1NBAD038,412,False,http_error,HTTP Error 412: Precondition Failed,0
D_1NBAD039,412,False,http_error,HTTP Error 412: Precondition Failed,0
D_1NBAD040,412,False,http_error,HTTP Error 412: Precondition Failed,0
D_1NBAD041,412,False,http_error,HTTP Error 412: Precondition Failed,0
D_1NBAD042,412,False,http_error,HTTP Error 412: Precondition Failed,0
D_1NBAD043,412,False,http_error,HTTP Error 412: Precondition Failed,0
D_1NBAD044,412,False,http_error,HTTP Error 412: Precondition Failed,0
D_1NBAD045,412,False,http_error,HTTP Error 412: Precondition Failed,0
D_1NBAD046,412,False,http_error,HTTP Error 412: Precondition Failed,0
D_1NBAD047,412,False,http_error,HTTP Error 412: Precondition Failed,0
D_1NBAD048,412,False,http_error,HTTP Error 412: Precondition Failed,0
D_1NBAD049,412,False,http_error,HTTP Error 412: Precondition Failed,0
D_1NBAD050,412,False,http_error,HTTP Error 412: Precondition Failed,0
D_1NBAD051,412,False,http_error,HTTP Error 412: Precondition Failed,0
D_1NBAD052,412,False,http_error,HTTP Error 412: Precondition Failed,0
D_1NBAD053,412,False,http_error,HTTP Error 412: Precondition Failed,0
D_1NBAD054,412,False,http_error,HTTP Error 412: Precondition Failed,0
D_1NBAD055,412,False,http_error,HTTP Error 412: Precondition Failed,0
D_1NBAD056,412,False,http_error,HTTP Error 412: Precondition Failed,0
D_1NBAD057,412,False,http_error,HTTP Error 412: Precondition Failed,0
D_1NBAD058,412,False,http_error,HTTP Error 412: Precondition Failed,0
D_1NBAD059,412,False,http_error,HTTP Error 412: Precondition Failed,0
D_1NBAD060,412,False,http_error,HTTP Error 412: Precondition Failed,0
D_1NBAD061,412,False,http_error,HTTP Error 412: Precondition Failed,0
D_1NBAD062,412,False,http_error,HTTP Error 412: Precondition Failed,0
D_1NBAD063,412,False,http_error,HTTP Error 412: Precondition Failed,0
D_1NBAD064,412,False,http_error,HTTP Error 412: Precondition Failed,0
D_1NBAD065,412,False,http_error,HTTP Error 412: Precondition Failed,0
D_1NBAD066,412,False,http_error,HTTP Error 412: Precondition Failed,0
D_1NBAD067,412,False,http_error,HTTP Error 412: Precondition Failed,0
D_1NBAD068,412,False,http_error,HTTP Error 412: Precondition Failed,0
D_1NBAD069,412,False,http_error,HTTP Error 412: Precondition Failed,0
D_1NBAD070,412,False,http_error,HTTP Error 412: Precondition Failed,0
D_1NBAD071,412,False,http_error,HTTP Error 412: Precondition Failed,0
D_1NBAD072,412,False,http_error,HTTP Error 412: Precondition Failed,0
D_1NBAD073,412,False,http_error,HTTP Error 412: Precondition Failed,0
D_1NBAD074,412,False,http_error,HTTP Error 412: Precondition Failed,0
D_1NBAD075,412,False,http_error,HTTP Error 412: Precondition Failed,0
D_1NBAD076,412,False,http_error,HTTP Error 412: Precondition Failed,0
D_1NBAD077,412,False,http_error,HTTP Error 412: Precondition Failed,0
D_1NBAD078,412,False,http_error,HTTP Error 412: Precondition Failed,0
D_1NBAD079,412,False,http_error,HTTP Error 412: Precondition Failed,0
D_1NBAD080,412,False,http_error,HTTP Error 412: Precondition Failed,0
D_1NBAD081,412,False,http_error,HTTP Error 412: Precondition Failed,0
D_1NBAD082,412,False,http_error,HTTP Error 412: Precondition Failed,0
D_1NBAD083,412,False,http_error,HTTP Error 412: Precondition Failed,0
D_1NBAD084,412,False,http_error,HTTP Error 412: Precondition Failed,0
D_1NBAD085,,False,timeout,timed out,0
D_1NBAD086,412,False,http_error,HTTP Error 412: Precondition Failed,0
D_1NBAD087,412,False,http_error,HTTP Error 412: Precondition Failed,0
D_1NBAD088,412,False,http_error,HTTP Error 412: Precondition Failed,0
D_1NBAD089,412,False,http_error,HTTP Error 412: Precondition Failed,0
D_1NBAD090,412,False,http_error,HTTP Error 412: Precondition Failed,0
D_1NBAD091,412,False,http_error,HTTP Error 412: Precondition Failed,0
D_1NBAD092,412,False,http_error,HTTP Error 412: Precondition Failed,0
D_1NBAD093,412,False,http_error,HTTP Error 412: Precondition Failed,0
D_1NBAD094,412,False,http_error,HTTP Error 412: Precondition Failed,0
D_1NBAD095,412,False,http_error,HTTP Error 412: Precondition Failed,0
D_1NBAD096,412,False,http_error,HTTP Error 412: Precondition Failed,0
D_1NBAD097,412,False,http_error,HTTP Error 412: Precondition Failed,0
D_1NBAD098,412,False,http_error,HTTP Error 412: Precondition Failed,0
D_1NBAD099,412,False,http_error,HTTP Error 412: Precondition Failed,0
D_1NBAD100,412,False,http_error,HTTP Error 412: Precondition Failed,0
D_1NBAD101,412,False,http_error,HTTP Error 412: Precondition Failed,0
D_1NBAD102,412,False,http_error,HTTP Error 412: Precondition Failed,0
D_1NBAD103,412,False,http_error,HTTP Error 412: Precondition Failed,0
D_1NBAD104,412,False,http_error,HTTP Error 412: Precondition Failed,0
D_1NBAD105,412,False,http_error,HTTP Error 412: Precondition Failed,0
D_1NBAD106,412,False,http_error,HTTP Error 412: Precondition Failed,0
D_1NBAD107,412,False,http_error,HTTP Error 412: Precondition Failed,0
D_1NBAD108,412,False,http_error,HTTP Error 412: Precondition Failed,0
D_1NBAD109,412,False,http_error,HTTP Error 412: Precondition Failed,0
D_1NBAD110,412,False,http_error,HTTP Error 412: Precondition Failed,0
D_1NBAD111,412,False,http_error,HTTP Error 412: Precondition Failed,0
D_1NBAD112,412,False,http_error,HTTP Error 412: Precondition Failed,0
D_1NBAD113,412,False,http_error,HTTP Error 412: Precondition Failed,0
D_1NBAD114,412,False,http_error,HTTP Error 412: Precondition Failed,0
D_1NBAD115,412,False,http_error,HTTP Error 412: Precondition Failed,0
D_1NBAD116,412,False,http_error,HTTP Error 412: Precondition Failed,0
D_1NBAD117,412,False,http_error,HTTP Error 412: Precondition Failed,0
D_1NBAD118,412,False,http_error,HTTP Error 412: Precondition Failed,0
D_1NBAD119,412,False,http_error,HTTP Error 412: Precondition Failed,0
D_1NBAD120,412,False,http_error,HTTP Error 412: Precondition Failed,0
D_1NBAD121,412,False,http_error,HTTP Error 412: Precondition Failed,0
D_1NBAD122,412,False,http_error,HTTP Error 412: Precondition Failed,0
D_1NBAD123,412,False,http_error,HTTP Error 412: Precondition Failed,0
D_1NBAD124,412,False,http_error,HTTP Error 412: Precondition Failed,0
D_1NBAD125,412,False,http_error,HTTP Error 412: Precondition Failed,0
D_1NBAD126,412,False,http_error,HTTP Error 412: Precondition Failed,0
D_1NBAD127,412,False,http_error,HTTP Error 412: Precondition Failed,0
D_1NBAD128,412,False,http_error,HTTP Error 412: Precondition Failed,0
D_1NBAD129,412,False,http_error,HTTP Error 412: Precondition Failed,0
D_1NBAD130,412,False,http_error,HTTP Error 412: Precondition Failed,0
D_1NBAD131,412,False,http_error,HTTP Error 412: Precondition Failed,0
D_1NBAD132,412,False,http_error,HTTP Error 412: Precondition Failed,0
D_1NBAD133,412,False,http_error,HTTP Error 412: Precondition Failed,0
D_1NBAD134,412,False,http_error,HTTP Error 412: Precondition Failed,0
D_1NBAD135,412,False,http_error,HTTP Error 412: Precondition Failed,0
D_1NBAD136,412,False,http_error,HTTP Error 412: Precondition Failed,0
D_1NBAD137,412,False,http_error,HTTP Error 412: Precondition Failed,0
D_1NBAD138,412,False,http_error,HTTP Error 412: Precondition Failed,0
D_1NBAD139,412,False,http_error,HTTP Error 412: Precondition Failed,0
D_1NBAD140,412,False,http_error,HTTP Error 412: Precondition Failed,0
D_1NBAD141,412,False,http_error,HTTP Error 412: Precondition Failed,0
D_1NBAD142,412,False,http_error,HTTP Error 412: Precondition Failed,0
D_1NBAD143,412,False,http_error,HTTP Error 412: Precondition Failed,0
D_1NBAD144,412,False,http_error,HTTP Error 412: Precondition Failed,0
D_1NBAD145,412,False,http_error,HTTP Error 412: Precondition Failed,0
D_1NBAD146,412,False,http_error,HTTP Error 412: Precondition Failed,0
D_1NBAD147,412,False,http_error,HTTP Error 412: Precondition Failed,0
D_1NBAD148,412,False,http_error,HTTP Error 412: Precondition Failed,0
D_1NBAD149,412,False,http_error,HTTP Error 412: Precondition Failed,0
D_1NBAD150,412,False,http_error,HTTP Error 412: Precondition Failed,0
D_1NBAD151,412,False,http_error,HTTP Error 412: Precondition Failed,0
D_1NBAD152,412,False,http_error,HTTP Error 412: Precondition Failed,0
D_1NBAD153,412,False,http_error,HTTP Error 412: Precondition Failed,0
D_1NBAD154,412,False,http_error,HTTP Error 412: Precondition Failed,0
D_1NBAD155,412,False,http_error,HTTP Error 412: Precondition Failed,0
D_1NBAD156,412,False,http_error,HTTP Error 412: Precondition Failed,0
D_1NBAD157,412,False,http_error,HTTP Error 412: Precondition Failed,0
D_1NBAD158,412,False,http_error,HTTP Error 412: Precondition Failed,0
D_1NBAD159,412,False,http_error,HTTP Error 412: Precondition Failed,0
D_1NBAD160,412,False,http_error,HTTP Error 412: Precondition Failed,0
D_1NBAD161,412,False,http_error,HTTP Error 412: Precondition Failed,0
D_1NBAD162,412,False,http_error,HTTP Error 412: Precondition Failed,0
D_1NBAD163,412,False,http_error,HTTP Error 412: Precondition Failed,0
D_1NBAD164,412,False,http_error,HTTP Error 412: Precondition Failed,0
D_1NBAD165,412,False,http_error,HTTP Error 412: Precondition Failed,0
D_1NBAD166,412,False,http_error,HTTP Error 412: Precondition Failed,0
D_1NBAD167,412,False,http_error,HTTP Error 412: Precondition Failed,0
D_1NBAD168,412,False,http_error,HTTP Error 412: Precondition Failed,0
D_1NBAD169,412,False,http_error,HTTP Error 412: Precondition Failed,0
D_1NBAD170,412,False,http_error,HTTP Error 412: Precondition Failed,0
D_1NBAD171,412,False,http_error,HTTP Error 412: Precondition Failed,0
D_1NBAD172,412,False,http_error,HTTP Error 412: Precondition Failed,0
D_1NBAD173,412,False,http_error,HTTP Error 412: Precondition Failed,0
D_1NBAD174,412,False,http_error,HTTP Error 412: Precondition Failed,0
D_1NBAD175,412,False,http_error,HTTP Error 412: Precondition Failed,0
D_1NBAD176,412,False,http_error,HTTP Error 412: Precondition Failed,0
D_1NBAD177,412,False,http_error,HTTP Error 412: Precondition Failed,0
D_1NBAD178,412,False,http_error,HTTP Error 412: Precondition Failed,0
D_1NBAD179,412,False,http_error,HTTP Error 412: Precondition Failed,0
D_1NBAD180,412,False,http_error,HTTP Error 412: Precondition Failed,0
D_1NBAD181,412,False,http_error,HTTP Error 412: Precondition Failed,0
D_1NBAD182,412,False,http_error,HTTP Error 412: Precondition Failed,0
D_1NBAD183,412,False,http_error,HTTP Error 412: Precondition Failed,0
D_1NBAD184,412,False,http_error,HTTP Error 412: Precondition Failed,0
D_1NBAD185,412,False,http_error,HTTP Error 412: Precondition Failed,0
D_1NBAD186,412,False,http_error,HTTP Error 412: Precondition Failed,0
D_1NBAD187,412,False,http_error,HTTP Error 412: Precondition Failed,0
D_1NBAD188,412,False,http_error,HTTP Error 412: Precondition Failed,0
D_1NBAD189,412,False,http_error,HTTP Error 412: Precondition Failed,0
D_1NBAD190,412,False,http_error,HTTP Error 412: Precondition Failed,0
D_1NBAD191,412,False,http_error,HTTP Error 412: Precondition Failed,0
D_1NBAD192,412,False,http_error,HTTP Error 412: Precondition Failed,0
D_1NBAD193,412,False,http_error,HTTP Error 412: Precondition Failed,0
D_1NBAD194,412,False,http_error,HTTP Error 412: Precondition Failed,0
D_1NBAD195,412,False,http_error,HTTP Error 412: Precondition Failed,0
D_1NBAD196,412,False,http_error,HTTP Error 412: Precondition Failed,0
D_1NBAD197,412,False,http_error,HTTP Error 412: Precondition Failed,0
D_1NBAD198,412,False,http_error,HTTP Error 412: Precondition Failed,0
D_1NBAD199,412,False,http_error,HTTP Error 412: Precondition Failed,0
D_1NBAD200,412,False,http_error,HTTP Error 412: Precondition Failed,0
D_1NBAD201,412,False,http_error,HTTP Error 412: Precondition Failed,0
D_1NBAD202,412,False,http_error,HTTP Error 412: Precondition Failed,0
D_1NBAD203,412,False,http_error,HTTP Error 412: Precondition Failed,0
D_1NBAD204,412,False,http_error,HTTP Error 412: Precondition Failed,0
D_1NBAD205,412,False,http_error,HTTP Error 412: Precondition Failed,0
D_1NBAD206,412,False,http_error,HTTP Error 412: Precondition Failed,0
D_1NBAD207,412,False,http_error,HTTP Error 412: Precondition Failed,0
D_1NBAD208,412,False,http_error,HTTP Error 412: Precondition Failed,0
D_1NBAD209,412,False,http_error,HTTP Error 412: Precondition Failed,0
D_1NBAD210,412,False,http_error,HTTP Error 412: Precondition Failed,0
D_1NBAD211,412,False,http_error,HTTP Error 412: Precondition Failed,0
D_1NBAD212,412,False,http_error,HTTP Error 412: Precondition Failed,0
D_1NBAD213,412,False,http_error,HTTP Error 412: Precondition Failed,0
D_1NBAD214,412,False,http_error,HTTP Error 412: Precondition Failed,0
D_1NBAD215,412,False,http_error,HTTP Error 412: Precondition Failed,0
D_1NBAD216,412,False,http_error,HTTP Error 412: Precondition Failed,0
D_1NBAD217,412,False,http_error,HTTP Error 412: Precondition Failed,0
D_1NBAD218,412,False,http_error,HTTP Error 412: Precondition Failed,0
D_1NBAD219,412,False,http_error,HTTP Error 412: Precondition Failed,0
D_1NBAD220,412,False,http_error,HTTP Error 412: Precondition Failed,0
D_1NBAD221,412,False,http_error,HTTP Error 412: Precondition Failed,0
D_1NBAD222,412,False,http_error,HTTP Error 412: Precondition Failed,0
D_1NBAD223,412,False,http_error,HTTP Error 412: Precondition Failed,0
D_1NBAD224,412,False,http_error,HTTP Error 412: Precondition Failed,0
D_1NBAD225,412,False,http_error,HTTP Error 412: Precondition Failed,0
D_1NBAD226,412,False,http_error,HTTP Error 412: Precondition Failed,0
D_1NBAD227,412,False,http_error,HTTP Error 412: Precondition Failed,0
D_1NBAD228,412,False,http_error,HTTP Error 412: Precondition Failed,0
D_1NBAD229,412,False,http_error,HTTP Error 412: Precondition Failed,0
D_1NBAD230,412,False,http_error,HTTP Error 412: Precondition Failed,0
D_1NBAD231,412,False,http_error,HTTP Error 412: Precondition Failed,0
D_1NBAD232,412,False,http_error,HTTP Error 412: Precondition Failed,0
D_1NBAD233,412,False,http_error,HTTP Error 412: Precondition Failed,0
D_1NBAD234,412,False,http_error,HTTP Error 412: Precondition Failed,0
D_1NBAD235,412,False,http_error,HTTP Error 412: Precondition Failed,0
D_1NBAD236,412,False,http_error,HTTP Error 412: Precondition Failed,0
D_1NBAD237,412,False,http_error,HTTP Error 412: Precondition Failed,0
D_1NBAD238,412,False,http_error,HTTP Error 412: Precondition Failed,0
D_1NBAD239,412,False,http_error,HTTP Error 412: Precondition Failed,0
D_1NBAD240,412,False,http_error,HTTP Error 412: Precondition Failed,0
D_1NBAD241,412,False,http_error,HTTP Error 412: Precondition Failed,0
D_1NBAD242,412,False,http_error,HTTP Error 412: Precondition Failed,0
D_1NBAD243,412,False,http_error,HTTP Error 412: Precondition Failed,0
D_1NBAD244,412,False,http_error,HTTP Error 412: Precondition Failed,0
D_1NBAD245,412,False,http_error,HTTP Error 412: Precondition Failed,0
D_1NBAD246,412,False,http_error,HTTP Error 412: Precondition Failed,0
D_1NBAD247,412,False,http_error,HTTP Error 412: Precondition Failed,0
D_1NBAD248,412,False,http_error,HTTP Error 412: Precondition Failed,0
D_1NBAD249,412,False,http_error,HTTP Error 412: Precondition Failed,0
D_1NBAD250,412,False,http_error,HTTP Error 412: Precondition Failed,0
D_1NBAD251,412,False,http_error,HTTP Error 412: Precondition Failed,0
D_1NBAD252,412,False,http_error,HTTP Error 412: Precondition Failed,0
D_1NBAD253,412,False,http_error,HTTP Error 412: Precondition Failed,0
D_1NBAD254,412,False,http_error,HTTP Error 412: Precondition Failed,0
D_1NBAD255,412,False,http_error,HTTP Error 412: Precondition Failed,0
D_1NBAD256,412,False,http_error,HTTP Error 412: Precondition Failed,0
D_1NBAD257,412,False,http_error,HTTP Error 412: Precondition Failed,0
D_1NBAD258,412,False,http_error,HTTP Error 412: Precondition Failed,0
D_1NBAD259,412,False,http_error,HTTP Error 412: Precondition Failed,0
D_1NBAD260,412,False,http_error,HTTP Error 412: Precondition Failed,0
D_1NBAD261,412,False,http_error,HTTP Error 412: Precondition Failed,0
D_1NBAD262,412,False,http_error,HTTP Error 412: Precondition Failed,0
D_1NBAD263,412,False,http_error,HTTP Error 412: Precondition Failed,0
D_1NBAD264,412,False,http_error,HTTP Error 412: Precondition Failed,0
D_1NBAD265,412,False,http_error,HTTP Error 412: Precondition Failed,0
D_1NBAD266,412,False,http_error,HTTP Error 412: Precondition Failed,0
D_1NBAD267,412,False,http_error,HTTP Error 412: Precondition Failed,0
D_1NBAD268,412,False,http_error,HTTP Error 412: Precondition Failed,0
D_1NBAD269,412,False,http_error,HTTP Error 412: Precondition Failed,0
D_1NBAD270,412,False,http_error,HTTP Error 412: Precondition Failed,0
D_1NBAD271,412,False,http_error,HTTP Error 412: Precondition Failed,0
D_1NBAD272,412,False,http_error,HTTP Error 412: Precondition Failed,0
D_1NBAD273,412,False,http_error,HTTP Error 412: Precondition Failed,0
D_1NBAD274,412,False,http_error,HTTP Error 412: Precondition Failed,0
D_1NBAD275,412,False,http_error,HTTP Error 412: Precondition Failed,0
D_1NBAD276,412,False,http_error,HTTP Error 412: Precondition Failed,0
D_1NBAD277,412,False,http_error,HTTP Error 412: Precondition Failed,0
D_1NBAD278,412,False,http_error,HTTP Error 412: Precondition Failed,0
D_1NBAD279,412,False,http_error,HTTP Error 412: Precondition Failed,0
D_1NBAD280,412,False,http_error,HTTP Error 412: Precondition Failed,0
D_1NBAD281,412,False,http_error,HTTP Error 412: Precondition Failed,0
D_1NBAD282,412,False,http_error,HTTP Error 412: Precondition Failed,0
D_1NBAD283,412,False,http_error,HTTP Error 412: Precondition Failed,0
D_1NBAD284,412,False,http_error,HTTP Error 412: Precondition Failed,0
D_1NBAD285,412,False,http_error,HTTP Error 412: Precondition Failed,0
D_1NBAD286,412,False,http_error,HTTP Error 412: Precondition Failed,0
D_1NBAD287,412,False,http_error,HTTP Error 412: Precondition Failed,0
D_1NBAD288,412,False,http_error,HTTP Error 412: Precondition Failed,0
D_1NBAD289,412,False,http_error,HTTP Error 412: Precondition Failed,0
D_1NBAD290,412,False,http_error,HTTP Error 412: Precondition Failed,0
D_1NBAD291,412,False,http_error,HTTP Error 412: Precondition Failed,0
D_1NBAD292,412,False,http_error,HTTP Error 412: Precondition Failed,0
D_1NBAD293,412,False,http_error,HTTP Error 412: Precondition Failed,0
D_1NBAD294,412,False,http_error,HTTP Error 412: Precondition Failed,0
D_1NBAD295,412,False,http_error,HTTP Error 412: Precondition Failed,0
D_1NBAD296,412,False,http_error,HTTP Error 412: Precondition Failed,0
D_1NBAD297,412,False,http_error,HTTP Error 412: Precondition Failed,0
D_1NBAD298,412,False,http_error,HTTP Error 412: Precondition Failed,0
D_1NBAD299,412,False,http_error,HTTP Error 412: Precondition Failed,0
D_1NBAD300,412,False,http_error,HTTP Error 412: Precondition Failed,0
D_1NBAD301,200,False,parse_error,Expecting value: line 1 column 1 (char 0),0
D_1NBAD302,200,False,parse_error,Expecting value: line 1 column 1 (char 0),0
D_1NBAD303,412,False,http_error,HTTP Error 412: Precondition Failed,0
D_1NBAD304,412,False,http_error,HTTP Error 412: Precondition Failed,0
D_1NBAD305,412,False,http_error,HTTP Error 412: Precondition Failed,0
D_1NBAD306,200,False,parse_error,Expecting value: line 1 column 1 (char 0),0
D_1NBAD307,412,False,http_error,HTTP Error 412: Precondition Failed,0
D_1NBAD308,412,False,http_error,HTTP Error 412: Precondition Failed,0
D_1NBAD309,412,False,http_error,HTTP Error 412: Precondition Failed,0
D_1NBAD310,412,False,http_error,HTTP Error 412: Precondition Failed,0
D_1NBAD311,200,False,parse_error,Expecting value: line 1 column 1 (char 0),0
D_1NBAD312,412,False,http_error,HTTP Error 412: Precondition Failed,0
D_1NBAD313,412,False,http_error,HTTP Error 412: Precondition Failed,0
D_1NBAD314,412,False,http_error,HTTP Error 412: Precondition Failed,0
D_1NBAD315,412,False,http_error,HTTP Error 412: Precondition Failed,0
D_1NBAD316,412,False,http_error,HTTP Error 412: Precondition Failed,0
D_1NBAD317,200,False,parse_error,Expecting value: line 1 column 1 (char 0),0
D_1NBAD318,412,False,http_error,HTTP Error 412: Precondition Failed,0
D_1NBAD319,412,False,http_error,HTTP Error 412: Precondition Failed,0
D_1NBAD320,412,False,http_error,HTTP Error 412: Precondition Failed,0
D_1NBAD321,412,False,http_error,HTTP Error 412: Precondition Failed,0
D_1NBAD322,412,False,http_error,HTTP Error 412: Precondition Failed,0
D_1NBAD323,412,False,http_error,HTTP Error 412: Precondition Failed,0
D_1NBAD324,412,False,http_error,HTTP Error 412: Precondition Failed,0
D_1NBAD325,412,False,http_error,HTTP Error 412: Precondition Failed,0
D_1NBAD326,412,False,http_error,HTTP Error 412: Precondition Failed,0
D_1NBAD327,412,False,http_error,HTTP Error 412: Precondition Failed,0
D_1NBAD328,412,False,http_error,HTTP Error 412: Precondition Failed,0
D_1NBAD329,412,False,http_error,HTTP Error 412: Precondition Failed,0
D_1NBAD330,412,False,http_error,HTTP Error 412: Precondition Failed,0
D_1NBAD331,412,False,http_error,HTTP Error 412: Precondition Failed,0
D_1NBAD332,412,False,http_error,HTTP Error 412: Precondition Failed,0
D_1NBAD333,412,False,http_error,HTTP Error 412: Precondition Failed,0
D_1NBAD334,412,False,http_error,HTTP Error 412: Precondition Failed,0
D_1NBAD335,412,False,http_error,HTTP Error 412: Precondition Failed,0
D_1NBAD336,412,False,http_error,HTTP Error 412: Precondition Failed,0
D_1NBAD337,412,False,http_error,HTTP Error 412: Precondition Failed,0
D_1NBAD338,412,False,http_error,HTTP Error 412: Precondition Failed,0
D_1NBAD339,412,False,http_error,HTTP Error 412: Precondition Failed,0
D_1NBAD340,412,False,http_error,HTTP Error 412: Precondition Failed,0
D_1NBAD341,412,False,http_error,HTTP Error 412: Precondition Failed,0
D_1NBAD342,412,False,http_error,HTTP Error 412: Precondition Failed,0
D_1NBAD343,412,False,http_error,HTTP Error 412: Precondition Failed,0
D_1NBAD344,412,False,http_error,HTTP Error 412: Precondition Failed,0
D_1NBAD345,412,False,http_error,HTTP Error 412: Precondition Failed,0
D_1NBAD346,412,False,http_error,HTTP Error 412: Precondition Failed,0
D_1NBAD347,412,False,http_error,HTTP Error 412: Precondition Failed,0
D_1NBAD348,412,False,http_error,HTTP Error 412: Precondition Failed,0
D_1NBAD349,412,False,http_error,HTTP Error 412: Precondition Failed,0
D_1NBAD350,412,False,http_error,HTTP Error 412: Precondition Failed,0
D_1NBAD351,412,False,http_error,HTTP Error 412: Precondition Failed,0
D_1NBAD352,412,False,http_error,HTTP Error 412: Precondition Failed,0
D_1NBAD353,412,False,http_error,HTTP Error 412: Precondition Failed,0
D_1NBAD354,412,False,http_error,HTTP Error 412: Precondition Failed,0
D_1NBAD355,412,False,http_error,HTTP Error 412: Precondition Failed,0
D_1NBAD356,412,False,http_error,HTTP Error 412: Precondition Failed,0
D_1NBAD357,412,False,http_error,HTTP Error 412: Precondition Failed,0
D_1NBAD358,412,False,http_error,HTTP Error 412: Precondition Failed,0
D_1NBAD359,412,False,http_error,HTTP Error 412: Precondition Failed,0
D_1NBAD360,412,False,http_error,HTTP Error 412: Precondition Failed,0
D_1NBAD361,412,False,http_error,HTTP Error 412: Precondition Failed,0
D_1NBAD362,412,False,http_error,HTTP Error 412: Precondition Failed,0
D_1NBAD363,412,False,http_error,HTTP Error 412: Precondition Failed,0
D_1NBAD364,412,False,http_error,HTTP Error 412: Precondition Failed,0
D_1NBAD365,412,False,http_error,HTTP Error 412: Precondition Failed,0
D_1NBAD366,412,False,http_error,HTTP Error 412: Precondition Failed,0
D_1NBAD367,412,False,http_error,HTTP Error 412: Precondition Failed,0
D_1NBAD368,412,False,http_error,HTTP Error 412: Precondition Failed,0
D_1NBAD369,412,False,http_error,HTTP Error 412: Precondition Failed,0
D_1NBAD370,412,False,http_error,HTTP Error 412: Precondition Failed,0
D_1NBAD371,412,False,http_error,HTTP Error 412: Precondition Failed,0
D_1NBAD372,200,False,parse_error,Expecting value: line 1 column 1 (char 0),0
D_1NBAD373,412,False,http_error,HTTP Error 412: Precondition Failed,0
D_1NBAD374,412,False,http_error,HTTP Error 412: Precondition Failed,0
D_1NBAD375,412,False,http_error,HTTP Error 412: Precondition Failed,0
D_1NBAD376,412,False,http_error,HTTP Error 412: Precondition Failed,0
D_1NBAD377,412,False,http_error,HTTP Error 412: Precondition Failed,0
D_1NBAD378,412,False,http_error,HTTP Error 412: Precondition Failed,0
D_1NBAD379,412,False,http_error,HTTP Error 412: Precondition Failed,0
D_1NBAD380,412,False,http_error,HTTP Error 412: Precondition Failed,0
D_1NBAD381,412,False,http_error,HTTP Error 412: Precondition Failed,0
D_1NBAD382,412,False,http_error,HTTP Error 412: Precondition Failed,0
D_1NBAD383,412,False,http_error,HTTP Error 412: Precondition Failed,0
D_1NBAD384,412,False,http_error,HTTP Error 412: Precondition Failed,0
D_1NBAD385,412,False,http_error,HTTP Error 412: Precondition Failed,0
D_1NBAD386,412,False,http_error,HTTP Error 412: Precondition Failed,0
D_1NBAD387,412,False,http_error,HTTP Error 412: Precondition Failed,0
D_1NBAD388,412,False,http_error,HTTP Error 412: Precondition Failed,0
D_1NBAD389,412,False,http_error,HTTP Error 412: Precondition Failed,0
D_1NBAD390,412,False,http_error,HTTP Error 412: Precondition Failed,0
D_1NBAD391,412,False,http_error,HTTP Error 412: Precondition Failed,0
D_1NBAD392,412,False,http_error,HTTP Error 412: Precondition Failed,0
D_1NBAD393,412,False,http_error,HTTP Error 412: Precondition Failed,0
D_1NBAD394,412,False,http_error,HTTP Error 412: Precondition Failed,0
D_1NBAD395,412,False,http_error,HTTP Error 412: Precondition Failed,0
D_1NBAD396,412,False,http_error,HTTP Error 412: Precondition Failed,0
D_1NBAD397,412,False,http_error,HTTP Error 412: Precondition Failed,0
D_1NBAD398,412,False,http_error,HTTP Error 412: Precondition Failed,0
D_1NBAD399,412,False,http_error,HTTP Error 412: Precondition Failed,0
D_1NBAD400,412,False,http_error,HTTP Error 412: Precondition Failed,0
D_1NBAD401,412,False,http_error,HTTP Error 412: Precondition Failed,0
D_1NBAD402,412,False,http_error,HTTP Error 412: Precondition Failed,0
D_1NBAD403,412,False,http_error,HTTP Error 412: Precondition Failed,0
D_1NBAD404,412,False,http_error,HTTP Error 412: Precondition Failed,0
D_1NBAD405,412,False,http_error,HTTP Error 412: Precondition Failed,0
D_1NBAD406,412,False,http_error,HTTP Error 412: Precondition Failed,0
D_1NBAD407,412,False,http_error,HTTP Error 412: Precondition Failed,0
D_1NBAD408,412,False,http_error,HTTP Error 412: Precondition Failed,0
D_1NBAD409,412,False,http_error,HTTP Error 412: Precondition Failed,0
D_1NBAD410,412,False,http_error,HTTP Error 412: Precondition Failed,0
D_1NBAD411,412,False,http_error,HTTP Error 412: Precondition Failed,0
D_1NBAD412,412,False,http_error,HTTP Error 412: Precondition Failed,0
D_1NBAD413,412,False,http_error,HTTP Error 412: Precondition Failed,0
D_1NBAD414,412,False,http_error,HTTP Error 412: Precondition Failed,0
D_1NBAD415,412,False,http_error,HTTP Error 412: Precondition Failed,0
D_1NBAD416,412,False,http_error,HTTP Error 412: Precondition Failed,0
D_1NBAD417,412,False,http_error,HTTP Error 412: Precondition Failed,0
D_1NBAD418,412,False,http_error,HTTP Error 412: Precondition Failed,0
D_1NBAD419,412,False,http_error,HTTP Error 412: Precondition Failed,0
D_1NBAD420,412,False,http_error,HTTP Error 412: Precondition Failed,0
D_1NBAD421,412,False,http_error,HTTP Error 412: Precondition Failed,0
D_1NBAD422,412,False,http_error,HTTP Error 412: Precondition Failed,0
D_1NBAD423,412,False,http_error,HTTP Error 412: Precondition Failed,0
D_1NBAD424,412,False,http_error,HTTP Error 412: Precondition Failed,0
D_1NBAD425,412,False,http_error,HTTP Error 412: Precondition Failed,0
D_1NBAD426,412,False,http_error,HTTP Error 412: Precondition Failed,0
D_1NBAD427,412,False,http_error,HTTP Error 412: Precondition Failed,0
D_1NBAD428,412,False,http_error,HTTP Error 412: Precondition Failed,0
D_1NBAD429,412,False,http_error,HTTP Error 412: Precondition Failed,0
D_1NBAD430,412,False,http_error,HTTP Error 412: Precondition Failed,0
D_1NBAD431,412,False,http_error,HTTP Error 412: Precondition Failed,0
D_1NBAD432,412,False,http_error,HTTP Error 412: Precondition Failed,0
D_1NBAD433,412,False,http_error,HTTP Error 412: Precondition Failed,0
D_1NBAD434,412,False,http_error,HTTP Error 412: Precondition Failed,0
D_1NBAD435,412,False,http_error,HTTP Error 412: Precondition Failed,0
D_1NBAD436,412,False,http_error,HTTP Error 412: Precondition Failed,0
D_1NBAD437,412,False,http_error,HTTP Error 412: Precondition Failed,0
D_1NBAD438,412,False,http_error,HTTP Error 412: Precondition Failed,0
D_1NBAD439,412,False,http_error,HTTP Error 412: Precondition Failed,0
D_1NBAD440,412,False,http_error,HTTP Error 412: Precondition Failed,0
D_1NBAD441,412,False,http_error,HTTP Error 412: Precondition Failed,0
D_1NBAD442,412,False,http_error,HTTP Error 412: Precondition Failed,0
D_1NBAD443,412,False,http_error,HTTP Error 412: Precondition Failed,0
D_1NBAD444,412,False,http_error,HTTP Error 412: Precondition Failed,0
D_1NBAD445,412,False,http_error,HTTP Error 412: Precondition Failed,0
D_1NBAD446,412,False,http_error,HTTP Error 412: Precondition Failed,0
D_1NBAD447,412,False,http_error,HTTP Error 412: Precondition Failed,0
D_1NBAD448,412,False,http_error,HTTP Error 412: Precondition Failed,0
D_1NBAD449,412,False,http_error,HTTP Error 412: Precondition Failed,0
D_1NBAD450,412,False,http_error,HTTP Error 412: Precondition Failed,0
D_1NBAD451,412,False,http_error,HTTP Error 412: Precondition Failed,0
D_1NBAD452,412,False,http_error,HTTP Error 412: Precondition Failed,0
D_1NBAD453,412,False,http_error,HTTP Error 412: Precondition Failed,0
D_1NBAD454,412,False,http_error,HTTP Error 412: Precondition Failed,0
D_1NBAD455,412,False,http_error,HTTP Error 412: Precondition Failed,0
D_1NBAD456,412,False,http_error,HTTP Error 412: Precondition Failed,0
D_1NBAD457,412,False,http_error,HTTP Error 412: Precondition Failed,0
D_1NBAD458,412,False,http_error,HTTP Error 412: Precondition Failed,0
D_1NBAD459,412,False,http_error,HTTP Error 412: Precondition Failed,0
D_1NBAD460,412,False,http_error,HTTP Error 412: Precondition Failed,0
D_1NBAD461,412,False,http_error,HTTP Error 412: Precondition Failed,0
D_1NBAD462,412,False,http_error,HTTP Error 412: Precondition Failed,0
D_1NBAD463,412,False,http_error,HTTP Error 412: Precondition Failed,0
D_1NBAD464,412,False,http_error,HTTP Error 412: Precondition Failed,0
D_1NBAD465,412,False,http_error,HTTP Error 412: Precondition Failed,0
D_1NBAD466,412,False,http_error,HTTP Error 412: Precondition Failed,0
D_1NBAD467,412,False,http_error,HTTP Error 412: Precondition Failed,0
D_1NBAD468,412,False,http_error,HTTP Error 412: Precondition Failed,0
D_1NBAD469,412,False,http_error,HTTP Error 412: Precondition Failed,0
D_1NBAD470,412,False,http_error,HTTP Error 412: Precondition Failed,0
D_1NBAD471,412,False,http_error,HTTP Error 412: Precondition Failed,0
D_1NBAD472,200,False,parse_error,Expecting value: line 1 column 1 (char 0),0
D_1NBAD473,412,False,http_error,HTTP Error 412: Precondition Failed,0
D_1NBAD474,412,False,http_error,HTTP Error 412: Precondition Failed,0
D_1NBAD475,412,False,http_error,HTTP Error 412: Precondition Failed,0
D_1NBAD476,412,False,http_error,HTTP Error 412: Precondition Failed,0
D_1NBAD477,412,False,http_error,HTTP Error 412: Precondition Failed,0
D_1NBAD478,412,False,http_error,HTTP Error 412: Precondition Failed,0
D_1NBAD479,412,False,http_error,HTTP Error 412: Precondition Failed,0
D_1NBAD480,412,False,http_error,HTTP Error 412: Precondition Failed,0
D_1NBAD481,412,False,http_error,HTTP Error 412: Precondition Failed,0
D_1NBAD482,412,False,http_error,HTTP Error 412: Precondition Failed,0
D_1NBAD483,412,False,http_error,HTTP Error 412: Precondition Failed,0
D_1NBAD484,412,False,http_error,HTTP Error 412: Precondition Failed,0
D_1NBAD485,412,False,http_error,HTTP Error 412: Precondition Failed,0
D_1NBAD486,412,False,http_error,HTTP Error 412: Precondition Failed,0
D_1NBAD487,412,False,http_error,HTTP Error 412: Precondition Failed,0
D_1NBAD488,412,False,http_error,HTTP Error 412: Precondition Failed,0
D_1NBAD489,412,False,http_error,HTTP Error 412: Precondition Failed,0
D_1NBAD490,412,False,http_error,HTTP Error 412: Precondition Failed,0
D_1NBAD491,412,False,http_error,HTTP Error 412: Precondition Failed,0
D_1NBAD492,412,False,http_error,HTTP Error 412: Precondition Failed,0
D_1NBAD493,412,False,http_error,HTTP Error 412: Precondition Failed,0
D_1NBAD494,412,False,http_error,HTTP Error 412: Precondition Failed,0
D_1NBAD495,412,False,http_error,HTTP Error 412: Precondition Failed,0
D_1NBAD496,412,False,http_error,HTTP Error 412: Precondition Failed,0
D_1NBAD497,412,False,http_error,HTTP Error 412: Precondition Failed,0
D_1NBAD498,412,False,http_error,HTTP Error 412: Precondition Failed,0
D_1NBAD499,412,False,http_error,HTTP Error 412: Precondition Failed,0
D_1NBAD500,412,False,http_error,HTTP Error 412: Precondition Failed,0
D_1NBAD501,412,False,http_error,HTTP Error 412: Precondition Failed,0
D_1NBAD502,412,False,http_error,HTTP Error 412: Precondition Failed,0
D_1NBAD503,412,False,http_error,HTTP Error 412: Precondition Failed,0
D_1NBAD504,412,False,http_error,HTTP Error 412: Precondition Failed,0
D_1NBAD505,412,False,http_error,HTTP Error 412: Precondition Failed,0
D_1NBAD506,412,False,http_error,HTTP Error 412: Precondition Failed,0
D_1NBAD507,412,False,http_error,HTTP Error 412: Precondition Failed,0
D_1NBAD508,412,False,http_error,HTTP Error 412: Precondition Failed,0
D_1NBAD509,412,False,http_error,HTTP Error 412: Precondition Failed,0
D_1NBAD510,412,False,http_error,HTTP Error 412: Precondition Failed,0
D_1NBAD511,412,False,http_error,HTTP Error 412: Precondition Failed,0
D_1NBAD512,412,False,http_error,HTTP Error 412: Precondition Failed,0
D_1NBAD513,412,False,http_error,HTTP Error 412: Precondition Failed,0
D_1NBAD514,412,False,http_error,HTTP Error 412: Precondition Failed,0
D_1NBAD515,412,False,http_error,HTTP Error 412: Precondition Failed,0
D_1NBAD516,412,False,http_error,HTTP Error 412: Precondition Failed,0
D_1NBAD517,412,False,http_error,HTTP Error 412: Precondition Failed,0
D_1NBAD518,412,False,http_error,HTTP Error 412: Precondition Failed,0
D_1NBAD519,412,False,http_error,HTTP Error 412: Precondition Failed,0
D_1NBAD520,412,False,http_error,HTTP Error 412: Precondition Failed,0
D_1NBAD521,412,False,http_error,HTTP Error 412: Precondition Failed,0
D_1NBAD522,412,False,http_error,HTTP Error 412: Precondition Failed,0
D_1NBAD523,412,False,http_error,HTTP Error 412: Precondition Failed,0
D_1NBAD524,412,False,http_error,HTTP Error 412: Precondition Failed,0
D_1NBAD525,412,False,http_error,HTTP Error 412: Precondition Failed,0
D_1NBAD526,412,False,http_error,HTTP Error 412: Precondition Failed,0
D_1NBAD527,412,False,http_error,HTTP Error 412: Precondition Failed,0
D_1NBAD528,412,False,http_error,HTTP Error 412: Precondition Failed,0
D_1NBAD529,412,False,http_error,HTTP Error 412: Precondition Failed,0
D_1NBAD530,412,False,http_error,HTTP Error 412: Precondition Failed,0
D_1NBAD531,412,False,http_error,HTTP Error 412: Precondition Failed,0
D_1NBAD532,412,False,http_error,HTTP Error 412: Precondition Failed,0
D_1NBAD533,412,False,http_error,HTTP Error 412: Precondition Failed,0
D_1NBAD534,412,False,http_error,HTTP Error 412: Precondition Failed,0
D_1NBAD535,412,False,http_error,HTTP Error 412: Precondition Failed,0
D_1NBAD536,412,False,http_error,HTTP Error 412: Precondition Failed,0
D_1NBAD537,412,False,http_error,HTTP Error 412: Precondition Failed,0
D_1NBAD538,412,False,http_error,HTTP Error 412: Precondition Failed,0
D_1NBAD539,412,False,http_error,HTTP Error 412: Precondition Failed,0
D_1NBAD540,412,False,http_error,HTTP Error 412: Precondition Failed,0
D_1NBAD541,412,False,http_error,HTTP Error 412: Precondition Failed,0
D_1NBAD542,412,False,http_error,HTTP Error 412: Precondition Failed,0
D_1NBAD543,412,False,http_error,HTTP Error 412: Precondition Failed,0
D_1NBAD544,412,False,http_error,HTTP Error 412: Precondition Failed,0
D_1NBAD545,412,False,http_error,HTTP Error 412: Precondition Failed,0
D_1NBAD546,412,False,http_error,HTTP Error 412: Precondition Failed,0
D_1NBAD547,412,False,http_error,HTTP Error 412: Precondition Failed,0
D_1NBAD548,412,False,http_error,HTTP Error 412: Precondition Failed,0
D_1NBAD549,412,False,http_error,HTTP Error 412: Precondition Failed,0
D_1NBAD550,412,False,http_error,HTTP Error 412: Precondition Failed,0
D_1NBAD551,412,False,http_error,HTTP Error 412: Precondition Failed,0
D_1NBAD552,412,False,http_error,HTTP Error 412: Precondition Failed,0
D_1NBAD553,412,False,http_error,HTTP Error 412: Precondition Failed,0
D_1NBAD554,412,False,http_error,HTTP Error 412: Precondition Failed,0
D_1NBAD555,412,False,http_error,HTTP Error 412: Precondition Failed,0
D_1NBAD556,412,False,http_error,HTTP Error 412: Precondition Failed,0
D_1NBAD557,412,False,http_error,HTTP Error 412: Precondition Failed,0
D_1NBAD558,412,False,http_error,HTTP Error 412: Precondition Failed,0
D_1NBAD559,412,False,http_error,HTTP Error 412: Precondition Failed,0
D_1NBAD560,412,False,http_error,HTTP Error 412: Precondition Failed,0
D_1NBAD561,412,False,http_error,HTTP Error 412: Precondition Failed,0
D_1NBAD562,412,False,http_error,HTTP Error 412: Precondition Failed,0
D_1NBAD563,412,False,http_error,HTTP Error 412: Precondition Failed,0
D_1NBAD564,412,False,http_error,HTTP Error 412: Precondition Failed,0
D_1NBAD565,412,False,http_error,HTTP Error 412: Precondition Failed,0
D_1NBAD566,412,False,http_error,HTTP Error 412: Precondition Failed,0
D_1NBAD567,412,False,http_error,HTTP Error 412: Precondition Failed,0
D_1NBAD568,412,False,http_error,HTTP Error 412: Precondition Failed,0
D_1NBAD569,412,False,http_error,HTTP Error 412: Precondition Failed,0
D_1NBAD570,412,False,http_error,HTTP Error 412: Precondition Failed,0
D_1NBAD571,412,False,http_error,HTTP Error 412: Precondition Failed,0
D_1NBAD572,200,False,parse_error,Expecting value: line 1 column 1 (char 0),0
D_1NBAD573,412,False,http_error,HTTP Error 412: Precondition Failed,0
D_1NBAD574,412,False,http_error,HTTP Error 412: Precondition Failed,0
D_1NBAD575,412,False,http_error,HTTP Error 412: Precondition Failed,0
D_1NBAD576,412,False,http_error,HTTP Error 412: Precondition Failed,0
D_1NBAD577,412,False,http_error,HTTP Error 412: Precondition Failed,0
D_1NBAD578,412,False,http_error,HTTP Error 412: Precondition Failed,0
D_1NBAD579,412,False,http_error,HTTP Error 412: Precondition Failed,0
D_1NBAD580,412,False,http_error,HTTP Error 412: Precondition Failed,0
D_1NBAD581,412,False,http_error,HTTP Error 412: Precondition Failed,0
D_1NBAD582,412,False,http_error,HTTP Error 412: Precondition Failed,0
D_1NBAD583,412,False,http_error,HTTP Error 412: Precondition Failed,0
D_1NBAD584,412,False,http_error,HTTP Error 412: Precondition Failed,0
D_1NBAD585,412,False,http_error,HTTP Error 412: Precondition Failed,0
D_1NBAD586,412,False,http_error,HTTP Error 412: Precondition Failed,0
D_1NBAD587,412,False,http_error,HTTP Error 412: Precondition Failed,0
D_1NBAD588,412,False,http_error,HTTP Error 412: Precondition Failed,0
D_1NBAD589,412,False,http_error,HTTP Error 412: Precondition Failed,0
D_1NBAD590,412,False,http_error,HTTP Error 412: Precondition Failed,0
D_1NBAD591,412,False,http_error,HTTP Error 412: Precondition Failed,0
D_1NBAD592,412,False,http_error,HTTP Error 412: Precondition Failed,0
D_1NBAD593,412,False,http_error,HTTP Error 412: Precondition Failed,0
D_1NBAD594,412,False,http_error,HTTP Error 412: Precondition Failed,0
D_1NBAD595,412,False,http_error,HTTP Error 412: Precondition Failed,0
D_1NBAD596,412,False,http_error,HTTP Error 412: Precondition Failed,0
D_1NBAD597,412,False,http_error,HTTP Error 412: Precondition Failed,0
D_1NBAD598,412,False,http_error,HTTP Error 412: Precondition Failed,0
D_1NBAD599,412,False,http_error,HTTP Error 412: Precondition Failed,0
D_1NBAD600,412,False,http_error,HTTP Error 412: Precondition Failed,0
D_1NBAD601,412,False,http_error,HTTP Error 412: Precondition Failed,0
D_1NBAD602,412,False,http_error,HTTP Error 412: Precondition Failed,0
D_1NBAD603,412,False,http_error,HTTP Error 412: Precondition Failed,0
D_1NBAD604,412,False,http_error,HTTP Error 412: Precondition Failed,0
D_1NBAD605,412,False,http_error,HTTP Error 412: Precondition Failed,0
D_1NBAD606,412,False,http_error,HTTP Error 412: Precondition Failed,0
D_1NBAD607,412,False,http_error,HTTP Error 412: Precondition Failed,0
D_1NBAD608,412,False,http_error,HTTP Error 412: Precondition Failed,0
D_1NBAD609,412,False,http_error,HTTP Error 412: Precondition Failed,0
D_1NBAD610,412,False,http_error,HTTP Error 412: Precondition Failed,0
D_1NBAD611,412,False,http_error,HTTP Error 412: Precondition Failed,0
D_1NBAD612,412,False,http_error,HTTP Error 412: Precondition Failed,0
D_1NBAD613,412,False,http_error,HTTP Error 412: Precondition Failed,0
D_1NBAD614,412,False,http_error,HTTP Error 412: Precondition Failed,0
D_1NBAD615,412,False,http_error,HTTP Error 412: Precondition Failed,0
D_1NBAD616,412,False,http_error,HTTP Error 412: Precondition Failed,0
D_1NBAD617,412,False,http_error,HTTP Error 412: Precondition Failed,0
D_1NBAD618,412,False,http_error,HTTP Error 412: Precondition Failed,0
D_1NBAD619,412,False,http_error,HTTP Error 412: Precondition Failed,0
D_1NBAD620,412,False,http_error,HTTP Error 412: Precondition Failed,0
D_1NBAD621,412,False,http_error,HTTP Error 412: Precondition Failed,0
D_1NBAD622,412,False,http_error,HTTP Error 412: Precondition Failed,0
D_1NBAD623,412,False,http_error,HTTP Error 412: Precondition Failed,0
D_1NBAD624,412,False,http_error,HTTP Error 412: Precondition Failed,0
D_1NBAD625,412,False,http_error,HTTP Error 412: Precondition Failed,0
D_1NBAD626,412,False,http_error,HTTP Error 412: Precondition Failed,0
D_1NBAD627,412,False,http_error,HTTP Error 412: Precondition Failed,0
D_1NBAD628,412,False,http_error,HTTP Error 412: Precondition Failed,0
D_1NBAD629,412,False,http_error,HTTP Error 412: Precondition Failed,0
D_1NBAD630,412,False,http_error,HTTP Error 412: Precondition Failed,0
D_1NBAD631,412,False,http_error,HTTP Error 412: Precondition Failed,0
D_1NBAD632,412,False,http_error,HTTP Error 412: Precondition Failed,0
D_1NBAD633,412,False,http_error,HTTP Error 412: Precondition Failed,0
D_1NBAD634,412,False,http_error,HTTP Error 412: Precondition Failed,0
D_1NBAD635,412,False,http_error,HTTP Error 412: Precondition Failed,0
D_1NBAD636,412,False,http_error,HTTP Error 412: Precondition Failed,0
D_1NBAD637,412,False,http_error,HTTP Error 412: Precondition Failed,0
D_1NBAD638,412,False,http_error,HTTP Error 412: Precondition Failed,0
D_1NBAD639,412,False,http_error,HTTP Error 412: Precondition Failed,0
D_1NBAD640,412,False,http_error,HTTP Error 412: Precondition Failed,0
D_1NBAD641,412,False,http_error,HTTP Error 412: Precondition Failed,0
D_1NBAD642,412,False,http_error,HTTP Error 412: Precondition Failed,0
D_1NBAD643,412,False,http_error,HTTP Error 412: Precondition Failed,0
D_1NBAD644,412,False,http_error,HTTP Error 412: Precondition Failed,0
D_1NBAD645,412,False,http_error,HTTP Error 412: Precondition Failed,0
D_1NBAD646,412,False,http_error,HTTP Error 412: Precondition Failed,0
D_1NBAD647,412,False,http_error,HTTP Error 412: Precondition Failed,0
D_1NBAD648,412,False,http_error,HTTP Error 412: Precondition Failed,0
D_1NBAD649,412,False,http_error,HTTP Error 412: Precondition Failed,0
D_1NBAD650,412,False,http_error,HTTP Error 412: Precondition Failed,0
D_1NBAD651,412,False,http_error,HTTP Error 412: Precondition Failed,0
D_1NBAD652,412,False,http_error,HTTP Error 412: Precondition Failed,0
D_1NBAD653,412,False,http_error,HTTP Error 412: Precondition Failed,0
D_1NBAD654,412,False,http_error,HTTP Error 412: Precondition Failed,0
D_1NBAD655,412,False,http_error,HTTP Error 412: Precondition Failed,0
D_1NBAD656,412,False,http_error,HTTP Error 412: Precondition Failed,0
D_1NBAD657,412,False,http_error,HTTP Error 412: Precondition Failed,0
D_1NBAD658,412,False,http_error,HTTP Error 412: Precondition Failed,0
D_1NBAD659,412,False,http_error,HTTP Error 412: Precondition Failed,0
D_1NBAD660,412,False,http_error,HTTP Error 412: Precondition Failed,0
D_1NBAD661,412,False,http_error,HTTP Error 412: Precondition Failed,0
D_1NBAD662,412,False,http_error,HTTP Error 412: Precondition Failed,0
D_1NBAD663,412,False,http_error,HTTP Error 412: Precondition Failed,0
D_1NBAD664,412,False,http_error,HTTP Error 412: Precondition Failed,0
D_1NBAD665,412,False,http_error,HTTP Error 412: Precondition Failed,0
D_1NBAD666,412,False,http_error,HTTP Error 412: Precondition Failed,0
D_1NBAD667,412,False,http_error,HTTP Error 412: Precondition Failed,0
D_1NBAD668,412,False,http_error,HTTP Error 412: Precondition Failed,0
D_1NBAD669,412,False,http_error,HTTP Error 412: Precondition Failed,0
D_1NBAD670,412,False,http_error,HTTP Error 412: Precondition Failed,0
D_1NBAD671,412,False,http_error,HTTP Error 412: Precondition Failed,0
D_1NBAD672,412,False,http_error,HTTP Error 412: Precondition Failed,0
D_1NBAD673,412,False,http_error,HTTP Error 412: Precondition Failed,0
D_1NBAD674,412,False,http_error,HTTP Error 412: Precondition Failed,0
D_1NBAD675,412,False,http_error,HTTP Error 412: Precondition Failed,0
D_1NBAD676,412,False,http_error,HTTP Error 412: Precondition Failed,0
D_1NBAD677,412,False,http_error,HTTP Error 412: Precondition Failed,0
D_1NBAD678,412,False,http_error,HTTP Error 412: Precondition Failed,0
D_1NBAD679,412,False,http_error,HTTP Error 412: Precondition Failed,0
D_1NBAD680,412,False,http_error,HTTP Error 412: Precondition Failed,0
D_1NBAD681,412,False,http_error,HTTP Error 412: Precondition Failed,0
D_1NBAD682,412,False,http_error,HTTP Error 412: Precondition Failed,0
D_1NBAD683,412,False,http_error,HTTP Error 412: Precondition Failed,0
D_1NBAD684,412,False,http_error,HTTP Error 412: Precondition Failed,0
D_1NBAD685,412,False,http_error,HTTP Error 412: Precondition Failed,0
D_1NBAD686,412,False,http_error,HTTP Error 412: Precondition Failed,0
D_1NBAD687,412,False,http_error,HTTP Error 412: Precondition Failed,0
D_1NBAD688,412,False,http_error,HTTP Error 412: Precondition Failed,0
D_1NBAD689,412,False,http_error,HTTP Error 412: Precondition Failed,0
D_1NBAD690,412,False,http_error,HTTP Error 412: Precondition Failed,0
D_1NBAD691,412,False,http_error,HTTP Error 412: Precondition Failed,0
D_1NBAD692,412,False,http_error,HTTP Error 412: Precondition Failed,0
D_1NBAD693,412,False,http_error,HTTP Error 412: Precondition Failed,0
D_1NBAD694,412,False,http_error,HTTP Error 412: Precondition Failed,0
D_1NBAD695,412,False,http_error,HTTP Error 412: Precondition Failed,0
D_1NBAD696,412,False,http_error,HTTP Error 412: Precondition Failed,0
D_1NBAD697,412,False,http_error,HTTP Error 412: Precondition Failed,0
D_1NBAD698,412,False,http_error,HTTP Error 412: Precondition Failed,0
D_1NBAD699,412,False,http_error,HTTP Error 412: Precondition Failed,0
D_1NBAD700,412,False,http_error,HTTP Error 412: Precondition Failed,0
D_1NBAD701,412,False,http_error,HTTP Error 412: Precondition Failed,0
D_1NBAD702,412,False,http_error,HTTP Error 412: Precondition Failed,0
D_1NBAD703,412,False,http_error,HTTP Error 412: Precondition Failed,0
D_1NBAD704,412,False,http_error,HTTP Error 412: Precondition Failed,0
D_1NBAD705,412,False,http_error,HTTP Error 412: Precondition Failed,0
D_1NBAD706,412,False,http_error,HTTP Error 412: Precondition Failed,0
D_1NBAD707,412,False,http_error,HTTP Error 412: Precondition Failed,0
D_1NBAD708,412,False,http_error,HTTP Error 412: Precondition Failed,0
D_1NBAD709,412,False,http_error,HTTP Error 412: Precondition Failed,0
D_1NBAD710,412,False,http_error,HTTP Error 412: Precondition Failed,0
D_1NBAD711,412,False,http_error,HTTP Error 412: Precondition Failed,0
D_1NBAD712,412,False,http_error,HTTP Error 412: Precondition Failed,0
D_1NBAD713,412,False,http_error,HTTP Error 412: Precondition Failed,0
D_1NBAD714,412,False,http_error,HTTP Error 412: Precondition Failed,0
D_1NBAD715,412,False,http_error,HTTP Error 412: Precondition Failed,0
D_1NBAD716,412,False,http_error,HTTP Error 412: Precondition Failed,0
D_1NBAD717,412,False,http_error,HTTP Error 412: Precondition Failed,0
D_1NBAD718,412,False,http_error,HTTP Error 412: Precondition Failed,0
D_1NBAD719,412,False,http_error,HTTP Error 412: Precondition Failed,0
D_1NBAD720,412,False,http_error,HTTP Error 412: Precondition Failed,0
D_1NBAD721,412,False,http_error,HTTP Error 412: Precondition Failed,0
D_1NBAD722,412,False,http_error,HTTP Error 412: Precondition Failed,0
D_1NBAD723,412,False,http_error,HTTP Error 412: Precondition Failed,0
D_1NBAD724,412,False,http_error,HTTP Error 412: Precondition Failed,0
D_1NBAD725,412,False,http_error,HTTP Error 412: Precondition Failed,0
D_1NBAD726,412,False,http_error,HTTP Error 412: Precondition Failed,0
D_1NBAD727,412,False,http_error,HTTP Error 412: Precondition Failed,0
D_1NBAD728,412,False,http_error,HTTP Error 412: Precondition Failed,0
D_1NBAD729,412,False,http_error,HTTP Error 412: Precondition Failed,0
D_1NBAD730,412,False,http_error,HTTP Error 412: Precondition Failed,0
D_1NBAD731,412,False,http_error,HTTP Error 412: Precondition Failed,0
D_1NBAD732,412,False,http_error,HTTP Error 412: Precondition Failed,0
D_1NBAD733,412,False,http_error,HTTP Error 412: Precondition Failed,0
D_1NBAD734,412,False,http_error,HTTP Error 412: Precondition Failed,0
D_1NBAD735,412,False,http_error,HTTP Error 412: Precondition Failed,0
D_1NBAD736,412,False,http_error,HTTP Error 412: Precondition Failed,0
D_1NBAD737,412,False,http_error,HTTP Error 412: Precondition Failed,0
D_1NBAD738,412,False,http_error,HTTP Error 412: Precondition Failed,0
D_1NBAD739,412,False,http_error,HTTP Error 412: Precondition Failed,0
D_1NBAD740,412,False,http_error,HTTP Error 412: Precondition Failed,0
D_1NBAD741,412,False,http_error,HTTP Error 412: Precondition Failed,0
D_1NBAD742,412,False,http_error,HTTP Error 412: Precondition Failed,0
D_1NBAD743,412,False,http_error,HTTP Error 412: Precondition Failed,0
D_1NBAD744,412,False,http_error,HTTP Error 412: Precondition Failed,0
D_1NBAD745,412,False,http_error,HTTP Error 412: Precondition Failed,0
D_1NBAD746,412,False,http_error,HTTP Error 412: Precondition Failed,0
D_1NBAD747,412,False,http_error,HTTP Error 412: Precondition Failed,0
D_1NBAD748,412,False,http_error,HTTP Error 412: Precondition Failed,0
D_1NBAD749,412,False,http_error,HTTP Error 412: Precondition Failed,0
D_1NBAD750,412,False,http_error,HTTP Error 412: Precondition Failed,0
D_1NBAD751,412,False,http_error,HTTP Error 412: Precondition Failed,0
D_1NBAD752,412,False,http_error,HTTP Error 412: Precondition Failed,0
D_1NBAD753,412,False,http_error,HTTP Error 412: Precondition Failed,0
D_1NBAD754,412,False,http_error,HTTP Error 412: Precondition Failed,0
D_1NBAD755,412,False,http_error,HTTP Error 412: Precondition Failed,0
D_1NBAD756,412,False,http_error,HTTP Error 412: Precondition Failed,0
D_1NBAD757,412,False,http_error,HTTP Error 412: Precondition Failed,0
D_1NBAD758,412,False,http_error,HTTP Error 412: Precondition Failed,0
D_1NBAD759,412,False,http_error,HTTP Error 412: Precondition Failed,0
D_1NBAD760,412,False,http_error,HTTP Error 412: Precondition Failed,0
D_1NBAD761,412,False,http_error,HTTP Error 412: Precondition Failed,0
D_1NBAD762,412,False,http_error,HTTP Error 412: Precondition Failed,0
D_1NBAD763,412,False,http_error,HTTP Error 412: Precondition Failed,0
D_1NBAD764,412,False,http_error,HTTP Error 412: Precondition Failed,0
D_1NBAD765,412,False,http_error,HTTP Error 412: Precondition Failed,0
D_1NBAD766,412,False,http_error,HTTP Error 412: Precondition Failed,0
D_1NBAD767,412,False,http_error,HTTP Error 412: Precondition Failed,0
D_1NBAD768,412,False,http_error,HTTP Error 412: Precondition Failed,0
D_1NBAD769,412,False,http_error,HTTP Error 412: Precondition Failed,0
D_1NBAD770,412,False,http_error,HTTP Error 412: Precondition Failed,0
D_1NBAD771,412,False,http_error,HTTP Error 412: Precondition Failed,0
D_1NBAD772,412,False,http_error,HTTP Error 412: Precondition Failed,0
D_1NBAD773,412,False,http_error,HTTP Error 412: Precondition Failed,0
D_1NBAD774,412,False,http_error,HTTP Error 412: Precondition Failed,0
D_1NBAD775,412,False,http_error,HTTP Error 412: Precondition Failed,0
D_1NBAD776,412,False,http_error,HTTP Error 412: Precondition Failed,0
D_1NBAD777,412,False,http_error,HTTP Error 412: Precondition Failed,0
D_1NBAD778,412,False,http_error,HTTP Error 412: Precondition Failed,0
D_1NBAD779,412,False,http_error,HTTP Error 412: Precondition Failed,0
D_1NBAD780,412,False,http_error,HTTP Error 412: Precondition Failed,0
D_1NBAD781,412,False,http_error,HTTP Error 412: Precondition Failed,0
D_1NBAD782,412,False,http_error,HTTP Error 412: Precondition Failed,0
D_1NBAD783,412,False,http_error,HTTP Error 412: Precondition Failed,0
D_1NBAD784,412,False,http_error,HTTP Error 412: Precondition Failed,0
D_1NBAD785,412,False,http_error,HTTP Error 412: Precondition Failed,0
D_1NBAD786,412,False,http_error,HTTP Error 412: Precondition Failed,0
D_1NBAD787,412,False,http_error,HTTP Error 412: Precondition Failed,0
D_1NBAD788,412,False,http_error,HTTP Error 412: Precondition Failed,0
D_1NBAD789,412,False,http_error,HTTP Error 412: Precondition Failed,0
D_1NBAD790,412,False,http_error,HTTP Error 412: Precondition Failed,0
D_1NBAD791,412,False,http_error,HTTP Error 412: Precondition Failed,0
D_1NBAD792,412,False,http_error,HTTP Error 412: Precondition Failed,0
D_1NBAD793,412,False,http_error,HTTP Error 412: Precondition Failed,0
D_1NBAD794,412,False,http_error,HTTP Error 412: Precondition Failed,0
D_1NBAD795,412,False,http_error,HTTP Error 412: Precondition Failed,0
D_1NBAD796,412,False,http_error,HTTP Error 412: Precondition Failed,0
D_1NBAD797,412,False,http_error,HTTP Error 412: Precondition Failed,0
D_1NBAD798,412,False,http_error,HTTP Error 412: Precondition Failed,0
D_1NBAD799,412,False,http_error,HTTP Error 412: Precondition Failed,0
D_1NBAD800,412,False,http_error,HTTP Error 412: Precondition Failed,0
D_1NBAD801,412,False,http_error,HTTP Error 412: Precondition Failed,0
D_1NBAD802,412,False,http_error,HTTP Error 412: Precondition Failed,0
D_1NBAD803,412,False,http_error,HTTP Error 412: Precondition Failed,0
D_1NBAD804,412,False,http_error,HTTP Error 412: Precondition Failed,0
D_1NBAD805,412,False,http_error,HTTP Error 412: Precondition Failed,0
D_1NBAD806,412,False,http_error,HTTP Error 412: Precondition Failed,0
D_1NBAD807,412,False,http_error,HTTP Error 412: Precondition Failed,0
D_1NBAD808,412,False,http_error,HTTP Error 412: Precondition Failed,0
D_1NBAD809,412,False,http_error,HTTP Error 412: Precondition Failed,0
D_1NBAD810,412,False,http_error,HTTP Error 412: Precondition Failed,0
D_1NBAD811,412,False,http_error,HTTP Error 412: Precondition Failed,0
D_1NBAD812,412,False,http_error,HTTP Error 412: Precondition Failed,0
D_1NBAD813,412,False,http_error,HTTP Error 412: Precondition Failed,0
D_1NBAD814,412,False,http_error,HTTP Error 412: Precondition Failed,0
D_1NBAD815,412,False,http_error,HTTP Error 412: Precondition Failed,0
D_1NBAD816,412,False,http_error,HTTP Error 412: Precondition Failed,0
D_1NBAD817,412,False,http_error,HTTP Error 412: Precondition Failed,0
D_1NBAD818,412,False,http_error,HTTP Error 412: Precondition Failed,0
D_1NBAD819,412,False,http_error,HTTP Error 412: Precondition Failed,0
D_1NBAD820,412,False,http_error,HTTP Error 412: Precondition Failed,0
D_1NBAD821,412,False,http_error,HTTP Error 412: Precondition Failed,0
D_1NBAD822,412,False,http_error,HTTP Error 412: Precondition Failed,0
D_1NBAD823,412,False,http_error,HTTP Error 412: Precondition Failed,0
D_1NBAD824,412,False,http_error,HTTP Error 412: Precondition Failed,0
D_1NBAD825,412,False,http_error,HTTP Error 412: Precondition Failed,0
D_1NBAD826,412,False,http_error,HTTP Error 412: Precondition Failed,0
D_1NBAD827,412,False,http_error,HTTP Error 412: Precondition Failed,0
D_1NBAD828,412,False,http_error,HTTP Error 412: Precondition Failed,0
D_1NBAD829,412,False,http_error,HTTP Error 412: Precondition Failed,0
D_1NBAD830,412,False,http_error,HTTP Error 412: Precondition Failed,0
D_1NBAD831,412,False,http_error,HTTP Error 412: Precondition Failed,0
D_1NBAD832,412,False,http_error,HTTP Error 412: Precondition Failed,0
D_1NBAD833,412,False,http_error,HTTP Error 412: Precondition Failed,0
D_1NBAD834,412,False,http_error,HTTP Error 412: Precondition Failed,0
D_1NBAD835,412,False,http_error,HTTP Error 412: Precondition Failed,0
D_1NBAD836,412,False,http_error,HTTP Error 412: Precondition Failed,0
D_1NBAD837,412,False,http_error,HTTP Error 412: Precondition Failed,0
D_1NBAD838,412,False,http_error,HTTP Error 412: Precondition Failed,0
D_1NBAD839,412,False,http_error,HTTP Error 412: Precondition Failed,0
D_1NBAD840,412,False,http_error,HTTP Error 412: Precondition Failed,0
D_1NBAD841,412,False,http_error,HTTP Error 412: Precondition Failed,0
D_1NBAD842,412,False,http_error,HTTP Error 412: Precondition Failed,0
D_1NBAD843,412,False,http_error,HTTP Error 412: Precondition Failed,0
D_1NBAD844,412,False,http_error,HTTP Error 412: Precondition Failed,0
D_1NBAD845,412,False,http_error,HTTP Error 412: Precondition Failed,0
D_1NBAD846,412,False,http_error,HTTP Error 412: Precondition Failed,0
D_1NBAD847,412,False,http_error,HTTP Error 412: Precondition Failed,0
D_1NBAD848,412,False,http_error,HTTP Error 412: Precondition Failed,0
D_1NBAD849,412,False,http_error,HTTP Error 412: Precondition Failed,0
D_1NBAD850,412,False,http_error,HTTP Error 412: Precondition Failed,0
D_1NBAD851,412,False,http_error,HTTP Error 412: Precondition Failed,0
D_1NBAD852,412,False,http_error,HTTP Error 412: Precondition Failed,0
D_1NBAD853,412,False,http_error,HTTP Error 412: Precondition Failed,0
D_1NBAD854,412,False,http_error,HTTP Error 412: Precondition Failed,0
D_1NBAD855,412,False,http_error,HTTP Error 412: Precondition Failed,0
D_1NBAD856,412,False,http_error,HTTP Error 412: Precondition Failed,0
D_1NBAD857,412,False,http_error,HTTP Error 412: Precondition Failed,0
D_1NBAD858,412,False,http_error,HTTP Error 412: Precondition Failed,0
D_1NBAD859,412,False,http_error,HTTP Error 412: Precondition Failed,0
D_1NBAD860,412,False,http_error,HTTP Error 412: Precondition Failed,0
D_1NBAD861,412,False,http_error,HTTP Error 412: Precondition Failed,0
D_1NBAD862,412,False,http_error,HTTP Error 412: Precondition Failed,0
D_1NBAD863,412,False,http_error,HTTP Error 412: Precondition Failed,0
D_1NBAD864,412,False,http_error,HTTP Error 412: Precondition Failed,0
D_1NBAD865,412,False,http_error,HTTP Error 412: Precondition Failed,0
D_1NBAD866,412,False,http_error,HTTP Error 412: Precondition Failed,0
D_1NBAD867,412,False,http_error,HTTP Error 412: Precondition Failed,0
D_1NBAD868,412,False,http_error,HTTP Error 412: Precondition Failed,0
D_1NBAD869,412,False,http_error,HTTP Error 412: Precondition Failed,0
D_1NBAD870,412,False,http_error,HTTP Error 412: Precondition Failed,0
D_1NBAD871,412,False,http_error,HTTP Error 412: Precondition Failed,0
D_1NBAD872,412,False,http_error,HTTP Error 412: Precondition Failed,0
D_1NBAD873,412,False,http_error,HTTP Error 412: Precondition Failed,0
D_1NBAD874,412,False,http_error,HTTP Error 412: Precondition Failed,0
D_1NBAD875,412,False,http_error,HTTP Error 412: Precondition Failed,0
D_1NBAD876,412,False,http_error,HTTP Error 412: Precondition Failed,0
D_1NBAD877,412,False,http_error,HTTP Error 412: Precondition Failed,0
D_1NBAD878,412,False,http_error,HTTP Error 412: Precondition Failed,0
D_1NBAD879,412,False,http_error,HTTP Error 412: Precondition Failed,0
D_1NBAD880,412,False,http_error,HTTP Error 412: Precondition Failed,0
D_1NBAD881,412,False,http_error,HTTP Error 412: Precondition Failed,0
D_1NBAD882,412,False,http_error,HTTP Error 412: Precondition Failed,0
D_1NBAD883,412,False,http_error,HTTP Error 412: Precondition Failed,0
D_1NBAD884,412,False,http_error,HTTP Error 412: Precondition Failed,0
D_1NBAD885,412,False,http_error,HTTP Error 412: Precondition Failed,0
D_1NBAD886,412,False,http_error,HTTP Error 412: Precondition Failed,0
D_1NBAD887,412,False,http_error,HTTP Error 412: Precondition Failed,0
D_1NBAD888,412,False,http_error,HTTP Error 412: Precondition Failed,0
D_1NBAD889,412,False,http_error,HTTP Error 412: Precondition Failed,0
D_1NBAD890,412,False,http_error,HTTP Error 412: Precondition Failed,0
D_1NBAD891,412,False,http_error,HTTP Error 412: Precondition Failed,0
D_1NBAD892,412,False,http_error,HTTP Error 412: Precondition Failed,0
D_1NBAD893,412,False,http_error,HTTP Error 412: Precondition Failed,0
D_1NBAD894,412,False,http_error,HTTP Error 412: Precondition Failed,0
D_1NBAD895,412,False,http_error,HTTP Error 412: Precondition Failed,0
D_1NBAD896,412,False,http_error,HTTP Error 412: Precondition Failed,0
D_1NBAD897,412,False,http_error,HTTP Error 412: Precondition Failed,0
D_1NBAD898,412,False,http_error,HTTP Error 412: Precondition Failed,0
D_1NBAD899,412,False,http_error,HTTP Error 412: Precondition Failed,0
D_1NBAD900,412,False,http_error,HTTP Error 412: Precondition Failed,0
D_1NBAD901,412,False,http_error,HTTP Error 412: Precondition Failed,0
D_1NBAD902,412,False,http_error,HTTP Error 412: Precondition Failed,0
D_1NBAD903,412,False,http_error,HTTP Error 412: Precondition Failed,0
D_1NBAD904,412,False,http_error,HTTP Error 412: Precondition Failed,0
D_1NBAD905,412,False,http_error,HTTP Error 412: Precondition Failed,0
D_1NBAD906,412,False,http_error,HTTP Error 412: Precondition Failed,0
D_1NBAD907,412,False,http_error,HTTP Error 412: Precondition Failed,0
D_1NBAD908,412,False,http_error,HTTP Error 412: Precondition Failed,0
D_1NBAD909,412,False,http_error,HTTP Error 412: Precondition Failed,0
D_1NBAD910,412,False,http_error,HTTP Error 412: Precondition Failed,0
D_1NBAD911,412,False,http_error,HTTP Error 412: Precondition Failed,0
D_1NBAD912,412,False,http_error,HTTP Error 412: Precondition Failed,0
D_1NBAD913,412,False,http_error,HTTP Error 412: Precondition Failed,0
D_1NBAD914,412,False,http_error,HTTP Error 412: Precondition Failed,0
D_1NBAD915,412,False,http_error,HTTP Error 412: Precondition Failed,0
D_1NBAD916,412,False,http_error,HTTP Error 412: Precondition Failed,0
D_1NBAD917,412,False,http_error,HTTP Error 412: Precondition Failed,0
D_1NBAD918,412,False,http_error,HTTP Error 412: Precondition Failed,0
D_1NBAD919,412,False,http_error,HTTP Error 412: Precondition Failed,0
D_1NBAD920,412,False,http_error,HTTP Error 412: Precondition Failed,0
D_1NBAD921,412,False,http_error,HTTP Error 412: Precondition Failed,0
D_1NBAD922,412,False,http_error,HTTP Error 412: Precondition Failed,0
D_1NBAD923,412,False,http_error,HTTP Error 412: Precondition Failed,0
D_1NBAD924,412,False,http_error,HTTP Error 412: Precondition Failed,0
D_1NBAD925,412,False,http_error,HTTP Error 412: Precondition Failed,0
D_1NBAD926,412,False,http_error,HTTP Error 412: Precondition Failed,0
D_1NBAD927,412,False,http_error,HTTP Error 412: Precondition Failed,0
D_1NBAD928,412,False,http_error,HTTP Error 412: Precondition Failed,0
D_1NBAD929,412,False,http_error,HTTP Error 412: Precondition Failed,0
D_1NBAD930,412,False,http_error,HTTP Error 412: Precondition Failed,0
D_1NBAD931,412,False,http_error,HTTP Error 412: Precondition Failed,0
D_1NBAD932,412,False,http_error,HTTP Error 412: Precondition Failed,0
D_1NBAD933,412,False,http_error,HTTP Error 412: Precondition Failed,0
D_1NBAD934,412,False,http_error,HTTP Error 412: Precondition Failed,0
D_1NBAD935,412,False,http_error,HTTP Error 412: Precondition Failed,0
D_1NBAD936,412,False,http_error,HTTP Error 412: Precondition Failed,0
D_1NBAD937,412,False,http_error,HTTP Error 412: Precondition Failed,0
D_1NBAD938,412,False,http_error,HTTP Error 412: Precondition Failed,0
D_1NBAD939,412,False,http_error,HTTP Error 412: Precondition Failed,0
D_1NBAD940,412,False,http_error,HTTP Error 412: Precondition Failed,0
D_1NBAD941,412,False,http_error,HTTP Error 412: Precondition Failed,0
D_1NBAD942,412,False,http_error,HTTP Error 412: Precondition Failed,0
D_1NBAD943,412,False,http_error,HTTP Error 412: Precondition Failed,0
D_1NBAD944,412,False,http_error,HTTP Error 412: Precondition Failed,0
D_1NBAD945,412,False,http_error,HTTP Error 412: Precondition Failed,0
D_1NBAD946,412,False,http_error,HTTP Error 412: Precondition Failed,0
D_1NBAD947,412,False,http_error,HTTP Error 412: Precondition Failed,0
D_1NBAD948,412,False,http_error,HTTP Error 412: Precondition Failed,0
D_1NBAD949,412,False,http_error,HTTP Error 412: Precondition Failed,0
D_1NBAD950,412,False,http_error,HTTP Error 412: Precondition Failed,0
D_1NBAD951,412,False,http_error,HTTP Error 412: Precondition Failed,0
D_1NBAD952,412,False,http_error,HTTP Error 412: Precondition Failed,0
D_1NBAD953,412,False,http_error,HTTP Error 412: Precondition Failed,0
D_1NBAD954,412,False,http_error,HTTP Error 412: Precondition Failed,0
D_1NBAD955,412,False,http_error,HTTP Error 412: Precondition Failed,0
D_1NBAD956,412,False,http_error,HTTP Error 412: Precondition Failed,0
D_1NBAD957,412,False,http_error,HTTP Error 412: Precondition Failed,0
D_1NBAD958,412,False,http_error,HTTP Error 412: Precondition Failed,0
D_1NBAD959,412,False,http_error,HTTP Error 412: Precondition Failed,0
D_1NBAD960,412,False,http_error,HTTP Error 412: Precondition Failed,0
D_1NBAD961,412,False,http_error,HTTP Error 412: Precondition Failed,0
D_1NBAD962,412,False,http_error,HTTP Error 412: Precondition Failed,0
D_1NBAD963,412,False,http_error,HTTP Error 412: Precondition Failed,0
D_1NBAD964,412,False,http_error,HTTP Error 412: Precondition Failed,0
D_1NBAD965,412,False,http_error,HTTP Error 412: Precondition Failed,0
D_1NBAD966,412,False,http_error,HTTP Error 412: Precondition Failed,0
D_1NBAD967,412,False,http_error,HTTP Error 412: Precondition Failed,0
D_1NBAD968,412,False,http_error,HTTP Error 412: Precondition Failed,0
D_1NBAD969,412,False,http_error,HTTP Error 412: Precondition Failed,0
D_1NBAD970,412,False,http_error,HTTP Error 412: Precondition Failed,0
D_1NBAD971,412,False,http_error,HTTP Error 412: Precondition Failed,0
D_1NBAD972,200,False,parse_error,Expecting value: line 1 column 1 (char 0),0
D_1NBAD973,412,False,http_error,HTTP Error 412: Precondition Failed,0
D_1NBAD974,412,False,http_error,HTTP Error 412: Precondition Failed,0
D_1NBAD975,412,False,http_error,HTTP Error 412: Precondition Failed,0
D_1NBAD976,412,False,http_error,HTTP Error 412: Precondition Failed,0
D_1NBAD977,412,False,http_error,HTTP Error 412: Precondition Failed,0
D_1NBAD978,412,False,http_error,HTTP Error 412: Precondition Failed,0
D_1NBAD979,412,False,http_error,HTTP Error 412: Precondition Failed,0
D_1NBAD980,412,False,http_error,HTTP Error 412: Precondition Failed,0
D_1NBAD981,412,False,http_error,HTTP Error 412: Precondition Failed,0
D_1NBAD982,412,False,http_error,HTTP Error 412: Precondition Failed,0
D_1NBAD983,412,False,http_error,HTTP Error 412: Precondition Failed,0
D_1NBAD984,412,False,http_error,HTTP Error 412: Precondition Failed,0
D_1NBAD985,412,False,http_error,HTTP Error 412: Precondition Failed,0
D_1NBAD986,412,False,http_error,HTTP Error 412: Precondition Failed,0
D_1NBAD987,412,False,http_error,HTTP Error 412: Precondition Failed,0
D_1NBAD988,412,False,http_error,HTTP Error 412: Precondition Failed,0
D_1NBAD989,412,False,http_error,HTTP Error 412: Precondition Failed,0
D_1NBAD990,412,False,http_error,HTTP Error 412: Precondition Failed,0
D_1NBAD991,412,False,http_error,HTTP Error 412: Precondition Failed,0
D_1NBAD992,412,False,http_error,HTTP Error 412: Precondition Failed,0
D_1NBAD993,412,False,http_error,HTTP Error 412: Precondition Failed,0
D_1NBAD994,412,False,http_error,HTTP Error 412: Precondition Failed,0
D_1NBAD995,412,False,http_error,HTTP Error 412: Precondition Failed,0
D_1NBAD996,412,False,http_error,HTTP Error 412: Precondition Failed,0
D_1NBAD997,412,False,http_error,HTTP Error 412: Precondition Failed,0
D_1NBAD998,412,False,http_error,HTTP Error 412: Precondition Failed,0
D_1NBAD999,412,False,http_error,HTTP Error 412: Precondition Failed,0
D_1NBAE000,412,False,http_error,HTTP Error 412: Precondition Failed,0
D_1NBAE001,412,False,http_error,HTTP Error 412: Precondition Failed,0
D_1NBAE002,412,False,http_error,HTTP Error 412: Precondition Failed,0
D_1NBAE003,412,False,http_error,HTTP Error 412: Precondition Failed,0
D_1NBAE004,412,False,http_error,HTTP Error 412: Precondition Failed,0
D_1NBAE005,412,False,http_error,HTTP Error 412: Precondition Failed,0
D_1NBAE006,412,False,http_error,HTTP Error 412: Precondition Failed,0
D_1NBAE007,412,False,http_error,HTTP Error 412: Precondition Failed,0
D_1NBAE008,412,False,http_error,HTTP Error 412: Precondition Failed,0
D_1NBAE009,412,False,http_error,HTTP Error 412: Precondition Failed,0
D_1NBAE010,412,False,http_error,HTTP Error 412: Precondition Failed,0
D_1NBAE011,412,False,http_error,HTTP Error 412: Precondition Failed,0
D_1NBAE012,412,False,http_error,HTTP Error 412: Precondition Failed,0
D_1NBAE013,412,False,http_error,HTTP Error 412: Precondition Failed,0
D_1NBAE014,412,False,http_error,HTTP Error 412: Precondition Failed,0
D_1NBAE015,412,False,http_error,HTTP Error 412: Precondition Failed,0
D_1NBAE016,412,False,http_error,HTTP Error 412: Precondition Failed,0
D_1NBAE017,412,False,http_error,HTTP Error 412: Precondition Failed,0
D_1NBAE018,412,False,http_error,HTTP Error 412: Precondition Failed,0
D_1NBAE019,412,False,http_error,HTTP Error 412: Precondition Failed,0
D_1NBAE020,412,False,http_error,HTTP Error 412: Precondition Failed,0
D_1NBAE021,412,False,http_error,HTTP Error 412: Precondition Failed,0
D_1NBAE022,412,False,http_error,HTTP Error 412: Precondition Failed,0
D_1NBAE023,412,False,http_error,HTTP Error 412: Precondition Failed,0
D_1NBAE024,412,False,http_error,HTTP Error 412: Precondition Failed,0
D_1NBAE025,412,False,http_error,HTTP Error 412: Precondition Failed,0
D_1NBAE026,412,False,http_error,HTTP Error 412: Precondition Failed,0
D_1NBAE027,412,False,http_error,HTTP Error 412: Precondition Failed,0
D_1NBAE028,412,False,http_error,HTTP Error 412: Precondition Failed,0
D_1NBAE029,412,False,http_error,HTTP Error 412: Precondition Failed,0
D_1NBAE030,412,False,http_error,HTTP Error 412: Precondition Failed,0
D_1NBAE031,412,False,http_error,HTTP Error 412: Precondition Failed,0
D_1NBAE032,412,False,http_error,HTTP Error 412: Precondition Failed,0
D_1NBAE033,412,False,http_error,HTTP Error 412: Precondition Failed,0
D_1NBAE034,412,False,http_error,HTTP Error 412: Precondition Failed,0
D_1NBAE035,412,False,http_error,HTTP Error 412: Precondition Failed,0
D_1NBAE036,412,False,http_error,HTTP Error 412: Precondition Failed,0
D_1NBAE037,412,False,http_error,HTTP Error 412: Precondition Failed,0
D_1NBAE038,412,False,http_error,HTTP Error 412: Precondition Failed,0
D_1NBAE039,412,False,http_error,HTTP Error 412: Precondition Failed,0
D_1NBAE040,412,False,http_error,HTTP Error 412: Precondition Failed,0
D_1NBAE041,412,False,http_error,HTTP Error 412: Precondition Failed,0
D_1NBAE042,412,False,http_error,HTTP Error 412: Precondition Failed,0
D_1NBAE043,412,False,http_error,HTTP Error 412: Precondition Failed,0
D_1NBAE044,412,False,http_error,HTTP Error 412: Precondition Failed,0
D_1NBAE045,412,False,http_error,HTTP Error 412: Precondition Failed,0
D_1NBAE046,412,False,http_error,HTTP Error 412: Precondition Failed,0
D_1NBAE047,412,False,http_error,HTTP Error 412: Precondition Failed,0
D_1NBAE048,412,False,http_error,HTTP Error 412: Precondition Failed,0
D_1NBAE049,412,False,http_error,HTTP Error 412: Precondition Failed,0
D_1NBAE050,412,False,http_error,HTTP Error 412: Precondition Failed,0
D_1NBAE051,412,False,http_error,HTTP Error 412: Precondition Failed,0
D_1NBAE052,412,False,http_error,HTTP Error 412: Precondition Failed,0
D_1NBAE053,412,False,http_error,HTTP Error 412: Precondition Failed,0
D_1NBAE054,412,False,http_error,HTTP Error 412: Precondition Failed,0
D_1NBAE055,412,False,http_error,HTTP Error 412: Precondition Failed,0
D_1NBAE056,412,False,http_error,HTTP Error 412: Precondition Failed,0
D_1NBAE057,412,False,http_error,HTTP Error 412: Precondition Failed,0
D_1NBAE058,412,False,http_error,HTTP Error 412: Precondition Failed,0
D_1NBAE059,412,False,http_error,HTTP Error 412: Precondition Failed,0
D_1NBAE060,412,False,http_error,HTTP Error 412: Precondition Failed,0
D_1NBAE061,412,False,http_error,HTTP Error 412: Precondition Failed,0
D_1NBAE062,412,False,http_error,HTTP Error 412: Precondition Failed,0
D_1NBAE063,412,False,http_error,HTTP Error 412: Precondition Failed,0
D_1NBAE064,412,False,http_error,HTTP Error 412: Precondition Failed,0
D_1NBAE065,412,False,http_error,HTTP Error 412: Precondition Failed,0
D_1NBAE066,412,False,http_error,HTTP Error 412: Precondition Failed,0
D_1NBAE067,412,False,http_error,HTTP Error 412: Precondition Failed,0
D_1NBAE068,412,False,http_error,HTTP Error 412: Precondition Failed,0
D_1NBAE069,412,False,http_error,HTTP Error 412: Precondition Failed,0
D_1NBAE070,412,False,http_error,HTTP Error 412: Precondition Failed,0
D_1NBAE071,412,False,http_error,HTTP Error 412: Precondition Failed,0
D_1NBAE072,412,False,http_error,HTTP Error 412: Precondition Failed,0
D_1NBAE073,412,False,http_error,HTTP Error 412: Precondition Failed,0
D_1NBAE074,412,False,http_error,HTTP Error 412: Precondition Failed,0
D_1NBAE075,412,False,http_error,HTTP Error 412: Precondition Failed,0
D_1NBAE076,412,False,http_error,HTTP Error 412: Precondition Failed,0
D_1NBAE077,412,False,http_error,HTTP Error 412: Precondition Failed,0
D_1NBAE078,412,False,http_error,HTTP Error 412: Precondition Failed,0
D_1NBAE079,412,False,http_error,HTTP Error 412: Precondition Failed,0
D_1NBAE080,412,False,http_error,HTTP Error 412: Precondition Failed,0
D_1NBAE081,412,False,http_error,HTTP Error 412: Precondition Failed,0
D_1NBAE082,412,False,http_error,HTTP Error 412: Precondition Failed,0
D_1NBAE083,412,False,http_error,HTTP Error 412: Precondition Failed,0
D_1NBAE084,412,False,http_error,HTTP Error 412: Precondition Failed,0
D_1NBAE085,412,False,http_error,HTTP Error 412: Precondition Failed,0
D_1NBAE086,412,False,http_error,HTTP Error 412: Precondition Failed,0
D_1NBAE087,412,False,http_error,HTTP Error 412: Precondition Failed,0
D_1NBAE088,412,False,http_error,HTTP Error 412: Precondition Failed,0
D_1NBAE089,412,False,http_error,HTTP Error 412: Precondition Failed,0
D_1NBAE090,412,False,http_error,HTTP Error 412: Precondition Failed,0
D_1NBAE091,412,False,http_error,HTTP Error 412: Precondition Failed,0
D_1NBAE092,412,False,http_error,HTTP Error 412: Precondition Failed,0
D_1NBAE093,412,False,http_error,HTTP Error 412: Precondition Failed,0
D_1NBAE094,412,False,http_error,HTTP Error 412: Precondition Failed,0
D_1NBAE095,412,False,http_error,HTTP Error 412: Precondition Failed,0
D_1NBAE096,412,False,http_error,HTTP Error 412: Precondition Failed,0
D_1NBAE097,412,False,http_error,HTTP Error 412: Precondition Failed,0
D_1NBAE098,412,False,http_error,HTTP Error 412: Precondition Failed,0
D_1NBAE099,412,False,http_error,HTTP Error 412: Precondition Failed,0
D_1NBAE100,412,False,http_error,HTTP Error 412: Precondition Failed,0
D_1NBAE101,412,False,http_error,HTTP Error 412: Precondition Failed,0
D_1NBAE102,412,False,http_error,HTTP Error 412: Precondition Failed,0
D_1NBAE103,412,False,http_error,HTTP Error 412: Precondition Failed,0
D_1NBAE104,412,False,http_error,HTTP Error 412: Precondition Failed,0
D_1NBAE105,412,False,http_error,HTTP Error 412: Precondition Failed,0
D_1NBAE106,412,False,http_error,HTTP Error 412: Precondition Failed,0
D_1NBAE107,412,False,http_error,HTTP Error 412: Precondition Failed,0
D_1NBAE108,412,False,http_error,HTTP Error 412: Precondition Failed,0
D_1NBAE109,412,False,http_error,HTTP Error 412: Precondition Failed,0
D_1NBAE110,412,False,http_error,HTTP Error 412: Precondition Failed,0
D_1NBAE111,412,False,http_error,HTTP Error 412: Precondition Failed,0
D_1NBAE112,412,False,http_error,HTTP Error 412: Precondition Failed,0
D_1NBAE113,412,False,http_error,HTTP Error 412: Precondition Failed,0
D_1NBAE114,412,False,http_error,HTTP Error 412: Precondition Failed,0
D_1NBAE115,412,False,http_error,HTTP Error 412: Precondition Failed,0
D_1NBAE116,412,False,http_error,HTTP Error 412: Precondition Failed,0
D_1NBAE117,412,False,http_error,HTTP Error 412: Precondition Failed,0
D_1NBAE118,412,False,http_error,HTTP Error 412: Precondition Failed,0
D_1NBAE119,412,False,http_error,HTTP Error 412: Precondition Failed,0
D_1NBAE120,412,False,http_error,HTTP Error 412: Precondition Failed,0
D_1NBAE121,412,False,http_error,HTTP Error 412: Precondition Failed,0
D_1NBAE122,412,False,http_error,HTTP Error 412: Precondition Failed,0
D_1NBAE123,412,False,http_error,HTTP Error 412: Precondition Failed,0
D_1NBAE124,412,False,http_error,HTTP Error 412: Precondition Failed,0
D_1NBAE125,412,False,http_error,HTTP Error 412: Precondition Failed,0
D_1NBAE126,412,False,http_error,HTTP Error 412: Precondition Failed,0
D_1NBAE127,412,False,http_error,HTTP Error 412: Precondition Failed,0
D_1NBAE128,412,False,http_error,HTTP Error 412: Precondition Failed,0
D_1NBAE129,412,False,http_error,HTTP Error 412: Precondition Failed,0
D_1NBAE130,412,False,http_error,HTTP Error 412: Precondition Failed,0
D_1NBAE131,412,False,http_error,HTTP Error 412: Precondition Failed,0
D_1NBAE132,412,False,http_error,HTTP Error 412: Precondition Failed,0
D_1NBAE133,412,False,http_error,HTTP Error 412: Precondition Failed,0
D_1NBAE134,412,False,http_error,HTTP Error 412: Precondition Failed,0
D_1NBAE135,412,False,http_error,HTTP Error 412: Precondition Failed,0
D_1NBAE136,412,False,http_error,HTTP Error 412: Precondition Failed,0
D_1NBAE137,412,False,http_error,HTTP Error 412: Precondition Failed,0
D_1NBAE138,412,False,http_error,HTTP Error 412: Precondition Failed,0
D_1NBAE139,412,False,http_error,HTTP Error 412: Precondition Failed,0
D_1NBAE140,412,False,http_error,HTTP Error 412: Precondition Failed,0
D_1NBAE141,412,False,http_error,HTTP Error 412: Precondition Failed,0
D_1NBAE142,412,False,http_error,HTTP Error 412: Precondition Failed,0
D_1NBAE143,412,False,http_error,HTTP Error 412: Precondition Failed,0
D_1NBAE144,412,False,http_error,HTTP Error 412: Precondition Failed,0
D_1NBAE145,412,False,http_error,HTTP Error 412: Precondition Failed,0
D_1NBAE146,412,False,http_error,HTTP Error 412: Precondition Failed,0
D_1NBAE147,412,False,http_error,HTTP Error 412: Precondition Failed,0
D_1NBAE148,412,False,http_error,HTTP Error 412: Precondition Failed,0
D_1NBAE149,412,False,http_error,HTTP Error 412: Precondition Failed,0
D_1NBAE150,412,False,http_error,HTTP Error 412: Precondition Failed,0
D_1NBAE151,412,False,http_error,HTTP Error 412: Precondition Failed,0
D_1NBAE152,412,False,http_error,HTTP Error 412: Precondition Failed,0
D_1NBAE153,412,False,http_error,HTTP Error 412: Precondition Failed,0
D_1NBAE154,412,False,http_error,HTTP Error 412: Precondition Failed,0
D_1NBAE155,412,False,http_error,HTTP Error 412: Precondition Failed,0
D_1NBAE156,412,False,http_error,HTTP Error 412: Precondition Failed,0
D_1NBAE157,412,False,http_error,HTTP Error 412: Precondition Failed,0
D_1NBAE158,412,False,http_error,HTTP Error 412: Precondition Failed,0
D_1NBAE159,412,False,http_error,HTTP Error 412: Precondition Failed,0
D_1NBAE160,412,False,http_error,HTTP Error 412: Precondition Failed,0
D_1NBAE161,412,False,http_error,HTTP Error 412: Precondition Failed,0
D_1NBAE162,412,False,http_error,HTTP Error 412: Precondition Failed,0
D_1NBAE163,412,False,http_error,HTTP Error 412: Precondition Failed,0
D_1NBAE164,412,False,http_error,HTTP Error 412: Precondition Failed,0
D_1NBAE165,412,False,http_error,HTTP Error 412: Precondition Failed,0
D_1NBAE166,412,False,http_error,HTTP Error 412: Precondition Failed,0
D_1NBAE167,412,False,http_error,HTTP Error 412: Precondition Failed,0
D_1NBAE168,412,False,http_error,HTTP Error 412: Precondition Failed,0
D_1NBAE169,412,False,http_error,HTTP Error 412: Precondition Failed,0
D_1NBAE170,412,False,http_error,HTTP Error 412: Precondition Failed,0
D_1NBAE171,412,False,http_error,HTTP Error 412: Precondition Failed,0
D_1NBAE172,412,False,http_error,HTTP Error 412: Precondition Failed,0
D_1NBAE173,412,False,http_error,HTTP Error 412: Precondition Failed,0
D_1NBAE174,412,False,http_error,HTTP Error 412: Precondition Failed,0
D_1NBAE175,412,False,http_error,HTTP Error 412: Precondition Failed,0
D_1NBAE176,412,False,http_error,HTTP Error 412: Precondition Failed,0
D_1NBAE177,412,False,http_error,HTTP Error 412: Precondition Failed,0
D_1NBAE178,412,False,http_error,HTTP Error 412: Precondition Failed,0
D_1NBAE179,412,False,http_error,HTTP Error 412: Precondition Failed,0
D_1NBAE180,412,False,http_error,HTTP Error 412: Precondition Failed,0
D_1NBAE181,412,False,http_error,HTTP Error 412: Precondition Failed,0
D_1NBAE182,412,False,http_error,HTTP Error 412: Precondition Failed,0
D_1NBAE183,412,False,http_error,HTTP Error 412: Precondition Failed,0
D_1NBAE184,412,False,http_error,HTTP Error 412: Precondition Failed,0
D_1NBAE185,412,False,http_error,HTTP Error 412: Precondition Failed,0
D_1NBAE186,412,False,http_error,HTTP Error 412: Precondition Failed,0
D_1NBAE187,412,False,http_error,HTTP Error 412: Precondition Failed,0
D_1NBAE188,412,False,http_error,HTTP Error 412: Precondition Failed,0
D_1NBAE189,412,False,http_error,HTTP Error 412: Precondition Failed,0
D_1NBAE190,412,False,http_error,HTTP Error 412: Precondition Failed,0
D_1NBAE191,412,False,http_error,HTTP Error 412: Precondition Failed,0
D_1NBAE192,412,False,http_error,HTTP Error 412: Precondition Failed,0
D_1NBAE193,412,False,http_error,HTTP Error 412: Precondition Failed,0
D_1NBAE194,412,False,http_error,HTTP Error 412: Precondition Failed,0
D_1NBAE195,412,False,http_error,HTTP Error 412: Precondition Failed,0
D_1NBAE196,412,False,http_error,HTTP Error 412: Precondition Failed,0
D_1NBAE197,412,False,http_error,HTTP Error 412: Precondition Failed,0
D_1NBAE198,412,False,http_error,HTTP Error 412: Precondition Failed,0
D_1NBAE199,412,False,http_error,HTTP Error 412: Precondition Failed,0
D_1NBAE200,412,False,http_error,HTTP Error 412: Precondition Failed,0
D_1NBAE201,412,False,http_error,HTTP Error 412: Precondition Failed,0
D_1NBAE202,412,False,http_error,HTTP Error 412: Precondition Failed,0
D_1NBAE203,412,False,http_error,HTTP Error 412: Precondition Failed,0
D_1NBAE204,412,False,http_error,HTTP Error 412: Precondition Failed,0
D_1NBAE205,412,False,http_error,HTTP Error 412: Precondition Failed,0
D_1NBAE206,412,False,http_error,HTTP Error 412: Precondition Failed,0
D_1NBAE207,412,False,http_error,HTTP Error 412: Precondition Failed,0
D_1NBAE208,412,False,http_error,HTTP Error 412: Precondition Failed,0
D_1NBAE209,412,False,http_error,HTTP Error 412: Precondition Failed,0
D_1NBAE210,412,False,http_error,HTTP Error 412: Precondition Failed,0
D_1NBAE211,412,False,http_error,HTTP Error 412: Precondition Failed,0
D_1NBAE212,412,False,http_error,HTTP Error 412: Precondition Failed,0
D_1NBAE213,412,False,http_error,HTTP Error 412: Precondition Failed,0
D_1NBAE214,412,False,http_error,HTTP Error 412: Precondition Failed,0
D_1NBAE215,412,False,http_error,HTTP Error 412: Precondition Failed,0
D_1NBAE216,412,False,http_error,HTTP Error 412: Precondition Failed,0
D_1NBAE217,412,False,http_error,HTTP Error 412: Precondition Failed,0
D_1NBAE218,412,False,http_error,HTTP Error 412: Precondition Failed,0
D_1NBAE219,412,False,http_error,HTTP Error 412: Precondition Failed,0
D_1NBAE220,412,False,http_error,HTTP Error 412: Precondition Failed,0
D_1NBAE221,412,False,http_error,HTTP Error 412: Precondition Failed,0
D_1NBAE222,412,False,http_error,HTTP Error 412: Precondition Failed,0
D_1NBAE223,412,False,http_error,HTTP Error 412: Precondition Failed,0
D_1NBAE224,412,False,http_error,HTTP Error 412: Precondition Failed,0
D_1NBAE225,412,False,http_error,HTTP Error 412: Precondition Failed,0
D_1NBAE226,412,False,http_error,HTTP Error 412: Precondition Failed,0
D_1NBAE227,412,False,http_error,HTTP Error 412: Precondition Failed,0
D_1NBAE228,412,False,http_error,HTTP Error 412: Precondition Failed,0
D_1NBAE229,412,False,http_error,HTTP Error 412: Precondition Failed,0
D_1NBAE230,412,False,http_error,HTTP Error 412: Precondition Failed,0
D_1NBAE231,412,False,http_error,HTTP Error 412: Precondition Failed,0
D_1NBAE232,412,False,http_error,HTTP Error 412: Precondition Failed,0
D_1NBAE233,412,False,http_error,HTTP Error 412: Precondition Failed,0
D_1NBAE234,412,False,http_error,HTTP Error 412: Precondition Failed,0
D_1NBAE235,412,False,http_error,HTTP Error 412: Precondition Failed,0
D_1NBAE236,412,False,http_error,HTTP Error 412: Precondition Failed,0
D_1NBAE237,412,False,http_error,HTTP Error 412: Precondition Failed,0
D_1NBAE238,412,False,http_error,HTTP Error 412: Precondition Failed,0
D_1NBAE239,412,False,http_error,HTTP Error 412: Precondition Failed,0
D_1NBAE240,412,False,http_error,HTTP Error 412: Precondition Failed,0
D_1NBAE241,412,False,http_error,HTTP Error 412: Precondition Failed,0
D_1NBAE242,412,False,http_error,HTTP Error 412: Precondition Failed,0
D_1NBAE243,412,False,http_error,HTTP Error 412: Precondition Failed,0
D_1NBAE244,412,False,http_error,HTTP Error 412: Precondition Failed,0
D_1NBAE245,412,False,http_error,HTTP Error 412: Precondition Failed,0
D_1NBAE246,412,False,http_error,HTTP Error 412: Precondition Failed,0
D_1NBAE247,412,False,http_error,HTTP Error 412: Precondition Failed,0
D_1NBAE248,412,False,http_error,HTTP Error 412: Precondition Failed,0
D_1NBAE249,412,False,http_error,HTTP Error 412: Precondition Failed,0
D_1NBAE250,412,False,http_error,HTTP Error 412: Precondition Failed,0
D_1NBAE251,412,False,http_error,HTTP Error 412: Precondition Failed,0
D_1NBAE252,412,False,http_error,HTTP Error 412: Precondition Failed,0
D_1NBAE253,412,False,http_error,HTTP Error 412: Precondition Failed,0
D_1NBAE254,412,False,http_error,HTTP Error 412: Precondition Failed,0
D_1NBAE255,412,False,http_error,HTTP Error 412: Precondition Failed,0
D_1NBAE256,412,False,http_error,HTTP Error 412: Precondition Failed,0
D_1NBAE257,412,False,http_error,HTTP Error 412: Precondition Failed,0
D_1NBAE258,412,False,http_error,HTTP Error 412: Precondition Failed,0
D_1NBAE259,412,False,http_error,HTTP Error 412: Precondition Failed,0
D_1NBAE260,412,False,http_error,HTTP Error 412: Precondition Failed,0
D_1NBAE261,412,False,http_error,HTTP Error 412: Precondition Failed,0
D_1NBAE262,412,False,http_error,HTTP Error 412: Precondition Failed,0
D_1NBAE263,412,False,http_error,HTTP Error 412: Precondition Failed,0
D_1NBAE264,412,False,http_error,HTTP Error 412: Precondition Failed,0
D_1NBAE265,412,False,http_error,HTTP Error 412: Precondition Failed,0
D_1NBAE266,412,False,http_error,HTTP Error 412: Precondition Failed,0
D_1NBAE267,412,False,http_error,HTTP Error 412: Precondition Failed,0
D_1NBAE268,412,False,http_error,HTTP Error 412: Precondition Failed,0
D_1NBAE269,412,False,http_error,HTTP Error 412: Precondition Failed,0
D_1NBAE270,412,False,http_error,HTTP Error 412: Precondition Failed,0
D_1NBAE271,412,False,http_error,HTTP Error 412: Precondition Failed,0
D_1NBAE272,412,False,http_error,HTTP Error 412: Precondition Failed,0
D_1NBAE273,412,False,http_error,HTTP Error 412: Precondition Failed,0
D_1NBAE274,412,False,http_error,HTTP Error 412: Precondition Failed,0
D_1NBAE275,412,False,http_error,HTTP Error 412: Precondition Failed,0
D_1NBAE276,412,False,http_error,HTTP Error 412: Precondition Failed,0
D_1NBAE277,412,False,http_error,HTTP Error 412: Precondition Failed,0
D_1NBAE278,412,False,http_error,HTTP Error 412: Precondition Failed,0
D_1NBAE279,412,False,http_error,HTTP Error 412: Precondition Failed,0
D_1NBAE280,412,False,http_error,HTTP Error 412: Precondition Failed,0
D_1NBAE281,412,False,http_error,HTTP Error 412: Precondition Failed,0
D_1NBAE282,412,False,http_error,HTTP Error 412: Precondition Failed,0
D_1NBAE283,412,False,http_error,HTTP Error 412: Precondition Failed,0
D_1NBAE284,412,False,http_error,HTTP Error 412: Precondition Failed,0
D_1NBAE285,412,False,http_error,HTTP Error 412: Precondition Failed,0
D_1NBAE286,412,False,http_error,HTTP Error 412: Precondition Failed,0
D_1NBAE287,412,False,http_error,HTTP Error 412: Precondition Failed,0
D_1NBAE288,412,False,http_error,HTTP Error 412: Precondition Failed,0
D_1NBAE289,412,False,http_error,HTTP Error 412: Precondition Failed,0
D_1NBAE290,412,False,http_error,HTTP Error 412: Precondition Failed,0
D_1NBAE291,412,False,http_error,HTTP Error 412: Precondition Failed,0
D_1NBAE292,412,False,http_error,HTTP Error 412: Precondition Failed,0
D_1NBAE293,412,False,http_error,HTTP Error 412: Precondition Failed,0
D_1NBAE294,412,False,http_error,HTTP Error 412: Precondition Failed,0
D_1NBAE295,412,False,http_error,HTTP Error 412: Precondition Failed,0
D_1NBAE296,412,False,http_error,HTTP Error 412: Precondition Failed,0
D_1NBAE297,412,False,http_error,HTTP Error 412: Precondition Failed,0
D_1NBAE298,412,False,http_error,HTTP Error 412: Precondition Failed,0
D_1NBAE299,412,False,http_error,HTTP Error 412: Precondition Failed,0
D_1NBAE300,412,False,http_error,HTTP Error 412: Precondition Failed,0
D_1NBAE301,412,False,http_error,HTTP Error 412: Precondition Failed,0
D_1NBAE302,412,False,http_error,HTTP Error 412: Precondition Failed,0
D_1NBAE303,412,False,http_error,HTTP Error 412: Precondition Failed,0
D_1NBAE304,412,False,http_error,HTTP Error 412: Precondition Failed,0
D_1NBAE305,412,False,http_error,HTTP Error 412: Precondition Failed,0
D_1NBAE306,412,False,http_error,HTTP Error 412: Precondition Failed,0
D_1NBAE307,412,False,http_error,HTTP Error 412: Precondition Failed,0
D_1NBAE308,412,False,http_error,HTTP Error 412: Precondition Failed,0
D_1NBAE309,412,False,http_error,HTTP Error 412: Precondition Failed,0
D_1NBAE310,412,False,http_error,HTTP Error 412: Precondition Failed,0
D_1NBAE311,412,False,http_error,HTTP Error 412: Precondition Failed,0
D_1NBAE312,412,False,http_error,HTTP Error 412: Precondition Failed,0
D_1NBAE313,412,False,http_error,HTTP Error 412: Precondition Failed,0
D_1NBAE314,412,False,http_error,HTTP Error 412: Precondition Failed,0
D_1NBAE315,412,False,http_error,HTTP Error 412: Precondition Failed,0
D_1NBAE316,412,False,http_error,HTTP Error 412: Precondition Failed,0
D_1NBAE317,412,False,http_error,HTTP Error 412: Precondition Failed,0
D_1NBAE318,412,False,http_error,HTTP Error 412: Precondition Failed,0
D_1NBAE319,412,False,http_error,HTTP Error 412: Precondition Failed,0
D_1NBAE320,412,False,http_error,HTTP Error 412: Precondition Failed,0
D_1NBAE321,412,False,http_error,HTTP Error 412: Precondition Failed,0
D_1NBAE322,412,False,http_error,HTTP Error 412: Precondition Failed,0
D_1NBAE323,412,False,http_error,HTTP Error 412: Precondition Failed,0
D_1NBAE324,412,False,http_error,HTTP Error 412: Precondition Failed,0
D_1NBAE325,412,False,http_error,HTTP Error 412: Precondition Failed,0
D_1NBAE326,412,False,http_error,HTTP Error 412: Precondition Failed,0
D_1NBAE327,412,False,http_error,HTTP Error 412: Precondition Failed,0
D_1NBAE328,412,False,http_error,HTTP Error 412: Precondition Failed,0
D_1NBAE329,412,False,http_error,HTTP Error 412: Precondition Failed,0
D_1NBAE330,412,False,http_error,HTTP Error 412: Precondition Failed,0
D_1NBAE331,412,False,http_error,HTTP Error 412: Precondition Failed,0
D_1NBAE332,412,False,http_error,HTTP Error 412: Precondition Failed,0
D_1NBAE333,412,False,http_error,HTTP Error 412: Precondition Failed,0
D_1NBAE334,412,False,http_error,HTTP Error 412: Precondition Failed,0
D_1NBAE335,412,False,http_error,HTTP Error 412: Precondition Failed,0
D_1NBAE336,412,False,http_error,HTTP Error 412: Precondition Failed,0
D_1NBAE337,412,False,http_error,HTTP Error 412: Precondition Failed,0
D_1NBAE338,412,False,http_error,HTTP Error 412: Precondition Failed,0
D_1NBAE339,412,False,http_error,HTTP Error 412: Precondition Failed,0
D_1NBAE340,412,False,http_error,HTTP Error 412: Precondition Failed,0
D_1NBAE341,412,False,http_error,HTTP Error 412: Precondition Failed,0
D_1NBAE342,412,False,http_error,HTTP Error 412: Precondition Failed,0
D_1NBAE343,412,False,http_error,HTTP Error 412: Precondition Failed,0
D_1NBAE344,412,False,http_error,HTTP Error 412: Precondition Failed,0
D_1NBAE345,412,False,http_error,HTTP Error 412: Precondition Failed,0
D_1NBAE346,412,False,http_error,HTTP Error 412: Precondition Failed,0
D_1NBAE347,412,False,http_error,HTTP Error 412: Precondition Failed,0
D_1NBAE348,412,False,http_error,HTTP Error 412: Precondition Failed,0
D_1NBAE349,412,False,http_error,HTTP Error 412: Precondition Failed,0
D_1NBAE350,412,False,http_error,HTTP Error 412: Precondition Failed,0
D_1NBAE351,412,False,http_error,HTTP Error 412: Precondition Failed,0
D_1NBAE352,412,False,http_error,HTTP Error 412: Precondition Failed,0
D_1NBAE353,412,False,http_error,HTTP Error 412: Precondition Failed,0
D_1NBAE354,412,False,http_error,HTTP Error 412: Precondition Failed,0
D_1NBAE355,412,False,http_error,HTTP Error 412: Precondition Failed,0
D_1NBAE356,412,False,http_error,HTTP Error 412: Precondition Failed,0
D_1NBAE357,412,False,http_error,HTTP Error 412: Precondition Failed,0
D_1NBAE358,412,False,http_error,HTTP Error 412: Precondition Failed,0
D_1NBAE359,412,False,http_error,HTTP Error 412: Precondition Failed,0
D_1NBAE360,412,False,http_error,HTTP Error 412: Precondition Failed,0
D_1NBAE361,412,False,http_error,HTTP Error 412: Precondition Failed,0
D_1NBAE362,412,False,http_error,HTTP Error 412: Precondition Failed,0
D_1NBAE363,412,False,http_error,HTTP Error 412: Precondition Failed,0
D_1NBAE364,412,False,http_error,HTTP Error 412: Precondition Failed,0
D_1NBAE365,412,False,http_error,HTTP Error 412: Precondition Failed,0
D_1NBAE366,412,False,http_error,HTTP Error 412: Precondition Failed,0
D_1NBAE367,412,False,http_error,HTTP Error 412: Precondition Failed,0
D_1NBAE368,412,False,http_error,HTTP Error 412: Precondition Failed,0
D_1NBAE369,412,False,http_error,HTTP Error 412: Precondition Failed,0
D_1NBAE370,412,False,http_error,HTTP Error 412: Precondition Failed,0
D_1NBAE371,412,False,http_error,HTTP Error 412: Precondition Failed,0
D_1NBAE372,412,False,http_error,HTTP Error 412: Precondition Failed,0
D_1NBAE373,412,False,http_error,HTTP Error 412: Precondition Failed,0
D_1NBAE374,412,False,http_error,HTTP Error 412: Precondition Failed,0
D_1NBAE375,412,False,http_error,HTTP Error 412: Precondition Failed,0
D_1NBAE376,412,False,http_error,HTTP Error 412: Precondition Failed,0
D_1NBAE377,412,False,http_error,HTTP Error 412: Precondition Failed,0
D_1NBAE378,412,False,http_error,HTTP Error 412: Precondition Failed,0
D_1NBAE379,412,False,http_error,HTTP Error 412: Precondition Failed,0
D_1NBAE380,412,False,http_error,HTTP Error 412: Precondition Failed,0
D_1NBAE381,412,False,http_error,HTTP Error 412: Precondition Failed,0
D_1NBAE382,412,False,http_error,HTTP Error 412: Precondition Failed,0
D_1NBAE383,412,False,http_error,HTTP Error 412: Precondition Failed,0
D_1NBAE384,412,False,http_error,HTTP Error 412: Precondition Failed,0
D_1NBAE385,412,False,http_error,HTTP Error 412: Precondition Failed,0
D_1NBAE386,412,False,http_error,HTTP Error 412: Precondition Failed,0
D_1NBAE387,412,False,http_error,HTTP Error 412: Precondition Failed,0
D_1NBAE388,412,False,http_error,HTTP Error 412: Precondition Failed,0
D_1NBAE389,412,False,http_error,HTTP Error 412: Precondition Failed,0
D_1NBAE390,412,False,http_error,HTTP Error 412: Precondition Failed,0
D_1NBAE391,412,False,http_error,HTTP Error 412: Precondition Failed,0
D_1NBAE392,412,False,http_error,HTTP Error 412: Precondition Failed,0
D_1NBAE393,412,False,http_error,HTTP Error 412: Precondition Failed,0
D_1NBAE394,412,False,http_error,HTTP Error 412: Precondition Failed,0
D_1NBAE395,412,False,http_error,HTTP Error 412: Precondition Failed,0
D_1NBAE396,412,False,http_error,HTTP Error 412: Precondition Failed,0
D_1NBAE397,412,False,http_error,HTTP Error 412: Precondition Failed,0
D_1NBAE398,412,False,http_error,HTTP Error 412: Precondition Failed,0
D_1NBAE399,412,False,http_error,HTTP Error 412: Precondition Failed,0
D_1NBAE400,412,False,http_error,HTTP Error 412: Precondition Failed,0
D_1NBAE401,412,False,http_error,HTTP Error 412: Precondition Failed,0
D_1NBAE402,412,False,http_error,HTTP Error 412: Precondition Failed,0
D_1NBAE403,412,False,http_error,HTTP Error 412: Precondition Failed,0
D_1NBAE404,412,False,http_error,HTTP Error 412: Precondition Failed,0
D_1NBAE405,412,False,http_error,HTTP Error 412: Precondition Failed,0
D_1NBAE406,412,False,http_error,HTTP Error 412: Precondition Failed,0
D_1NBAE407,412,False,http_error,HTTP Error 412: Precondition Failed,0
D_1NBAE408,412,False,http_error,HTTP Error 412: Precondition Failed,0
D_1NBAE409,412,False,http_error,HTTP Error 412: Precondition Failed,0
D_1NBAE410,412,False,http_error,HTTP Error 412: Precondition Failed,0
D_1NBAE411,412,False,http_error,HTTP Error 412: Precondition Failed,0
D_1NBAE412,412,False,http_error,HTTP Error 412: Precondition Failed,0
D_1NBAE413,412,False,http_error,HTTP Error 412: Precondition Failed,0
D_1NBAE414,412,False,http_error,HTTP Error 412: Precondition Failed,0
D_1NBAE415,412,False,http_error,HTTP Error 412: Precondition Failed,0
D_1NBAE416,412,False,http_error,HTTP Error 412: Precondition Failed,0
D_1NBAE417,412,False,http_error,HTTP Error 412: Precondition Failed,0
D_1NBAE418,412,False,http_error,HTTP Error 412: Precondition Failed,0
D_1NBAE419,412,False,http_error,HTTP Error 412: Precondition Failed,0
D_1NBAE420,412,False,http_error,HTTP Error 412: Precondition Failed,0
D_1NBAE421,412,False,http_error,HTTP Error 412: Precondition Failed,0
D_1NBAE422,412,False,http_error,HTTP Error 412: Precondition Failed,0
D_1NBAE423,412,False,http_error,HTTP Error 412: Precondition Failed,0
D_1NBAE424,412,False,http_error,HTTP Error 412: Precondition Failed,0
D_1NBAE425,412,False,http_error,HTTP Error 412: Precondition Failed,0
D_1NBAE426,412,False,http_error,HTTP Error 412: Precondition Failed,0
D_1NBAE427,412,False,http_error,HTTP Error 412: Precondition Failed,0
D_1NBAE428,412,False,http_error,HTTP Error 412: Precondition Failed,0
D_1NBAE429,412,False,http_error,HTTP Error 412: Precondition Failed,0
D_1NBAE430,412,False,http_error,HTTP Error 412: Precondition Failed,0
D_1NBAE431,412,False,http_error,HTTP Error 412: Precondition Failed,0
D_1NBAE432,412,False,http_error,HTTP Error 412: Precondition Failed,0
D_1NBAE433,412,False,http_error,HTTP Error 412: Precondition Failed,0
D_1NBAE434,412,False,http_error,HTTP Error 412: Precondition Failed,0
D_1NBAE435,412,False,http_error,HTTP Error 412: Precondition Failed,0
D_1NBAE436,412,False,http_error,HTTP Error 412: Precondition Failed,0
D_1NBAE437,412,False,http_error,HTTP Error 412: Precondition Failed,0
D_1NBAE438,412,False,http_error,HTTP Error 412: Precondition Failed,0
D_1NBAE439,412,False,http_error,HTTP Error 412: Precondition Failed,0
D_1NBAE440,412,False,http_error,HTTP Error 412: Precondition Failed,0
D_1NBAE441,412,False,http_error,HTTP Error 412: Precondition Failed,0
D_1NBAE442,412,False,http_error,HTTP Error 412: Precondition Failed,0
D_1NBAE443,412,False,http_error,HTTP Error 412: Precondition Failed,0
D_1NBAE444,412,False,http_error,HTTP Error 412: Precondition Failed,0
D_1NBAE445,412,False,http_error,HTTP Error 412: Precondition Failed,0
D_1NBAE446,412,False,http_error,HTTP Error 412: Precondition Failed,0
D_1NBAE447,412,False,http_error,HTTP Error 412: Precondition Failed,0
D_1NBAE448,412,False,http_error,HTTP Error 412: Precondition Failed,0
D_1NBAE449,412,False,http_error,HTTP Error 412: Precondition Failed,0
D_1NBAE450,412,False,http_error,HTTP Error 412: Precondition Failed,0
D_1NBAE451,412,False,http_error,HTTP Error 412: Precondition Failed,0
D_1NBAE452,412,False,http_error,HTTP Error 412: Precondition Failed,0
D_1NBAE453,412,False,http_error,HTTP Error 412: Precondition Failed,0
D_1NBAE454,412,False,http_error,HTTP Error 412: Precondition Failed,0
D_1NBAE455,412,False,http_error,HTTP Error 412: Precondition Failed,0
D_1NBAE456,412,False,http_error,HTTP Error 412: Precondition Failed,0
D_1NBAE457,412,False,http_error,HTTP Error 412: Precondition Failed,0
D_1NBAE458,412,False,http_error,HTTP Error 412: Precondition Failed,0
D_1NBAE459,412,False,http_error,HTTP Error 412: Precondition Failed,0
D_1NBAE460,412,False,http_error,HTTP Error 412: Precondition Failed,0
D_1NBAE461,412,False,http_error,HTTP Error 412: Precondition Failed,0
D_1NBAE462,412,False,http_error,HTTP Error 412: Precondition Failed,0
D_1NBAE463,412,False,http_error,HTTP Error 412: Precondition Failed,0
D_1NBAE464,412,False,http_error,HTTP Error 412: Precondition Failed,0
D_1NBAE465,412,False,http_error,HTTP Error 412: Precondition Failed,0
D_1NBAE466,412,False,http_error,HTTP Error 412: Precondition Failed,0
D_1NBAE467,412,False,http_error,HTTP Error 412: Precondition Failed,0
D_1NBAE468,412,False,http_error,HTTP Error 412: Precondition Failed,0
D_1NBAE469,412,False,http_error,HTTP Error 412: Precondition Failed,0
D_1NBAE470,412,False,http_error,HTTP Error 412: Precondition Failed,0
D_1NBAE471,412,False,http_error,HTTP Error 412: Precondition Failed,0
D_1NBAE472,200,False,parse_error,Expecting value: line 1 column 1 (char 0),0
D_1NBAE473,412,False,http_error,HTTP Error 412: Precondition Failed,0
D_1NBAE474,412,False,http_error,HTTP Error 412: Precondition Failed,0
D_1NBAE475,412,False,http_error,HTTP Error 412: Precondition Failed,0
D_1NBAE476,412,False,http_error,HTTP Error 412: Precondition Failed,0
D_1NBAE477,412,False,http_error,HTTP Error 412: Precondition Failed,0
D_1NBAE478,412,False,http_error,HTTP Error 412: Precondition Failed,0
D_1NBAE479,412,False,http_error,HTTP Error 412: Precondition Failed,0
D_1NBAE480,412,False,http_error,HTTP Error 412: Precondition Failed,0
D_1NBAE481,412,False,http_error,HTTP Error 412: Precondition Failed,0
D_1NBAE482,412,False,http_error,HTTP Error 412: Precondition Failed,0
D_1NBAE483,412,False,http_error,HTTP Error 412: Precondition Failed,0
D_1NBAE484,412,False,http_error,HTTP Error 412: Precondition Failed,0
D_1NBAE485,412,False,http_error,HTTP Error 412: Precondition Failed,0
D_1NBAE486,412,False,http_error,HTTP Error 412: Precondition Failed,0
D_1NBAE487,412,False,http_error,HTTP Error 412: Precondition Failed,0
D_1NBAE488,412,False,http_error,HTTP Error 412: Precondition Failed,0
D_1NBAE489,412,False,http_error,HTTP Error 412: Precondition Failed,0
D_1NBAE490,412,False,http_error,HTTP Error 412: Precondition Failed,0
D_1NBAE491,412,False,http_error,HTTP Error 412: Precondition Failed,0
D_1NBAE492,412,False,http_error,HTTP Error 412: Precondition Failed,0
D_1NBAE493,412,False,http_error,HTTP Error 412: Precondition Failed,0
D_1NBAE494,412,False,http_error,HTTP Error 412: Precondition Failed,0
D_1NBAE495,412,False,http_error,HTTP Error 412: Precondition Failed,0
D_1NBAE496,412,False,http_error,HTTP Error 412: Precondition Failed,0
D_1NBAE497,412,False,http_error,HTTP Error 412: Precondition Failed,0
D_1NBAE498,412,False,http_error,HTTP Error 412: Precondition Failed,0
D_1NBAE499,412,False,http_error,HTTP Error 412: Precondition Failed,0
D_1NBAE500,412,False,http_error,HTTP Error 412: Precondition Failed,0
D_1NBAE501,412,False,http_error,HTTP Error 412: Precondition Failed,0
D_1NBAE502,412,False,http_error,HTTP Error 412: Precondition Failed,0
D_1NBAE503,412,False,http_error,HTTP Error 412: Precondition Failed,0
D_1NBAE504,412,False,http_error,HTTP Error 412: Precondition Failed,0
D_1NBAE505,412,False,http_error,HTTP Error 412: Precondition Failed,0
D_1NBAE506,412,False,http_error,HTTP Error 412: Precondition Failed,0
D_1NBAE507,412,False,http_error,HTTP Error 412: Precondition Failed,0
D_1NBAE508,412,False,http_error,HTTP Error 412: Precondition Failed,0
D_1NBAE509,412,False,http_error,HTTP Error 412: Precondition Failed,0
D_1NBAE510,412,False,http_error,HTTP Error 412: Precondition Failed,0
D_1NBAE511,412,False,http_error,HTTP Error 412: Precondition Failed,0
D_1NBAE512,412,False,http_error,HTTP Error 412: Precondition Failed,0
D_1NBAE513,412,False,http_error,HTTP Error 412: Precondition Failed,0
D_1NBAE514,412,False,http_error,HTTP Error 412: Precondition Failed,0
D_1NBAE515,412,False,http_error,HTTP Error 412: Precondition Failed,0
D_1NBAE516,412,False,http_error,HTTP Error 412: Precondition Failed,0
D_1NBAE517,412,False,http_error,HTTP Error 412: Precondition Failed,0
D_1NBAE518,412,False,http_error,HTTP Error 412: Precondition Failed,0
D_1NBAE519,412,False,http_error,HTTP Error 412: Precondition Failed,0
D_1NBAE520,412,False,http_error,HTTP Error 412: Precondition Failed,0
D_1NBAE521,412,False,http_error,HTTP Error 412: Precondition Failed,0
D_1NBAE522,412,False,http_error,HTTP Error 412: Precondition Failed,0
D_1NBAE523,412,False,http_error,HTTP Error 412: Precondition Failed,0
D_1NBAE524,412,False,http_error,HTTP Error 412: Precondition Failed,0
D_1NBAE525,412,False,http_error,HTTP Error 412: Precondition Failed,0
D_1NBAE526,412,False,http_error,HTTP Error 412: Precondition Failed,0
D_1NBAE527,412,False,http_error,HTTP Error 412: Precondition Failed,0
D_1NBAE528,412,False,http_error,HTTP Error 412: Precondition Failed,0
D_1NBAE529,412,False,http_error,HTTP Error 412: Precondition Failed,0
D_1NBAE530,412,False,http_error,HTTP Error 412: Precondition Failed,0
D_1NBAE531,412,False,http_error,HTTP Error 412: Precondition Failed,0
D_1NBAE532,412,False,http_error,HTTP Error 412: Precondition Failed,0
D_1NBAE533,412,False,http_error,HTTP Error 412: Precondition Failed,0
D_1NBAE534,412,False,http_error,HTTP Error 412: Precondition Failed,0
D_1NBAE535,412,False,http_error,HTTP Error 412: Precondition Failed,0
D_1NBAE536,412,False,http_error,HTTP Error 412: Precondition Failed,0
D_1NBAE537,412,False,http_error,HTTP Error 412: Precondition Failed,0
D_1NBAE538,412,False,http_error,HTTP Error 412: Precondition Failed,0
D_1NBAE539,412,False,http_error,HTTP Error 412: Precondition Failed,0
D_1NBAE540,412,False,http_error,HTTP Error 412: Precondition Failed,0
D_1NBAE541,412,False,http_error,HTTP Error 412: Precondition Failed,0
D_1NBAE542,412,False,http_error,HTTP Error 412: Precondition Failed,0
D_1NBAE543,412,False,http_error,HTTP Error 412: Precondition Failed,0
D_1NBAE544,412,False,http_error,HTTP Error 412: Precondition Failed,0
D_1NBAE545,412,False,http_error,HTTP Error 412: Precondition Failed,0
D_1NBAE546,412,False,http_error,HTTP Error 412: Precondition Failed,0
D_1NBAE547,412,False,http_error,HTTP Error 412: Precondition Failed,0
D_1NBAE548,412,False,http_error,HTTP Error 412: Precondition Failed,0
D_1NBAE549,412,False,http_error,HTTP Error 412: Precondition Failed,0
D_1NBAE550,412,False,http_error,HTTP Error 412: Precondition Failed,0
D_1NBAE551,412,False,http_error,HTTP Error 412: Precondition Failed,0
D_1NBAE552,412,False,http_error,HTTP Error 412: Precondition Failed,0
D_1NBAE553,412,False,http_error,HTTP Error 412: Precondition Failed,0
D_1NBAE554,412,False,http_error,HTTP Error 412: Precondition Failed,0
D_1NBAE555,412,False,http_error,HTTP Error 412: Precondition Failed,0
D_1NBAE556,412,False,http_error,HTTP Error 412: Precondition Failed,0
D_1NBAE557,412,False,http_error,HTTP Error 412: Precondition Failed,0
D_1NBAE558,412,False,http_error,HTTP Error 412: Precondition Failed,0
D_1NBAE559,412,False,http_error,HTTP Error 412: Precondition Failed,0
D_1NBAE560,412,False,http_error,HTTP Error 412: Precondition Failed,0
D_1NBAE561,412,False,http_error,HTTP Error 412: Precondition Failed,0
D_1NBAE562,412,False,http_error,HTTP Error 412: Precondition Failed,0
D_1NBAE563,412,False,http_error,HTTP Error 412: Precondition Failed,0
D_1NBAE564,412,False,http_error,HTTP Error 412: Precondition Failed,0
D_1NBAE565,412,False,http_error,HTTP Error 412: Precondition Failed,0
D_1NBAE566,412,False,http_error,HTTP Error 412: Precondition Failed,0
D_1NBAE567,412,False,http_error,HTTP Error 412: Precondition Failed,0
D_1NBAE568,412,False,http_error,HTTP Error 412: Precondition Failed,0
D_1NBAE569,412,False,http_error,HTTP Error 412: Precondition Failed,0
D_1NBAE570,412,False,http_error,HTTP Error 412: Precondition Failed,0
D_1NBAE571,412,False,http_error,HTTP Error 412: Precondition Failed,0
D_1NBAE572,200,False,parse_error,Expecting value: line 1 column 1 (char 0),0
D_1NBAE573,412,False,http_error,HTTP Error 412: Precondition Failed,0
D_1NBAE574,412,False,http_error,HTTP Error 412: Precondition Failed,0
D_1NBAE575,412,False,http_error,HTTP Error 412: Precondition Failed,0
D_1NBAE576,412,False,http_error,HTTP Error 412: Precondition Failed,0
D_1NBAE577,412,False,http_error,HTTP Error 412: Precondition Failed,0
D_1NBAE578,412,False,http_error,HTTP Error 412: Precondition Failed,0
D_1NBAE579,412,False,http_error,HTTP Error 412: Precondition Failed,0
D_1NBAE580,412,False,http_error,HTTP Error 412: Precondition Failed,0
D_1NBAE581,412,False,http_error,HTTP Error 412: Precondition Failed,0
D_1NBAE582,412,False,http_error,HTTP Error 412: Precondition Failed,0
D_1NBAE583,412,False,http_error,HTTP Error 412: Precondition Failed,0
D_1NBAE584,412,False,http_error,HTTP Error 412: Precondition Failed,0
D_1NBAE585,412,False,http_error,HTTP Error 412: Precondition Failed,0
D_1NBAE586,412,False,http_error,HTTP Error 412: Precondition Failed,0
D_1NBAE587,412,False,http_error,HTTP Error 412: Precondition Failed,0
D_1NBAE588,412,False,http_error,HTTP Error 412: Precondition Failed,0
D_1NBAE589,412,False,http_error,HTTP Error 412: Precondition Failed,0
D_1NBAE590,412,False,http_error,HTTP Error 412: Precondition Failed,0
D_1NBAE591,412,False,http_error,HTTP Error 412: Precondition Failed,0
D_1NBAE592,412,False,http_error,HTTP Error 412: Precondition Failed,0
D_1NBAE593,412,False,http_error,HTTP Error 412: Precondition Failed,0
D_1NBAE594,412,False,http_error,HTTP Error 412: Precondition Failed,0
D_1NBAE595,412,False,http_error,HTTP Error 412: Precondition Failed,0
D_1NBAE596,412,False,http_error,HTTP Error 412: Precondition Failed,0
D_1NBAE597,412,False,http_error,HTTP Error 412: Precondition Failed,0
D_1NBAE598,412,False,http_error,HTTP Error 412: Precondition Failed,0
D_1NBAE599,412,False,http_error,HTTP Error 412: Precondition Failed,0
D_1NBAE600,412,False,http_error,HTTP Error 412: Precondition Failed,0
D_1NBAE601,412,False,http_error,HTTP Error 412: Precondition Failed,0
D_1NBAE602,412,False,http_error,HTTP Error 412: Precondition Failed,0
D_1NBAE603,412,False,http_error,HTTP Error 412: Precondition Failed,0
D_1NBAE604,412,False,http_error,HTTP Error 412: Precondition Failed,0
D_1NBAE605,412,False,http_error,HTTP Error 412: Precondition Failed,0
D_1NBAE606,412,False,http_error,HTTP Error 412: Precondition Failed,0
D_1NBAE607,412,False,http_error,HTTP Error 412: Precondition Failed,0
D_1NBAE608,412,False,http_error,HTTP Error 412: Precondition Failed,0
D_1NBAE609,412,False,http_error,HTTP Error 412: Precondition Failed,0
D_1NBAE610,412,False,http_error,HTTP Error 412: Precondition Failed,0
D_1NBAE611,412,False,http_error,HTTP Error 412: Precondition Failed,0
D_1NBAE612,412,False,http_error,HTTP Error 412: Precondition Failed,0
D_1NBAE613,412,False,http_error,HTTP Error 412: Precondition Failed,0
D_1NBAE614,412,False,http_error,HTTP Error 412: Precondition Failed,0
D_1NBAE615,412,False,http_error,HTTP Error 412: Precondition Failed,0
D_1NBAE616,412,False,http_error,HTTP Error 412: Precondition Failed,0
D_1NBAE617,412,False,http_error,HTTP Error 412: Precondition Failed,0
D_1NBAE618,412,False,http_error,HTTP Error 412: Precondition Failed,0
D_1NBAE619,412,False,http_error,HTTP Error 412: Precondition Failed,0
D_1NBAE620,412,False,http_error,HTTP Error 412: Precondition Failed,0
D_1NBAE621,412,False,http_error,HTTP Error 412: Precondition Failed,0
D_1NBAE622,412,False,http_error,HTTP Error 412: Precondition Failed,0
D_1NBAE623,412,False,http_error,HTTP Error 412: Precondition Failed,0
D_1NBAE624,412,False,http_error,HTTP Error 412: Precondition Failed,0
D_1NBAE625,412,False,http_error,HTTP Error 412: Precondition Failed,0
D_1NBAE626,412,False,http_error,HTTP Error 412: Precondition Failed,0
D_1NBAE627,412,False,http_error,HTTP Error 412: Precondition Failed,0
D_1NBAE628,412,False,http_error,HTTP Error 412: Precondition Failed,0
D_1NBAE629,412,False,http_error,HTTP Error 412: Precondition Failed,0
D_1NBAE630,412,False,http_error,HTTP Error 412: Precondition Failed,0
D_1NBAE631,412,False,http_error,HTTP Error 412: Precondition Failed,0
D_1NBAE632,412,False,http_error,HTTP Error 412: Precondition Failed,0
D_1NBAE633,412,False,http_error,HTTP Error 412: Precondition Failed,0
D_1NBAE634,412,False,http_error,HTTP Error 412: Precondition Failed,0
D_1NBAE635,412,False,http_error,HTTP Error 412: Precondition Failed,0
D_1NBAE636,412,False,http_error,HTTP Error 412: Precondition Failed,0
D_1NBAE637,412,False,http_error,HTTP Error 412: Precondition Failed,0
D_1NBAE638,412,False,http_error,HTTP Error 412: Precondition Failed,0
D_1NBAE639,412,False,http_error,HTTP Error 412: Precondition Failed,0
D_1NBAE640,412,False,http_error,HTTP Error 412: Precondition Failed,0
D_1NBAE641,412,False,http_error,HTTP Error 412: Precondition Failed,0
D_1NBAE642,412,False,http_error,HTTP Error 412: Precondition Failed,0
D_1NBAE643,412,False,http_error,HTTP Error 412: Precondition Failed,0
D_1NBAE644,412,False,http_error,HTTP Error 412: Precondition Failed,0
D_1NBAE645,412,False,http_error,HTTP Error 412: Precondition Failed,0
D_1NBAE646,412,False,http_error,HTTP Error 412: Precondition Failed,0
D_1NBAE647,412,False,http_error,HTTP Error 412: Precondition Failed,0
D_1NBAE648,412,False,http_error,HTTP Error 412: Precondition Failed,0
D_1NBAE649,412,False,http_error,HTTP Error 412: Precondition Failed,0
D_1NBAE650,412,False,http_error,HTTP Error 412: Precondition Failed,0
D_1NBAE651,412,False,http_error,HTTP Error 412: Precondition Failed,0
D_1NBAE652,412,False,http_error,HTTP Error 412: Precondition Failed,0
D_1NBAE653,412,False,http_error,HTTP Error 412: Precondition Failed,0
D_1NBAE654,412,False,http_error,HTTP Error 412: Precondition Failed,0
D_1NBAE655,412,False,http_error,HTTP Error 412: Precondition Failed,0
D_1NBAE656,412,False,http_error,HTTP Error 412: Precondition Failed,0
D_1NBAE657,412,False,http_error,HTTP Error 412: Precondition Failed,0
D_1NBAE658,412,False,http_error,HTTP Error 412: Precondition Failed,0
D_1NBAE659,412,False,http_error,HTTP Error 412: Precondition Failed,0
D_1NBAE660,412,False,http_error,HTTP Error 412: Precondition Failed,0
D_1NBAE661,412,False,http_error,HTTP Error 412: Precondition Failed,0
D_1NBAE662,412,False,http_error,HTTP Error 412: Precondition Failed,0
D_1NBAE663,412,False,http_error,HTTP Error 412: Precondition Failed,0
D_1NBAE664,412,False,http_error,HTTP Error 412: Precondition Failed,0
D_1NBAE665,412,False,http_error,HTTP Error 412: Precondition Failed,0
D_1NBAE666,412,False,http_error,HTTP Error 412: Precondition Failed,0
D_1NBAE667,412,False,http_error,HTTP Error 412: Precondition Failed,0
D_1NBAE668,412,False,http_error,HTTP Error 412: Precondition Failed,0
D_1NBAE669,412,False,http_error,HTTP Error 412: Precondition Failed,0
D_1NBAE670,412,False,http_error,HTTP Error 412: Precondition Failed,0
D_1NBAE671,412,False,http_error,HTTP Error 412: Precondition Failed,0
D_1NBAE672,412,False,http_error,HTTP Error 412: Precondition Failed,0
D_1NBAE673,412,False,http_error,HTTP Error 412: Precondition Failed,0
D_1NBAE674,412,False,http_error,HTTP Error 412: Precondition Failed,0
D_1NBAE675,412,False,http_error,HTTP Error 412: Precondition Failed,0
D_1NBAE676,412,False,http_error,HTTP Error 412: Precondition Failed,0
D_1NBAE677,412,False,http_error,HTTP Error 412: Precondition Failed,0
D_1NBAE678,412,False,http_error,HTTP Error 412: Precondition Failed,0
D_1NBAE679,412,False,http_error,HTTP Error 412: Precondition Failed,0
D_1NBAE680,412,False,http_error,HTTP Error 412: Precondition Failed,0
D_1NBAE681,412,False,http_error,HTTP Error 412: Precondition Failed,0
D_1NBAE682,412,False,http_error,HTTP Error 412: Precondition Failed,0
D_1NBAE683,412,False,http_error,HTTP Error 412: Precondition Failed,0
D_1NBAE684,412,False,http_error,HTTP Error 412: Precondition Failed,0
D_1NBAE685,412,False,http_error,HTTP Error 412: Precondition Failed,0
D_1NBAE686,412,False,http_error,HTTP Error 412: Precondition Failed,0
D_1NBAE687,412,False,http_error,HTTP Error 412: Precondition Failed,0
D_1NBAE688,412,False,http_error,HTTP Error 412: Precondition Failed,0
D_1NBAE689,412,False,http_error,HTTP Error 412: Precondition Failed,0
D_1NBAE690,412,False,http_error,HTTP Error 412: Precondition Failed,0
D_1NBAE691,412,False,http_error,HTTP Error 412: Precondition Failed,0
D_1NBAE692,412,False,http_error,HTTP Error 412: Precondition Failed,0
D_1NBAE693,412,False,http_error,HTTP Error 412: Precondition Failed,0
D_1NBAE694,412,False,http_error,HTTP Error 412: Precondition Failed,0
D_1NBAE695,412,False,http_error,HTTP Error 412: Precondition Failed,0
D_1NBAE696,412,False,http_error,HTTP Error 412: Precondition Failed,0
D_1NBAE697,412,False,http_error,HTTP Error 412: Precondition Failed,0
D_1NBAE698,412,False,http_error,HTTP Error 412: Precondition Failed,0
D_1NBAE699,412,False,http_error,HTTP Error 412: Precondition Failed,0
D_1NBAE700,412,False,http_error,HTTP Error 412: Precondition Failed,0
D_1NBAE701,412,False,http_error,HTTP Error 412: Precondition Failed,0
D_1NBAE702,412,False,http_error,HTTP Error 412: Precondition Failed,0
D_1NBAE703,412,False,http_error,HTTP Error 412: Precondition Failed,0
D_1NBAE704,412,False,http_error,HTTP Error 412: Precondition Failed,0
D_1NBAE705,412,False,http_error,HTTP Error 412: Precondition Failed,0
D_1NBAE706,412,False,http_error,HTTP Error 412: Precondition Failed,0
D_1NBAE707,412,False,http_error,HTTP Error 412: Precondition Failed,0
D_1NBAE708,412,False,http_error,HTTP Error 412: Precondition Failed,0
D_1NBAE709,412,False,http_error,HTTP Error 412: Precondition Failed,0
D_1NBAE710,412,False,http_error,HTTP Error 412: Precondition Failed,0
D_1NBAE711,412,False,http_error,HTTP Error 412: Precondition Failed,0
D_1NBAE712,412,False,http_error,HTTP Error 412: Precondition Failed,0
D_1NBAE713,412,False,http_error,HTTP Error 412: Precondition Failed,0
D_1NBAE714,412,False,http_error,HTTP Error 412: Precondition Failed,0
D_1NBAE715,412,False,http_error,HTTP Error 412: Precondition Failed,0
D_1NBAE716,412,False,http_error,HTTP Error 412: Precondition Failed,0
D_1NBAE717,412,False,http_error,HTTP Error 412: Precondition Failed,0
D_1NBAE718,412,False,http_error,HTTP Error 412: Precondition Failed,0
D_1NBAE719,412,False,http_error,HTTP Error 412: Precondition Failed,0
D_1NBAE720,412,False,http_error,HTTP Error 412: Precondition Failed,0
D_1NBAE721,412,False,http_error,HTTP Error 412: Precondition Failed,0
D_1NBAE722,412,False,http_error,HTTP Error 412: Precondition Failed,0
D_1NBAE723,412,False,http_error,HTTP Error 412: Precondition Failed,0
D_1NBAE724,412,False,http_error,HTTP Error 412: Precondition Failed,0
D_1NBAE725,412,False,http_error,HTTP Error 412: Precondition Failed,0
D_1NBAE726,412,False,http_error,HTTP Error 412: Precondition Failed,0
D_1NBAE727,412,False,http_error,HTTP Error 412: Precondition Failed,0
D_1NBAE728,412,False,http_error,HTTP Error 412: Precondition Failed,0
D_1NBAE729,412,False,http_error,HTTP Error 412: Precondition Failed,0
D_1NBAE730,412,False,http_error,HTTP Error 412: Precondition Failed,0
D_1NBAE731,412,False,http_error,HTTP Error 412: Precondition Failed,0
D_1NBAE732,412,False,http_error,HTTP Error 412: Precondition Failed,0
D_1NBAE733,412,False,http_error,HTTP Error 412: Precondition Failed,0
D_1NBAE734,412,False,http_error,HTTP Error 412: Precondition Failed,0
D_1NBAE735,412,False,http_error,HTTP Error 412: Precondition Failed,0
D_1NBAE736,412,False,http_error,HTTP Error 412: Precondition Failed,0
D_1NBAE737,412,False,http_error,HTTP Error 412: Precondition Failed,0
D_1NBAE738,412,False,http_error,HTTP Error 412: Precondition Failed,0
D_1NBAE739,412,False,http_error,HTTP Error 412: Precondition Failed,0
D_1NBAE740,412,False,http_error,HTTP Error 412: Precondition Failed,0
D_1NBAE741,412,False,http_error,HTTP Error 412: Precondition Failed,0
D_1NBAE742,412,False,http_error,HTTP Error 412: Precondition Failed,0
D_1NBAE743,412,False,http_error,HTTP Error 412: Precondition Failed,0
D_1NBAE744,412,False,http_error,HTTP Error 412: Precondition Failed,0
D_1NBAE745,412,False,http_error,HTTP Error 412: Precondition Failed,0
D_1NBAE746,412,False,http_error,HTTP Error 412: Precondition Failed,0
D_1NBAE747,412,False,http_error,HTTP Error 412: Precondition Failed,0
D_1NBAE748,412,False,http_error,HTTP Error 412: Precondition Failed,0
D_1NBAE749,412,False,http_error,HTTP Error 412: Precondition Failed,0
D_1NBAE750,412,False,http_error,HTTP Error 412: Precondition Failed,0
D_1NBAE751,412,False,http_error,HTTP Error 412: Precondition Failed,0
D_1NBAE752,412,False,http_error,HTTP Error 412: Precondition Failed,0
D_1NBAE753,412,False,http_error,HTTP Error 412: Precondition Failed,0
D_1NBAE754,412,False,http_error,HTTP Error 412: Precondition Failed,0
D_1NBAE755,412,False,http_error,HTTP Error 412: Precondition Failed,0
D_1NBAE756,412,False,http_error,HTTP Error 412: Precondition Failed,0
D_1NBAE757,412,False,http_error,HTTP Error 412: Precondition Failed,0
D_1NBAE758,412,False,http_error,HTTP Error 412: Precondition Failed,0
D_1NBAE759,412,False,http_error,HTTP Error 412: Precondition Failed,0
D_1NBAE760,412,False,http_error,HTTP Error 412: Precondition Failed,0
D_1NBAE761,412,False,http_error,HTTP Error 412: Precondition Failed,0
D_1NBAE762,412,False,http_error,HTTP Error 412: Precondition Failed,0
D_1NBAE763,412,False,http_error,HTTP Error 412: Precondition Failed,0
D_1NBAE764,412,False,http_error,HTTP Error 412: Precondition Failed,0
D_1NBAE765,412,False,http_error,HTTP Error 412: Precondition Failed,0
D_1NBAE766,412,False,http_error,HTTP Error 412: Precondition Failed,0
D_1NBAE767,412,False,http_error,HTTP Error 412: Precondition Failed,0
D_1NBAE768,412,False,http_error,HTTP Error 412: Precondition Failed,0
D_1NBAE769,412,False,http_error,HTTP Error 412: Precondition Failed,0
D_1NBAE770,412,False,http_error,HTTP Error 412: Precondition Failed,0
D_1NBAE771,412,False,http_error,HTTP Error 412: Precondition Failed,0
D_1NBAE772,412,False,http_error,HTTP Error 412: Precondition Failed,0
D_1NBAE773,412,False,http_error,HTTP Error 412: Precondition Failed,0
D_1NBAE774,412,False,http_error,HTTP Error 412: Precondition Failed,0
D_1NBAE775,412,False,http_error,HTTP Error 412: Precondition Failed,0
D_1NBAE776,412,False,http_error,HTTP Error 412: Precondition Failed,0
D_1NBAE777,412,False,http_error,HTTP Error 412: Precondition Failed,0
D_1NBAE778,412,False,http_error,HTTP Error 412: Precondition Failed,0
D_1NBAE779,412,False,http_error,HTTP Error 412: Precondition Failed,0
D_1NBAE780,412,False,http_error,HTTP Error 412: Precondition Failed,0
D_1NBAE781,412,False,http_error,HTTP Error 412: Precondition Failed,0
D_1NBAE782,412,False,http_error,HTTP Error 412: Precondition Failed,0
D_1NBAE783,412,False,http_error,HTTP Error 412: Precondition Failed,0
D_1NBAE784,412,False,http_error,HTTP Error 412: Precondition Failed,0
D_1NBAE785,412,False,http_error,HTTP Error 412: Precondition Failed,0
D_1NBAE786,412,False,http_error,HTTP Error 412: Precondition Failed,0
D_1NBAE787,412,False,http_error,HTTP Error 412: Precondition Failed,0
D_1NBAE788,412,False,http_error,HTTP Error 412: Precondition Failed,0
D_1NBAE789,412,False,http_error,HTTP Error 412: Precondition Failed,0
D_1NBAE790,412,False,http_error,HTTP Error 412: Precondition Failed,0
D_1NBAE791,412,False,http_error,HTTP Error 412: Precondition Failed,0
D_1NBAE792,412,False,http_error,HTTP Error 412: Precondition Failed,0
D_1NBAE793,412,False,http_error,HTTP Error 412: Precondition Failed,0
D_1NBAE794,412,False,http_error,HTTP Error 412: Precondition Failed,0
D_1NBAE795,412,False,http_error,HTTP Error 412: Precondition Failed,0
D_1NBAE796,412,False,http_error,HTTP Error 412: Precondition Failed,0
D_1NBAE797,412,False,http_error,HTTP Error 412: Precondition Failed,0
D_1NBAE798,412,False,http_error,HTTP Error 412: Precondition Failed,0
D_1NBAE799,412,False,http_error,HTTP Error 412: Precondition Failed,0
D_1NBAE800,412,False,http_error,HTTP Error 412: Precondition Failed,0
D_1NBAE801,412,False,http_error,HTTP Error 412: Precondition Failed,0
D_1NBAE802,412,False,http_error,HTTP Error 412: Precondition Failed,0
D_1NBAE803,412,False,http_error,HTTP Error 412: Precondition Failed,0
D_1NBAE804,412,False,http_error,HTTP Error 412: Precondition Failed,0
D_1NBAE805,412,False,http_error,HTTP Error 412: Precondition Failed,0
D_1NBAE806,412,False,http_error,HTTP Error 412: Precondition Failed,0
D_1NBAE807,412,False,http_error,HTTP Error 412: Precondition Failed,0
D_1NBAE808,412,False,http_error,HTTP Error 412: Precondition Failed,0
D_1NBAE809,412,False,http_error,HTTP Error 412: Precondition Failed,0
D_1NBAE810,412,False,http_error,HTTP Error 412: Precondition Failed,0
D_1NBAE811,412,False,http_error,HTTP Error 412: Precondition Failed,0
D_1NBAE812,412,False,http_error,HTTP Error 412: Precondition Failed,0
D_1NBAE813,412,False,http_error,HTTP Error 412: Precondition Failed,0
D_1NBAE814,412,False,http_error,HTTP Error 412: Precondition Failed,0
D_1NBAE815,412,False,http_error,HTTP Error 412: Precondition Failed,0
D_1NBAE816,412,False,http_error,HTTP Error 412: Precondition Failed,0
D_1NBAE817,412,False,http_error,HTTP Error 412: Precondition Failed,0
D_1NBAE818,412,False,http_error,HTTP Error 412: Precondition Failed,0
D_1NBAE819,412,False,http_error,HTTP Error 412: Precondition Failed,0
D_1NBAE820,412,False,http_error,HTTP Error 412: Precondition Failed,0
D_1NBAE821,412,False,http_error,HTTP Error 412: Precondition Failed,0
D_1NBAE822,412,False,http_error,HTTP Error 412: Precondition Failed,0
D_1NBAE823,412,False,http_error,HTTP Error 412: Precondition Failed,0
D_1NBAE824,412,False,http_error,HTTP Error 412: Precondition Failed,0
D_1NBAE825,412,False,http_error,HTTP Error 412: Precondition Failed,0
D_1NBAE826,412,False,http_error,HTTP Error 412: Precondition Failed,0
D_1NBAE827,412,False,http_error,HTTP Error 412: Precondition Failed,0
D_1NBAE828,412,False,http_error,HTTP Error 412: Precondition Failed,0
D_1NBAE829,412,False,http_error,HTTP Error 412: Precondition Failed,0
D_1NBAE830,412,False,http_error,HTTP Error 412: Precondition Failed,0
D_1NBAE831,412,False,http_error,HTTP Error 412: Precondition Failed,0
D_1NBAE832,412,False,http_error,HTTP Error 412: Precondition Failed,0
D_1NBAE833,412,False,http_error,HTTP Error 412: Precondition Failed,0
D_1NBAE834,412,False,http_error,HTTP Error 412: Precondition Failed,0
D_1NBAE835,412,False,http_error,HTTP Error 412: Precondition Failed,0
D_1NBAE836,412,False,http_error,HTTP Error 412: Precondition Failed,0
D_1NBAE837,412,False,http_error,HTTP Error 412: Precondition Failed,0
D_1NBAE838,412,False,http_error,HTTP Error 412: Precondition Failed,0
D_1NBAE839,412,False,http_error,HTTP Error 412: Precondition Failed,0
D_1NBAE840,412,False,http_error,HTTP Error 412: Precondition Failed,0
D_1NBAE841,412,False,http_error,HTTP Error 412: Precondition Failed,0
D_1NBAE842,412,False,http_error,HTTP Error 412: Precondition Failed,0
D_1NBAE843,412,False,http_error,HTTP Error 412: Precondition Failed,0
D_1NBAE844,412,False,http_error,HTTP Error 412: Precondition Failed,0
D_1NBAE845,412,False,http_error,HTTP Error 412: Precondition Failed,0
D_1NBAE846,412,False,http_error,HTTP Error 412: Precondition Failed,0
D_1NBAE847,412,False,http_error,HTTP Error 412: Precondition Failed,0
D_1NBAE848,412,False,http_error,HTTP Error 412: Precondition Failed,0
D_1NBAE849,412,False,http_error,HTTP Error 412: Precondition Failed,0
D_1NBAE850,412,False,http_error,HTTP Error 412: Precondition Failed,0
D_1NBAE851,412,False,http_error,HTTP Error 412: Precondition Failed,0
D_1NBAE852,412,False,http_error,HTTP Error 412: Precondition Failed,0
D_1NBAE853,412,False,http_error,HTTP Error 412: Precondition Failed,0
D_1NBAE854,412,False,http_error,HTTP Error 412: Precondition Failed,0
D_1NBAE855,412,False,http_error,HTTP Error 412: Precondition Failed,0
D_1NBAE856,412,False,http_error,HTTP Error 412: Precondition Failed,0
D_1NBAE857,412,False,http_error,HTTP Error 412: Precondition Failed,0
D_1NBAE858,412,False,http_error,HTTP Error 412: Precondition Failed,0
D_1NBAE859,412,False,http_error,HTTP Error 412: Precondition Failed,0
D_1NBAE860,412,False,http_error,HTTP Error 412: Precondition Failed,0
D_1NBAE861,412,False,http_error,HTTP Error 412: Precondition Failed,0
D_1NBAE862,412,False,http_error,HTTP Error 412: Precondition Failed,0
D_1NBAE863,412,False,http_error,HTTP Error 412: Precondition Failed,0
D_1NBAE864,412,False,http_error,HTTP Error 412: Precondition Failed,0
D_1NBAE865,412,False,http_error,HTTP Error 412: Precondition Failed,0
D_1NBAE866,412,False,http_error,HTTP Error 412: Precondition Failed,0
D_1NBAE867,412,False,http_error,HTTP Error 412: Precondition Failed,0
D_1NBAE868,412,False,http_error,HTTP Error 412: Precondition Failed,0
D_1NBAE869,412,False,http_error,HTTP Error 412: Precondition Failed,0
D_1NBAE870,412,False,http_error,HTTP Error 412: Precondition Failed,0
D_1NBAE871,412,False,http_error,HTTP Error 412: Precondition Failed,0
D_1NBAE872,412,False,http_error,HTTP Error 412: Precondition Failed,0
D_1NBAE873,412,False,http_error,HTTP Error 412: Precondition Failed,0
D_1NBAE874,412,False,http_error,HTTP Error 412: Precondition Failed,0
D_1NBAE875,412,False,http_error,HTTP Error 412: Precondition Failed,0
D_1NBAE876,412,False,http_error,HTTP Error 412: Precondition Failed,0
D_1NBAE877,412,False,http_error,HTTP Error 412: Precondition Failed,0
D_1NBAE878,412,False,http_error,HTTP Error 412: Precondition Failed,0
D_1NBAE879,412,False,http_error,HTTP Error 412: Precondition Failed,0
D_1NBAE880,412,False,http_error,HTTP Error 412: Precondition Failed,0
D_1NBAE881,412,False,http_error,HTTP Error 412: Precondition Failed,0
D_1NBAE882,412,False,http_error,HTTP Error 412: Precondition Failed,0
D_1NBAE883,412,False,http_error,HTTP Error 412: Precondition Failed,0
D_1NBAE884,412,False,http_error,HTTP Error 412: Precondition Failed,0
D_1NBAE885,412,False,http_error,HTTP Error 412: Precondition Failed,0
D_1NBAE886,412,False,http_error,HTTP Error 412: Precondition Failed,0
D_1NBAE887,412,False,http_error,HTTP Error 412: Precondition Failed,0
D_1NBAE888,412,False,http_error,HTTP Error 412: Precondition Failed,0
D_1NBAE889,412,False,http_error,HTTP Error 412: Precondition Failed,0
D_1NBAE890,412,False,http_error,HTTP Error 412: Precondition Failed,0
D_1NBAE891,412,False,http_error,HTTP Error 412: Precondition Failed,0
D_1NBAE892,412,False,http_error,HTTP Error 412: Precondition Failed,0
D_1NBAE893,412,False,http_error,HTTP Error 412: Precondition Failed,0
D_1NBAE894,412,False,http_error,HTTP Error 412: Precondition Failed,0
D_1NBAE895,412,False,http_error,HTTP Error 412: Precondition Failed,0
D_1NBAE896,412,False,http_error,HTTP Error 412: Precondition Failed,0
D_1NBAE897,412,False,http_error,HTTP Error 412: Precondition Failed,0
D_1NBAE898,412,False,http_error,HTTP Error 412: Precondition Failed,0
D_1NBAE899,412,False,http_error,HTTP Error 412: Precondition Failed,0
D_1NBAE900,412,False,http_error,HTTP Error 412: Precondition Failed,0
D_1NBAE901,412,False,http_error,HTTP Error 412: Precondition Failed,0
D_1NBAE902,412,False,http_error,HTTP Error 412: Precondition Failed,0
D_1NBAE903,412,False,http_error,HTTP Error 412: Precondition Failed,0
D_1NBAE904,412,False,http_error,HTTP Error 412: Precondition Failed,0
D_1NBAE905,412,False,http_error,HTTP Error 412: Precondition Failed,0
D_1NBAE906,412,False,http_error,HTTP Error 412: Precondition Failed,0
D_1NBAE907,412,False,http_error,HTTP Error 412: Precondition Failed,0
D_1NBAE908,412,False,http_error,HTTP Error 412: Precondition Failed,0
D_1NBAE909,412,False,http_error,HTTP Error 412: Precondition Failed,0
D_1NBAE910,412,False,http_error,HTTP Error 412: Precondition Failed,0
D_1NBAE911,412,False,http_error,HTTP Error 412: Precondition Failed,0
D_1NBAE912,412,False,http_error,HTTP Error 412: Precondition Failed,0
D_1NBAE913,412,False,http_error,HTTP Error 412: Precondition Failed,0
D_1NBAE914,412,False,http_error,HTTP Error 412: Precondition Failed,0
D_1NBAE915,412,False,http_error,HTTP Error 412: Precondition Failed,0
D_1NBAE916,412,False,http_error,HTTP Error 412: Precondition Failed,0
D_1NBAE917,412,False,http_error,HTTP Error 412: Precondition Failed,0
D_1NBAE918,412,False,http_error,HTTP Error 412: Precondition Failed,0
D_1NBAE919,412,False,http_error,HTTP Error 412: Precondition Failed,0
D_1NBAE920,412,False,http_error,HTTP Error 412: Precondition Failed,0
D_1NBAE921,412,False,http_error,HTTP Error 412: Precondition Failed,0
D_1NBAE922,412,False,http_error,HTTP Error 412: Precondition Failed,0
D_1NBAE923,412,False,http_error,HTTP Error 412: Precondition Failed,0
D_1NBAE924,412,False,http_error,HTTP Error 412: Precondition Failed,0
D_1NBAE925,412,False,http_error,HTTP Error 412: Precondition Failed,0
D_1NBAE926,412,False,http_error,HTTP Error 412: Precondition Failed,0
D_1NBAE927,412,False,http_error,HTTP Error 412: Precondition Failed,0
D_1NBAE928,412,False,http_error,HTTP Error 412: Precondition Failed,0
D_1NBAE929,412,False,http_error,HTTP Error 412: Precondition Failed,0
D_1NBAE930,412,False,http_error,HTTP Error 412: Precondition Failed,0
D_1NBAE931,412,False,http_error,HTTP Error 412: Precondition Failed,0
D_1NBAE932,412,False,http_error,HTTP Error 412: Precondition Failed,0
D_1NBAE933,412,False,http_error,HTTP Error 412: Precondition Failed,0
D_1NBAE934,412,False,http_error,HTTP Error 412: Precondition Failed,0
D_1NBAE935,412,False,http_error,HTTP Error 412: Precondition Failed,0
D_1NBAE936,412,False,http_error,HTTP Error 412: Precondition Failed,0
D_1NBAE937,412,False,http_error,HTTP Error 412: Precondition Failed,0
D_1NBAE938,412,False,http_error,HTTP Error 412: Precondition Failed,0
D_1NBAE939,412,False,http_error,HTTP Error 412: Precondition Failed,0
D_1NBAE940,412,False,http_error,HTTP Error 412: Precondition Failed,0
D_1NBAE941,412,False,http_error,HTTP Error 412: Precondition Failed,0
D_1NBAE942,412,False,http_error,HTTP Error 412: Precondition Failed,0
D_1NBAE943,412,False,http_error,HTTP Error 412: Precondition Failed,0
D_1NBAE944,412,False,http_error,HTTP Error 412: Precondition Failed,0
D_1NBAE945,412,False,http_error,HTTP Error 412: Precondition Failed,0
D_1NBAE946,412,False,http_error,HTTP Error 412: Precondition Failed,0
D_1NBAE947,412,False,http_error,HTTP Error 412: Precondition Failed,0
D_1NBAE948,412,False,http_error,HTTP Error 412: Precondition Failed,0
D_1NBAE949,412,False,http_error,HTTP Error 412: Precondition Failed,0
D_1NBAE950,412,False,http_error,HTTP Error 412: Precondition Failed,0
D_1NBAE951,412,False,http_error,HTTP Error 412: Precondition Failed,0
D_1NBAE952,412,False,http_error,HTTP Error 412: Precondition Failed,0
D_1NBAE953,412,False,http_error,HTTP Error 412: Precondition Failed,0
D_1NBAE954,412,False,http_error,HTTP Error 412: Precondition Failed,0
D_1NBAE955,412,False,http_error,HTTP Error 412: Precondition Failed,0
D_1NBAE956,412,False,http_error,HTTP Error 412: Precondition Failed,0
D_1NBAE957,412,False,http_error,HTTP Error 412: Precondition Failed,0
D_1NBAE958,412,False,http_error,HTTP Error 412: Precondition Failed,0
D_1NBAE959,412,False,http_error,HTTP Error 412: Precondition Failed,0
D_1NBAE960,412,False,http_error,HTTP Error 412: Precondition Failed,0
D_1NBAE961,412,False,http_error,HTTP Error 412: Precondition Failed,0
D_1NBAE962,412,False,http_error,HTTP Error 412: Precondition Failed,0
D_1NBAE963,412,False,http_error,HTTP Error 412: Precondition Failed,0
D_1NBAE964,412,False,http_error,HTTP Error 412: Precondition Failed,0
D_1NBAE965,412,False,http_error,HTTP Error 412: Precondition Failed,0
D_1NBAE966,412,False,http_error,HTTP Error 412: Precondition Failed,0
D_1NBAE967,412,False,http_error,HTTP Error 412: Precondition Failed,0
D_1NBAE968,412,False,http_error,HTTP Error 412: Precondition Failed,0
D_1NBAE969,412,False,http_error,HTTP Error 412: Precondition Failed,0
D_1NBAE970,412,False,http_error,HTTP Error 412: Precondition Failed,0
D_1NBAE971,412,False,http_error,HTTP Error 412: Precondition Failed,0
D_1NBAE972,200,False,parse_error,Expecting value: line 1 column 1 (char 0),0
D_1NBAE973,412,False,http_error,HTTP Error 412: Precondition Failed,0
D_1NBAE974,412,False,http_error,HTTP Error 412: Precondition Failed,0
D_1NBAE975,412,False,http_error,HTTP Error 412: Precondition Failed,0
D_1NBAE976,412,False,http_error,HTTP Error 412: Precondition Failed,0
D_1NBAE977,412,False,http_error,HTTP Error 412: Precondition Failed,0
D_1NBAE978,412,False,http_error,HTTP Error 412: Precondition Failed,0
D_1NBAE979,412,False,http_error,HTTP Error 412: Precondition Failed,0
D_1NBAE980,412,False,http_error,HTTP Error 412: Precondition Failed,0
D_1NBAE981,412,False,http_error,HTTP Error 412: Precondition Failed,0
D_1NBAE982,412,False,http_error,HTTP Error 412: Precondition Failed,0
D_1NBAE983,412,False,http_error,HTTP Error 412: Precondition Failed,0
D_1NBAE984,412,False,http_error,HTTP Error 412: Precondition Failed,0
D_1NBAE985,412,False,http_error,HTTP Error 412: Precondition Failed,0
D_1NBAE986,412,False,http_error,HTTP Error 412: Precondition Failed,0
D_1NBAE987,412,False,http_error,HTTP Error 412: Precondition Failed,0
D_1NBAE988,412,False,http_error,HTTP Error 412: Precondition Failed,0
D_1NBAE989,412,False,http_error,HTTP Error 412: Precondition Failed,0
D_1NBAE990,412,False,http_error,HTTP Error 412: Precondition Failed,0
D_1NBAE991,412,False,http_error,HTTP Error 412: Precondition Failed,0
D_1NBAE992,412,False,http_error,HTTP Error 412: Precondition Failed,0
D_1NBAE993,412,False,http_error,HTTP Error 412: Precondition Failed,0
D_1NBAE994,412,False,http_error,HTTP Error 412: Precondition Failed,0
D_1NBAE995,412,False,http_error,HTTP Error 412: Precondition Failed,0
D_1NBAE996,412,False,http_error,HTTP Error 412: Precondition Failed,0
D_1NBAE997,412,False,http_error,HTTP Error 412: Precondition Failed,0
D_1NBAE998,412,False,http_error,HTTP Error 412: Precondition Failed,0
D_1NBAE999,412,False,http_error,HTTP Error 412: Precondition Failed,0
D_1NBAF000,412,False,http_error,HTTP Error 412: Precondition Failed,0
D_1NBAF001,412,False,http_error,HTTP Error 412: Precondition Failed,0
D_1NBAF002,412,False,http_error,HTTP Error 412: Precondition Failed,0
D_1NBAF003,412,False,http_error,HTTP Error 412: Precondition Failed,0
D_1NBAF004,412,False,http_error,HTTP Error 412: Precondition Failed,0
D_1NBAF005,412,False,http_error,HTTP Error 412: Precondition Failed,0
D_1NBAF006,412,False,http_error,HTTP Error 412: Precondition Failed,0
D_1NBAF007,412,False,http_error,HTTP Error 412: Precondition Failed,0
D_1NBAF008,412,False,http_error,HTTP Error 412: Precondition Failed,0
D_1NBAF009,412,False,http_error,HTTP Error 412: Precondition Failed,0
D_1NBAF010,412,False,http_error,HTTP Error 412: Precondition Failed,0
D_1NBAF011,412,False,http_error,HTTP Error 412: Precondition Failed,0
D_1NBAF012,412,False,http_error,HTTP Error 412: Precondition Failed,0
D_1NBAF013,412,False,http_error,HTTP Error 412: Precondition Failed,0
D_1NBAF014,412,False,http_error,HTTP Error 412: Precondition Failed,0
D_1NBAF015,412,False,http_error,HTTP Error 412: Precondition Failed,0
D_1NBAF016,412,False,http_error,HTTP Error 412: Precondition Failed,0
D_1NBAF017,412,False,http_error,HTTP Error 412: Precondition Failed,0
D_1NBAF018,412,False,http_error,HTTP Error 412: Precondition Failed,0
D_1NBAF019,412,False,http_error,HTTP Error 412: Precondition Failed,0
D_1NBAF020,412,False,http_error,HTTP Error 412: Precondition Failed,0
D_1NBAF021,412,False,http_error,HTTP Error 412: Precondition Failed,0
D_1NBAF022,412,False,http_error,HTTP Error 412: Precondition Failed,0
D_1NBAF023,412,False,http_error,HTTP Error 412: Precondition Failed,0
D_1NBAF024,412,False,http_error,HTTP Error 412: Precondition Failed,0
D_1NBAF025,412,False,http_error,HTTP Error 412: Precondition Failed,0
D_1NBAF026,412,False,http_error,HTTP Error 412: Precondition Failed,0
D_1NBAF027,412,False,http_error,HTTP Error 412: Precondition Failed,0
D_1NBAF028,412,False,http_error,HTTP Error 412: Precondition Failed,0
D_1NBAF029,412,False,http_error,HTTP Error 412: Precondition Failed,0
D_1NBAF030,412,False,http_error,HTTP Error 412: Precondition Failed,0
D_1NBAF031,412,False,http_error,HTTP Error 412: Precondition Failed,0
D_1NBAF032,412,False,http_error,HTTP Error 412: Precondition Failed,0
D_1NBAF033,412,False,http_error,HTTP Error 412: Precondition Failed,0
D_1NBAF034,412,False,http_error,HTTP Error 412: Precondition Failed,0
D_1NBAF035,412,False,http_error,HTTP Error 412: Precondition Failed,0
D_1NBAF036,412,False,http_error,HTTP Error 412: Precondition Failed,0
D_1NBAF037,412,False,http_error,HTTP Error 412: Precondition Failed,0
D_1NBAF038,412,False,http_error,HTTP Error 412: Precondition Failed,0
D_1NBAF039,412,False,http_error,HTTP Error 412: Precondition Failed,0
D_1NBAF040,412,False,http_error,HTTP Error 412: Precondition Failed,0
D_1NBAF041,412,False,http_error,HTTP Error 412: Precondition Failed,0
D_1NBAF042,412,False,http_error,HTTP Error 412: Precondition Failed,0
D_1NBAF043,412,False,http_error,HTTP Error 412: Precondition Failed,0
D_1NBAF044,412,False,http_error,HTTP Error 412: Precondition Failed,0
D_1NBAF045,412,False,http_error,HTTP Error 412: Precondition Failed,0
D_1NBAF046,412,False,http_error,HTTP Error 412: Precondition Failed,0
D_1NBAF047,412,False,http_error,HTTP Error 412: Precondition Failed,0
D_1NBAF048,412,False,http_error,HTTP Error 412: Precondition Failed,0
D_1NBAF049,412,False,http_error,HTTP Error 412: Precondition Failed,0
D_1NBAF050,412,False,http_error,HTTP Error 412: Precondition Failed,0
D_1NBAF051,412,False,http_error,HTTP Error 412: Precondition Failed,0
D_1NBAF052,412,False,http_error,HTTP Error 412: Precondition Failed,0
D_1NBAF053,412,False,http_error,HTTP Error 412: Precondition Failed,0
D_1NBAF054,412,False,http_error,HTTP Error 412: Precondition Failed,0
D_1NBAF055,412,False,http_error,HTTP Error 412: Precondition Failed,0
D_1NBAF056,412,False,http_error,HTTP Error 412: Precondition Failed,0
D_1NBAF057,412,False,http_error,HTTP Error 412: Precondition Failed,0
D_1NBAF058,412,False,http_error,HTTP Error 412: Precondition Failed,0
D_1NBAF059,412,False,http_error,HTTP Error 412: Precondition Failed,0
D_1NBAF060,412,False,http_error,HTTP Error 412: Precondition Failed,0
D_1NBAF061,412,False,http_error,HTTP Error 412: Precondition Failed,0
D_1NBAF062,412,False,http_error,HTTP Error 412: Precondition Failed,0
D_1NBAF063,412,False,http_error,HTTP Error 412: Precondition Failed,0
D_1NBAF064,412,False,http_error,HTTP Error 412: Precondition Failed,0
D_1NBAF065,412,False,http_error,HTTP Error 412: Precondition Failed,0
D_1NBAF066,412,False,http_error,HTTP Error 412: Precondition Failed,0
D_1NBAF067,412,False,http_error,HTTP Error 412: Precondition Failed,0
D_1NBAF068,412,False,http_error,HTTP Error 412: Precondition Failed,0
D_1NBAF069,412,False,http_error,HTTP Error 412: Precondition Failed,0
D_1NBAF070,412,False,http_error,HTTP Error 412: Precondition Failed,0
D_1NBAF071,412,False,http_error,HTTP Error 412: Precondition Failed,0
D_1NBAF072,412,False,http_error,HTTP Error 412: Precondition Failed,0
D_1NBAF073,412,False,http_error,HTTP Error 412: Precondition Failed,0
D_1NBAF074,412,False,http_error,HTTP Error 412: Precondition Failed,0
D_1NBAF075,412,False,http_error,HTTP Error 412: Precondition Failed,0
D_1NBAF076,412,False,http_error,HTTP Error 412: Precondition Failed,0
D_1NBAF077,412,False,http_error,HTTP Error 412: Precondition Failed,0
D_1NBAF078,412,False,http_error,HTTP Error 412: Precondition Failed,0
D_1NBAF079,412,False,http_error,HTTP Error 412: Precondition Failed,0
D_1NBAF080,412,False,http_error,HTTP Error 412: Precondition Failed,0
D_1NBAF081,412,False,http_error,HTTP Error 412: Precondition Failed,0
D_1NBAF082,412,False,http_error,HTTP Error 412: Precondition Failed,0
D_1NBAF083,412,False,http_error,HTTP Error 412: Precondition Failed,0
D_1NBAF084,412,False,http_error,HTTP Error 412: Precondition Failed,0
D_1NBAF085,412,False,http_error,HTTP Error 412: Precondition Failed,0
D_1NBAF086,412,False,http_error,HTTP Error 412: Precondition Failed,0
D_1NBAF087,412,False,http_error,HTTP Error 412: Precondition Failed,0
D_1NBAF088,412,False,http_error,HTTP Error 412: Precondition Failed,0
D_1NBAF089,412,False,http_error,HTTP Error 412: Precondition Failed,0
D_1NBAF090,412,False,http_error,HTTP Error 412: Precondition Failed,0
D_1NBAF091,412,False,http_error,HTTP Error 412: Precondition Failed,0
D_1NBAF092,412,False,http_error,HTTP Error 412: Precondition Failed,0
D_1NBAF093,412,False,http_error,HTTP Error 412: Precondition Failed,0
D_1NBAF094,412,False,http_error,HTTP Error 412: Precondition Failed,0
D_1NBAF095,412,False,http_error,HTTP Error 412: Precondition Failed,0
D_1NBAF096,412,False,http_error,HTTP Error 412: Precondition Failed,0
D_1NBAF097,412,False,http_error,HTTP Error 412: Precondition Failed,0
D_1NBAF098,412,False,http_error,HTTP Error 412: Precondition Failed,0
D_1NBAF099,412,False,http_error,HTTP Error 412: Precondition Failed,0
D_1NBAF100,412,False,http_error,HTTP Error 412: Precondition Failed,0
D_1NBAF101,412,False,http_error,HTTP Error 412: Precondition Failed,0
D_1NBAF102,412,False,http_error,HTTP Error 412: Precondition Failed,0
D_1NBAF103,412,False,http_error,HTTP Error 412: Precondition Failed,0
D_1NBAF104,412,False,http_error,HTTP Error 412: Precondition Failed,0
D_1NBAF105,412,False,http_error,HTTP Error 412: Precondition Failed,0
D_1NBAF106,412,False,http_error,HTTP Error 412: Precondition Failed,0
D_1NBAF107,412,False,http_error,HTTP Error 412: Precondition Failed,0
D_1NBAF108,412,False,http_error,HTTP Error 412: Precondition Failed,0
D_1NBAF109,412,False,http_error,HTTP Error 412: Precondition Failed,0
D_1NBAF110,412,False,http_error,HTTP Error 412: Precondition Failed,0
D_1NBAF111,412,False,http_error,HTTP Error 412: Precondition Failed,0
D_1NBAF112,412,False,http_error,HTTP Error 412: Precondition Failed,0
D_1NBAF113,412,False,http_error,HTTP Error 412: Precondition Failed,0
D_1NBAF114,412,False,http_error,HTTP Error 412: Precondition Failed,0
D_1NBAF115,412,False,http_error,HTTP Error 412: Precondition Failed,0
D_1NBAF116,412,False,http_error,HTTP Error 412: Precondition Failed,0
D_1NBAF117,412,False,http_error,HTTP Error 412: Precondition Failed,0
D_1NBAF118,412,False,http_error,HTTP Error 412: Precondition Failed,0
D_1NBAF119,412,False,http_error,HTTP Error 412: Precondition Failed,0
D_1NBAF120,412,False,http_error,HTTP Error 412: Precondition Failed,0
D_1NBAF121,412,False,http_error,HTTP Error 412: Precondition Failed,0
D_1NBAF122,412,False,http_error,HTTP Error 412: Precondition Failed,0
D_1NBAF123,412,False,http_error,HTTP Error 412: Precondition Failed,0
D_1NBAF124,412,False,http_error,HTTP Error 412: Precondition Failed,0
D_1NBAF125,412,False,http_error,HTTP Error 412: Precondition Failed,0
D_1NBAF126,412,False,http_error,HTTP Error 412: Precondition Failed,0
D_1NBAF127,412,False,http_error,HTTP Error 412: Precondition Failed,0
D_1NBAF128,412,False,http_error,HTTP Error 412: Precondition Failed,0
D_1NBAF129,412,False,http_error,HTTP Error 412: Precondition Failed,0
D_1NBAF130,412,False,http_error,HTTP Error 412: Precondition Failed,0
D_1NBAF131,412,False,http_error,HTTP Error 412: Precondition Failed,0
D_1NBAF132,412,False,http_error,HTTP Error 412: Precondition Failed,0
D_1NBAF133,412,False,http_error,HTTP Error 412: Precondition Failed,0
D_1NBAF134,412,False,http_error,HTTP Error 412: Precondition Failed,0
D_1NBAF135,412,False,http_error,HTTP Error 412: Precondition Failed,0
D_1NBAF136,412,False,http_error,HTTP Error 412: Precondition Failed,0
D_1NBAF137,412,False,http_error,HTTP Error 412: Precondition Failed,0
D_1NBAF138,412,False,http_error,HTTP Error 412: Precondition Failed,0
D_1NBAF139,412,False,http_error,HTTP Error 412: Precondition Failed,0
D_1NBAF140,412,False,http_error,HTTP Error 412: Precondition Failed,0
D_1NBAF141,412,False,http_error,HTTP Error 412: Precondition Failed,0
D_1NBAF142,412,False,http_error,HTTP Error 412: Precondition Failed,0
D_1NBAF143,412,False,http_error,HTTP Error 412: Precondition Failed,0
D_1NBAF144,412,False,http_error,HTTP Error 412: Precondition Failed,0
D_1NBAF145,412,False,http_error,HTTP Error 412: Precondition Failed,0
D_1NBAF146,412,False,http_error,HTTP Error 412: Precondition Failed,0
D_1NBAF147,412,False,http_error,HTTP Error 412: Precondition Failed,0
D_1NBAF148,412,False,http_error,HTTP Error 412: Precondition Failed,0
D_1NBAF149,412,False,http_error,HTTP Error 412: Precondition Failed,0
D_1NBAF150,412,False,http_error,HTTP Error 412: Precondition Failed,0
D_1NBAF151,412,False,http_error,HTTP Error 412: Precondition Failed,0
D_1NBAF152,412,False,http_error,HTTP Error 412: Precondition Failed,0
D_1NBAF153,412,False,http_error,HTTP Error 412: Precondition Failed,0
D_1NBAF154,412,False,http_error,HTTP Error 412: Precondition Failed,0
D_1NBAF155,412,False,http_error,HTTP Error 412: Precondition Failed,0
D_1NBAF156,412,False,http_error,HTTP Error 412: Precondition Failed,0
D_1NBAF157,412,False,http_error,HTTP Error 412: Precondition Failed,0
D_1NBAF158,412,False,http_error,HTTP Error 412: Precondition Failed,0
D_1NBAF159,412,False,http_error,HTTP Error 412: Precondition Failed,0
D_1NBAF160,412,False,http_error,HTTP Error 412: Precondition Failed,0
D_1NBAF161,412,False,http_error,HTTP Error 412: Precondition Failed,0
D_1NBAF162,412,False,http_error,HTTP Error 412: Precondition Failed,0
D_1NBAF163,412,False,http_error,HTTP Error 412: Precondition Failed,0
D_1NBAF164,412,False,http_error,HTTP Error 412: Precondition Failed,0
D_1NBAF165,412,False,http_error,HTTP Error 412: Precondition Failed,0
D_1NBAF166,412,False,http_error,HTTP Error 412: Precondition Failed,0
D_1NBAF167,412,False,http_error,HTTP Error 412: Precondition Failed,0
D_1NBAF168,412,False,http_error,HTTP Error 412: Precondition Failed,0
D_1NBAF169,412,False,http_error,HTTP Error 412: Precondition Failed,0
D_1NBAF170,412,False,http_error,HTTP Error 412: Precondition Failed,0
D_1NBAF171,412,False,http_error,HTTP Error 412: Precondition Failed,0
D_1NBAF172,412,False,http_error,HTTP Error 412: Precondition Failed,0
D_1NBAF173,412,False,http_error,HTTP Error 412: Precondition Failed,0
D_1NBAF174,412,False,http_error,HTTP Error 412: Precondition Failed,0
D_1NBAF175,412,False,http_error,HTTP Error 412: Precondition Failed,0
D_1NBAF176,412,False,http_error,HTTP Error 412: Precondition Failed,0
D_1NBAF177,412,False,http_error,HTTP Error 412: Precondition Failed,0
D_1NBAF178,412,False,http_error,HTTP Error 412: Precondition Failed,0
D_1NBAF179,412,False,http_error,HTTP Error 412: Precondition Failed,0
D_1NBAF180,412,False,http_error,HTTP Error 412: Precondition Failed,0
D_1NBAF181,412,False,http_error,HTTP Error 412: Precondition Failed,0
D_1NBAF182,412,False,http_error,HTTP Error 412: Precondition Failed,0
D_1NBAF183,412,False,http_error,HTTP Error 412: Precondition Failed,0
D_1NBAF184,412,False,http_error,HTTP Error 412: Precondition Failed,0
D_1NBAF185,412,False,http_error,HTTP Error 412: Precondition Failed,0
D_1NBAF186,412,False,http_error,HTTP Error 412: Precondition Failed,0
D_1NBAF187,412,False,http_error,HTTP Error 412: Precondition Failed,0
D_1NBAF188,412,False,http_error,HTTP Error 412: Precondition Failed,0
D_1NBAF189,412,False,http_error,HTTP Error 412: Precondition Failed,0
D_1NBAF190,412,False,http_error,HTTP Error 412: Precondition Failed,0
D_1NBAF191,412,False,http_error,HTTP Error 412: Precondition Failed,0
D_1NBAF192,412,False,http_error,HTTP Error 412: Precondition Failed,0
D_1NBAF193,412,False,http_error,HTTP Error 412: Precondition Failed,0
D_1NBAF194,412,False,http_error,HTTP Error 412: Precondition Failed,0
D_1NBAF195,412,False,http_error,HTTP Error 412: Precondition Failed,0
D_1NBAF196,412,False,http_error,HTTP Error 412: Precondition Failed,0
D_1NBAF197,412,False,http_error,HTTP Error 412: Precondition Failed,0
D_1NBAF198,412,False,http_error,HTTP Error 412: Precondition Failed,0
D_1NBAF199,412,False,http_error,HTTP Error 412: Precondition Failed,0
D_1NBAF200,412,False,http_error,HTTP Error 412: Precondition Failed,0
D_1NBAF201,412,False,http_error,HTTP Error 412: Precondition Failed,0
D_1NBAF202,412,False,http_error,HTTP Error 412: Precondition Failed,0
D_1NBAF203,412,False,http_error,HTTP Error 412: Precondition Failed,0
D_1NBAF204,412,False,http_error,HTTP Error 412: Precondition Failed,0
D_1NBAF205,412,False,http_error,HTTP Error 412: Precondition Failed,0
D_1NBAF206,412,False,http_error,HTTP Error 412: Precondition Failed,0
D_1NBAF207,412,False,http_error,HTTP Error 412: Precondition Failed,0
D_1NBAF208,412,False,http_error,HTTP Error 412: Precondition Failed,0
D_1NBAF209,412,False,http_error,HTTP Error 412: Precondition Failed,0
D_1NBAF210,412,False,http_error,HTTP Error 412: Precondition Failed,0
D_1NBAF211,412,False,http_error,HTTP Error 412: Precondition Failed,0
D_1NBAF212,412,False,http_error,HTTP Error 412: Precondition Failed,0
D_1NBAF213,412,False,http_error,HTTP Error 412: Precondition Failed,0
D_1NBAF214,412,False,http_error,HTTP Error 412: Precondition Failed,0
D_1NBAF215,412,False,http_error,HTTP Error 412: Precondition Failed,0
D_1NBAF216,412,False,http_error,HTTP Error 412: Precondition Failed,0
D_1NBAF217,412,False,http_error,HTTP Error 412: Precondition Failed,0
D_1NBAF218,412,False,http_error,HTTP Error 412: Precondition Failed,0
D_1NBAF219,412,False,http_error,HTTP Error 412: Precondition Failed,0
D_1NBAF220,412,False,http_error,HTTP Error 412: Precondition Failed,0
D_1NBAF221,412,False,http_error,HTTP Error 412: Precondition Failed,0
D_1NBAF222,412,False,http_error,HTTP Error 412: Precondition Failed,0
D_1NBAF223,412,False,http_error,HTTP Error 412: Precondition Failed,0
D_1NBAF224,412,False,http_error,HTTP Error 412: Precondition Failed,0
D_1NBAF225,412,False,http_error,HTTP Error 412: Precondition Failed,0
D_1NBAF226,412,False,http_error,HTTP Error 412: Precondition Failed,0
D_1NBAF227,412,False,http_error,HTTP Error 412: Precondition Failed,0
D_1NBAF228,412,False,http_error,HTTP Error 412: Precondition Failed,0
D_1NBAF229,412,False,http_error,HTTP Error 412: Precondition Failed,0
D_1NBAF230,412,False,http_error,HTTP Error 412: Precondition Failed,0
D_1NBAF231,412,False,http_error,HTTP Error 412: Precondition Failed,0
D_1NBAF232,412,False,http_error,HTTP Error 412: Precondition Failed,0
D_1NBAF233,412,False,http_error,HTTP Error 412: Precondition Failed,0
D_1NBAF234,412,False,http_error,HTTP Error 412: Precondition Failed,0
D_1NBAF235,412,False,http_error,HTTP Error 412: Precondition Failed,0
D_1NBAF236,412,False,http_error,HTTP Error 412: Precondition Failed,0
D_1NBAF237,412,False,http_error,HTTP Error 412: Precondition Failed,0
D_1NBAF238,412,False,http_error,HTTP Error 412: Precondition Failed,0
D_1NBAF239,412,False,http_error,HTTP Error 412: Precondition Failed,0
D_1NBAF240,412,False,http_error,HTTP Error 412: Precondition Failed,0
D_1NBAF241,412,False,http_error,HTTP Error 412: Precondition Failed,0
D_1NBAF242,412,False,http_error,HTTP Error 412: Precondition Failed,0
D_1NBAF243,412,False,http_error,HTTP Error 412: Precondition Failed,0
D_1NBAF244,412,False,http_error,HTTP Error 412: Precondition Failed,0
D_1NBAF245,412,False,http_error,HTTP Error 412: Precondition Failed,0
D_1NBAF246,412,False,http_error,HTTP Error 412: Precondition Failed,0
D_1NBAF247,412,False,http_error,HTTP Error 412: Precondition Failed,0
D_1NBAF248,412,False,http_error,HTTP Error 412: Precondition Failed,0
D_1NBAF249,412,False,http_error,HTTP Error 412: Precondition Failed,0
D_1NBAF250,412,False,http_error,HTTP Error 412: Precondition Failed,0
D_1NBAF251,412,False,http_error,HTTP Error 412: Precondition Failed,0
D_1NBAF252,412,False,http_error,HTTP Error 412: Precondition Failed,0
D_1NBAF253,412,False,http_error,HTTP Error 412: Precondition Failed,0
D_1NBAF254,412,False,http_error,HTTP Error 412: Precondition Failed,0
D_1NBAF255,412,False,http_error,HTTP Error 412: Precondition Failed,0
D_1NBAF256,412,False,http_error,HTTP Error 412: Precondition Failed,0
D_1NBAF257,412,False,http_error,HTTP Error 412: Precondition Failed,0
D_1NBAF258,412,False,http_error,HTTP Error 412: Precondition Failed,0
D_1NBAF259,412,False,http_error,HTTP Error 412: Precondition Failed,0
D_1NBAF260,412,False,http_error,HTTP Error 412: Precondition Failed,0
D_1NBAF261,412,False,http_error,HTTP Error 412: Precondition Failed,0
D_1NBAF262,412,False,http_error,HTTP Error 412: Precondition Failed,0
D_1NBAF263,412,False,http_error,HTTP Error 412: Precondition Failed,0
D_1NBAF264,412,False,http_error,HTTP Error 412: Precondition Failed,0
D_1NBAF265,412,False,http_error,HTTP Error 412: Precondition Failed,0
D_1NBAF266,412,False,http_error,HTTP Error 412: Precondition Failed,0
D_1NBAF267,412,False,http_error,HTTP Error 412: Precondition Failed,0
D_1NBAF268,412,False,http_error,HTTP Error 412: Precondition Failed,0
D_1NBAF269,412,False,http_error,HTTP Error 412: Precondition Failed,0
D_1NBAF270,412,False,http_error,HTTP Error 412: Precondition Failed,0
D_1NBAF271,412,False,http_error,HTTP Error 412: Precondition Failed,0
D_1NBAF272,412,False,http_error,HTTP Error 412: Precondition Failed,0
D_1NBAF273,412,False,http_error,HTTP Error 412: Precondition Failed,0
D_1NBAF274,412,False,http_error,HTTP Error 412: Precondition Failed,0
D_1NBAF275,412,False,http_error,HTTP Error 412: Precondition Failed,0
D_1NBAF276,412,False,http_error,HTTP Error 412: Precondition Failed,0
D_1NBAF277,412,False,http_error,HTTP Error 412: Precondition Failed,0
D_1NBAF278,412,False,http_error,HTTP Error 412: Precondition Failed,0
D_1NBAF279,412,False,http_error,HTTP Error 412: Precondition Failed,0
D_1NBAF280,412,False,http_error,HTTP Error 412: Precondition Failed,0
D_1NBAF281,412,False,http_error,HTTP Error 412: Precondition Failed,0
D_1NBAF282,412,False,http_error,HTTP Error 412: Precondition Failed,0
D_1NBAF283,412,False,http_error,HTTP Error 412: Precondition Failed,0
D_1NBAF284,412,False,http_error,HTTP Error 412: Precondition Failed,0
D_1NBAF285,412,False,http_error,HTTP Error 412: Precondition Failed,0
D_1NBAF286,412,False,http_error,HTTP Error 412: Precondition Failed,0
D_1NBAF287,412,False,http_error,HTTP Error 412: Precondition Failed,0
D_1NBAF288,412,False,http_error,HTTP Error 412: Precondition Failed,0
D_1NBAF289,412,False,http_error,HTTP Error 412: Precondition Failed,0
D_1NBAF290,412,False,http_error,HTTP Error 412: Precondition Failed,0
D_1NBAF291,412,False,http_error,HTTP Error 412: Precondition Failed,0
D_1NBAF292,412,False,http_error,HTTP Error 412: Precondition Failed,0
D_1NBAF293,412,False,http_error,HTTP Error 412: Precondition Failed,0
D_1NBAF294,412,False,http_error,HTTP Error 412: Precondition Failed,0
D_1NBAF295,412,False,http_error,HTTP Error 412: Precondition Failed,0
D_1NBAF296,412,False,http_error,HTTP Error 412: Precondition Failed,0
D_1NBAF297,412,False,http_error,HTTP Error 412: Precondition Failed,0
D_1NBAF298,412,False,http_error,HTTP Error 412: Precondition Failed,0
D_1NBAF299,412,False,http_error,HTTP Error 412: Precondition Failed,0
D_1NBAF300,412,False,http_error,HTTP Error 412: Precondition Failed,0
D_1NBAF301,412,False,http_error,HTTP Error 412: Precondition Failed,0
D_1NBAF302,412,False,http_error,HTTP Error 412: Precondition Failed,0
D_1NBAF303,412,False,http_error,HTTP Error 412: Precondition Failed,0
D_1NBAF304,412,False,http_error,HTTP Error 412: Precondition Failed,0
D_1NBAF305,412,False,http_error,HTTP Error 412: Precondition Failed,0
D_1NBAF306,412,False,http_error,HTTP Error 412: Precondition Failed,0
D_1NBAF307,412,False,http_error,HTTP Error 412: Precondition Failed,0
D_1NBAF308,412,False,http_error,HTTP Error 412: Precondition Failed,0
D_1NBAF309,412,False,http_error,HTTP Error 412: Precondition Failed,0
D_1NBAF310,412,False,http_error,HTTP Error 412: Precondition Failed,0
D_1NBAF311,412,False,http_error,HTTP Error 412: Precondition Failed,0
D_1NBAF312,412,False,http_error,HTTP Error 412: Precondition Failed,0
D_1NBAF313,412,False,http_error,HTTP Error 412: Precondition Failed,0
D_1NBAF314,412,False,http_error,HTTP Error 412: Precondition Failed,0
D_1NBAF315,412,False,http_error,HTTP Error 412: Precondition Failed,0
D_1NBAF316,412,False,http_error,HTTP Error 412: Precondition Failed,0
D_1NBAF317,412,False,http_error,HTTP Error 412: Precondition Failed,0
D_1NBAF318,412,False,http_error,HTTP Error 412: Precondition Failed,0
D_1NBAF319,412,False,http_error,HTTP Error 412: Precondition Failed,0
D_1NBAF320,412,False,http_error,HTTP Error 412: Precondition Failed,0
D_1NBAF321,412,False,http_error,HTTP Error 412: Precondition Failed,0
D_1NBAF322,412,False,http_error,HTTP Error 412: Precondition Failed,0
D_1NBAF323,412,False,http_error,HTTP Error 412: Precondition Failed,0
D_1NBAF324,412,False,http_error,HTTP Error 412: Precondition Failed,0
D_1NBAF325,412,False,http_error,HTTP Error 412: Precondition Failed,0
D_1NBAF326,412,False,http_error,HTTP Error 412: Precondition Failed,0
D_1NBAF327,412,False,http_error,HTTP Error 412: Precondition Failed,0
D_1NBAF328,412,False,http_error,HTTP Error 412: Precondition Failed,0
D_1NBAF329,412,False,http_error,HTTP Error 412: Precondition Failed,0
D_1NBAF330,412,False,http_error,HTTP Error 412: Precondition Failed,0
D_1NBAF331,412,False,http_error,HTTP Error 412: Precondition Failed,0
D_1NBAF332,412,False,http_error,HTTP Error 412: Precondition Failed,0
D_1NBAF333,412,False,http_error,HTTP Error 412: Precondition Failed,0
D_1NBAF334,412,False,http_error,HTTP Error 412: Precondition Failed,0
D_1NBAF335,412,False,http_error,HTTP Error 412: Precondition Failed,0
D_1NBAF336,412,False,http_error,HTTP Error 412: Precondition Failed,0
D_1NBAF337,412,False,http_error,HTTP Error 412: Precondition Failed,0
D_1NBAF338,412,False,http_error,HTTP Error 412: Precondition Failed,0
D_1NBAF339,412,False,http_error,HTTP Error 412: Precondition Failed,0
D_1NBAF340,412,False,http_error,HTTP Error 412: Precondition Failed,0
D_1NBAF341,412,False,http_error,HTTP Error 412: Precondition Failed,0
D_1NBAF342,412,False,http_error,HTTP Error 412: Precondition Failed,0
D_1NBAF343,412,False,http_error,HTTP Error 412: Precondition Failed,0
D_1NBAF344,412,False,http_error,HTTP Error 412: Precondition Failed,0
D_1NBAF345,412,False,http_error,HTTP Error 412: Precondition Failed,0
D_1NBAF346,412,False,http_error,HTTP Error 412: Precondition Failed,0
D_1NBAF347,412,False,http_error,HTTP Error 412: Precondition Failed,0
D_1NBAF348,412,False,http_error,HTTP Error 412: Precondition Failed,0
D_1NBAF349,412,False,http_error,HTTP Error 412: Precondition Failed,0
D_1NBAF350,412,False,http_error,HTTP Error 412: Precondition Failed,0
D_1NBAF351,412,False,http_error,HTTP Error 412: Precondition Failed,0
D_1NBAF352,412,False,http_error,HTTP Error 412: Precondition Failed,0
D_1NBAF353,412,False,http_error,HTTP Error 412: Precondition Failed,0
D_1NBAF354,412,False,http_error,HTTP Error 412: Precondition Failed,0
D_1NBAF355,412,False,http_error,HTTP Error 412: Precondition Failed,0
D_1NBAF356,412,False,http_error,HTTP Error 412: Precondition Failed,0
D_1NBAF357,412,False,http_error,HTTP Error 412: Precondition Failed,0
D_1NBAF358,412,False,http_error,HTTP Error 412: Precondition Failed,0
D_1NBAF359,412,False,http_error,HTTP Error 412: Precondition Failed,0
D_1NBAF360,412,False,http_error,HTTP Error 412: Precondition Failed,0
D_1NBAF361,412,False,http_error,HTTP Error 412: Precondition Failed,0
D_1NBAF362,412,False,http_error,HTTP Error 412: Precondition Failed,0
D_1NBAF363,412,False,http_error,HTTP Error 412: Precondition Failed,0
D_1NBAF364,412,False,http_error,HTTP Error 412: Precondition Failed,0
D_1NBAF365,412,False,http_error,HTTP Error 412: Precondition Failed,0
D_1NBAF366,412,False,http_error,HTTP Error 412: Precondition Failed,0
D_1NBAF367,412,False,http_error,HTTP Error 412: Precondition Failed,0
D_1NBAF368,412,False,http_error,HTTP Error 412: Precondition Failed,0
D_1NBAF369,412,False,http_error,HTTP Error 412: Precondition Failed,0
D_1NBAF370,412,False,http_error,HTTP Error 412: Precondition Failed,0
D_1NBAF371,412,False,http_error,HTTP Error 412: Precondition Failed,0
D_1NBAF372,412,False,http_error,HTTP Error 412: Precondition Failed,0
D_1NBAF373,412,False,http_error,HTTP Error 412: Precondition Failed,0
D_1NBAF374,412,False,http_error,HTTP Error 412: Precondition Failed,0
D_1NBAF375,412,False,http_error,HTTP Error 412: Precondition Failed,0
D_1NBAF376,412,False,http_error,HTTP Error 412: Precondition Failed,0
D_1NBAF377,412,False,http_error,HTTP Error 412: Precondition Failed,0
D_1NBAF378,412,False,http_error,HTTP Error 412: Precondition Failed,0
D_1NBAF379,412,False,http_error,HTTP Error 412: Precondition Failed,0
D_1NBAF380,412,False,http_error,HTTP Error 412: Precondition Failed,0
D_1NBAF381,412,False,http_error,HTTP Error 412: Precondition Failed,0
D_1NBAF382,412,False,http_error,HTTP Error 412: Precondition Failed,0
D_1NBAF383,412,False,http_error,HTTP Error 412: Precondition Failed,0
D_1NBAF384,412,False,http_error,HTTP Error 412: Precondition Failed,0
D_1NBAF385,412,False,http_error,HTTP Error 412: Precondition Failed,0
D_1NBAF386,412,False,http_error,HTTP Error 412: Precondition Failed,0
D_1NBAF387,412,False,http_error,HTTP Error 412: Precondition Failed,0
D_1NBAF388,412,False,http_error,HTTP Error 412: Precondition Failed,0
D_1NBAF389,412,False,http_error,HTTP Error 412: Precondition Failed,0
D_1NBAF390,412,False,http_error,HTTP Error 412: Precondition Failed,0
D_1NBAF391,412,False,http_error,HTTP Error 412: Precondition Failed,0
D_1NBAF392,412,False,http_error,HTTP Error 412: Precondition Failed,0
D_1NBAF393,412,False,http_error,HTTP Error 412: Precondition Failed,0
D_1NBAF394,412,False,http_error,HTTP Error 412: Precondition Failed,0
D_1NBAF395,412,False,http_error,HTTP Error 412: Precondition Failed,0
D_1NBAF396,412,False,http_error,HTTP Error 412: Precondition Failed,0
D_1NBAF397,412,False,http_error,HTTP Error 412: Precondition Failed,0
D_1NBAF398,412,False,http_error,HTTP Error 412: Precondition Failed,0
D_1NBAF399,412,False,http_error,HTTP Error 412: Precondition Failed,0
D_1NBAF400,412,False,http_error,HTTP Error 412: Precondition Failed,0
D_1NBAF401,412,False,http_error,HTTP Error 412: Precondition Failed,0
D_1NBAF402,412,False,http_error,HTTP Error 412: Precondition Failed,0
D_1NBAF403,412,False,http_error,HTTP Error 412: Precondition Failed,0
D_1NBAF404,412,False,http_error,HTTP Error 412: Precondition Failed,0
D_1NBAF405,412,False,http_error,HTTP Error 412: Precondition Failed,0
D_1NBAF406,412,False,http_error,HTTP Error 412: Precondition Failed,0
D_1NBAF407,412,False,http_error,HTTP Error 412: Precondition Failed,0
D_1NBAF408,412,False,http_error,HTTP Error 412: Precondition Failed,0
D_1NBAF409,412,False,http_error,HTTP Error 412: Precondition Failed,0
D_1NBAF410,412,False,http_error,HTTP Error 412: Precondition Failed,0
D_1NBAF411,412,False,http_error,HTTP Error 412: Precondition Failed,0
D_1NBAF412,412,False,http_error,HTTP Error 412: Precondition Failed,0
D_1NBAF413,412,False,http_error,HTTP Error 412: Precondition Failed,0
D_1NBAF414,412,False,http_error,HTTP Error 412: Precondition Failed,0
D_1NBAF415,412,False,http_error,HTTP Error 412: Precondition Failed,0
D_1NBAF416,412,False,http_error,HTTP Error 412: Precondition Failed,0
D_1NBAF417,412,False,http_error,HTTP Error 412: Precondition Failed,0
D_1NBAF418,412,False,http_error,HTTP Error 412: Precondition Failed,0
D_1NBAF419,412,False,http_error,HTTP Error 412: Precondition Failed,0
D_1NBAF420,412,False,http_error,HTTP Error 412: Precondition Failed,0
D_1NBAF421,412,False,http_error,HTTP Error 412: Precondition Failed,0
D_1NBAF422,412,False,http_error,HTTP Error 412: Precondition Failed,0
D_1NBAF423,412,False,http_error,HTTP Error 412: Precondition Failed,0
D_1NBAF424,412,False,http_error,HTTP Error 412: Precondition Failed,0
D_1NBAF425,412,False,http_error,HTTP Error 412: Precondition Failed,0
D_1NBAF426,412,False,http_error,HTTP Error 412: Precondition Failed,0
D_1NBAF427,412,False,http_error,HTTP Error 412: Precondition Failed,0
D_1NBAF428,412,False,http_error,HTTP Error 412: Precondition Failed,0
D_1NBAF429,412,False,http_error,HTTP Error 412: Precondition Failed,0
D_1NBAF430,412,False,http_error,HTTP Error 412: Precondition Failed,0
D_1NBAF431,412,False,http_error,HTTP Error 412: Precondition Failed,0
D_1NBAF432,412,False,http_error,HTTP Error 412: Precondition Failed,0
D_1NBAF433,412,False,http_error,HTTP Error 412: Precondition Failed,0
D_1NBAF434,412,False,http_error,HTTP Error 412: Precondition Failed,0
D_1NBAF435,412,False,http_error,HTTP Error 412: Precondition Failed,0
D_1NBAF436,412,False,http_error,HTTP Error 412: Precondition Failed,0
D_1NBAF437,412,False,http_error,HTTP Error 412: Precondition Failed,0
D_1NBAF438,412,False,http_error,HTTP Error 412: Precondition Failed,0
D_1NBAF439,412,False,http_error,HTTP Error 412: Precondition Failed,0
D_1NBAF440,412,False,http_error,HTTP Error 412: Precondition Failed,0
D_1NBAF441,412,False,http_error,HTTP Error 412: Precondition Failed,0
D_1NBAF442,412,False,http_error,HTTP Error 412: Precondition Failed,0
D_1NBAF443,412,False,http_error,HTTP Error 412: Precondition Failed,0
D_1NBAF444,412,False,http_error,HTTP Error 412: Precondition Failed,0
D_1NBAF445,412,False,http_error,HTTP Error 412: Precondition Failed,0
D_1NBAF446,412,False,http_error,HTTP Error 412: Precondition Failed,0
D_1NBAF447,412,False,http_error,HTTP Error 412: Precondition Failed,0
D_1NBAF448,412,False,http_error,HTTP Error 412: Precondition Failed,0
D_1NBAF449,412,False,http_error,HTTP Error 412: Precondition Failed,0
D_1NBAF450,412,False,http_error,HTTP Error 412: Precondition Failed,0
D_1NBAF451,412,False,http_error,HTTP Error 412: Precondition Failed,0
D_1NBAF452,412,False,http_error,HTTP Error 412: Precondition Failed,0
D_1NBAF453,412,False,http_error,HTTP Error 412: Precondition Failed,0
D_1NBAF454,412,False,http_error,HTTP Error 412: Precondition Failed,0
D_1NBAF455,412,False,http_error,HTTP Error 412: Precondition Failed,0
D_1NBAF456,412,False,http_error,HTTP Error 412: Precondition Failed,0
D_1NBAF457,412,False,http_error,HTTP Error 412: Precondition Failed,0
D_1NBAF458,412,False,http_error,HTTP Error 412: Precondition Failed,0
D_1NBAF459,412,False,http_error,HTTP Error 412: Precondition Failed,0
D_1NBAF460,412,False,http_error,HTTP Error 412: Precondition Failed,0
D_1NBAF461,412,False,http_error,HTTP Error 412: Precondition Failed,0
D_1NBAF462,412,False,http_error,HTTP Error 412: Precondition Failed,0
D_1NBAF463,412,False,http_error,HTTP Error 412: Precondition Failed,0
D_1NBAF464,412,False,http_error,HTTP Error 412: Precondition Failed,0
D_1NBAF465,412,False,http_error,HTTP Error 412: Precondition Failed,0
D_1NBAF466,412,False,http_error,HTTP Error 412: Precondition Failed,0
D_1NBAF467,412,False,http_error,HTTP Error 412: Precondition Failed,0
D_1NBAF468,412,False,http_error,HTTP Error 412: Precondition Failed,0
D_1NBAF469,412,False,http_error,HTTP Error 412: Precondition Failed,0
D_1NBAF470,412,False,http_error,HTTP Error 412: Precondition Failed,0
D_1NBAF471,412,False,http_error,HTTP Error 412: Precondition Failed,0
D_1NBAF472,200,False,parse_error,Expecting value: line 1 column 1 (char 0),0
D_1NBAF473,412,False,http_error,HTTP Error 412: Precondition Failed,0
D_1NBAF474,412,False,http_error,HTTP Error 412: Precondition Failed,0
D_1NBAF475,412,False,http_error,HTTP Error 412: Precondition Failed,0
D_1NBAF476,412,False,http_error,HTTP Error 412: Precondition Failed,0
D_1NBAF477,412,False,http_error,HTTP Error 412: Precondition Failed,0
D_1NBAF478,412,False,http_error,HTTP Error 412: Precondition Failed,0
D_1NBAF479,412,False,http_error,HTTP Error 412: Precondition Failed,0
D_1NBAF480,412,False,http_error,HTTP Error 412: Precondition Failed,0
D_1NBAF481,412,False,http_error,HTTP Error 412: Precondition Failed,0
D_1NBAF482,412,False,http_error,HTTP Error 412: Precondition Failed,0
D_1NBAF483,412,False,http_error,HTTP Error 412: Precondition Failed,0
D_1NBAF484,412,False,http_error,HTTP Error 412: Precondition Failed,0
D_1NBAF485,412,False,http_error,HTTP Error 412: Precondition Failed,0
D_1NBAF486,412,False,http_error,HTTP Error 412: Precondition Failed,0
D_1NBAF487,412,False,http_error,HTTP Error 412: Precondition Failed,0
D_1NBAF488,412,False,http_error,HTTP Error 412: Precondition Failed,0
D_1NBAF489,412,False,http_error,HTTP Error 412: Precondition Failed,0
D_1NBAF490,412,False,http_error,HTTP Error 412: Precondition Failed,0
D_1NBAF491,412,False,http_error,HTTP Error 412: Precondition Failed,0
D_1NBAF492,412,False,http_error,HTTP Error 412: Precondition Failed,0
D_1NBAF493,412,False,http_error,HTTP Error 412: Precondition Failed,0
D_1NBAF494,412,False,http_error,HTTP Error 412: Precondition Failed,0
D_1NBAF495,412,False,http_error,HTTP Error 412: Precondition Failed,0
D_1NBAF496,412,False,http_error,HTTP Error 412: Precondition Failed,0
D_1NBAF497,412,False,http_error,HTTP Error 412: Precondition Failed,0
D_1NBAF498,412,False,http_error,HTTP Error 412: Precondition Failed,0
D_1NBAF499,412,False,http_error,HTTP Error 412: Precondition Failed,0
D_1NBAF500,412,False,http_error,HTTP Error 412: Precondition Failed,0
D_1NBAF501,412,False,http_error,HTTP Error 412: Precondition Failed,0
D_1NBAF502,412,False,http_error,HTTP Error 412: Precondition Failed,0
D_1NBAF503,412,False,http_error,HTTP Error 412: Precondition Failed,0
D_1NBAF504,412,False,http_error,HTTP Error 412: Precondition Failed,0
D_1NBAF505,412,False,http_error,HTTP Error 412: Precondition Failed,0
D_1NBAF506,412,False,http_error,HTTP Error 412: Precondition Failed,0
D_1NBAF507,412,False,http_error,HTTP Error 412: Precondition Failed,0
D_1NBAF508,412,False,http_error,HTTP Error 412: Precondition Failed,0
D_1NBAF509,412,False,http_error,HTTP Error 412: Precondition Failed,0
D_1NBAF510,412,False,http_error,HTTP Error 412: Precondition Failed,0
D_1NBAF511,412,False,http_error,HTTP Error 412: Precondition Failed,0
D_1NBAF512,412,False,http_error,HTTP Error 412: Precondition Failed,0
D_1NBAF513,412,False,http_error,HTTP Error 412: Precondition Failed,0
D_1NBAF514,412,False,http_error,HTTP Error 412: Precondition Failed,0
D_1NBAF515,412,False,http_error,HTTP Error 412: Precondition Failed,0
D_1NBAF516,412,False,http_error,HTTP Error 412: Precondition Failed,0
D_1NBAF517,412,False,http_error,HTTP Error 412: Precondition Failed,0
D_1NBAF518,412,False,http_error,HTTP Error 412: Precondition Failed,0
D_1NBAF519,412,False,http_error,HTTP Error 412: Precondition Failed,0
D_1NBAF520,412,False,http_error,HTTP Error 412: Precondition Failed,0
D_1NBAF521,412,False,http_error,HTTP Error 412: Precondition Failed,0
D_1NBAF522,412,False,http_error,HTTP Error 412: Precondition Failed,0
D_1NBAF523,412,False,http_error,HTTP Error 412: Precondition Failed,0
D_1NBAF524,412,False,http_error,HTTP Error 412: Precondition Failed,0
D_1NBAF525,412,False,http_error,HTTP Error 412: Precondition Failed,0
D_1NBAF526,412,False,http_error,HTTP Error 412: Precondition Failed,0
D_1NBAF527,412,False,http_error,HTTP Error 412: Precondition Failed,0
D_1NBAF528,412,False,http_error,HTTP Error 412: Precondition Failed,0
D_1NBAF529,412,False,http_error,HTTP Error 412: Precondition Failed,0
D_1NBAF530,412,False,http_error,HTTP Error 412: Precondition Failed,0
D_1NBAF531,412,False,http_error,HTTP Error 412: Precondition Failed,0
D_1NBAF532,412,False,http_error,HTTP Error 412: Precondition Failed,0
D_1NBAF533,412,False,http_error,HTTP Error 412: Precondition Failed,0
D_1NBAF534,412,False,http_error,HTTP Error 412: Precondition Failed,0
D_1NBAF535,412,False,http_error,HTTP Error 412: Precondition Failed,0
D_1NBAF536,412,False,http_error,HTTP Error 412: Precondition Failed,0
D_1NBAF537,412,False,http_error,HTTP Error 412: Precondition Failed,0
D_1NBAF538,412,False,http_error,HTTP Error 412: Precondition Failed,0
D_1NBAF539,412,False,http_error,HTTP Error 412: Precondition Failed,0
D_1NBAF540,412,False,http_error,HTTP Error 412: Precondition Failed,0
D_1NBAF541,412,False,http_error,HTTP Error 412: Precondition Failed,0
D_1NBAF542,412,False,http_error,HTTP Error 412: Precondition Failed,0
D_1NBAF543,412,False,http_error,HTTP Error 412: Precondition Failed,0
D_1NBAF544,412,False,http_error,HTTP Error 412: Precondition Failed,0
D_1NBAF545,412,False,http_error,HTTP Error 412: Precondition Failed,0
D_1NBAF546,412,False,http_error,HTTP Error 412: Precondition Failed,0
D_1NBAF547,412,False,http_error,HTTP Error 412: Precondition Failed,0
D_1NBAF548,412,False,http_error,HTTP Error 412: Precondition Failed,0
D_1NBAF549,412,False,http_error,HTTP Error 412: Precondition Failed,0
D_1NBAF550,412,False,http_error,HTTP Error 412: Precondition Failed,0
D_1NBAF551,412,False,http_error,HTTP Error 412: Precondition Failed,0
D_1NBAF552,412,False,http_error,HTTP Error 412: Precondition Failed,0
D_1NBAF553,412,False,http_error,HTTP Error 412: Precondition Failed,0
D_1NBAF554,412,False,http_error,HTTP Error 412: Precondition Failed,0
D_1NBAF555,412,False,http_error,HTTP Error 412: Precondition Failed,0
D_1NBAF556,412,False,http_error,HTTP Error 412: Precondition Failed,0
D_1NBAF557,412,False,http_error,HTTP Error 412: Precondition Failed,0
D_1NBAF558,412,False,http_error,HTTP Error 412: Precondition Failed,0
D_1NBAF559,412,False,http_error,HTTP Error 412: Precondition Failed,0
D_1NBAF560,412,False,http_error,HTTP Error 412: Precondition Failed,0
D_1NBAF561,412,False,http_error,HTTP Error 412: Precondition Failed,0
D_1NBAF562,412,False,http_error,HTTP Error 412: Precondition Failed,0
D_1NBAF563,412,False,http_error,HTTP Error 412: Precondition Failed,0
D_1NBAF564,412,False,http_error,HTTP Error 412: Precondition Failed,0
D_1NBAF565,412,False,http_error,HTTP Error 412: Precondition Failed,0
D_1NBAF566,412,False,http_error,HTTP Error 412: Precondition Failed,0
D_1NBAF567,412,False,http_error,HTTP Error 412: Precondition Failed,0
D_1NBAF568,412,False,http_error,HTTP Error 412: Precondition Failed,0
D_1NBAF569,412,False,http_error,HTTP Error 412: Precondition Failed,0
D_1NBAF570,412,False,http_error,HTTP Error 412: Precondition Failed,0
D_1NBAF571,412,False,http_error,HTTP Error 412: Precondition Failed,0
D_1NBAF572,200,False,parse_error,Expecting value: line 1 column 1 (char 0),0
D_1NBAF573,412,False,http_error,HTTP Error 412: Precondition Failed,0
D_1NBAF574,412,False,http_error,HTTP Error 412: Precondition Failed,0
D_1NBAF575,412,False,http_error,HTTP Error 412: Precondition Failed,0
D_1NBAF576,412,False,http_error,HTTP Error 412: Precondition Failed,0
D_1NBAF577,412,False,http_error,HTTP Error 412: Precondition Failed,0
D_1NBAF578,412,False,http_error,HTTP Error 412: Precondition Failed,0
D_1NBAF579,412,False,http_error,HTTP Error 412: Precondition Failed,0
D_1NBAF580,412,False,http_error,HTTP Error 412: Precondition Failed,0
D_1NBAF581,412,False,http_error,HTTP Error 412: Precondition Failed,0
D_1NBAF582,412,False,http_error,HTTP Error 412: Precondition Failed,0
D_1NBAF583,412,False,http_error,HTTP Error 412: Precondition Failed,0
D_1NBAF584,412,False,http_error,HTTP Error 412: Precondition Failed,0
D_1NBAF585,412,False,http_error,HTTP Error 412: Precondition Failed,0
D_1NBAF586,412,False,http_error,HTTP Error 412: Precondition Failed,0
D_1NBAF587,412,False,http_error,HTTP Error 412: Precondition Failed,0
D_1NBAF588,412,False,http_error,HTTP Error 412: Precondition Failed,0
D_1NBAF589,412,False,http_error,HTTP Error 412: Precondition Failed,0
D_1NBAF590,412,False,http_error,HTTP Error 412: Precondition Failed,0
D_1NBAF591,412,False,http_error,HTTP Error 412: Precondition Failed,0
D_1NBAF592,412,False,http_error,HTTP Error 412: Precondition Failed,0
D_1NBAF593,412,False,http_error,HTTP Error 412: Precondition Failed,0
D_1NBAF594,412,False,http_error,HTTP Error 412: Precondition Failed,0
D_1NBAF595,412,False,http_error,HTTP Error 412: Precondition Failed,0
D_1NBAF596,412,False,http_error,HTTP Error 412: Precondition Failed,0
D_1NBAF597,412,False,http_error,HTTP Error 412: Precondition Failed,0
D_1NBAF598,412,False,http_error,HTTP Error 412: Precondition Failed,0
D_1NBAF599,412,False,http_error,HTTP Error 412: Precondition Failed,0
D_1NBAF600,412,False,http_error,HTTP Error 412: Precondition Failed,0
D_1NBAF601,412,False,http_error,HTTP Error 412: Precondition Failed,0
D_1NBAF602,412,False,http_error,HTTP Error 412: Precondition Failed,0
D_1NBAF603,412,False,http_error,HTTP Error 412: Precondition Failed,0
D_1NBAF604,412,False,http_error,HTTP Error 412: Precondition Failed,0
D_1NBAF605,412,False,http_error,HTTP Error 412: Precondition Failed,0
D_1NBAF606,412,False,http_error,HTTP Error 412: Precondition Failed,0
D_1NBAF607,412,False,http_error,HTTP Error 412: Precondition Failed,0
D_1NBAF608,412,False,http_error,HTTP Error 412: Precondition Failed,0
D_1NBAF609,412,False,http_error,HTTP Error 412: Precondition Failed,0
D_1NBAF610,412,False,http_error,HTTP Error 412: Precondition Failed,0
D_1NBAF611,412,False,http_error,HTTP Error 412: Precondition Failed,0
D_1NBAF612,412,False,http_error,HTTP Error 412: Precondition Failed,0
D_1NBAF613,412,False,http_error,HTTP Error 412: Precondition Failed,0
D_1NBAF614,412,False,http_error,HTTP Error 412: Precondition Failed,0
D_1NBAF615,412,False,http_error,HTTP Error 412: Precondition Failed,0
D_1NBAF616,412,False,http_error,HTTP Error 412: Precondition Failed,0
D_1NBAF617,412,False,http_error,HTTP Error 412: Precondition Failed,0
D_1NBAF618,412,False,http_error,HTTP Error 412: Precondition Failed,0
D_1NBAF619,412,False,http_error,HTTP Error 412: Precondition Failed,0
D_1NBAF620,412,False,http_error,HTTP Error 412: Precondition Failed,0
D_1NBAF621,412,False,http_error,HTTP Error 412: Precondition Failed,0
D_1NBAF622,412,False,http_error,HTTP Error 412: Precondition Failed,0
D_1NBAF623,412,False,http_error,HTTP Error 412: Precondition Failed,0
D_1NBAF624,412,False,http_error,HTTP Error 412: Precondition Failed,0
D_1NBAF625,412,False,http_error,HTTP Error 412: Precondition Failed,0
D_1NBAF626,412,False,http_error,HTTP Error 412: Precondition Failed,0
D_1NBAF627,412,False,http_error,HTTP Error 412: Precondition Failed,0
D_1NBAF628,412,False,http_error,HTTP Error 412: Precondition Failed,0
D_1NBAF629,412,False,http_error,HTTP Error 412: Precondition Failed,0
D_1NBAF630,412,False,http_error,HTTP Error 412: Precondition Failed,0
D_1NBAF631,412,False,http_error,HTTP Error 412: Precondition Failed,0
D_1NBAF632,412,False,http_error,HTTP Error 412: Precondition Failed,0
D_1NBAF633,412,False,http_error,HTTP Error 412: Precondition Failed,0
D_1NBAF634,412,False,http_error,HTTP Error 412: Precondition Failed,0
D_1NBAF635,412,False,http_error,HTTP Error 412: Precondition Failed,0
D_1NBAF636,412,False,http_error,HTTP Error 412: Precondition Failed,0
D_1NBAF637,412,False,http_error,HTTP Error 412: Precondition Failed,0
D_1NBAF638,412,False,http_error,HTTP Error 412: Precondition Failed,0
D_1NBAF639,412,False,http_error,HTTP Error 412: Precondition Failed,0
D_1NBAF640,412,False,http_error,HTTP Error 412: Precondition Failed,0
D_1NBAF641,412,False,http_error,HTTP Error 412: Precondition Failed,0
D_1NBAF642,412,False,http_error,HTTP Error 412: Precondition Failed,0
D_1NBAF643,412,False,http_error,HTTP Error 412: Precondition Failed,0
D_1NBAF644,412,False,http_error,HTTP Error 412: Precondition Failed,0
D_1NBAF645,412,False,http_error,HTTP Error 412: Precondition Failed,0
D_1NBAF646,412,False,http_error,HTTP Error 412: Precondition Failed,0
D_1NBAF647,412,False,http_error,HTTP Error 412: Precondition Failed,0
D_1NBAF648,412,False,http_error,HTTP Error 412: Precondition Failed,0
D_1NBAF649,412,False,http_error,HTTP Error 412: Precondition Failed,0
D_1NBAF650,412,False,http_error,HTTP Error 412: Precondition Failed,0
D_1NBAF651,412,False,http_error,HTTP Error 412: Precondition Failed,0
D_1NBAF652,412,False,http_error,HTTP Error 412: Precondition Failed,0
D_1NBAF653,412,False,http_error,HTTP Error 412: Precondition Failed,0
D_1NBAF654,412,False,http_error,HTTP Error 412: Precondition Failed,0
D_1NBAF655,412,False,http_error,HTTP Error 412: Precondition Failed,0
D_1NBAF656,412,False,http_error,HTTP Error 412: Precondition Failed,0
D_1NBAF657,412,False,http_error,HTTP Error 412: Precondition Failed,0
D_1NBAF658,412,False,http_error,HTTP Error 412: Precondition Failed,0
D_1NBAF659,412,False,http_error,HTTP Error 412: Precondition Failed,0
D_1NBAF660,412,False,http_error,HTTP Error 412: Precondition Failed,0
D_1NBAF661,412,False,http_error,HTTP Error 412: Precondition Failed,0
D_1NBAF662,412,False,http_error,HTTP Error 412: Precondition Failed,0
D_1NBAF663,412,False,http_error,HTTP Error 412: Precondition Failed,0
D_1NBAF664,412,False,http_error,HTTP Error 412: Precondition Failed,0
D_1NBAF665,412,False,http_error,HTTP Error 412: Precondition Failed,0
D_1NBAF666,412,False,http_error,HTTP Error 412: Precondition Failed,0
D_1NBAF667,412,False,http_error,HTTP Error 412: Precondition Failed,0
D_1NBAF668,412,False,http_error,HTTP Error 412: Precondition Failed,0
D_1NBAF669,412,False,http_error,HTTP Error 412: Precondition Failed,0
D_1NBAF670,412,False,http_error,HTTP Error 412: Precondition Failed,0
D_1NBAF671,412,False,http_error,HTTP Error 412: Precondition Failed,0
D_1NBAF672,412,False,http_error,HTTP Error 412: Precondition Failed,0
D_1NBAF673,412,False,http_error,HTTP Error 412: Precondition Failed,0
D_1NBAF674,412,False,http_error,HTTP Error 412: Precondition Failed,0
D_1NBAF675,412,False,http_error,HTTP Error 412: Precondition Failed,0
D_1NBAF676,412,False,http_error,HTTP Error 412: Precondition Failed,0
D_1NBAF677,412,False,http_error,HTTP Error 412: Precondition Failed,0
D_1NBAF678,412,False,http_error,HTTP Error 412: Precondition Failed,0
D_1NBAF679,412,False,http_error,HTTP Error 412: Precondition Failed,0
D_1NBAF680,412,False,http_error,HTTP Error 412: Precondition Failed,0
D_1NBAF681,412,False,http_error,HTTP Error 412: Precondition Failed,0
D_1NBAF682,412,False,http_error,HTTP Error 412: Precondition Failed,0
D_1NBAF683,412,False,http_error,HTTP Error 412: Precondition Failed,0
D_1NBAF684,412,False,http_error,HTTP Error 412: Precondition Failed,0
D_1NBAF685,412,False,http_error,HTTP Error 412: Precondition Failed,0
D_1NBAF686,412,False,http_error,HTTP Error 412: Precondition Failed,0
D_1NBAF687,412,False,http_error,HTTP Error 412: Precondition Failed,0
D_1NBAF688,412,False,http_error,HTTP Error 412: Precondition Failed,0
D_1NBAF689,412,False,http_error,HTTP Error 412: Precondition Failed,0
D_1NBAF690,412,False,http_error,HTTP Error 412: Precondition Failed,0
D_1NBAF691,412,False,http_error,HTTP Error 412: Precondition Failed,0
D_1NBAF692,412,False,http_error,HTTP Error 412: Precondition Failed,0
D_1NBAF693,412,False,http_error,HTTP Error 412: Precondition Failed,0
D_1NBAF694,412,False,http_error,HTTP Error 412: Precondition Failed,0
D_1NBAF695,412,False,http_error,HTTP Error 412: Precondition Failed,0
D_1NBAF696,412,False,http_error,HTTP Error 412: Precondition Failed,0
D_1NBAF697,412,False,http_error,HTTP Error 412: Precondition Failed,0
D_1NBAF698,412,False,http_error,HTTP Error 412: Precondition Failed,0
D_1NBAF699,412,False,http_error,HTTP Error 412: Precondition Failed,0
D_1NBAF700,412,False,http_error,HTTP Error 412: Precondition Failed,0
D_1NBAF701,412,False,http_error,HTTP Error 412: Precondition Failed,0
D_1NBAF702,412,False,http_error,HTTP Error 412: Precondition Failed,0
D_1NBAF703,412,False,http_error,HTTP Error 412: Precondition Failed,0
D_1NBAF704,412,False,http_error,HTTP Error 412: Precondition Failed,0
D_1NBAF705,412,False,http_error,HTTP Error 412: Precondition Failed,0
D_1NBAF706,412,False,http_error,HTTP Error 412: Precondition Failed,0
D_1NBAF707,412,False,http_error,HTTP Error 412: Precondition Failed,0
D_1NBAF708,412,False,http_error,HTTP Error 412: Precondition Failed,0
D_1NBAF709,412,False,http_error,HTTP Error 412: Precondition Failed,0
D_1NBAF710,412,False,http_error,HTTP Error 412: Precondition Failed,0
D_1NBAF711,412,False,http_error,HTTP Error 412: Precondition Failed,0
D_1NBAF712,412,False,http_error,HTTP Error 412: Precondition Failed,0
D_1NBAF713,412,False,http_error,HTTP Error 412: Precondition Failed,0
D_1NBAF714,412,False,http_error,HTTP Error 412: Precondition Failed,0
D_1NBAF715,412,False,http_error,HTTP Error 412: Precondition Failed,0
D_1NBAF716,412,False,http_error,HTTP Error 412: Precondition Failed,0
D_1NBAF717,412,False,http_error,HTTP Error 412: Precondition Failed,0
D_1NBAF718,412,False,http_error,HTTP Error 412: Precondition Failed,0
D_1NBAF719,412,False,http_error,HTTP Error 412: Precondition Failed,0
D_1NBAF720,412,False,http_error,HTTP Error 412: Precondition Failed,0
D_1NBAF721,412,False,http_error,HTTP Error 412: Precondition Failed,0
D_1NBAF722,412,False,http_error,HTTP Error 412: Precondition Failed,0
D_1NBAF723,412,False,http_error,HTTP Error 412: Precondition Failed,0
D_1NBAF724,412,False,http_error,HTTP Error 412: Precondition Failed,0
D_1NBAF725,412,False,http_error,HTTP Error 412: Precondition Failed,0
D_1NBAF726,412,False,http_error,HTTP Error 412: Precondition Failed,0
D_1NBAF727,412,False,http_error,HTTP Error 412: Precondition Failed,0
D_1NBAF728,412,False,http_error,HTTP Error 412: Precondition Failed,0
D_1NBAF729,412,False,http_error,HTTP Error 412: Precondition Failed,0
D_1NBAF730,412,False,http_error,HTTP Error 412: Precondition Failed,0
D_1NBAF731,412,False,http_error,HTTP Error 412: Precondition Failed,0
D_1NBAF732,412,False,http_error,HTTP Error 412: Precondition Failed,0
D_1NBAF733,412,False,http_error,HTTP Error 412: Precondition Failed,0
D_1NBAF734,412,False,http_error,HTTP Error 412: Precondition Failed,0
D_1NBAF735,412,False,http_error,HTTP Error 412: Precondition Failed,0
D_1NBAF736,412,False,http_error,HTTP Error 412: Precondition Failed,0
D_1NBAF737,412,False,http_error,HTTP Error 412: Precondition Failed,0
D_1NBAF738,412,False,http_error,HTTP Error 412: Precondition Failed,0
D_1NBAF739,412,False,http_error,HTTP Error 412: Precondition Failed,0
D_1NBAF740,412,False,http_error,HTTP Error 412: Precondition Failed,0
D_1NBAF741,412,False,http_error,HTTP Error 412: Precondition Failed,0
D_1NBAF742,412,False,http_error,HTTP Error 412: Precondition Failed,0
D_1NBAF743,412,False,http_error,HTTP Error 412: Precondition Failed,0
D_1NBAF744,412,False,http_error,HTTP Error 412: Precondition Failed,0
D_1NBAF745,412,False,http_error,HTTP Error 412: Precondition Failed,0
D_1NBAF746,412,False,http_error,HTTP Error 412: Precondition Failed,0
D_1NBAF747,412,False,http_error,HTTP Error 412: Precondition Failed,0
D_1NBAF748,412,False,http_error,HTTP Error 412: Precondition Failed,0
D_1NBAF749,412,False,http_error,HTTP Error 412: Precondition Failed,0
D_1NBAF750,412,False,http_error,HTTP Error 412: Precondition Failed,0
D_1NBAF751,412,False,http_error,HTTP Error 412: Precondition Failed,0
D_1NBAF752,412,False,http_error,HTTP Error 412: Precondition Failed,0
D_1NBAF753,412,False,http_error,HTTP Error 412: Precondition Failed,0
D_1NBAF754,412,False,http_error,HTTP Error 412: Precondition Failed,0
D_1NBAF755,412,False,http_error,HTTP Error 412: Precondition Failed,0
D_1NBAF756,412,False,http_error,HTTP Error 412: Precondition Failed,0
D_1NBAF757,412,False,http_error,HTTP Error 412: Precondition Failed,0
D_1NBAF758,412,False,http_error,HTTP Error 412: Precondition Failed,0
D_1NBAF759,412,False,http_error,HTTP Error 412: Precondition Failed,0
D_1NBAF760,412,False,http_error,HTTP Error 412: Precondition Failed,0
D_1NBAF761,412,False,http_error,HTTP Error 412: Precondition Failed,0
D_1NBAF762,412,False,http_error,HTTP Error 412: Precondition Failed,0
D_1NBAF763,412,False,http_error,HTTP Error 412: Precondition Failed,0
D_1NBAF764,412,False,http_error,HTTP Error 412: Precondition Failed,0
D_1NBAF765,412,False,http_error,HTTP Error 412: Precondition Failed,0
D_1NBAF766,412,False,http_error,HTTP Error 412: Precondition Failed,0
D_1NBAF767,412,False,http_error,HTTP Error 412: Precondition Failed,0
D_1NBAF768,412,False,http_error,HTTP Error 412: Precondition Failed,0
D_1NBAF769,412,False,http_error,HTTP Error 412: Precondition Failed,0
D_1NBAF770,412,False,http_error,HTTP Error 412: Precondition Failed,0
D_1NBAF771,412,False,http_error,HTTP Error 412: Precondition Failed,0
D_1NBAF772,412,False,http_error,HTTP Error 412: Precondition Failed,0
D_1NBAF773,412,False,http_error,HTTP Error 412: Precondition Failed,0
D_1NBAF774,412,False,http_error,HTTP Error 412: Precondition Failed,0
D_1NBAF775,412,False,http_error,HTTP Error 412: Precondition Failed,0
D_1NBAF776,412,False,http_error,HTTP Error 412: Precondition Failed,0
D_1NBAF777,412,False,http_error,HTTP Error 412: Precondition Failed,0
D_1NBAF778,412,False,http_error,HTTP Error 412: Precondition Failed,0
D_1NBAF779,412,False,http_error,HTTP Error 412: Precondition Failed,0
D_1NBAF780,412,False,http_error,HTTP Error 412: Precondition Failed,0
D_1NBAF781,412,False,http_error,HTTP Error 412: Precondition Failed,0
D_1NBAF782,412,False,http_error,HTTP Error 412: Precondition Failed,0
D_1NBAF783,412,False,http_error,HTTP Error 412: Precondition Failed,0
D_1NBAF784,412,False,http_error,HTTP Error 412: Precondition Failed,0
D_1NBAF785,412,False,http_error,HTTP Error 412: Precondition Failed,0
D_1NBAF786,412,False,http_error,HTTP Error 412: Precondition Failed,0
D_1NBAF787,412,False,http_error,HTTP Error 412: Precondition Failed,0
D_1NBAF788,412,False,http_error,HTTP Error 412: Precondition Failed,0
D_1NBAF789,412,False,http_error,HTTP Error 412: Precondition Failed,0
D_1NBAF790,412,False,http_error,HTTP Error 412: Precondition Failed,0
D_1NBAF791,412,False,http_error,HTTP Error 412: Precondition Failed,0
D_1NBAF792,412,False,http_error,HTTP Error 412: Precondition Failed,0
D_1NBAF793,412,False,http_error,HTTP Error 412: Precondition Failed,0
D_1NBAF794,412,False,http_error,HTTP Error 412: Precondition Failed,0
D_1NBAF795,412,False,http_error,HTTP Error 412: Precondition Failed,0
D_1NBAF796,412,False,http_error,HTTP Error 412: Precondition Failed,0
D_1NBAF797,412,False,http_error,HTTP Error 412: Precondition Failed,0
D_1NBAF798,412,False,http_error,HTTP Error 412: Precondition Failed,0
D_1NBAF799,412,False,http_error,HTTP Error 412: Precondition Failed,0
D_1NBAF800,412,False,http_error,HTTP Error 412: Precondition Failed,0
D_1NBAF801,412,False,http_error,HTTP Error 412: Precondition Failed,0
D_1NBAF802,412,False,http_error,HTTP Error 412: Precondition Failed,0
D_1NBAF803,412,False,http_error,HTTP Error 412: Precondition Failed,0
D_1NBAF804,412,False,http_error,HTTP Error 412: Precondition Failed,0
D_1NBAF805,412,False,http_error,HTTP Error 412: Precondition Failed,0
D_1NBAF806,412,False,http_error,HTTP Error 412: Precondition Failed,0
D_1NBAF807,412,False,http_error,HTTP Error 412: Precondition Failed,0
D_1NBAF808,412,False,http_error,HTTP Error 412: Precondition Failed,0
D_1NBAF809,412,False,http_error,HTTP Error 412: Precondition Failed,0
D_1NBAF810,412,False,http_error,HTTP Error 412: Precondition Failed,0
D_1NBAF811,412,False,http_error,HTTP Error 412: Precondition Failed,0
D_1NBAF812,412,False,http_error,HTTP Error 412: Precondition Failed,0
D_1NBAF813,412,False,http_error,HTTP Error 412: Precondition Failed,0
D_1NBAF814,412,False,http_error,HTTP Error 412: Precondition Failed,0
D_1NBAF815,412,False,http_error,HTTP Error 412: Precondition Failed,0
D_1NBAF816,412,False,http_error,HTTP Error 412: Precondition Failed,0
D_1NBAF817,412,False,http_error,HTTP Error 412: Precondition Failed,0
D_1NBAF818,412,False,http_error,HTTP Error 412: Precondition Failed,0
D_1NBAF819,412,False,http_error,HTTP Error 412: Precondition Failed,0
D_1NBAF820,412,False,http_error,HTTP Error 412: Precondition Failed,0
D_1NBAF821,412,False,http_error,HTTP Error 412: Precondition Failed,0
D_1NBAF822,412,False,http_error,HTTP Error 412: Precondition Failed,0
D_1NBAF823,412,False,http_error,HTTP Error 412: Precondition Failed,0
D_1NBAF824,412,False,http_error,HTTP Error 412: Precondition Failed,0
D_1NBAF825,412,False,http_error,HTTP Error 412: Precondition Failed,0
D_1NBAF826,412,False,http_error,HTTP Error 412: Precondition Failed,0
D_1NBAF827,412,False,http_error,HTTP Error 412: Precondition Failed,0
D_1NBAF828,412,False,http_error,HTTP Error 412: Precondition Failed,0
D_1NBAF829,412,False,http_error,HTTP Error 412: Precondition Failed,0
D_1NBAF830,412,False,http_error,HTTP Error 412: Precondition Failed,0
D_1NBAF831,412,False,http_error,HTTP Error 412: Precondition Failed,0
D_1NBAF832,412,False,http_error,HTTP Error 412: Precondition Failed,0
D_1NBAF833,412,False,http_error,HTTP Error 412: Precondition Failed,0
D_1NBAF834,412,False,http_error,HTTP Error 412: Precondition Failed,0
D_1NBAF835,412,False,http_error,HTTP Error 412: Precondition Failed,0
D_1NBAF836,412,False,http_error,HTTP Error 412: Precondition Failed,0
D_1NBAF837,412,False,http_error,HTTP Error 412: Precondition Failed,0
D_1NBAF838,412,False,http_error,HTTP Error 412: Precondition Failed,0
D_1NBAF839,412,False,http_error,HTTP Error 412: Precondition Failed,0
D_1NBAF840,412,False,http_error,HTTP Error 412: Precondition Failed,0
D_1NBAF841,412,False,http_error,HTTP Error 412: Precondition Failed,0
D_1NBAF842,412,False,http_error,HTTP Error 412: Precondition Failed,0
D_1NBAF843,412,False,http_error,HTTP Error 412: Precondition Failed,0
D_1NBAF844,412,False,http_error,HTTP Error 412: Precondition Failed,0
D_1NBAF845,412,False,http_error,HTTP Error 412: Precondition Failed,0
D_1NBAF846,412,False,http_error,HTTP Error 412: Precondition Failed,0
D_1NBAF847,412,False,http_error,HTTP Error 412: Precondition Failed,0
D_1NBAF848,412,False,http_error,HTTP Error 412: Precondition Failed,0
D_1NBAF849,412,False,http_error,HTTP Error 412: Precondition Failed,0
D_1NBAF850,412,False,http_error,HTTP Error 412: Precondition Failed,0
D_1NBAF851,412,False,http_error,HTTP Error 412: Precondition Failed,0
D_1NBAF852,412,False,http_error,HTTP Error 412: Precondition Failed,0
D_1NBAF853,412,False,http_error,HTTP Error 412: Precondition Failed,0
D_1NBAF854,412,False,http_error,HTTP Error 412: Precondition Failed,0
D_1NBAF855,412,False,http_error,HTTP Error 412: Precondition Failed,0
D_1NBAF856,412,False,http_error,HTTP Error 412: Precondition Failed,0
D_1NBAF857,412,False,http_error,HTTP Error 412: Precondition Failed,0
D_1NBAF858,412,False,http_error,HTTP Error 412: Precondition Failed,0
D_1NBAF859,412,False,http_error,HTTP Error 412: Precondition Failed,0
D_1NBAF860,412,False,http_error,HTTP Error 412: Precondition Failed,0
D_1NBAF861,412,False,http_error,HTTP Error 412: Precondition Failed,0
D_1NBAF862,412,False,http_error,HTTP Error 412: Precondition Failed,0
D_1NBAF863,412,False,http_error,HTTP Error 412: Precondition Failed,0
D_1NBAF864,412,False,http_error,HTTP Error 412: Precondition Failed,0
D_1NBAF865,412,False,http_error,HTTP Error 412: Precondition Failed,0
D_1NBAF866,412,False,http_error,HTTP Error 412: Precondition Failed,0
D_1NBAF867,412,False,http_error,HTTP Error 412: Precondition Failed,0
D_1NBAF868,412,False,http_error,HTTP Error 412: Precondition Failed,0
D_1NBAF869,412,False,http_error,HTTP Error 412: Precondition Failed,0
D_1NBAF870,412,False,http_error,HTTP Error 412: Precondition Failed,0
D_1NBAF871,412,False,http_error,HTTP Error 412: Precondition Failed,0
D_1NBAF872,412,False,http_error,HTTP Error 412: Precondition Failed,0
D_1NBAF873,412,False,http_error,HTTP Error 412: Precondition Failed,0
D_1NBAF874,412,False,http_error,HTTP Error 412: Precondition Failed,0
D_1NBAF875,412,False,http_error,HTTP Error 412: Precondition Failed,0
D_1NBAF876,412,False,http_error,HTTP Error 412: Precondition Failed,0
D_1NBAF877,412,False,http_error,HTTP Error 412: Precondition Failed,0
D_1NBAF878,412,False,http_error,HTTP Error 412: Precondition Failed,0
D_1NBAF879,412,False,http_error,HTTP Error 412: Precondition Failed,0
D_1NBAF880,412,False,http_error,HTTP Error 412: Precondition Failed,0
D_1NBAF881,412,False,http_error,HTTP Error 412: Precondition Failed,0
D_1NBAF882,412,False,http_error,HTTP Error 412: Precondition Failed,0
D_1NBAF883,412,False,http_error,HTTP Error 412: Precondition Failed,0
D_1NBAF884,412,False,http_error,HTTP Error 412: Precondition Failed,0
D_1NBAF885,412,False,http_error,HTTP Error 412: Precondition Failed,0
D_1NBAF886,412,False,http_error,HTTP Error 412: Precondition Failed,0
D_1NBAF887,412,False,http_error,HTTP Error 412: Precondition Failed,0
D_1NBAF888,412,False,http_error,HTTP Error 412: Precondition Failed,0
D_1NBAF889,412,False,http_error,HTTP Error 412: Precondition Failed,0
D_1NBAF890,412,False,http_error,HTTP Error 412: Precondition Failed,0
D_1NBAF891,412,False,http_error,HTTP Error 412: Precondition Failed,0
D_1NBAF892,412,False,http_error,HTTP Error 412: Precondition Failed,0
D_1NBAF893,412,False,http_error,HTTP Error 412: Precondition Failed,0
D_1NBAF894,412,False,http_error,HTTP Error 412: Precondition Failed,0
D_1NBAF895,412,False,http_error,HTTP Error 412: Precondition Failed,0
D_1NBAF896,412,False,http_error,HTTP Error 412: Precondition Failed,0
D_1NBAF897,412,False,http_error,HTTP Error 412: Precondition Failed,0
D_1NBAF898,412,False,http_error,HTTP Error 412: Precondition Failed,0
D_1NBAF899,412,False,http_error,HTTP Error 412: Precondition Failed,0
D_1NBAF900,412,False,http_error,HTTP Error 412: Precondition Failed,0
D_1NBAF901,412,False,http_error,HTTP Error 412: Precondition Failed,0
D_1NBAF902,412,False,http_error,HTTP Error 412: Precondition Failed,0
D_1NBAF903,412,False,http_error,HTTP Error 412: Precondition Failed,0
D_1NBAF904,412,False,http_error,HTTP Error 412: Precondition Failed,0
D_1NBAF905,412,False,http_error,HTTP Error 412: Precondition Failed,0
D_1NBAF906,412,False,http_error,HTTP Error 412: Precondition Failed,0
D_1NBAF907,412,False,http_error,HTTP Error 412: Precondition Failed,0
D_1NBAF908,412,False,http_error,HTTP Error 412: Precondition Failed,0
D_1NBAF909,412,False,http_error,HTTP Error 412: Precondition Failed,0
D_1NBAF910,412,False,http_error,HTTP Error 412: Precondition Failed,0
D_1NBAF911,412,False,http_error,HTTP Error 412: Precondition Failed,0
D_1NBAF912,412,False,http_error,HTTP Error 412: Precondition Failed,0
D_1NBAF913,412,False,http_error,HTTP Error 412: Precondition Failed,0
D_1NBAF914,412,False,http_error,HTTP Error 412: Precondition Failed,0
D_1NBAF915,412,False,http_error,HTTP Error 412: Precondition Failed,0
D_1NBAF916,412,False,http_error,HTTP Error 412: Precondition Failed,0
D_1NBAF917,412,False,http_error,HTTP Error 412: Precondition Failed,0
D_1NBAF918,412,False,http_error,HTTP Error 412: Precondition Failed,0
D_1NBAF919,412,False,http_error,HTTP Error 412: Precondition Failed,0
D_1NBAF920,412,False,http_error,HTTP Error 412: Precondition Failed,0
D_1NBAF921,412,False,http_error,HTTP Error 412: Precondition Failed,0
D_1NBAF922,412,False,http_error,HTTP Error 412: Precondition Failed,0
D_1NBAF923,412,False,http_error,HTTP Error 412: Precondition Failed,0
D_1NBAF924,412,False,http_error,HTTP Error 412: Precondition Failed,0
D_1NBAF925,412,False,http_error,HTTP Error 412: Precondition Failed,0
D_1NBAF926,412,False,http_error,HTTP Error 412: Precondition Failed,0
D_1NBAF927,412,False,http_error,HTTP Error 412: Precondition Failed,0
D_1NBAF928,412,False,http_error,HTTP Error 412: Precondition Failed,0
D_1NBAF929,412,False,http_error,HTTP Error 412: Precondition Failed,0
D_1NBAF930,412,False,http_error,HTTP Error 412: Precondition Failed,0
D_1NBAF931,412,False,http_error,HTTP Error 412: Precondition Failed,0
D_1NBAF932,412,False,http_error,HTTP Error 412: Precondition Failed,0
D_1NBAF933,412,False,http_error,HTTP Error 412: Precondition Failed,0
D_1NBAF934,412,False,http_error,HTTP Error 412: Precondition Failed,0
D_1NBAF935,412,False,http_error,HTTP Error 412: Precondition Failed,0
D_1NBAF936,412,False,http_error,HTTP Error 412: Precondition Failed,0
D_1NBAF937,412,False,http_error,HTTP Error 412: Precondition Failed,0
D_1NBAF938,412,False,http_error,HTTP Error 412: Precondition Failed,0
D_1NBAF939,412,False,http_error,HTTP Error 412: Precondition Failed,0
D_1NBAF940,412,False,http_error,HTTP Error 412: Precondition Failed,0
D_1NBAF941,412,False,http_error,HTTP Error 412: Precondition Failed,0
D_1NBAF942,412,False,http_error,HTTP Error 412: Precondition Failed,0
D_1NBAF943,412,False,http_error,HTTP Error 412: Precondition Failed,0
D_1NBAF944,412,False,http_error,HTTP Error 412: Precondition Failed,0
D_1NBAF945,412,False,http_error,HTTP Error 412: Precondition Failed,0
D_1NBAF946,412,False,http_error,HTTP Error 412: Precondition Failed,0
D_1NBAF947,412,False,http_error,HTTP Error 412: Precondition Failed,0
D_1NBAF948,412,False,http_error,HTTP Error 412: Precondition Failed,0
D_1NBAF949,412,False,http_error,HTTP Error 412: Precondition Failed,0
D_1NBAF950,412,False,http_error,HTTP Error 412: Precondition Failed,0
D_1NBAF951,412,False,http_error,HTTP Error 412: Precondition Failed,0
D_1NBAF952,412,False,http_error,HTTP Error 412: Precondition Failed,0
D_1NBAF953,412,False,http_error,HTTP Error 412: Precondition Failed,0
D_1NBAF954,412,False,http_error,HTTP Error 412: Precondition Failed,0
D_1NBAF955,412,False,http_error,HTTP Error 412: Precondition Failed,0
D_1NBAF956,412,False,http_error,HTTP Error 412: Precondition Failed,0
D_1NBAF957,412,False,http_error,HTTP Error 412: Precondition Failed,0
D_1NBAF958,412,False,http_error,HTTP Error 412: Precondition Failed,0
D_1NBAF959,412,False,http_error,HTTP Error 412: Precondition Failed,0
D_1NBAF960,412,False,http_error,HTTP Error 412: Precondition Failed,0
D_1NBAF961,412,False,http_error,HTTP Error 412: Precondition Failed,0
D_1NBAF962,412,False,http_error,HTTP Error 412: Precondition Failed,0
D_1NBAF963,412,False,http_error,HTTP Error 412: Precondition Failed,0
D_1NBAF964,412,False,http_error,HTTP Error 412: Precondition Failed,0
D_1NBAF965,412,False,http_error,HTTP Error 412: Precondition Failed,0
D_1NBAF966,412,False,http_error,HTTP Error 412: Precondition Failed,0
D_1NBAF967,412,False,http_error,HTTP Error 412: Precondition Failed,0
D_1NBAF968,412,False,http_error,HTTP Error 412: Precondition Failed,0
D_1NBAF969,412,False,http_error,HTTP Error 412: Precondition Failed,0
D_1NBAF970,412,False,http_error,HTTP Error 412: Precondition Failed,0
D_1NBAF971,412,False,http_error,HTTP Error 412: Precondition Failed,0
D_1NBAF972,412,False,http_error,HTTP Error 412: Precondition Failed,0
D_1NBAF973,412,False,http_error,HTTP Error 412: Precondition Failed,0
D_1NBAF974,412,False,http_error,HTTP Error 412: Precondition Failed,0
D_1NBAF975,412,False,http_error,HTTP Error 412: Precondition Failed,0
D_1NBAF976,412,False,http_error,HTTP Error 412: Precondition Failed,0
D_1NBAF977,412,False,http_error,HTTP Error 412: Precondition Failed,0
D_1NBAF978,412,False,http_error,HTTP Error 412: Precondition Failed,0
D_1NBAF979,412,False,http_error,HTTP Error 412: Precondition Failed,0
D_1NBAF980,412,False,http_error,HTTP Error 412: Precondition Failed,0
D_1NBAF981,412,False,http_error,HTTP Error 412: Precondition Failed,0
D_1NBAF982,412,False,http_error,HTTP Error 412: Precondition Failed,0
D_1NBAF983,412,False,http_error,HTTP Error 412: Precondition Failed,0
D_1NBAF984,412,False,http_error,HTTP Error 412: Precondition Failed,0
D_1NBAF985,412,False,http_error,HTTP Error 412: Precondition Failed,0
D_1NBAF986,412,False,http_error,HTTP Error 412: Precondition Failed,0
D_1NBAF987,412,False,http_error,HTTP Error 412: Precondition Failed,0
D_1NBAF988,412,False,http_error,HTTP Error 412: Precondition Failed,0
D_1NBAF989,412,False,http_error,HTTP Error 412: Precondition Failed,0
D_1NBAF990,412,False,http_error,HTTP Error 412: Precondition Failed,0
D_1NBAF991,412,False,http_error,HTTP Error 412: Precondition Failed,0
D_1NBAF992,412,False,http_error,HTTP Error 412: Precondition Failed,0
D_1NBAF993,412,False,http_error,HTTP Error 412: Precondition Failed,0
D_1NBAF994,412,False,http_error,HTTP Error 412: Precondition Failed,0
D_1NBAF995,412,False,http_error,HTTP Error 412: Precondition Failed,0
D_1NBAF996,412,False,http_error,HTTP Error 412: Precondition Failed,0
D_1NBAF997,412,False,http_error,HTTP Error 412: Precondition Failed,0
D_1NBAF998,412,False,http_error,HTTP Error 412: Precondition Failed,0
D_1NBAF999,412,False,http_error,HTTP Error 412: Precondition Failed,0
D_1NBAS000,412,False,http_error,HTTP Error 412: Precondition Failed,0
D_1NBAS001,412,False,http_error,HTTP Error 412: Precondition Failed,0
D_1NBAS002,412,False,http_error,HTTP Error 412: Precondition Failed,0
D_1NBAS003,412,False,http_error,HTTP Error 412: Precondition Failed,0
D_1NBAS004,412,False,http_error,HTTP Error 412: Precondition Failed,0
D_1NBAS005,412,False,http_error,HTTP Error 412: Precondition Failed,0
D_1NBAS006,412,False,http_error,HTTP Error 412: Precondition Failed,0
D_1NBAS007,412,False,http_error,HTTP Error 412: Precondition Failed,0
D_1NBAS008,412,False,http_error,HTTP Error 412: Precondition Failed,0
D_1NBAS009,412,False,http_error,HTTP Error 412: Precondition Failed,0
D_1NBAS010,412,False,http_error,HTTP Error 412: Precondition Failed,0
D_1NBAS011,412,False,http_error,HTTP Error 412: Precondition Failed,0
D_1NBAS012,412,False,http_error,HTTP Error 412: Precondition Failed,0
D_1NBAS013,412,False,http_error,HTTP Error 412: Precondition Failed,0
D_1NBAS014,412,False,http_error,HTTP Error 412: Precondition Failed,0
D_1NBAS015,412,False,http_error,HTTP Error 412: Precondition Failed,0
D_1NBAS016,412,False,http_error,HTTP Error 412: Precondition Failed,0
D_1NBAS017,412,False,http_error,HTTP Error 412: Precondition Failed,0
D_1NBAS018,412,False,http_error,HTTP Error 412: Precondition Failed,0
D_1NBAS019,412,False,http_error,HTTP Error 412: Precondition Failed,0
D_1NBAS020,412,False,http_error,HTTP Error 412: Precondition Failed,0
D_1NBAS021,412,False,http_error,HTTP Error 412: Precondition Failed,0
D_1NBAS022,412,False,http_error,HTTP Error 412: Precondition Failed,0
D_1NBAS023,412,False,http_error,HTTP Error 412: Precondition Failed,0
D_1NBAS024,412,False,http_error,HTTP Error 412: Precondition Failed,0
D_1NBAS025,412,False,http_error,HTTP Error 412: Precondition Failed,0
D_1NBAS026,412,False,http_error,HTTP Error 412: Precondition Failed,0
D_1NBAS027,412,False,http_error,HTTP Error 412: Precondition Failed,0
D_1NBAS028,412,False,http_error,HTTP Error 412: Precondition Failed,0
D_1NBAS029,412,False,http_error,HTTP Error 412: Precondition Failed,0
D_1NBAS030,412,False,http_error,HTTP Error 412: Precondition Failed,0
D_1NBAS031,412,False,http_error,HTTP Error 412: Precondition Failed,0
D_1NBAS032,412,False,http_error,HTTP Error 412: Precondition Failed,0
D_1NBAS033,412,False,http_error,HTTP Error 412: Precondition Failed,0
D_1NBAS034,412,False,http_error,HTTP Error 412: Precondition Failed,0
D_1NBAS035,412,False,http_error,HTTP Error 412: Precondition Failed,0
D_1NBAS036,412,False,http_error,HTTP Error 412: Precondition Failed,0
D_1NBAS037,412,False,http_error,HTTP Error 412: Precondition Failed,0
D_1NBAS038,412,False,http_error,HTTP Error 412: Precondition Failed,0
D_1NBAS039,412,False,http_error,HTTP Error 412: Precondition Failed,0
D_1NBAS040,412,False,http_error,HTTP Error 412: Precondition Failed,0
D_1NBAS041,412,False,http_error,HTTP Error 412: Precondition Failed,0
D_1NBAS042,412,False,http_error,HTTP Error 412: Precondition Failed,0
D_1NBAS043,412,False,http_error,HTTP Error 412: Precondition Failed,0
D_1NBAS044,412,False,http_error,HTTP Error 412: Precondition Failed,0
D_1NBAS045,412,False,http_error,HTTP Error 412: Precondition Failed,0
D_1NBAS046,412,False,http_error,HTTP Error 412: Precondition Failed,0
D_1NBAS047,412,False,http_error,HTTP Error 412: Precondition Failed,0
D_1NBAS048,412,False,http_error,HTTP Error 412: Precondition Failed,0
D_1NBAS049,412,False,http_error,HTTP Error 412: Precondition Failed,0
D_1NBAS050,412,False,http_error,HTTP Error 412: Precondition Failed,0
D_1NBAS051,412,False,http_error,HTTP Error 412: Precondition Failed,0
D_1NBAS052,412,False,http_error,HTTP Error 412: Precondition Failed,0
D_1NBAS053,412,False,http_error,HTTP Error 412: Precondition Failed,0
D_1NBAS054,412,False,http_error,HTTP Error 412: Precondition Failed,0
D_1NBAS055,412,False,http_error,HTTP Error 412: Precondition Failed,0
D_1NBAS056,412,False,http_error,HTTP Error 412: Precondition Failed,0
D_1NBAS057,412,False,http_error,HTTP Error 412: Precondition Failed,0
D_1NBAS058,412,False,http_error,HTTP Error 412: Precondition Failed,0
D_1NBAS059,412,False,http_error,HTTP Error 412: Precondition Failed,0
D_1NBAS060,412,False,http_error,HTTP Error 412: Precondition Failed,0
D_1NBAS061,412,False,http_error,HTTP Error 412: Precondition Failed,0
D_1NBAS062,412,False,http_error,HTTP Error 412: Precondition Failed,0
D_1NBAS063,412,False,http_error,HTTP Error 412: Precondition Failed,0
D_1NBAS064,412,False,http_error,HTTP Error 412: Precondition Failed,0
D_1NBAS065,412,False,http_error,HTTP Error 412: Precondition Failed,0
D_1NBAS066,412,False,http_error,HTTP Error 412: Precondition Failed,0
D_1NBAS067,412,False,http_error,HTTP Error 412: Precondition Failed,0
D_1NBAS068,412,False,http_error,HTTP Error 412: Precondition Failed,0
D_1NBAS069,412,False,http_error,HTTP Error 412: Precondition Failed,0
D_1NBAS070,412,False,http_error,HTTP Error 412: Precondition Failed,0
D_1NBAS071,412,False,http_error,HTTP Error 412: Precondition Failed,0
D_1NBAS072,412,False,http_error,HTTP Error 412: Precondition Failed,0
D_1NBAS073,412,False,http_error,HTTP Error 412: Precondition Failed,0
D_1NBAS074,412,False,http_error,HTTP Error 412: Precondition Failed,0
D_1NBAS075,412,False,http_error,HTTP Error 412: Precondition Failed,0
D_1NBAS076,412,False,http_error,HTTP Error 412: Precondition Failed,0
D_1NBAS077,412,False,http_error,HTTP Error 412: Precondition Failed,0
D_1NBAS078,412,False,http_error,HTTP Error 412: Precondition Failed,0
D_1NBAS079,412,False,http_error,HTTP Error 412: Precondition Failed,0
D_1NBAS080,412,False,http_error,HTTP Error 412: Precondition Failed,0
D_1NBAS081,412,False,http_error,HTTP Error 412: Precondition Failed,0
D_1NBAS082,412,False,http_error,HTTP Error 412: Precondition Failed,0
D_1NBAS083,412,False,http_error,HTTP Error 412: Precondition Failed,0
D_1NBAS084,412,False,http_error,HTTP Error 412: Precondition Failed,0
D_1NBAS085,412,False,http_error,HTTP Error 412: Precondition Failed,0
D_1NBAS086,412,False,http_error,HTTP Error 412: Precondition Failed,0
D_1NBAS087,412,False,http_error,HTTP Error 412: Precondition Failed,0
D_1NBAS088,412,False,http_error,HTTP Error 412: Precondition Failed,0
D_1NBAS089,412,False,http_error,HTTP Error 412: Precondition Failed,0
D_1NBAS090,412,False,http_error,HTTP Error 412: Precondition Failed,0
D_1NBAS091,412,False,http_error,HTTP Error 412: Precondition Failed,0
D_1NBAS092,412,False,http_error,HTTP Error 412: Precondition Failed,0
D_1NBAS093,412,False,http_error,HTTP Error 412: Precondition Failed,0
D_1NBAS094,412,False,http_error,HTTP Error 412: Precondition Failed,0
D_1NBAS095,412,False,http_error,HTTP Error 412: Precondition Failed,0
D_1NBAS096,412,False,http_error,HTTP Error 412: Precondition Failed,0
D_1NBAS097,412,False,http_error,HTTP Error 412: Precondition Failed,0
D_1NBAS098,412,False,http_error,HTTP Error 412: Precondition Failed,0
D_1NBAS099,412,False,http_error,HTTP Error 412: Precondition Failed,0
D_1NBAS100,412,False,http_error,HTTP Error 412: Precondition Failed,0
D_1NBAS101,412,False,http_error,HTTP Error 412: Precondition Failed,0
D_1NBAS102,412,False,http_error,HTTP Error 412: Precondition Failed,0
D_1NBAS103,412,False,http_error,HTTP Error 412: Precondition Failed,0
D_1NBAS104,412,False,http_error,HTTP Error 412: Precondition Failed,0
D_1NBAS105,412,False,http_error,HTTP Error 412: Precondition Failed,0
D_1NBAS106,412,False,http_error,HTTP Error 412: Precondition Failed,0
D_1NBAS107,412,False,http_error,HTTP Error 412: Precondition Failed,0
D_1NBAS108,412,False,http_error,HTTP Error 412: Precondition Failed,0
D_1NBAS109,412,False,http_error,HTTP Error 412: Precondition Failed,0
D_1NBAS110,412,False,http_error,HTTP Error 412: Precondition Failed,0
D_1NBAS111,412,False,http_error,HTTP Error 412: Precondition Failed,0
D_1NBAS112,412,False,http_error,HTTP Error 412: Precondition Failed,0
D_1NBAS113,412,False,http_error,HTTP Error 412: Precondition Failed,0
D_1NBAS114,412,False,http_error,HTTP Error 412: Precondition Failed,0
D_1NBAS115,412,False,http_error,HTTP Error 412: Precondition Failed,0
D_1NBAS116,412,False,http_error,HTTP Error 412: Precondition Failed,0
D_1NBAS117,412,False,http_error,HTTP Error 412: Precondition Failed,0
D_1NBAS118,412,False,http_error,HTTP Error 412: Precondition Failed,0
D_1NBAS119,412,False,http_error,HTTP Error 412: Precondition Failed,0
D_1NBAS120,412,False,http_error,HTTP Error 412: Precondition Failed,0
D_1NBAS121,412,False,http_error,HTTP Error 412: Precondition Failed,0
D_1NBAS122,412,False,http_error,HTTP Error 412: Precondition Failed,0
D_1NBAS123,412,False,http_error,HTTP Error 412: Precondition Failed,0
D_1NBAS124,412,False,http_error,HTTP Error 412: Precondition Failed,0
D_1NBAS125,412,False,http_error,HTTP Error 412: Precondition Failed,0
D_1NBAS126,412,False,http_error,HTTP Error 412: Precondition Failed,0
D_1NBAS127,412,False,http_error,HTTP Error 412: Precondition Failed,0
D_1NBAS128,412,False,http_error,HTTP Error 412: Precondition Failed,0
D_1NBAS129,412,False,http_error,HTTP Error 412: Precondition Failed,0
D_1NBAS130,412,False,http_error,HTTP Error 412: Precondition Failed,0
D_1NBAS131,412,False,http_error,HTTP Error 412: Precondition Failed,0
D_1NBAS132,412,False,http_error,HTTP Error 412: Precondition Failed,0
D_1NBAS133,412,False,http_error,HTTP Error 412: Precondition Failed,0
D_1NBAS134,412,False,http_error,HTTP Error 412: Precondition Failed,0
D_1NBAS135,412,False,http_error,HTTP Error 412: Precondition Failed,0
D_1NBAS136,412,False,http_error,HTTP Error 412: Precondition Failed,0
D_1NBAS137,412,False,http_error,HTTP Error 412: Precondition Failed,0
D_1NBAS138,412,False,http_error,HTTP Error 412: Precondition Failed,0
D_1NBAS139,412,False,http_error,HTTP Error 412: Precondition Failed,0
D_1NBAS140,412,False,http_error,HTTP Error 412: Precondition Failed,0
D_1NBAS141,412,False,http_error,HTTP Error 412: Precondition Failed,0
D_1NBAS142,412,False,http_error,HTTP Error 412: Precondition Failed,0
D_1NBAS143,412,False,http_error,HTTP Error 412: Precondition Failed,0
D_1NBAS144,412,False,http_error,HTTP Error 412: Precondition Failed,0
D_1NBAS145,412,False,http_error,HTTP Error 412: Precondition Failed,0
D_1NBAS146,412,False,http_error,HTTP Error 412: Precondition Failed,0
D_1NBAS147,412,False,http_error,HTTP Error 412: Precondition Failed,0
D_1NBAS148,412,False,http_error,HTTP Error 412: Precondition Failed,0
D_1NBAS149,412,False,http_error,HTTP Error 412: Precondition Failed,0
D_1NBAS150,412,False,http_error,HTTP Error 412: Precondition Failed,0
D_1NBAS151,412,False,http_error,HTTP Error 412: Precondition Failed,0
D_1NBAS152,412,False,http_error,HTTP Error 412: Precondition Failed,0
D_1NBAS153,412,False,http_error,HTTP Error 412: Precondition Failed,0
D_1NBAS154,412,False,http_error,HTTP Error 412: Precondition Failed,0
D_1NBAS155,412,False,http_error,HTTP Error 412: Precondition Failed,0
D_1NBAS156,412,False,http_error,HTTP Error 412: Precondition Failed,0
D_1NBAS157,412,False,http_error,HTTP Error 412: Precondition Failed,0
D_1NBAS158,412,False,http_error,HTTP Error 412: Precondition Failed,0
D_1NBAS159,412,False,http_error,HTTP Error 412: Precondition Failed,0
D_1NBAS160,412,False,http_error,HTTP Error 412: Precondition Failed,0
D_1NBAS161,412,False,http_error,HTTP Error 412: Precondition Failed,0
D_1NBAS162,412,False,http_error,HTTP Error 412: Precondition Failed,0
D_1NBAS163,412,False,http_error,HTTP Error 412: Precondition Failed,0
D_1NBAS164,412,False,http_error,HTTP Error 412: Precondition Failed,0
D_1NBAS165,412,False,http_error,HTTP Error 412: Precondition Failed,0
D_1NBAS166,412,False,http_error,HTTP Error 412: Precondition Failed,0
D_1NBAS167,412,False,http_error,HTTP Error 412: Precondition Failed,0
D_1NBAS168,412,False,http_error,HTTP Error 412: Precondition Failed,0
D_1NBAS169,412,False,http_error,HTTP Error 412: Precondition Failed,0
D_1NBAS170,412,False,http_error,HTTP Error 412: Precondition Failed,0
D_1NBAS171,412,False,http_error,HTTP Error 412: Precondition Failed,0
D_1NBAS172,412,False,http_error,HTTP Error 412: Precondition Failed,0
D_1NBAS173,412,False,http_error,HTTP Error 412: Precondition Failed,0
D_1NBAS174,412,False,http_error,HTTP Error 412: Precondition Failed,0
D_1NBAS175,412,False,http_error,HTTP Error 412: Precondition Failed,0
D_1NBAS176,412,False,http_error,HTTP Error 412: Precondition Failed,0
D_1NBAS177,412,False,http_error,HTTP Error 412: Precondition Failed,0
D_1NBAS178,412,False,http_error,HTTP Error 412: Precondition Failed,0
D_1NBAS179,412,False,http_error,HTTP Error 412: Precondition Failed,0
D_1NBAS180,412,False,http_error,HTTP Error 412: Precondition Failed,0
D_1NBAS181,412,False,http_error,HTTP Error 412: Precondition Failed,0
D_1NBAS182,412,False,http_error,HTTP Error 412: Precondition Failed,0
D_1NBAS183,412,False,http_error,HTTP Error 412: Precondition Failed,0
D_1NBAS184,412,False,http_error,HTTP Error 412: Precondition Failed,0
D_1NBAS185,412,False,http_error,HTTP Error 412: Precondition Failed,0
D_1NBAS186,412,False,http_error,HTTP Error 412: Precondition Failed,0
D_1NBAS187,412,False,http_error,HTTP Error 412: Precondition Failed,0
D_1NBAS188,412,False,http_error,HTTP Error 412: Precondition Failed,0
D_1NBAS189,412,False,http_error,HTTP Error 412: Precondition Failed,0
D_1NBAS190,412,False,http_error,HTTP Error 412: Precondition Failed,0
D_1NBAS191,412,False,http_error,HTTP Error 412: Precondition Failed,0
D_1NBAS192,412,False,http_error,HTTP Error 412: Precondition Failed,0
D_1NBAS193,412,False,http_error,HTTP Error 412: Precondition Failed,0
D_1NBAS194,412,False,http_error,HTTP Error 412: Precondition Failed,0
D_1NBAS195,412,False,http_error,HTTP Error 412: Precondition Failed,0
D_1NBAS196,412,False,http_error,HTTP Error 412: Precondition Failed,0
D_1NBAS197,412,False,http_error,HTTP Error 412: Precondition Failed,0
D_1NBAS198,412,False,http_error,HTTP Error 412: Precondition Failed,0
D_1NBAS199,412,False,http_error,HTTP Error 412: Precondition Failed,0
D_1NBAS200,412,False,http_error,HTTP Error 412: Precondition Failed,0
D_1NBAS201,412,False,http_error,HTTP Error 412: Precondition Failed,0
D_1NBAS202,412,False,http_error,HTTP Error 412: Precondition Failed,0
D_1NBAS203,412,False,http_error,HTTP Error 412: Precondition Failed,0
D_1NBAS204,412,False,http_error,HTTP Error 412: Precondition Failed,0
D_1NBAS205,412,False,http_error,HTTP Error 412: Precondition Failed,0
D_1NBAS206,412,False,http_error,HTTP Error 412: Precondition Failed,0
D_1NBAS207,412,False,http_error,HTTP Error 412: Precondition Failed,0
D_1NBAS208,412,False,http_error,HTTP Error 412: Precondition Failed,0
D_1NBAS209,412,False,http_error,HTTP Error 412: Precondition Failed,0
D_1NBAS210,412,False,http_error,HTTP Error 412: Precondition Failed,0
D_1NBAS211,412,False,http_error,HTTP Error 412: Precondition Failed,0
D_1NBAS212,412,False,http_error,HTTP Error 412: Precondition Failed,0
D_1NBAS213,412,False,http_error,HTTP Error 412: Precondition Failed,0
D_1NBAS214,412,False,http_error,HTTP Error 412: Precondition Failed,0
D_1NBAS215,412,False,http_error,HTTP Error 412: Precondition Failed,0
D_1NBAS216,412,False,http_error,HTTP Error 412: Precondition Failed,0
D_1NBAS217,412,False,http_error,HTTP Error 412: Precondition Failed,0
D_1NBAS218,412,False,http_error,HTTP Error 412: Precondition Failed,0
D_1NBAS219,412,False,http_error,HTTP Error 412: Precondition Failed,0
D_1NBAS220,412,False,http_error,HTTP Error 412: Precondition Failed,0
D_1NBAS221,412,False,http_error,HTTP Error 412: Precondition Failed,0
D_1NBAS222,412,False,http_error,HTTP Error 412: Precondition Failed,0
D_1NBAS223,412,False,http_error,HTTP Error 412: Precondition Failed,0
D_1NBAS224,412,False,http_error,HTTP Error 412: Precondition Failed,0
D_1NBAS225,412,False,http_error,HTTP Error 412: Precondition Failed,0
D_1NBAS226,412,False,http_error,HTTP Error 412: Precondition Failed,0
D_1NBAS227,412,False,http_error,HTTP Error 412: Precondition Failed,0
D_1NBAS228,412,False,http_error,HTTP Error 412: Precondition Failed,0
D_1NBAS229,412,False,http_error,HTTP Error 412: Precondition Failed,0
D_1NBAS230,412,False,http_error,HTTP Error 412: Precondition Failed,0
D_1NBAS231,412,False,http_error,HTTP Error 412: Precondition Failed,0
D_1NBAS232,412,False,http_error,HTTP Error 412: Precondition Failed,0
D_1NBAS233,412,False,http_error,HTTP Error 412: Precondition Failed,0
D_1NBAS234,412,False,http_error,HTTP Error 412: Precondition Failed,0
D_1NBAS235,412,False,http_error,HTTP Error 412: Precondition Failed,0
D_1NBAS236,412,False,http_error,HTTP Error 412: Precondition Failed,0
D_1NBAS237,412,False,http_error,HTTP Error 412: Precondition Failed,0
D_1NBAS238,412,False,http_error,HTTP Error 412: Precondition Failed,0
D_1NBAS239,412,False,http_error,HTTP Error 412: Precondition Failed,0
D_1NBAS240,412,False,http_error,HTTP Error 412: Precondition Failed,0
D_1NBAS241,412,False,http_error,HTTP Error 412: Precondition Failed,0
D_1NBAS242,412,False,http_error,HTTP Error 412: Precondition Failed,0
D_1NBAS243,412,False,http_error,HTTP Error 412: Precondition Failed,0
D_1NBAS244,412,False,http_error,HTTP Error 412: Precondition Failed,0
D_1NBAS245,412,False,http_error,HTTP Error 412: Precondition Failed,0
D_1NBAS246,412,False,http_error,HTTP Error 412: Precondition Failed,0
D_1NBAS247,412,False,http_error,HTTP Error 412: Precondition Failed,0
D_1NBAS248,412,False,http_error,HTTP Error 412: Precondition Failed,0
D_1NBAS249,412,False,http_error,HTTP Error 412: Precondition Failed,0
D_1NBAS250,412,False,http_error,HTTP Error 412: Precondition Failed,0
D_1NBAS251,412,False,http_error,HTTP Error 412: Precondition Failed,0
D_1NBAS252,412,False,http_error,HTTP Error 412: Precondition Failed,0
D_1NBAS253,412,False,http_error,HTTP Error 412: Precondition Failed,0
D_1NBAS254,412,False,http_error,HTTP Error 412: Precondition Failed,0
D_1NBAS255,412,False,http_error,HTTP Error 412: Precondition Failed,0
D_1NBAS256,412,False,http_error,HTTP Error 412: Precondition Failed,0
D_1NBAS257,412,False,http_error,HTTP Error 412: Precondition Failed,0
D_1NBAS258,412,False,http_error,HTTP Error 412: Precondition Failed,0
D_1NBAS259,412,False,http_error,HTTP Error 412: Precondition Failed,0
D_1NBAS260,412,False,http_error,HTTP Error 412: Precondition Failed,0
D_1NBAS261,412,False,http_error,HTTP Error 412: Precondition Failed,0
D_1NBAS262,412,False,http_error,HTTP Error 412: Precondition Failed,0
D_1NBAS263,412,False,http_error,HTTP Error 412: Precondition Failed,0
D_1NBAS264,412,False,http_error,HTTP Error 412: Precondition Failed,0
D_1NBAS265,412,False,http_error,HTTP Error 412: Precondition Failed,0
D_1NBAS266,412,False,http_error,HTTP Error 412: Precondition Failed,0
D_1NBAS267,412,False,http_error,HTTP Error 412: Precondition Failed,0
D_1NBAS268,412,False,http_error,HTTP Error 412: Precondition Failed,0
D_1NBAS269,412,False,http_error,HTTP Error 412: Precondition Failed,0
D_1NBAS270,412,False,http_error,HTTP Error 412: Precondition Failed,0
D_1NBAS271,412,False,http_error,HTTP Error 412: Precondition Failed,0
D_1NBAS272,412,False,http_error,HTTP Error 412: Precondition Failed,0
D_1NBAS273,412,False,http_error,HTTP Error 412: Precondition Failed,0
D_1NBAS274,412,False,http_error,HTTP Error 412: Precondition Failed,0
D_1NBAS275,412,False,http_error,HTTP Error 412: Precondition Failed,0
D_1NBAS276,412,False,http_error,HTTP Error 412: Precondition Failed,0
D_1NBAS277,412,False,http_error,HTTP Error 412: Precondition Failed,0
D_1NBAS278,412,False,http_error,HTTP Error 412: Precondition Failed,0
D_1NBAS279,412,False,http_error,HTTP Error 412: Precondition Failed,0
D_1NBAS280,412,False,http_error,HTTP Error 412: Precondition Failed,0
D_1NBAS281,412,False,http_error,HTTP Error 412: Precondition Failed,0
D_1NBAS282,412,False,http_error,HTTP Error 412: Precondition Failed,0
D_1NBAS283,412,False,http_error,HTTP Error 412: Precondition Failed,0
D_1NBAS284,412,False,http_error,HTTP Error 412: Precondition Failed,0
D_1NBAS285,412,False,http_error,HTTP Error 412: Precondition Failed,0
D_1NBAS286,412,False,http_error,HTTP Error 412: Precondition Failed,0
D_1NBAS287,412,False,http_error,HTTP Error 412: Precondition Failed,0
D_1NBAS288,412,False,http_error,HTTP Error 412: Precondition Failed,0
D_1NBAS289,412,False,http_error,HTTP Error 412: Precondition Failed,0
D_1NBAS290,412,False,http_error,HTTP Error 412: Precondition Failed,0
D_1NBAS291,412,False,http_error,HTTP Error 412: Precondition Failed,0
D_1NBAS292,412,False,http_error,HTTP Error 412: Precondition Failed,0
D_1NBAS293,412,False,http_error,HTTP Error 412: Precondition Failed,0
D_1NBAS294,412,False,http_error,HTTP Error 412: Precondition Failed,0
D_1NBAS295,412,False,http_error,HTTP Error 412: Precondition Failed,0
D_1NBAS296,412,False,http_error,HTTP Error 412: Precondition Failed,0
D_1NBAS297,412,False,http_error,HTTP Error 412: Precondition Failed,0
D_1NBAS298,412,False,http_error,HTTP Error 412: Precondition Failed,0
D_1NBAS299,412,False,http_error,HTTP Error 412: Precondition Failed,0
D_1NBAS300,412,False,http_error,HTTP Error 412: Precondition Failed,0
D_1NBAS301,412,False,http_error,HTTP Error 412: Precondition Failed,0
D_1NBAS302,412,False,http_error,HTTP Error 412: Precondition Failed,0
D_1NBAS303,412,False,http_error,HTTP Error 412: Precondition Failed,0
D_1NBAS304,412,False,http_error,HTTP Error 412: Precondition Failed,0
D_1NBAS305,412,False,http_error,HTTP Error 412: Precondition Failed,0
D_1NBAS306,412,False,http_error,HTTP Error 412: Precondition Failed,0
D_1NBAS307,412,False,http_error,HTTP Error 412: Precondition Failed,0
D_1NBAS308,412,False,http_error,HTTP Error 412: Precondition Failed,0
D_1NBAS309,412,False,http_error,HTTP Error 412: Precondition Failed,0
D_1NBAS310,412,False,http_error,HTTP Error 412: Precondition Failed,0
D_1NBAS311,412,False,http_error,HTTP Error 412: Precondition Failed,0
D_1NBAS312,412,False,http_error,HTTP Error 412: Precondition Failed,0
D_1NBAS313,412,False,http_error,HTTP Error 412: Precondition Failed,0
D_1NBAS314,412,False,http_error,HTTP Error 412: Precondition Failed,0
D_1NBAS315,412,False,http_error,HTTP Error 412: Precondition Failed,0
D_1NBAS316,412,False,http_error,HTTP Error 412: Precondition Failed,0
D_1NBAS317,412,False,http_error,HTTP Error 412: Precondition Failed,0
D_1NBAS318,412,False,http_error,HTTP Error 412: Precondition Failed,0
D_1NBAS319,412,False,http_error,HTTP Error 412: Precondition Failed,0
D_1NBAS320,412,False,http_error,HTTP Error 412: Precondition Failed,0
D_1NBAS321,412,False,http_error,HTTP Error 412: Precondition Failed,0
D_1NBAS322,412,False,http_error,HTTP Error 412: Precondition Failed,0
D_1NBAS323,412,False,http_error,HTTP Error 412: Precondition Failed,0
D_1NBAS324,412,False,http_error,HTTP Error 412: Precondition Failed,0
D_1NBAS325,412,False,http_error,HTTP Error 412: Precondition Failed,0
D_1NBAS326,412,False,http_error,HTTP Error 412: Precondition Failed,0
D_1NBAS327,412,False,http_error,HTTP Error 412: Precondition Failed,0
D_1NBAS328,412,False,http_error,HTTP Error 412: Precondition Failed,0
D_1NBAS329,412,False,http_error,HTTP Error 412: Precondition Failed,0
D_1NBAS330,412,False,http_error,HTTP Error 412: Precondition Failed,0
D_1NBAS331,412,False,http_error,HTTP Error 412: Precondition Failed,0
D_1NBAS332,412,False,http_error,HTTP Error 412: Precondition Failed,0
D_1NBAS333,412,False,http_error,HTTP Error 412: Precondition Failed,0
D_1NBAS334,412,False,http_error,HTTP Error 412: Precondition Failed,0
D_1NBAS335,412,False,http_error,HTTP Error 412: Precondition Failed,0
D_1NBAS336,412,False,http_error,HTTP Error 412: Precondition Failed,0
D_1NBAS337,412,False,http_error,HTTP Error 412: Precondition Failed,0
D_1NBAS338,412,False,http_error,HTTP Error 412: Precondition Failed,0
D_1NBAS339,412,False,http_error,HTTP Error 412: Precondition Failed,0
D_1NBAS340,412,False,http_error,HTTP Error 412: Precondition Failed,0
D_1NBAS341,412,False,http_error,HTTP Error 412: Precondition Failed,0
D_1NBAS342,412,False,http_error,HTTP Error 412: Precondition Failed,0
D_1NBAS343,412,False,http_error,HTTP Error 412: Precondition Failed,0
D_1NBAS344,412,False,http_error,HTTP Error 412: Precondition Failed,0
D_1NBAS345,412,False,http_error,HTTP Error 412: Precondition Failed,0
D_1NBAS346,412,False,http_error,HTTP Error 412: Precondition Failed,0
D_1NBAS347,412,False,http_error,HTTP Error 412: Precondition Failed,0
D_1NBAS348,412,False,http_error,HTTP Error 412: Precondition Failed,0
D_1NBAS349,412,False,http_error,HTTP Error 412: Precondition Failed,0
D_1NBAS350,412,False,http_error,HTTP Error 412: Precondition Failed,0
D_1NBAS351,412,False,http_error,HTTP Error 412: Precondition Failed,0
D_1NBAS352,412,False,http_error,HTTP Error 412: Precondition Failed,0
D_1NBAS353,412,False,http_error,HTTP Error 412: Precondition Failed,0
D_1NBAS354,412,False,http_error,HTTP Error 412: Precondition Failed,0
D_1NBAS355,412,False,http_error,HTTP Error 412: Precondition Failed,0
D_1NBAS356,412,False,http_error,HTTP Error 412: Precondition Failed,0
D_1NBAS357,412,False,http_error,HTTP Error 412: Precondition Failed,0
D_1NBAS358,412,False,http_error,HTTP Error 412: Precondition Failed,0
D_1NBAS359,412,False,http_error,HTTP Error 412: Precondition Failed,0
D_1NBAS360,412,False,http_error,HTTP Error 412: Precondition Failed,0
D_1NBAS361,412,False,http_error,HTTP Error 412: Precondition Failed,0
D_1NBAS362,412,False,http_error,HTTP Error 412: Precondition Failed,0
D_1NBAS363,412,False,http_error,HTTP Error 412: Precondition Failed,0
D_1NBAS364,412,False,http_error,HTTP Error 412: Precondition Failed,0
D_1NBAS365,412,False,http_error,HTTP Error 412: Precondition Failed,0
D_1NBAS366,412,False,http_error,HTTP Error 412: Precondition Failed,0
D_1NBAS367,412,False,http_error,HTTP Error 412: Precondition Failed,0
D_1NBAS368,412,False,http_error,HTTP Error 412: Precondition Failed,0
D_1NBAS369,412,False,http_error,HTTP Error 412: Precondition Failed,0
D_1NBAS370,412,False,http_error,HTTP Error 412: Precondition Failed,0
D_1NBAS371,412,False,http_error,HTTP Error 412: Precondition Failed,0
D_1NBAS372,200,False,parse_error,Expecting value: line 1 column 1 (char 0),0
D_1NBAS373,412,False,http_error,HTTP Error 412: Precondition Failed,0
D_1NBAS374,412,False,http_error,HTTP Error 412: Precondition Failed,0
D_1NBAS375,412,False,http_error,HTTP Error 412: Precondition Failed,0
D_1NBAS376,412,False,http_error,HTTP Error 412: Precondition Failed,0
D_1NBAS377,412,False,http_error,HTTP Error 412: Precondition Failed,0
D_1NBAS378,412,False,http_error,HTTP Error 412: Precondition Failed,0
D_1NBAS379,412,False,http_error,HTTP Error 412: Precondition Failed,0
D_1NBAS380,412,False,http_error,HTTP Error 412: Precondition Failed,0
D_1NBAS381,412,False,http_error,HTTP Error 412: Precondition Failed,0
D_1NBAS382,412,False,http_error,HTTP Error 412: Precondition Failed,0
D_1NBAS383,412,False,http_error,HTTP Error 412: Precondition Failed,0
D_1NBAS384,412,False,http_error,HTTP Error 412: Precondition Failed,0
D_1NBAS385,412,False,http_error,HTTP Error 412: Precondition Failed,0
D_1NBAS386,412,False,http_error,HTTP Error 412: Precondition Failed,0
D_1NBAS387,412,False,http_error,HTTP Error 412: Precondition Failed,0
D_1NBAS388,412,False,http_error,HTTP Error 412: Precondition Failed,0
D_1NBAS389,412,False,http_error,HTTP Error 412: Precondition Failed,0
D_1NBAS390,412,False,http_error,HTTP Error 412: Precondition Failed,0
D_1NBAS391,412,False,http_error,HTTP Error 412: Precondition Failed,0
D_1NBAS392,412,False,http_error,HTTP Error 412: Precondition Failed,0
D_1NBAS393,412,False,http_error,HTTP Error 412: Precondition Failed,0
D_1NBAS394,412,False,http_error,HTTP Error 412: Precondition Failed,0
D_1NBAS395,412,False,http_error,HTTP Error 412: Precondition Failed,0
D_1NBAS396,412,False,http_error,HTTP Error 412: Precondition Failed,0
D_1NBAS397,412,False,http_error,HTTP Error 412: Precondition Failed,0
D_1NBAS398,412,False,http_error,HTTP Error 412: Precondition Failed,0
D_1NBAS399,412,False,http_error,HTTP Error 412: Precondition Failed,0
D_1NBAS400,412,False,http_error,HTTP Error 412: Precondition Failed,0
D_1NBAS401,412,False,http_error,HTTP Error 412: Precondition Failed,0
D_1NBAS402,412,False,http_error,HTTP Error 412: Precondition Failed,0
D_1NBAS403,412,False,http_error,HTTP Error 412: Precondition Failed,0
D_1NBAS404,412,False,http_error,HTTP Error 412: Precondition Failed,0
D_1NBAS405,412,False,http_error,HTTP Error 412: Precondition Failed,0
D_1NBAS406,412,False,http_error,HTTP Error 412: Precondition Failed,0
D_1NBAS407,412,False,http_error,HTTP Error 412: Precondition Failed,0
D_1NBAS408,412,False,http_error,HTTP Error 412: Precondition Failed,0
D_1NBAS409,412,False,http_error,HTTP Error 412: Precondition Failed,0
D_1NBAS410,412,False,http_error,HTTP Error 412: Precondition Failed,0
D_1NBAS411,412,False,http_error,HTTP Error 412: Precondition Failed,0
D_1NBAS412,412,False,http_error,HTTP Error 412: Precondition Failed,0
D_1NBAS413,412,False,http_error,HTTP Error 412: Precondition Failed,0
D_1NBAS414,412,False,http_error,HTTP Error 412: Precondition Failed,0
D_1NBAS415,412,False,http_error,HTTP Error 412: Precondition Failed,0
D_1NBAS416,412,False,http_error,HTTP Error 412: Precondition Failed,0
D_1NBAS417,412,False,http_error,HTTP Error 412: Precondition Failed,0
D_1NBAS418,412,False,http_error,HTTP Error 412: Precondition Failed,0
D_1NBAS419,412,False,http_error,HTTP Error 412: Precondition Failed,0
D_1NBAS420,412,False,http_error,HTTP Error 412: Precondition Failed,0
D_1NBAS421,412,False,http_error,HTTP Error 412: Precondition Failed,0
D_1NBAS422,412,False,http_error,HTTP Error 412: Precondition Failed,0
D_1NBAS423,412,False,http_error,HTTP Error 412: Precondition Failed,0
D_1NBAS424,412,False,http_error,HTTP Error 412: Precondition Failed,0
D_1NBAS425,412,False,http_error,HTTP Error 412: Precondition Failed,0
D_1NBAS426,412,False,http_error,HTTP Error 412: Precondition Failed,0
D_1NBAS427,412,False,http_error,HTTP Error 412: Precondition Failed,0
D_1NBAS428,412,False,http_error,HTTP Error 412: Precondition Failed,0
D_1NBAS429,412,False,http_error,HTTP Error 412: Precondition Failed,0
D_1NBAS430,412,False,http_error,HTTP Error 412: Precondition Failed,0
D_1NBAS431,412,False,http_error,HTTP Error 412: Precondition Failed,0
D_1NBAS432,412,False,http_error,HTTP Error 412: Precondition Failed,0
D_1NBAS433,412,False,http_error,HTTP Error 412: Precondition Failed,0
D_1NBAS434,412,False,http_error,HTTP Error 412: Precondition Failed,0
D_1NBAS435,412,False,http_error,HTTP Error 412: Precondition Failed,0
D_1NBAS436,412,False,http_error,HTTP Error 412: Precondition Failed,0
D_1NBAS437,412,False,http_error,HTTP Error 412: Precondition Failed,0
D_1NBAS438,412,False,http_error,HTTP Error 412: Precondition Failed,0
D_1NBAS439,412,False,http_error,HTTP Error 412: Precondition Failed,0
D_1NBAS440,412,False,http_error,HTTP Error 412: Precondition Failed,0
D_1NBAS441,412,False,http_error,HTTP Error 412: Precondition Failed,0
D_1NBAS442,412,False,http_error,HTTP Error 412: Precondition Failed,0
D_1NBAS443,412,False,http_error,HTTP Error 412: Precondition Failed,0
D_1NBAS444,412,False,http_error,HTTP Error 412: Precondition Failed,0
D_1NBAS445,412,False,http_error,HTTP Error 412: Precondition Failed,0
D_1NBAS446,412,False,http_error,HTTP Error 412: Precondition Failed,0
D_1NBAS447,412,False,http_error,HTTP Error 412: Precondition Failed,0
D_1NBAS448,412,False,http_error,HTTP Error 412: Precondition Failed,0
D_1NBAS449,412,False,http_error,HTTP Error 412: Precondition Failed,0
D_1NBAS450,412,False,http_error,HTTP Error 412: Precondition Failed,0
D_1NBAS451,412,False,http_error,HTTP Error 412: Precondition Failed,0
D_1NBAS452,412,False,http_error,HTTP Error 412: Precondition Failed,0
D_1NBAS453,412,False,http_error,HTTP Error 412: Precondition Failed,0
D_1NBAS454,412,False,http_error,HTTP Error 412: Precondition Failed,0
D_1NBAS455,412,False,http_error,HTTP Error 412: Precondition Failed,0
D_1NBAS456,412,False,http_error,HTTP Error 412: Precondition Failed,0
D_1NBAS457,412,False,http_error,HTTP Error 412: Precondition Failed,0
D_1NBAS458,412,False,http_error,HTTP Error 412: Precondition Failed,0
D_1NBAS459,412,False,http_error,HTTP Error 412: Precondition Failed,0
D_1NBAS460,412,False,http_error,HTTP Error 412: Precondition Failed,0
D_1NBAS461,412,False,http_error,HTTP Error 412: Precondition Failed,0
D_1NBAS462,412,False,http_error,HTTP Error 412: Precondition Failed,0
D_1NBAS463,412,False,http_error,HTTP Error 412: Precondition Failed,0
D_1NBAS464,412,False,http_error,HTTP Error 412: Precondition Failed,0
D_1NBAS465,412,False,http_error,HTTP Error 412: Precondition Failed,0
D_1NBAS466,412,False,http_error,HTTP Error 412: Precondition Failed,0
D_1NBAS467,412,False,http_error,HTTP Error 412: Precondition Failed,0
D_1NBAS468,412,False,http_error,HTTP Error 412: Precondition Failed,0
D_1NBAS469,412,False,http_error,HTTP Error 412: Precondition Failed,0
D_1NBAS470,412,False,http_error,HTTP Error 412: Precondition Failed,0
D_1NBAS471,412,False,http_error,HTTP Error 412: Precondition Failed,0
D_1NBAS472,412,False,http_error,HTTP Error 412: Precondition Failed,0
D_1NBAS473,412,False,http_error,HTTP Error 412: Precondition Failed,0
D_1NBAS474,412,False,http_error,HTTP Error 412: Precondition Failed,0
D_1NBAS475,412,False,http_error,HTTP Error 412: Precondition Failed,0
D_1NBAS476,412,False,http_error,HTTP Error 412: Precondition Failed,0
D_1NBAS477,412,False,http_error,HTTP Error 412: Precondition Failed,0
D_1NBAS478,412,False,http_error,HTTP Error 412: Precondition Failed,0
D_1NBAS479,412,False,http_error,HTTP Error 412: Precondition Failed,0
D_1NBAS480,412,False,http_error,HTTP Error 412: Precondition Failed,0
D_1NBAS481,412,False,http_error,HTTP Error 412: Precondition Failed,0
D_1NBAS482,412,False,http_error,HTTP Error 412: Precondition Failed,0
D_1NBAS483,412,False,http_error,HTTP Error 412: Precondition Failed,0
D_1NBAS484,412,False,http_error,HTTP Error 412: Precondition Failed,0
D_1NBAS485,412,False,http_error,HTTP Error 412: Precondition Failed,0
D_1NBAS486,412,False,http_error,HTTP Error 412: Precondition Failed,0
D_1NBAS487,412,False,http_error,HTTP Error 412: Precondition Failed,0
D_1NBAS488,412,False,http_error,HTTP Error 412: Precondition Failed,0
D_1NBAS489,412,False,http_error,HTTP Error 412: Precondition Failed,0
D_1NBAS490,412,False,http_error,HTTP Error 412: Precondition Failed,0
D_1NBAS491,412,False,http_error,HTTP Error 412: Precondition Failed,0
D_1NBAS492,412,False,http_error,HTTP Error 412: Precondition Failed,0
D_1NBAS493,412,False,http_error,HTTP Error 412: Precondition Failed,0
D_1NBAS494,412,False,http_error,HTTP Error 412: Precondition Failed,0
D_1NBAS495,412,False,http_error,HTTP Error 412: Precondition Failed,0
D_1NBAS496,412,False,http_error,HTTP Error 412: Precondition Failed,0
D_1NBAS497,412,False,http_error,HTTP Error 412: Precondition Failed,0
D_1NBAS498,412,False,http_error,HTTP Error 412: Precondition Failed,0
D_1NBAS499,412,False,http_error,HTTP Error 412: Precondition Failed,0
D_1NBAS500,412,False,http_error,HTTP Error 412: Precondition Failed,0
D_1NBAS501,412,False,http_error,HTTP Error 412: Precondition Failed,0
D_1NBAS502,412,False,http_error,HTTP Error 412: Precondition Failed,0
D_1NBAS503,412,False,http_error,HTTP Error 412: Precondition Failed,0
D_1NBAS504,412,False,http_error,HTTP Error 412: Precondition Failed,0
D_1NBAS505,412,False,http_error,HTTP Error 412: Precondition Failed,0
D_1NBAS506,412,False,http_error,HTTP Error 412: Precondition Failed,0
D_1NBAS507,412,False,http_error,HTTP Error 412: Precondition Failed,0
D_1NBAS508,412,False,http_error,HTTP Error 412: Precondition Failed,0
D_1NBAS509,412,False,http_error,HTTP Error 412: Precondition Failed,0
D_1NBAS510,412,False,http_error,HTTP Error 412: Precondition Failed,0
D_1NBAS511,412,False,http_error,HTTP Error 412: Precondition Failed,0
D_1NBAS512,412,False,http_error,HTTP Error 412: Precondition Failed,0
D_1NBAS513,412,False,http_error,HTTP Error 412: Precondition Failed,0
D_1NBAS514,412,False,http_error,HTTP Error 412: Precondition Failed,0
D_1NBAS515,412,False,http_error,HTTP Error 412: Precondition Failed,0
D_1NBAS516,412,False,http_error,HTTP Error 412: Precondition Failed,0
D_1NBAS517,412,False,http_error,HTTP Error 412: Precondition Failed,0
D_1NBAS518,412,False,http_error,HTTP Error 412: Precondition Failed,0
D_1NBAS519,412,False,http_error,HTTP Error 412: Precondition Failed,0
D_1NBAS520,412,False,http_error,HTTP Error 412: Precondition Failed,0
D_1NBAS521,412,False,http_error,HTTP Error 412: Precondition Failed,0
D_1NBAS522,412,False,http_error,HTTP Error 412: Precondition Failed,0
D_1NBAS523,412,False,http_error,HTTP Error 412: Precondition Failed,0
D_1NBAS524,412,False,http_error,HTTP Error 412: Precondition Failed,0
D_1NBAS525,412,False,http_error,HTTP Error 412: Precondition Failed,0
D_1NBAS526,412,False,http_error,HTTP Error 412: Precondition Failed,0
D_1NBAS527,412,False,http_error,HTTP Error 412: Precondition Failed,0
D_1NBAS528,412,False,http_error,HTTP Error 412: Precondition Failed,0
D_1NBAS529,412,False,http_error,HTTP Error 412: Precondition Failed,0
D_1NBAS530,412,False,http_error,HTTP Error 412: Precondition Failed,0
D_1NBAS531,412,False,http_error,HTTP Error 412: Precondition Failed,0
D_1NBAS532,412,False,http_error,HTTP Error 412: Precondition Failed,0
D_1NBAS533,412,False,http_error,HTTP Error 412: Precondition Failed,0
D_1NBAS534,412,False,http_error,HTTP Error 412: Precondition Failed,0
D_1NBAS535,412,False,http_error,HTTP Error 412: Precondition Failed,0
D_1NBAS536,412,False,http_error,HTTP Error 412: Precondition Failed,0
D_1NBAS537,412,False,http_error,HTTP Error 412: Precondition Failed,0
D_1NBAS538,412,False,http_error,HTTP Error 412: Precondition Failed,0
D_1NBAS539,412,False,http_error,HTTP Error 412: Precondition Failed,0
D_1NBAS540,412,False,http_error,HTTP Error 412: Precondition Failed,0
D_1NBAS541,412,False,http_error,HTTP Error 412: Precondition Failed,0
D_1NBAS542,412,False,http_error,HTTP Error 412: Precondition Failed,0
D_1NBAS543,412,False,http_error,HTTP Error 412: Precondition Failed,0
D_1NBAS544,412,False,http_error,HTTP Error 412: Precondition Failed,0
D_1NBAS545,412,False,http_error,HTTP Error 412: Precondition Failed,0
D_1NBAS546,412,False,http_error,HTTP Error 412: Precondition Failed,0
D_1NBAS547,412,False,http_error,HTTP Error 412: Precondition Failed,0
D_1NBAS548,412,False,http_error,HTTP Error 412: Precondition Failed,0
D_1NBAS549,412,False,http_error,HTTP Error 412: Precondition Failed,0
D_1NBAS550,412,False,http_error,HTTP Error 412: Precondition Failed,0
D_1NBAS551,412,False,http_error,HTTP Error 412: Precondition Failed,0
D_1NBAS552,412,False,http_error,HTTP Error 412: Precondition Failed,0
D_1NBAS553,412,False,http_error,HTTP Error 412: Precondition Failed,0
D_1NBAS554,412,False,http_error,HTTP Error 412: Precondition Failed,0
D_1NBAS555,412,False,http_error,HTTP Error 412: Precondition Failed,0
D_1NBAS556,412,False,http_error,HTTP Error 412: Precondition Failed,0
D_1NBAS557,412,False,http_error,HTTP Error 412: Precondition Failed,0
D_1NBAS558,412,False,http_error,HTTP Error 412: Precondition Failed,0
D_1NBAS559,412,False,http_error,HTTP Error 412: Precondition Failed,0
D_1NBAS560,412,False,http_error,HTTP Error 412: Precondition Failed,0
D_1NBAS561,412,False,http_error,HTTP Error 412: Precondition Failed,0
D_1NBAS562,412,False,http_error,HTTP Error 412: Precondition Failed,0
D_1NBAS563,412,False,http_error,HTTP Error 412: Precondition Failed,0
D_1NBAS564,412,False,http_error,HTTP Error 412: Precondition Failed,0
D_1NBAS565,412,False,http_error,HTTP Error 412: Precondition Failed,0
D_1NBAS566,412,False,http_error,HTTP Error 412: Precondition Failed,0
D_1NBAS567,412,False,http_error,HTTP Error 412: Precondition Failed,0
D_1NBAS568,412,False,http_error,HTTP Error 412: Precondition Failed,0
D_1NBAS569,412,False,http_error,HTTP Error 412: Precondition Failed,0
D_1NBAS570,412,False,http_error,HTTP Error 412: Precondition Failed,0
D_1NBAS571,412,False,http_error,HTTP Error 412: Precondition Failed,0
D_1NBAS572,200,False,parse_error,Expecting value: line 1 column 1 (char 0),0
D_1NBAS573,412,False,http_error,HTTP Error 412: Precondition Failed,0
D_1NBAS574,412,False,http_error,HTTP Error 412: Precondition Failed,0
D_1NBAS575,412,False,http_error,HTTP Error 412: Precondition Failed,0
D_1NBAS576,412,False,http_error,HTTP Error 412: Precondition Failed,0
D_1NBAS577,412,False,http_error,HTTP Error 412: Precondition Failed,0
D_1NBAS578,412,False,http_error,HTTP Error 412: Precondition Failed,0
D_1NBAS579,412,False,http_error,HTTP Error 412: Precondition Failed,0
D_1NBAS580,412,False,http_error,HTTP Error 412: Precondition Failed,0
D_1NBAS581,412,False,http_error,HTTP Error 412: Precondition Failed,0
D_1NBAS582,412,False,http_error,HTTP Error 412: Precondition Failed,0
D_1NBAS583,412,False,http_error,HTTP Error 412: Precondition Failed,0
D_1NBAS584,412,False,http_error,HTTP Error 412: Precondition Failed,0
D_1NBAS585,412,False,http_error,HTTP Error 412: Precondition Failed,0
D_1NBAS586,412,False,http_error,HTTP Error 412: Precondition Failed,0
D_1NBAS587,412,False,http_error,HTTP Error 412: Precondition Failed,0
D_1NBAS588,412,False,http_error,HTTP Error 412: Precondition Failed,0
D_1NBAS589,412,False,http_error,HTTP Error 412: Precondition Failed,0
D_1NBAS590,412,False,http_error,HTTP Error 412: Precondition Failed,0
D_1NBAS591,412,False,http_error,HTTP Error 412: Precondition Failed,0
D_1NBAS592,412,False,http_error,HTTP Error 412: Precondition Failed,0
D_1NBAS593,412,False,http_error,HTTP Error 412: Precondition Failed,0
D_1NBAS594,412,False,http_error,HTTP Error 412: Precondition Failed,0
D_1NBAS595,412,False,http_error,HTTP Error 412: Precondition Failed,0
D_1NBAS596,412,False,http_error,HTTP Error 412: Precondition Failed,0
D_1NBAS597,412,False,http_error,HTTP Error 412: Precondition Failed,0
D_1NBAS598,412,False,http_error,HTTP Error 412: Precondition Failed,0
D_1NBAS599,412,False,http_error,HTTP Error 412: Precondition Failed,0
D_1NBAS600,412,False,http_error,HTTP Error 412: Precondition Failed,0
D_1NBAS601,412,False,http_error,HTTP Error 412: Precondition Failed,0
D_1NBAS602,412,False,http_error,HTTP Error 412: Precondition Failed,0
D_1NBAS603,412,False,http_error,HTTP Error 412: Precondition Failed,0
D_1NBAS604,412,False,http_error,HTTP Error 412: Precondition Failed,0
D_1NBAS605,412,False,http_error,HTTP Error 412: Precondition Failed,0
D_1NBAS606,412,False,http_error,HTTP Error 412: Precondition Failed,0
D_1NBAS607,412,False,http_error,HTTP Error 412: Precondition Failed,0
D_1NBAS608,412,False,http_error,HTTP Error 412: Precondition Failed,0
D_1NBAS609,412,False,http_error,HTTP Error 412: Precondition Failed,0
D_1NBAS610,412,False,http_error,HTTP Error 412: Precondition Failed,0
D_1NBAS611,412,False,http_error,HTTP Error 412: Precondition Failed,0
D_1NBAS612,412,False,http_error,HTTP Error 412: Precondition Failed,0
D_1NBAS613,412,False,http_error,HTTP Error 412: Precondition Failed,0
D_1NBAS614,412,False,http_error,HTTP Error 412: Precondition Failed,0
D_1NBAS615,412,False,http_error,HTTP Error 412: Precondition Failed,0
D_1NBAS616,412,False,http_error,HTTP Error 412: Precondition Failed,0
D_1NBAS617,412,False,http_error,HTTP Error 412: Precondition Failed,0
D_1NBAS618,412,False,http_error,HTTP Error 412: Precondition Failed,0
D_1NBAS619,412,False,http_error,HTTP Error 412: Precondition Failed,0
D_1NBAS620,412,False,http_error,HTTP Error 412: Precondition Failed,0
D_1NBAS621,412,False,http_error,HTTP Error 412: Precondition Failed,0
D_1NBAS622,412,False,http_error,HTTP Error 412: Precondition Failed,0
D_1NBAS623,412,False,http_error,HTTP Error 412: Precondition Failed,0
D_1NBAS624,412,False,http_error,HTTP Error 412: Precondition Failed,0
D_1NBAS625,412,False,http_error,HTTP Error 412: Precondition Failed,0
D_1NBAS626,412,False,http_error,HTTP Error 412: Precondition Failed,0
D_1NBAS627,412,False,http_error,HTTP Error 412: Precondition Failed,0
D_1NBAS628,412,False,http_error,HTTP Error 412: Precondition Failed,0
D_1NBAS629,412,False,http_error,HTTP Error 412: Precondition Failed,0
D_1NBAS630,412,False,http_error,HTTP Error 412: Precondition Failed,0
D_1NBAS631,412,False,http_error,HTTP Error 412: Precondition Failed,0
D_1NBAS632,412,False,http_error,HTTP Error 412: Precondition Failed,0
D_1NBAS633,412,False,http_error,HTTP Error 412: Precondition Failed,0
D_1NBAS634,412,False,http_error,HTTP Error 412: Precondition Failed,0
D_1NBAS635,412,False,http_error,HTTP Error 412: Precondition Failed,0
D_1NBAS636,412,False,http_error,HTTP Error 412: Precondition Failed,0
D_1NBAS637,412,False,http_error,HTTP Error 412: Precondition Failed,0
D_1NBAS638,412,False,http_error,HTTP Error 412: Precondition Failed,0
D_1NBAS639,412,False,http_error,HTTP Error 412: Precondition Failed,0
D_1NBAS640,412,False,http_error,HTTP Error 412: Precondition Failed,0
D_1NBAS641,412,False,http_error,HTTP Error 412: Precondition Failed,0
D_1NBAS642,412,False,http_error,HTTP Error 412: Precondition Failed,0
D_1NBAS643,412,False,http_error,HTTP Error 412: Precondition Failed,0
D_1NBAS644,412,False,http_error,HTTP Error 412: Precondition Failed,0
D_1NBAS645,412,False,http_error,HTTP Error 412: Precondition Failed,0
D_1NBAS646,412,False,http_error,HTTP Error 412: Precondition Failed,0
D_1NBAS647,412,False,http_error,HTTP Error 412: Precondition Failed,0
D_1NBAS648,412,False,http_error,HTTP Error 412: Precondition Failed,0
D_1NBAS649,412,False,http_error,HTTP Error 412: Precondition Failed,0
D_1NBAS650,412,False,http_error,HTTP Error 412: Precondition Failed,0
D_1NBAS651,412,False,http_error,HTTP Error 412: Precondition Failed,0
D_1NBAS652,412,False,http_error,HTTP Error 412: Precondition Failed,0
D_1NBAS653,412,False,http_error,HTTP Error 412: Precondition Failed,0
D_1NBAS654,412,False,http_error,HTTP Error 412: Precondition Failed,0
D_1NBAS655,412,False,http_error,HTTP Error 412: Precondition Failed,0
D_1NBAS656,412,False,http_error,HTTP Error 412: Precondition Failed,0
D_1NBAS657,412,False,http_error,HTTP Error 412: Precondition Failed,0
D_1NBAS658,412,False,http_error,HTTP Error 412: Precondition Failed,0
D_1NBAS659,412,False,http_error,HTTP Error 412: Precondition Failed,0
D_1NBAS660,412,False,http_error,HTTP Error 412: Precondition Failed,0
D_1NBAS661,412,False,http_error,HTTP Error 412: Precondition Failed,0
D_1NBAS662,412,False,http_error,HTTP Error 412: Precondition Failed,0
D_1NBAS663,412,False,http_error,HTTP Error 412: Precondition Failed,0
D_1NBAS664,412,False,http_error,HTTP Error 412: Precondition Failed,0
D_1NBAS665,412,False,http_error,HTTP Error 412: Precondition Failed,0
D_1NBAS666,412,False,http_error,HTTP Error 412: Precondition Failed,0
D_1NBAS667,412,False,http_error,HTTP Error 412: Precondition Failed,0
D_1NBAS668,412,False,http_error,HTTP Error 412: Precondition Failed,0
D_1NBAS669,412,False,http_error,HTTP Error 412: Precondition Failed,0
D_1NBAS670,412,False,http_error,HTTP Error 412: Precondition Failed,0
D_1NBAS671,412,False,http_error,HTTP Error 412: Precondition Failed,0
D_1NBAS672,412,False,http_error,HTTP Error 412: Precondition Failed,0
D_1NBAS673,412,False,http_error,HTTP Error 412: Precondition Failed,0
D_1NBAS674,412,False,http_error,HTTP Error 412: Precondition Failed,0
D_1NBAS675,412,False,http_error,HTTP Error 412: Precondition Failed,0
D_1NBAS676,412,False,http_error,HTTP Error 412: Precondition Failed,0
D_1NBAS677,412,False,http_error,HTTP Error 412: Precondition Failed,0
D_1NBAS678,412,False,http_error,HTTP Error 412: Precondition Failed,0
D_1NBAS679,412,False,http_error,HTTP Error 412: Precondition Failed,0
D_1NBAS680,412,False,http_error,HTTP Error 412: Precondition Failed,0
D_1NBAS681,412,False,http_error,HTTP Error 412: Precondition Failed,0
D_1NBAS682,412,False,http_error,HTTP Error 412: Precondition Failed,0
D_1NBAS683,412,False,http_error,HTTP Error 412: Precondition Failed,0
D_1NBAS684,412,False,http_error,HTTP Error 412: Precondition Failed,0
D_1NBAS685,412,False,http_error,HTTP Error 412: Precondition Failed,0
D_1NBAS686,412,False,http_error,HTTP Error 412: Precondition Failed,0
D_1NBAS687,412,False,http_error,HTTP Error 412: Precondition Failed,0
D_1NBAS688,412,False,http_error,HTTP Error 412: Precondition Failed,0
D_1NBAS689,412,False,http_error,HTTP Error 412: Precondition Failed,0
D_1NBAS690,412,False,http_error,HTTP Error 412: Precondition Failed,0
D_1NBAS691,412,False,http_error,HTTP Error 412: Precondition Failed,0
D_1NBAS692,412,False,http_error,HTTP Error 412: Precondition Failed,0
D_1NBAS693,412,False,http_error,HTTP Error 412: Precondition Failed,0
D_1NBAS694,412,False,http_error,HTTP Error 412: Precondition Failed,0
D_1NBAS695,412,False,http_error,HTTP Error 412: Precondition Failed,0
D_1NBAS696,412,False,http_error,HTTP Error 412: Precondition Failed,0
D_1NBAS697,412,False,http_error,HTTP Error 412: Precondition Failed,0
D_1NBAS698,412,False,http_error,HTTP Error 412: Precondition Failed,0
D_1NBAS699,412,False,http_error,HTTP Error 412: Precondition Failed,0
D_1NBAS700,412,False,http_error,HTTP Error 412: Precondition Failed,0
D_1NBAS701,412,False,http_error,HTTP Error 412: Precondition Failed,0
D_1NBAS702,412,False,http_error,HTTP Error 412: Precondition Failed,0
D_1NBAS703,412,False,http_error,HTTP Error 412: Precondition Failed,0
D_1NBAS704,412,False,http_error,HTTP Error 412: Precondition Failed,0
D_1NBAS705,412,False,http_error,HTTP Error 412: Precondition Failed,0
D_1NBAS706,412,False,http_error,HTTP Error 412: Precondition Failed,0
D_1NBAS707,412,False,http_error,HTTP Error 412: Precondition Failed,0
D_1NBAS708,412,False,http_error,HTTP Error 412: Precondition Failed,0
D_1NBAS709,412,False,http_error,HTTP Error 412: Precondition Failed,0
D_1NBAS710,412,False,http_error,HTTP Error 412: Precondition Failed,0
D_1NBAS711,412,False,http_error,HTTP Error 412: Precondition Failed,0
D_1NBAS712,412,False,http_error,HTTP Error 412: Precondition Failed,0
D_1NBAS713,412,False,http_error,HTTP Error 412: Precondition Failed,0
D_1NBAS714,412,False,http_error,HTTP Error 412: Precondition Failed,0
D_1NBAS715,412,False,http_error,HTTP Error 412: Precondition Failed,0
D_1NBAS716,412,False,http_error,HTTP Error 412: Precondition Failed,0
D_1NBAS717,412,False,http_error,HTTP Error 412: Precondition Failed,0
D_1NBAS718,412,False,http_error,HTTP Error 412: Precondition Failed,0
D_1NBAS719,412,False,http_error,HTTP Error 412: Precondition Failed,0
D_1NBAS720,412,False,http_error,HTTP Error 412: Precondition Failed,0
D_1NBAS721,412,False,http_error,HTTP Error 412: Precondition Failed,0
D_1NBAS722,412,False,http_error,HTTP Error 412: Precondition Failed,0
D_1NBAS723,412,False,http_error,HTTP Error 412: Precondition Failed,0
D_1NBAS724,412,False,http_error,HTTP Error 412: Precondition Failed,0
D_1NBAS725,412,False,http_error,HTTP Error 412: Precondition Failed,0
D_1NBAS726,412,False,http_error,HTTP Error 412: Precondition Failed,0
D_1NBAS727,412,False,http_error,HTTP Error 412: Precondition Failed,0
D_1NBAS728,412,False,http_error,HTTP Error 412: Precondition Failed,0
D_1NBAS729,412,False,http_error,HTTP Error 412: Precondition Failed,0
D_1NBAS730,412,False,http_error,HTTP Error 412: Precondition Failed,0
D_1NBAS731,412,False,http_error,HTTP Error 412: Precondition Failed,0
D_1NBAS732,412,False,http_error,HTTP Error 412: Precondition Failed,0
D_1NBAS733,412,False,http_error,HTTP Error 412: Precondition Failed,0
D_1NBAS734,412,False,http_error,HTTP Error 412: Precondition Failed,0
D_1NBAS735,412,False,http_error,HTTP Error 412: Precondition Failed,0
D_1NBAS736,412,False,http_error,HTTP Error 412: Precondition Failed,0
D_1NBAS737,412,False,http_error,HTTP Error 412: Precondition Failed,0
D_1NBAS738,412,False,http_error,HTTP Error 412: Precondition Failed,0
D_1NBAS739,412,False,http_error,HTTP Error 412: Precondition Failed,0
D_1NBAS740,412,False,http_error,HTTP Error 412: Precondition Failed,0
D_1NBAS741,412,False,http_error,HTTP Error 412: Precondition Failed,0
D_1NBAS742,412,False,http_error,HTTP Error 412: Precondition Failed,0
D_1NBAS743,412,False,http_error,HTTP Error 412: Precondition Failed,0
D_1NBAS744,412,False,http_error,HTTP Error 412: Precondition Failed,0
D_1NBAS745,412,False,http_error,HTTP Error 412: Precondition Failed,0
D_1NBAS746,412,False,http_error,HTTP Error 412: Precondition Failed,0
D_1NBAS747,412,False,http_error,HTTP Error 412: Precondition Failed,0
D_1NBAS748,412,False,http_error,HTTP Error 412: Precondition Failed,0
D_1NBAS749,412,False,http_error,HTTP Error 412: Precondition Failed,0
D_1NBAS750,412,False,http_error,HTTP Error 412: Precondition Failed,0
D_1NBAS751,412,False,http_error,HTTP Error 412: Precondition Failed,0
D_1NBAS752,412,False,http_error,HTTP Error 412: Precondition Failed,0
D_1NBAS753,412,False,http_error,HTTP Error 412: Precondition Failed,0
D_1NBAS754,412,False,http_error,HTTP Error 412: Precondition Failed,0
D_1NBAS755,412,False,http_error,HTTP Error 412: Precondition Failed,0
D_1NBAS756,412,False,http_error,HTTP Error 412: Precondition Failed,0
D_1NBAS757,412,False,http_error,HTTP Error 412: Precondition Failed,0
D_1NBAS758,412,False,http_error,HTTP Error 412: Precondition Failed,0
D_1NBAS759,412,False,http_error,HTTP Error 412: Precondition Failed,0
D_1NBAS760,412,False,http_error,HTTP Error 412: Precondition Failed,0
D_1NBAS761,412,False,http_error,HTTP Error 412: Precondition Failed,0
D_1NBAS762,412,False,http_error,HTTP Error 412: Precondition Failed,0
D_1NBAS763,412,False,http_error,HTTP Error 412: Precondition Failed,0
D_1NBAS764,412,False,http_error,HTTP Error 412: Precondition Failed,0
D_1NBAS765,412,False,http_error,HTTP Error 412: Precondition Failed,0
D_1NBAS766,412,False,http_error,HTTP Error 412: Precondition Failed,0
D_1NBAS767,412,False,http_error,HTTP Error 412: Precondition Failed,0
D_1NBAS768,412,False,http_error,HTTP Error 412: Precondition Failed,0
D_1NBAS769,412,False,http_error,HTTP Error 412: Precondition Failed,0
D_1NBAS770,412,False,http_error,HTTP Error 412: Precondition Failed,0
D_1NBAS771,412,False,http_error,HTTP Error 412: Precondition Failed,0
D_1NBAS772,412,False,http_error,HTTP Error 412: Precondition Failed,0
D_1NBAS773,412,False,http_error,HTTP Error 412: Precondition Failed,0
D_1NBAS774,412,False,http_error,HTTP Error 412: Precondition Failed,0
D_1NBAS775,412,False,http_error,HTTP Error 412: Precondition Failed,0
D_1NBAS776,412,False,http_error,HTTP Error 412: Precondition Failed,0
D_1NBAS777,412,False,http_error,HTTP Error 412: Precondition Failed,0
D_1NBAS778,412,False,http_error,HTTP Error 412: Precondition Failed,0
D_1NBAS779,412,False,http_error,HTTP Error 412: Precondition Failed,0
D_1NBAS780,412,False,http_error,HTTP Error 412: Precondition Failed,0
D_1NBAS781,412,False,http_error,HTTP Error 412: Precondition Failed,0
D_1NBAS782,412,False,http_error,HTTP Error 412: Precondition Failed,0
D_1NBAS783,412,False,http_error,HTTP Error 412: Precondition Failed,0
D_1NBAS784,412,False,http_error,HTTP Error 412: Precondition Failed,0
D_1NBAS785,412,False,http_error,HTTP Error 412: Precondition Failed,0
D_1NBAS786,412,False,http_error,HTTP Error 412: Precondition Failed,0
D_1NBAS787,412,False,http_error,HTTP Error 412: Precondition Failed,0
D_1NBAS788,412,False,http_error,HTTP Error 412: Precondition Failed,0
D_1NBAS789,412,False,http_error,HTTP Error 412: Precondition Failed,0
D_1NBAS790,412,False,http_error,HTTP Error 412: Precondition Failed,0
D_1NBAS791,412,False,http_error,HTTP Error 412: Precondition Failed,0
D_1NBAS792,412,False,http_error,HTTP Error 412: Precondition Failed,0
D_1NBAS793,412,False,http_error,HTTP Error 412: Precondition Failed,0
D_1NBAS794,412,False,http_error,HTTP Error 412: Precondition Failed,0
D_1NBAS795,412,False,http_error,HTTP Error 412: Precondition Failed,0
D_1NBAS796,412,False,http_error,HTTP Error 412: Precondition Failed,0
D_1NBAS797,412,False,http_error,HTTP Error 412: Precondition Failed,0
D_1NBAS798,412,False,http_error,HTTP Error 412: Precondition Failed,0
D_1NBAS799,412,False,http_error,HTTP Error 412: Precondition Failed,0
D_1NBAS800,412,False,http_error,HTTP Error 412: Precondition Failed,0
D_1NBAS801,412,False,http_error,HTTP Error 412: Precondition Failed,0
D_1NBAS802,412,False,http_error,HTTP Error 412: Precondition Failed,0
D_1NBAS803,412,False,http_error,HTTP Error 412: Precondition Failed,0
D_1NBAS804,412,False,http_error,HTTP Error 412: Precondition Failed,0
D_1NBAS805,412,False,http_error,HTTP Error 412: Precondition Failed,0
D_1NBAS806,412,False,http_error,HTTP Error 412: Precondition Failed,0
D_1NBAS807,412,False,http_error,HTTP Error 412: Precondition Failed,0
D_1NBAS808,412,False,http_error,HTTP Error 412: Precondition Failed,0
D_1NBAS809,412,False,http_error,HTTP Error 412: Precondition Failed,0
D_1NBAS810,412,False,http_error,HTTP Error 412: Precondition Failed,0
D_1NBAS811,412,False,http_error,HTTP Error 412: Precondition Failed,0
D_1NBAS812,412,False,http_error,HTTP Error 412: Precondition Failed,0
D_1NBAS813,412,False,http_error,HTTP Error 412: Precondition Failed,0
D_1NBAS814,412,False,http_error,HTTP Error 412: Precondition Failed,0
D_1NBAS815,412,False,http_error,HTTP Error 412: Precondition Failed,0
D_1NBAS816,412,False,http_error,HTTP Error 412: Precondition Failed,0
D_1NBAS817,412,False,http_error,HTTP Error 412: Precondition Failed,0
D_1NBAS818,412,False,http_error,HTTP Error 412: Precondition Failed,0
D_1NBAS819,412,False,http_error,HTTP Error 412: Precondition Failed,0
D_1NBAS820,412,False,http_error,HTTP Error 412: Precondition Failed,0
D_1NBAS821,412,False,http_error,HTTP Error 412: Precondition Failed,0
D_1NBAS822,412,False,http_error,HTTP Error 412: Precondition Failed,0
D_1NBAS823,412,False,http_error,HTTP Error 412: Precondition Failed,0
D_1NBAS824,412,False,http_error,HTTP Error 412: Precondition Failed,0
D_1NBAS825,412,False,http_error,HTTP Error 412: Precondition Failed,0
D_1NBAS826,412,False,http_error,HTTP Error 412: Precondition Failed,0
D_1NBAS827,412,False,http_error,HTTP Error 412: Precondition Failed,0
D_1NBAS828,412,False,http_error,HTTP Error 412: Precondition Failed,0
D_1NBAS829,412,False,http_error,HTTP Error 412: Precondition Failed,0
D_1NBAS830,412,False,http_error,HTTP Error 412: Precondition Failed,0
D_1NBAS831,412,False,http_error,HTTP Error 412: Precondition Failed,0
D_1NBAS832,412,False,http_error,HTTP Error 412: Precondition Failed,0
D_1NBAS833,412,False,http_error,HTTP Error 412: Precondition Failed,0
D_1NBAS834,412,False,http_error,HTTP Error 412: Precondition Failed,0
D_1NBAS835,412,False,http_error,HTTP Error 412: Precondition Failed,0
D_1NBAS836,412,False,http_error,HTTP Error 412: Precondition Failed,0
D_1NBAS837,412,False,http_error,HTTP Error 412: Precondition Failed,0
D_1NBAS838,412,False,http_error,HTTP Error 412: Precondition Failed,0
D_1NBAS839,412,False,http_error,HTTP Error 412: Precondition Failed,0
D_1NBAS840,412,False,http_error,HTTP Error 412: Precondition Failed,0
D_1NBAS841,412,False,http_error,HTTP Error 412: Precondition Failed,0
D_1NBAS842,412,False,http_error,HTTP Error 412: Precondition Failed,0
D_1NBAS843,412,False,http_error,HTTP Error 412: Precondition Failed,0
D_1NBAS844,412,False,http_error,HTTP Error 412: Precondition Failed,0
D_1NBAS845,412,False,http_error,HTTP Error 412: Precondition Failed,0
D_1NBAS846,412,False,http_error,HTTP Error 412: Precondition Failed,0
D_1NBAS847,412,False,http_error,HTTP Error 412: Precondition Failed,0
D_1NBAS848,412,False,http_error,HTTP Error 412: Precondition Failed,0
D_1NBAS849,412,False,http_error,HTTP Error 412: Precondition Failed,0
D_1NBAS850,412,False,http_error,HTTP Error 412: Precondition Failed,0
D_1NBAS851,412,False,http_error,HTTP Error 412: Precondition Failed,0
D_1NBAS852,412,False,http_error,HTTP Error 412: Precondition Failed,0
D_1NBAS853,412,False,http_error,HTTP Error 412: Precondition Failed,0
D_1NBAS854,412,False,http_error,HTTP Error 412: Precondition Failed,0
D_1NBAS855,412,False,http_error,HTTP Error 412: Precondition Failed,0
D_1NBAS856,412,False,http_error,HTTP Error 412: Precondition Failed,0
D_1NBAS857,412,False,http_error,HTTP Error 412: Precondition Failed,0
D_1NBAS858,412,False,http_error,HTTP Error 412: Precondition Failed,0
D_1NBAS859,412,False,http_error,HTTP Error 412: Precondition Failed,0
D_1NBAS860,412,False,http_error,HTTP Error 412: Precondition Failed,0
D_1NBAS861,412,False,http_error,HTTP Error 412: Precondition Failed,0
D_1NBAS862,412,False,http_error,HTTP Error 412: Precondition Failed,0
D_1NBAS863,412,False,http_error,HTTP Error 412: Precondition Failed,0
D_1NBAS864,412,False,http_error,HTTP Error 412: Precondition Failed,0
D_1NBAS865,412,False,http_error,HTTP Error 412: Precondition Failed,0
D_1NBAS866,412,False,http_error,HTTP Error 412: Precondition Failed,0
D_1NBAS867,412,False,http_error,HTTP Error 412: Precondition Failed,0
D_1NBAS868,412,False,http_error,HTTP Error 412: Precondition Failed,0
D_1NBAS869,412,False,http_error,HTTP Error 412: Precondition Failed,0
D_1NBAS870,412,False,http_error,HTTP Error 412: Precondition Failed,0
D_1NBAS871,412,False,http_error,HTTP Error 412: Precondition Failed,0
D_1NBAS872,412,False,http_error,HTTP Error 412: Precondition Failed,0
D_1NBAS873,412,False,http_error,HTTP Error 412: Precondition Failed,0
D_1NBAS874,412,False,http_error,HTTP Error 412: Precondition Failed,0
D_1NBAS875,412,False,http_error,HTTP Error 412: Precondition Failed,0
D_1NBAS876,412,False,http_error,HTTP Error 412: Precondition Failed,0
D_1NBAS877,412,False,http_error,HTTP Error 412: Precondition Failed,0
D_1NBAS878,412,False,http_error,HTTP Error 412: Precondition Failed,0
D_1NBAS879,412,False,http_error,HTTP Error 412: Precondition Failed,0
D_1NBAS880,412,False,http_error,HTTP Error 412: Precondition Failed,0
D_1NBAS881,412,False,http_error,HTTP Error 412: Precondition Failed,0
D_1NBAS882,412,False,http_error,HTTP Error 412: Precondition Failed,0
D_1NBAS883,412,False,http_error,HTTP Error 412: Precondition Failed,0
D_1NBAS884,412,False,http_error,HTTP Error 412: Precondition Failed,0
D_1NBAS885,412,False,http_error,HTTP Error 412: Precondition Failed,0
D_1NBAS886,412,False,http_error,HTTP Error 412: Precondition Failed,0
D_1NBAS887,412,False,http_error,HTTP Error 412: Precondition Failed,0
D_1NBAS888,412,False,http_error,HTTP Error 412: Precondition Failed,0
D_1NBAS889,412,False,http_error,HTTP Error 412: Precondition Failed,0
D_1NBAS890,412,False,http_error,HTTP Error 412: Precondition Failed,0
D_1NBAS891,412,False,http_error,HTTP Error 412: Precondition Failed,0
D_1NBAS892,412,False,http_error,HTTP Error 412: Precondition Failed,0
D_1NBAS893,412,False,http_error,HTTP Error 412: Precondition Failed,0
D_1NBAS894,412,False,http_error,HTTP Error 412: Precondition Failed,0
D_1NBAS895,412,False,http_error,HTTP Error 412: Precondition Failed,0
D_1NBAS896,412,False,http_error,HTTP Error 412: Precondition Failed,0
D_1NBAS897,412,False,http_error,HTTP Error 412: Precondition Failed,0
D_1NBAS898,412,False,http_error,HTTP Error 412: Precondition Failed,0
D_1NBAS899,412,False,http_error,HTTP Error 412: Precondition Failed,0
D_1NBAS900,412,False,http_error,HTTP Error 412: Precondition Failed,0
D_1NBAS901,412,False,http_error,HTTP Error 412: Precondition Failed,0
D_1NBAS902,412,False,http_error,HTTP Error 412: Precondition Failed,0
D_1NBAS903,412,False,http_error,HTTP Error 412: Precondition Failed,0
D_1NBAS904,412,False,http_error,HTTP Error 412: Precondition Failed,0
D_1NBAS905,412,False,http_error,HTTP Error 412: Precondition Failed,0
D_1NBAS906,412,False,http_error,HTTP Error 412: Precondition Failed,0
D_1NBAS907,412,False,http_error,HTTP Error 412: Precondition Failed,0
D_1NBAS908,412,False,http_error,HTTP Error 412: Precondition Failed,0
D_1NBAS909,412,False,http_error,HTTP Error 412: Precondition Failed,0
D_1NBAS910,412,False,http_error,HTTP Error 412: Precondition Failed,0
D_1NBAS911,412,False,http_error,HTTP Error 412: Precondition Failed,0
D_1NBAS912,412,False,http_error,HTTP Error 412: Precondition Failed,0
D_1NBAS913,412,False,http_error,HTTP Error 412: Precondition Failed,0
D_1NBAS914,412,False,http_error,HTTP Error 412: Precondition Failed,0
D_1NBAS915,412,False,http_error,HTTP Error 412: Precondition Failed,0
D_1NBAS916,412,False,http_error,HTTP Error 412: Precondition Failed,0
D_1NBAS917,412,False,http_error,HTTP Error 412: Precondition Failed,0
D_1NBAS918,412,False,http_error,HTTP Error 412: Precondition Failed,0
D_1NBAS919,412,False,http_error,HTTP Error 412: Precondition Failed,0
D_1NBAS920,412,False,http_error,HTTP Error 412: Precondition Failed,0
D_1NBAS921,412,False,http_error,HTTP Error 412: Precondition Failed,0
D_1NBAS922,412,False,http_error,HTTP Error 412: Precondition Failed,0
D_1NBAS923,412,False,http_error,HTTP Error 412: Precondition Failed,0
D_1NBAS924,412,False,http_error,HTTP Error 412: Precondition Failed,0
D_1NBAS925,412,False,http_error,HTTP Error 412: Precondition Failed,0
D_1NBAS926,412,False,http_error,HTTP Error 412: Precondition Failed,0
D_1NBAS927,412,False,http_error,HTTP Error 412: Precondition Failed,0
D_1NBAS928,412,False,http_error,HTTP Error 412: Precondition Failed,0
D_1NBAS929,412,False,http_error,HTTP Error 412: Precondition Failed,0
D_1NBAS930,412,False,http_error,HTTP Error 412: Precondition Failed,0
D_1NBAS931,412,False,http_error,HTTP Error 412: Precondition Failed,0
D_1NBAS932,412,False,http_error,HTTP Error 412: Precondition Failed,0
D_1NBAS933,412,False,http_error,HTTP Error 412: Precondition Failed,0
D_1NBAS934,412,False,http_error,HTTP Error 412: Precondition Failed,0
D_1NBAS935,412,False,http_error,HTTP Error 412: Precondition Failed,0
D_1NBAS936,412,False,http_error,HTTP Error 412: Precondition Failed,0
D_1NBAS937,412,False,http_error,HTTP Error 412: Precondition Failed,0
D_1NBAS938,412,False,http_error,HTTP Error 412: Precondition Failed,0
D_1NBAS939,412,False,http_error,HTTP Error 412: Precondition Failed,0
D_1NBAS940,412,False,http_error,HTTP Error 412: Precondition Failed,0
D_1NBAS941,412,False,http_error,HTTP Error 412: Precondition Failed,0
D_1NBAS942,412,False,http_error,HTTP Error 412: Precondition Failed,0
D_1NBAS943,412,False,http_error,HTTP Error 412: Precondition Failed,0
D_1NBAS944,412,False,http_error,HTTP Error 412: Precondition Failed,0
D_1NBAS945,412,False,http_error,HTTP Error 412: Precondition Failed,0
D_1NBAS946,412,False,http_error,HTTP Error 412: Precondition Failed,0
D_1NBAS947,412,False,http_error,HTTP Error 412: Precondition Failed,0
D_1NBAS948,412,False,http_error,HTTP Error 412: Precondition Failed,0
D_1NBAS949,412,False,http_error,HTTP Error 412: Precondition Failed,0
D_1NBAS950,412,False,http_error,HTTP Error 412: Precondition Failed,0
D_1NBAS951,412,False,http_error,HTTP Error 412: Precondition Failed,0
D_1NBAS952,412,False,http_error,HTTP Error 412: Precondition Failed,0
D_1NBAS953,412,False,http_error,HTTP Error 412: Precondition Failed,0
D_1NBAS954,412,False,http_error,HTTP Error 412: Precondition Failed,0
D_1NBAS955,412,False,http_error,HTTP Error 412: Precondition Failed,0
D_1NBAS956,412,False,http_error,HTTP Error 412: Precondition Failed,0
D_1NBAS957,412,False,http_error,HTTP Error 412: Precondition Failed,0
D_1NBAS958,412,False,http_error,HTTP Error 412: Precondition Failed,0
D_1NBAS959,412,False,http_error,HTTP Error 412: Precondition Failed,0
D_1NBAS960,412,False,http_error,HTTP Error 412: Precondition Failed,0
D_1NBAS961,412,False,http_error,HTTP Error 412: Precondition Failed,0
D_1NBAS962,412,False,http_error,HTTP Error 412: Precondition Failed,0
D_1NBAS963,412,False,http_error,HTTP Error 412: Precondition Failed,0
D_1NBAS964,412,False,http_error,HTTP Error 412: Precondition Failed,0
D_1NBAS965,412,False,http_error,HTTP Error 412: Precondition Failed,0
D_1NBAS966,412,False,http_error,HTTP Error 412: Precondition Failed,0
D_1NBAS967,412,False,http_error,HTTP Error 412: Precondition Failed,0
D_1NBAS968,412,False,http_error,HTTP Error 412: Precondition Failed,0
D_1NBAS969,412,False,http_error,HTTP Error 412: Precondition Failed,0
D_1NBAS970,412,False,http_error,HTTP Error 412: Precondition Failed,0
D_1NBAS971,412,False,http_error,HTTP Error 412: Precondition Failed,0
D_1NBAS972,200,False,parse_error,Expecting value: line 1 column 1 (char 0),0
D_1NBAS973,412,False,http_error,HTTP Error 412: Precondition Failed,0
D_1NBAS974,412,False,http_error,HTTP Error 412: Precondition Failed,0
D_1NBAS975,412,False,http_error,HTTP Error 412: Precondition Failed,0
D_1NBAS976,412,False,http_error,HTTP Error 412: Precondition Failed,0
D_1NBAS977,412,False,http_error,HTTP Error 412: Precondition Failed,0
D_1NBAS978,412,False,http_error,HTTP Error 412: Precondition Failed,0
D_1NBAS979,412,False,http_error,HTTP Error 412: Precondition Failed,0
D_1NBAS980,412,False,http_error,HTTP Error 412: Precondition Failed,0
D_1NBAS981,412,False,http_error,HTTP Error 412: Precondition Failed,0
D_1NBAS982,412,False,http_error,HTTP Error 412: Precondition Failed,0
D_1NBAS983,412,False,http_error,HTTP Error 412: Precondition Failed,0
D_1NBAS984,412,False,http_error,HTTP Error 412: Precondition Failed,0
D_1NBAS985,412,False,http_error,HTTP Error 412: Precondition Failed,0
D_1NBAS986,412,False,http_error,HTTP Error 412: Precondition Failed,0
D_1NBAS987,412,False,http_error,HTTP Error 412: Precondition Failed,0
D_1NBAS988,412,False,http_error,HTTP Error 412: Precondition Failed,0
D_1NBAS989,412,False,http_error,HTTP Error 412: Precondition Failed,0
D_1NBAS990,412,False,http_error,HTTP Error 412: Precondition Failed,0
D_1NBAS991,412,False,http_error,HTTP Error 412: Precondition Failed,0
D_1NBAS992,412,False,http_error,HTTP Error 412: Precondition Failed,0
D_1NBAS993,412,False,http_error,HTTP Error 412: Precondition Failed,0
D_1NBAS994,412,False,http_error,HTTP Error 412: Precondition Failed,0
D_1NBAS995,412,False,http_error,HTTP Error 412: Precondition Failed,0
D_1NBAS996,412,False,http_error,HTTP Error 412: Precondition Failed,0
D_1NBAS997,412,False,http_error,HTTP Error 412: Precondition Failed,0
D_1NBAS998,412,False,http_error,HTTP Error 412: Precondition Failed,0
D_1NBAS999,412,False,http_error,HTTP Error 412: Precondition Failed,0
D_1NBBO000,412,False,http_error,HTTP Error 412: Precondition Failed,0
D_1NBBO001,412,False,http_error,HTTP Error 412: Precondition Failed,0
D_1NBBO002,412,False,http_error,HTTP Error 412: Precondition Failed,0
D_1NBBO003,412,False,http_error,HTTP Error 412: Precondition Failed,0
D_1NBBO004,412,False,http_error,HTTP Error 412: Precondition Failed,0
D_1NBBO005,412,False,http_error,HTTP Error 412: Precondition Failed,0
D_1NBBO006,412,False,http_error,HTTP Error 412: Precondition Failed,0
D_1NBBO007,412,False,http_error,HTTP Error 412: Precondition Failed,0
D_1NBBO008,412,False,http_error,HTTP Error 412: Precondition Failed,0
D_1NBBO009,412,False,http_error,HTTP Error 412: Precondition Failed,0
D_1NBBO010,412,False,http_error,HTTP Error 412: Precondition Failed,0
D_1NBBO011,412,False,http_error,HTTP Error 412: Precondition Failed,0
D_1NBBO012,412,False,http_error,HTTP Error 412: Precondition Failed,0
D_1NBBO013,412,False,http_error,HTTP Error 412: Precondition Failed,0
D_1NBBO014,412,False,http_error,HTTP Error 412: Precondition Failed,0
D_1NBBO015,412,False,http_error,HTTP Error 412: Precondition Failed,0
D_1NBBO016,412,False,http_error,HTTP Error 412: Precondition Failed,0
D_1NBBO017,412,False,http_error,HTTP Error 412: Precondition Failed,0
D_1NBBO018,412,False,http_error,HTTP Error 412: Precondition Failed,0
D_1NBBO019,412,False,http_error,HTTP Error 412: Precondition Failed,0
D_1NBBO020,200,False,parse_error,Expecting value: line 1 column 1 (char 0),0
D_1NBBO021,412,False,http_error,HTTP Error 412: Precondition Failed,0
D_1NBBO022,412,False,http_error,HTTP Error 412: Precondition Failed,0
D_1NBBO023,412,False,http_error,HTTP Error 412: Precondition Failed,0
D_1NBBO024,412,False,http_error,HTTP Error 412: Precondition Failed,0
D_1NBBO025,412,False,http_error,HTTP Error 412: Precondition Failed,0
D_1NBBO026,412,False,http_error,HTTP Error 412: Precondition Failed,0
D_1NBBO027,412,False,http_error,HTTP Error 412: Precondition Failed,0
D_1NBBO028,412,False,http_error,HTTP Error 412: Precondition Failed,0
D_1NBBO029,412,False,http_error,HTTP Error 412: Precondition Failed,0
D_1NBBO030,412,False,http_error,HTTP Error 412: Precondition Failed,0
D_1NBBO031,412,False,http_error,HTTP Error 412: Precondition Failed,0
D_1NBBO032,412,False,http_error,HTTP Error 412: Precondition Failed,0
D_1NBBO033,412,False,http_error,HTTP Error 412: Precondition Failed,0
D_1NBBO034,412,False,http_error,HTTP Error 412: Precondition Failed,0
D_1NBBO035,412,False,http_error,HTTP Error 412: Precondition Failed,0
D_1NBBO036,412,False,http_error,HTTP Error 412: Precondition Failed,0
D_1NBBO037,412,False,http_error,HTTP Error 412: Precondition Failed,0
D_1NBBO038,412,False,http_error,HTTP Error 412: Precondition Failed,0
D_1NBBO039,412,False,http_error,HTTP Error 412: Precondition Failed,0
D_1NBBO040,412,False,http_error,HTTP Error 412: Precondition Failed,0
D_1NBBO041,412,False,http_error,HTTP Error 412: Precondition Failed,0
D_1NBBO042,412,False,http_error,HTTP Error 412: Precondition Failed,0
D_1NBBO043,412,False,http_error,HTTP Error 412: Precondition Failed,0
D_1NBBO044,412,False,http_error,HTTP Error 412: Precondition Failed,0
D_1NBBO045,412,False,http_error,HTTP Error 412: Precondition Failed,0
D_1NBBO046,412,False,http_error,HTTP Error 412: Precondition Failed,0
D_1NBBO047,412,False,http_error,HTTP Error 412: Precondition Failed,0
D_1NBBO048,412,False,http_error,HTTP Error 412: Precondition Failed,0
D_1NBBO049,412,False,http_error,HTTP Error 412: Precondition Failed,0
D_1NBBO050,412,False,http_error,HTTP Error 412: Precondition Failed,0
D_1NBBO051,412,False,http_error,HTTP Error 412: Precondition Failed,0
D_1NBBO052,412,False,http_error,HTTP Error 412: Precondition Failed,0
D_1NBBO053,412,False,http_error,HTTP Error 412: Precondition Failed,0
D_1NBBO054,412,False,http_error,HTTP Error 412: Precondition Failed,0
D_1NBBO055,412,False,http_error,HTTP Error 412: Precondition Failed,0
D_1NBBO056,412,False,http_error,HTTP Error 412: Precondition Failed,0
D_1NBBO057,412,False,http_error,HTTP Error 412: Precondition Failed,0
D_1NBBO058,412,False,http_error,HTTP Error 412: Precondition Failed,0
D_1NBBO059,412,False,http_error,HTTP Error 412: Precondition Failed,0
D_1NBBO060,412,False,http_error,HTTP Error 412: Precondition Failed,0
D_1NBBO061,412,False,http_error,HTTP Error 412: Precondition Failed,0
D_1NBBO062,412,False,http_error,HTTP Error 412: Precondition Failed,0
D_1NBBO063,412,False,http_error,HTTP Error 412: Precondition Failed,0
D_1NBBO064,412,False,http_error,HTTP Error 412: Precondition Failed,0
D_1NBBO065,412,False,http_error,HTTP Error 412: Precondition Failed,0
D_1NBBO066,412,False,http_error,HTTP Error 412: Precondition Failed,0
D_1NBBO067,412,False,http_error,HTTP Error 412: Precondition Failed,0
D_1NBBO068,412,False,http_error,HTTP Error 412: Precondition Failed,0
D_1NBBO069,412,False,http_error,HTTP Error 412: Precondition Failed,0
D_1NBBO070,412,False,http_error,HTTP Error 412: Precondition Failed,0
D_1NBBO071,412,False,http_error,HTTP Error 412: Precondition Failed,0
D_1NBBO072,200,False,parse_error,Expecting value: line 1 column 1 (char 0),0
D_1NBBO073,412,False,http_error,HTTP Error 412: Precondition Failed,0
D_1NBBO074,412,False,http_error,HTTP Error 412: Precondition Failed,0
D_1NBBO075,412,False,http_error,HTTP Error 412: Precondition Failed,0
D_1NBBO076,412,False,http_error,HTTP Error 412: Precondition Failed,0
D_1NBBO077,412,False,http_error,HTTP Error 412: Precondition Failed,0
D_1NBBO078,412,False,http_error,HTTP Error 412: Precondition Failed,0
D_1NBBO079,412,False,http_error,HTTP Error 412: Precondition Failed,0
D_1NBBO080,412,False,http_error,HTTP Error 412: Precondition Failed,0
D_1NBBO081,412,False,http_error,HTTP Error 412: Precondition Failed,0
D_1NBBO082,412,False,http_error,HTTP Error 412: Precondition Failed,0
D_1NBBO083,412,False,http_error,HTTP Error 412: Precondition Failed,0
D_1NBBO084,412,False,http_error,HTTP Error 412: Precondition Failed,0
D_1NBBO085,412,False,http_error,HTTP Error 412: Precondition Failed,0
D_1NBBO086,412,False,http_error,HTTP Error 412: Precondition Failed,0
D_1NBBO087,412,False,http_error,HTTP Error 412: Precondition Failed,0
D_1NBBO088,412,False,http_error,HTTP Error 412: Precondition Failed,0
D_1NBBO089,412,False,http_error,HTTP Error 412: Precondition Failed,0
D_1NBBO090,412,False,http_error,HTTP Error 412: Precondition Failed,0
D_1NBBO091,412,False,http_error,HTTP Error 412: Precondition Failed,0
D_1NBBO092,412,False,http_error,HTTP Error 412: Precondition Failed,0
D_1NBBO093,412,False,http_error,HTTP Error 412: Precondition Failed,0
D_1NBBO094,412,False,http_error,HTTP Error 412: Precondition Failed,0
D_1NBBO095,412,False,http_error,HTTP Error 412: Precondition Failed,0
D_1NBBO096,412,False,http_error,HTTP Error 412: Precondition Failed,0
D_1NBBO097,412,False,http_error,HTTP Error 412: Precondition Failed,0
D_1NBBO098,412,False,http_error,HTTP Error 412: Precondition Failed,0
D_1NBBO099,412,False,http_error,HTTP Error 412: Precondition Failed,0
D_1NBBO100,412,False,http_error,HTTP Error 412: Precondition Failed,0
D_1NBBO101,412,False,http_error,HTTP Error 412: Precondition Failed,0
D_1NBBO102,412,False,http_error,HTTP Error 412: Precondition Failed,0
D_1NBBO103,412,False,http_error,HTTP Error 412: Precondition Failed,0
D_1NBBO104,412,False,http_error,HTTP Error 412: Precondition Failed,0
D_1NBBO105,412,False,http_error,HTTP Error 412: Precondition Failed,0
D_1NBBO106,412,False,http_error,HTTP Error 412: Precondition Failed,0
D_1NBBO107,412,False,http_error,HTTP Error 412: Precondition Failed,0
D_1NBBO108,412,False,http_error,HTTP Error 412: Precondition Failed,0
D_1NBBO109,412,False,http_error,HTTP Error 412: Precondition Failed,0
D_1NBBO110,412,False,http_error,HTTP Error 412: Precondition Failed,0
D_1NBBO111,412,False,http_error,HTTP Error 412: Precondition Failed,0
D_1NBBO112,412,False,http_error,HTTP Error 412: Precondition Failed,0
D_1NBBO113,412,False,http_error,HTTP Error 412: Precondition Failed,0
D_1NBBO114,412,False,http_error,HTTP Error 412: Precondition Failed,0
D_1NBBO115,412,False,http_error,HTTP Error 412: Precondition Failed,0
D_1NBBO116,412,False,http_error,HTTP Error 412: Precondition Failed,0
D_1NBBO117,412,False,http_error,HTTP Error 412: Precondition Failed,0
D_1NBBO118,412,False,http_error,HTTP Error 412: Precondition Failed,0
D_1NBBO119,412,False,http_error,HTTP Error 412: Precondition Failed,0
D_1NBBO120,412,False,http_error,HTTP Error 412: Precondition Failed,0
D_1NBBO121,412,False,http_error,HTTP Error 412: Precondition Failed,0
D_1NBBO122,412,False,http_error,HTTP Error 412: Precondition Failed,0
D_1NBBO123,412,False,http_error,HTTP Error 412: Precondition Failed,0
D_1NBBO124,412,False,http_error,HTTP Error 412: Precondition Failed,0
D_1NBBO125,412,False,http_error,HTTP Error 412: Precondition Failed,0
D_1NBBO126,412,False,http_error,HTTP Error 412: Precondition Failed,0
D_1NBBO127,412,False,http_error,HTTP Error 412: Precondition Failed,0
D_1NBBO128,412,False,http_error,HTTP Error 412: Precondition Failed,0
D_1NBBO129,412,False,http_error,HTTP Error 412: Precondition Failed,0
D_1NBBO130,412,False,http_error,HTTP Error 412: Precondition Failed,0
D_1NBBO131,412,False,http_error,HTTP Error 412: Precondition Failed,0
D_1NBBO132,412,False,http_error,HTTP Error 412: Precondition Failed,0
D_1NBBO133,412,False,http_error,HTTP Error 412: Precondition Failed,0
D_1NBBO134,412,False,http_error,HTTP Error 412: Precondition Failed,0
D_1NBBO135,412,False,http_error,HTTP Error 412: Precondition Failed,0
D_1NBBO136,412,False,http_error,HTTP Error 412: Precondition Failed,0
D_1NBBO137,412,False,http_error,HTTP Error 412: Precondition Failed,0
D_1NBBO138,412,False,http_error,HTTP Error 412: Precondition Failed,0
D_1NBBO139,412,False,http_error,HTTP Error 412: Precondition Failed,0
D_1NBBO140,412,False,http_error,HTTP Error 412: Precondition Failed,0
D_1NBBO141,412,False,http_error,HTTP Error 412: Precondition Failed,0
D_1NBBO142,412,False,http_error,HTTP Error 412: Precondition Failed,0
D_1NBBO143,412,False,http_error,HTTP Error 412: Precondition Failed,0
D_1NBBO144,412,False,http_error,HTTP Error 412: Precondition Failed,0
D_1NBBO145,412,False,http_error,HTTP Error 412: Precondition Failed,0
D_1NBBO146,412,False,http_error,HTTP Error 412: Precondition Failed,0
D_1NBBO147,412,False,http_error,HTTP Error 412: Precondition Failed,0
D_1NBBO148,412,False,http_error,HTTP Error 412: Precondition Failed,0
D_1NBBO149,412,False,http_error,HTTP Error 412: Precondition Failed,0
D_1NBBO150,412,False,http_error,HTTP Error 412: Precondition Failed,0
D_1NBBO151,412,False,http_error,HTTP Error 412: Precondition Failed,0
D_1NBBO152,412,False,http_error,HTTP Error 412: Precondition Failed,0
D_1NBBO153,412,False,http_error,HTTP Error 412: Precondition Failed,0
D_1NBBO154,412,False,http_error,HTTP Error 412: Precondition Failed,0
D_1NBBO155,412,False,http_error,HTTP Error 412: Precondition Failed,0
D_1NBBO156,412,False,http_error,HTTP Error 412: Precondition Failed,0
D_1NBBO157,412,False,http_error,HTTP Error 412: Precondition Failed,0
D_1NBBO158,412,False,http_error,HTTP Error 412: Precondition Failed,0
D_1NBBO159,412,False,http_error,HTTP Error 412: Precondition Failed,0
D_1NBBO160,412,False,http_error,HTTP Error 412: Precondition Failed,0
D_1NBBO161,412,False,http_error,HTTP Error 412: Precondition Failed,0
D_1NBBO162,412,False,http_error,HTTP Error 412: Precondition Failed,0
D_1NBBO163,412,False,http_error,HTTP Error 412: Precondition Failed,0
D_1NBBO164,412,False,http_error,HTTP Error 412: Precondition Failed,0
D_1NBBO165,412,False,http_error,HTTP Error 412: Precondition Failed,0
D_1NBBO166,412,False,http_error,HTTP Error 412: Precondition Failed,0
D_1NBBO167,412,False,http_error,HTTP Error 412: Precondition Failed,0
D_1NBBO168,412,False,http_error,HTTP Error 412: Precondition Failed,0
D_1NBBO169,412,False,http_error,HTTP Error 412: Precondition Failed,0
D_1NBBO170,412,False,http_error,HTTP Error 412: Precondition Failed,0
D_1NBBO171,412,False,http_error,HTTP Error 412: Precondition Failed,0
D_1NBBO172,412,False,http_error,HTTP Error 412: Precondition Failed,0
D_1NBBO173,412,False,http_error,HTTP Error 412: Precondition Failed,0
D_1NBBO174,412,False,http_error,HTTP Error 412: Precondition Failed,0
D_1NBBO175,412,False,http_error,HTTP Error 412: Precondition Failed,0
D_1NBBO176,412,False,http_error,HTTP Error 412: Precondition Failed,0
D_1NBBO177,412,False,http_error,HTTP Error 412: Precondition Failed,0
D_1NBBO178,412,False,http_error,HTTP Error 412: Precondition Failed,0
D_1NBBO179,412,False,http_error,HTTP Error 412: Precondition Failed,0
D_1NBBO180,412,False,http_error,HTTP Error 412: Precondition Failed,0
D_1NBBO181,412,False,http_error,HTTP Error 412: Precondition Failed,0
D_1NBBO182,412,False,http_error,HTTP Error 412: Precondition Failed,0
D_1NBBO183,412,False,http_error,HTTP Error 412: Precondition Failed,0
D_1NBBO184,412,False,http_error,HTTP Error 412: Precondition Failed,0
D_1NBBO185,412,False,http_error,HTTP Error 412: Precondition Failed,0
D_1NBBO186,412,False,http_error,HTTP Error 412: Precondition Failed,0
D_1NBBO187,412,False,http_error,HTTP Error 412: Precondition Failed,0
D_1NBBO188,412,False,http_error,HTTP Error 412: Precondition Failed,0
D_1NBBO189,412,False,http_error,HTTP Error 412: Precondition Failed,0
D_1NBBO190,412,False,http_error,HTTP Error 412: Precondition Failed,0
D_1NBBO191,412,False,http_error,HTTP Error 412: Precondition Failed,0
D_1NBBO192,412,False,http_error,HTTP Error 412: Precondition Failed,0
D_1NBBO193,412,False,http_error,HTTP Error 412: Precondition Failed,0
D_1NBBO194,412,False,http_error,HTTP Error 412: Precondition Failed,0
D_1NBBO195,412,False,http_error,HTTP Error 412: Precondition Failed,0
D_1NBBO196,412,False,http_error,HTTP Error 412: Precondition Failed,0
D_1NBBO197,412,False,http_error,HTTP Error 412: Precondition Failed,0
D_1NBBO198,412,False,http_error,HTTP Error 412: Precondition Failed,0
D_1NBBO199,412,False,http_error,HTTP Error 412: Precondition Failed,0
D_1NBBO200,412,False,http_error,HTTP Error 412: Precondition Failed,0
D_1NBBO201,412,False,http_error,HTTP Error 412: Precondition Failed,0
D_1NBBO202,412,False,http_error,HTTP Error 412: Precondition Failed,0
D_1NBBO203,412,False,http_error,HTTP Error 412: Precondition Failed,0
D_1NBBO204,412,False,http_error,HTTP Error 412: Precondition Failed,0
D_1NBBO205,412,False,http_error,HTTP Error 412: Precondition Failed,0
D_1NBBO206,412,False,http_error,HTTP Error 412: Precondition Failed,0
D_1NBBO207,412,False,http_error,HTTP Error 412: Precondition Failed,0
D_1NBBO208,412,False,http_error,HTTP Error 412: Precondition Failed,0
D_1NBBO209,412,False,http_error,HTTP Error 412: Precondition Failed,0
D_1NBBO210,412,False,http_error,HTTP Error 412: Precondition Failed,0
D_1NBBO211,412,False,http_error,HTTP Error 412: Precondition Failed,0
D_1NBBO212,412,False,http_error,HTTP Error 412: Precondition Failed,0
D_1NBBO213,412,False,http_error,HTTP Error 412: Precondition Failed,0
D_1NBBO214,412,False,http_error,HTTP Error 412: Precondition Failed,0
D_1NBBO215,412,False,http_error,HTTP Error 412: Precondition Failed,0
D_1NBBO216,412,False,http_error,HTTP Error 412: Precondition Failed,0
D_1NBBO217,412,False,http_error,HTTP Error 412: Precondition Failed,0
D_1NBBO218,412,False,http_error,HTTP Error 412: Precondition Failed,0
D_1NBBO219,412,False,http_error,HTTP Error 412: Precondition Failed,0
D_1NBBO220,412,False,http_error,HTTP Error 412: Precondition Failed,0
D_1NBBO221,412,False,http_error,HTTP Error 412: Precondition Failed,0
D_1NBBO222,412,False,http_error,HTTP Error 412: Precondition Failed,0
D_1NBBO223,412,False,http_error,HTTP Error 412: Precondition Failed,0
D_1NBBO224,412,False,http_error,HTTP Error 412: Precondition Failed,0
D_1NBBO225,412,False,http_error,HTTP Error 412: Precondition Failed,0
D_1NBBO226,412,False,http_error,HTTP Error 412: Precondition Failed,0
D_1NBBO227,412,False,http_error,HTTP Error 412: Precondition Failed,0
D_1NBBO228,412,False,http_error,HTTP Error 412: Precondition Failed,0
D_1NBBO229,412,False,http_error,HTTP Error 412: Precondition Failed,0
D_1NBBO230,412,False,http_error,HTTP Error 412: Precondition Failed,0
D_1NBBO231,412,False,http_error,HTTP Error 412: Precondition Failed,0
D_1NBBO232,412,False,http_error,HTTP Error 412: Precondition Failed,0
D_1NBBO233,412,False,http_error,HTTP Error 412: Precondition Failed,0
D_1NBBO234,412,False,http_error,HTTP Error 412: Precondition Failed,0
D_1NBBO235,412,False,http_error,HTTP Error 412: Precondition Failed,0
D_1NBBO236,412,False,http_error,HTTP Error 412: Precondition Failed,0
D_1NBBO237,412,False,http_error,HTTP Error 412: Precondition Failed,0
D_1NBBO238,412,False,http_error,HTTP Error 412: Precondition Failed,0
D_1NBBO239,412,False,http_error,HTTP Error 412: Precondition Failed,0
D_1NBBO240,412,False,http_error,HTTP Error 412: Precondition Failed,0
D_1NBBO241,412,False,http_error,HTTP Error 412: Precondition Failed,0
D_1NBBO242,412,False,http_error,HTTP Error 412: Precondition Failed,0
D_1NBBO243,412,False,http_error,HTTP Error 412: Precondition Failed,0
D_1NBBO244,412,False,http_error,HTTP Error 412: Precondition Failed,0
D_1NBBO245,412,False,http_error,HTTP Error 412: Precondition Failed,0
D_1NBBO246,412,False,http_error,HTTP Error 412: Precondition Failed,0
D_1NBBO247,412,False,http_error,HTTP Error 412: Precondition Failed,0
D_1NBBO248,412,False,http_error,HTTP Error 412: Precondition Failed,0
D_1NBBO249,412,False,http_error,HTTP Error 412: Precondition Failed,0
D_1NBBO250,412,False,http_error,HTTP Error 412: Precondition Failed,0
D_1NBBO251,412,False,http_error,HTTP Error 412: Precondition Failed,0
D_1NBBO252,412,False,http_error,HTTP Error 412: Precondition Failed,0
D_1NBBO253,412,False,http_error,HTTP Error 412: Precondition Failed,0
D_1NBBO254,412,False,http_error,HTTP Error 412: Precondition Failed,0
D_1NBBO255,412,False,http_error,HTTP Error 412: Precondition Failed,0
D_1NBBO256,412,False,http_error,HTTP Error 412: Precondition Failed,0
D_1NBBO257,412,False,http_error,HTTP Error 412: Precondition Failed,0
D_1NBBO258,412,False,http_error,HTTP Error 412: Precondition Failed,0
D_1NBBO259,412,False,http_error,HTTP Error 412: Precondition Failed,0
D_1NBBO260,412,False,http_error,HTTP Error 412: Precondition Failed,0
D_1NBBO261,412,False,http_error,HTTP Error 412: Precondition Failed,0
D_1NBBO262,412,False,http_error,HTTP Error 412: Precondition Failed,0
D_1NBBO263,412,False,http_error,HTTP Error 412: Precondition Failed,0
D_1NBBO264,412,False,http_error,HTTP Error 412: Precondition Failed,0
D_1NBBO265,412,False,http_error,HTTP Error 412: Precondition Failed,0
D_1NBBO266,412,False,http_error,HTTP Error 412: Precondition Failed,0
D_1NBBO267,412,False,http_error,HTTP Error 412: Precondition Failed,0
D_1NBBO268,412,False,http_error,HTTP Error 412: Precondition Failed,0
D_1NBBO269,412,False,http_error,HTTP Error 412: Precondition Failed,0
D_1NBBO270,412,False,http_error,HTTP Error 412: Precondition Failed,0
D_1NBBO271,412,False,http_error,HTTP Error 412: Precondition Failed,0
D_1NBBO272,412,False,http_error,HTTP Error 412: Precondition Failed,0
D_1NBBO273,412,False,http_error,HTTP Error 412: Precondition Failed,0
D_1NBBO274,412,False,http_error,HTTP Error 412: Precondition Failed,0
D_1NBBO275,412,False,http_error,HTTP Error 412: Precondition Failed,0
D_1NBBO276,412,False,http_error,HTTP Error 412: Precondition Failed,0
D_1NBBO277,412,False,http_error,HTTP Error 412: Precondition Failed,0
D_1NBBO278,412,False,http_error,HTTP Error 412: Precondition Failed,0
D_1NBBO279,412,False,http_error,HTTP Error 412: Precondition Failed,0
D_1NBBO280,412,False,http_error,HTTP Error 412: Precondition Failed,0
D_1NBBO281,412,False,http_error,HTTP Error 412: Precondition Failed,0
D_1NBBO282,412,False,http_error,HTTP Error 412: Precondition Failed,0
D_1NBBO283,412,False,http_error,HTTP Error 412: Precondition Failed,0
D_1NBBO284,412,False,http_error,HTTP Error 412: Precondition Failed,0
D_1NBBO285,412,False,http_error,HTTP Error 412: Precondition Failed,0
D_1NBBO286,412,False,http_error,HTTP Error 412: Precondition Failed,0
D_1NBBO287,412,False,http_error,HTTP Error 412: Precondition Failed,0
D_1NBBO288,412,False,http_error,HTTP Error 412: Precondition Failed,0
D_1NBBO289,412,False,http_error,HTTP Error 412: Precondition Failed,0
D_1NBBO290,412,False,http_error,HTTP Error 412: Precondition Failed,0
D_1NBBO291,412,False,http_error,HTTP Error 412: Precondition Failed,0
D_1NBBO292,412,False,http_error,HTTP Error 412: Precondition Failed,0
D_1NBBO293,412,False,http_error,HTTP Error 412: Precondition Failed,0
D_1NBBO294,412,False,http_error,HTTP Error 412: Precondition Failed,0
D_1NBBO295,412,False,http_error,HTTP Error 412: Precondition Failed,0
D_1NBBO296,412,False,http_error,HTTP Error 412: Precondition Failed,0
D_1NBBO297,412,False,http_error,HTTP Error 412: Precondition Failed,0
D_1NBBO298,412,False,http_error,HTTP Error 412: Precondition Failed,0
D_1NBBO299,412,False,http_error,HTTP Error 412: Precondition Failed,0
D_1NBBO300,412,False,http_error,HTTP Error 412: Precondition Failed,0
D_1NBBO301,412,False,http_error,HTTP Error 412: Precondition Failed,0
D_1NBBO302,412,False,http_error,HTTP Error 412: Precondition Failed,0
D_1NBBO303,200,False,parse_error,Expecting value: line 1 column 1 (char 0),0
D_1NBBO304,412,False,http_error,HTTP Error 412: Precondition Failed,0
D_1NBBO305,200,False,parse_error,Expecting value: line 1 column 1 (char 0),0
D_1NBBO306,412,False,http_error,HTTP Error 412: Precondition Failed,0
D_1NBBO307,200,False,parse_error,Expecting value: line 1 column 1 (char 0),0
D_1NBBO308,200,False,parse_error,Expecting value: line 1 column 1 (char 0),0
D_1NBBO309,200,False,parse_error,Expecting value: line 1 column 1 (char 0),0
D_1NBBO310,200,False,parse_error,Expecting value: line 1 column 1 (char 0),0
D_1NBBO311,200,False,parse_error,Expecting value: line 1 column 1 (char 0),0
D_1NBBO312,412,False,http_error,HTTP Error 412: Precondition Failed,0
D_1NBBO313,412,False,http_error,HTTP Error 412: Precondition Failed,0
D_1NBBO314,200,False,parse_error,Expecting value: line 1 column 1 (char 0),0
D_1NBBO315,200,False,parse_error,Expecting value: line 1 column 1 (char 0),0
D_1NBBO316,200,False,parse_error,Expecting value: line 1 column 1 (char 0),0
D_1NBBO317,412,False,http_error,HTTP Error 412: Precondition Failed,0
D_1NBBO318,412,False,http_error,HTTP Error 412: Precondition Failed,0
D_1NBBO319,412,False,http_error,HTTP Error 412: Precondition Failed,0
D_1NBBO320,200,False,parse_error,Expecting value: line 1 column 1 (char 0),0
D_1NBBO321,412,False,http_error,HTTP Error 412: Precondition Failed,0
D_1NBBO322,412,False,http_error,HTTP Error 412: Precondition Failed,0
D_1NBBO323,412,False,http_error,HTTP Error 412: Precondition Failed,0
D_1NBBO324,412,False,http_error,HTTP Error 412: Precondition Failed,0
D_1NBBO325,412,False,http_error,HTTP Error 412: Precondition Failed,0
D_1NBBO326,412,False,http_error,HTTP Error 412: Precondition Failed,0
D_1NBBO327,412,False,http_error,HTTP Error 412: Precondition Failed,0
D_1NBBO328,412,False,http_error,HTTP Error 412: Precondition Failed,0
D_1NBBO329,412,False,http_error,HTTP Error 412: Precondition Failed,0
D_1NBBO330,412,False,http_error,HTTP Error 412: Precondition Failed,0
D_1NBBO331,412,False,http_error,HTTP Error 412: Precondition Failed,0
D_1NBBO332,412,False,http_error,HTTP Error 412: Precondition Failed,0
D_1NBBO333,200,False,parse_error,Expecting value: line 1 column 1 (char 0),0
D_1NBBO334,412,False,http_error,HTTP Error 412: Precondition Failed,0
D_1NBBO335,412,False,http_error,HTTP Error 412: Precondition Failed,0
D_1NBBO336,412,False,http_error,HTTP Error 412: Precondition Failed,0
D_1NBBO337,412,False,http_error,HTTP Error 412: Precondition Failed,0
D_1NBBO338,412,False,http_error,HTTP Error 412: Precondition Failed,0
D_1NBBO339,412,False,http_error,HTTP Error 412: Precondition Failed,0
D_1NBBO340,412,False,http_error,HTTP Error 412: Precondition Failed,0
D_1NBBO341,412,False,http_error,HTTP Error 412: Precondition Failed,0
D_1NBBO342,412,False,http_error,HTTP Error 412: Precondition Failed,0
D_1NBBO343,412,False,http_error,HTTP Error 412: Precondition Failed,0
D_1NBBO344,412,False,http_error,HTTP Error 412: Precondition Failed,0
D_1NBBO345,412,False,http_error,HTTP Error 412: Precondition Failed,0
D_1NBBO346,412,False,http_error,HTTP Error 412: Precondition Failed,0
D_1NBBO347,412,False,http_error,HTTP Error 412: Precondition Failed,0
D_1NBBO348,412,False,http_error,HTTP Error 412: Precondition Failed,0
D_1NBBO349,200,False,parse_error,Expecting value: line 1 column 1 (char 0),0
D_1NBBO350,412,False,http_error,HTTP Error 412: Precondition Failed,0
D_1NBBO351,412,False,http_error,HTTP Error 412: Precondition Failed,0
D_1NBBO352,412,False,http_error,HTTP Error 412: Precondition Failed,0
D_1NBBO353,412,False,http_error,HTTP Error 412: Precondition Failed,0
D_1NBBO354,412,False,http_error,HTTP Error 412: Precondition Failed,0
D_1NBBO355,412,False,http_error,HTTP Error 412: Precondition Failed,0
D_1NBBO356,412,False,http_error,HTTP Error 412: Precondition Failed,0
D_1NBBO357,412,False,http_error,HTTP Error 412: Precondition Failed,0
D_1NBBO358,412,False,http_error,HTTP Error 412: Precondition Failed,0
D_1NBBO359,412,False,http_error,HTTP Error 412: Precondition Failed,0
D_1NBBO360,412,False,http_error,HTTP Error 412: Precondition Failed,0
D_1NBBO361,412,False,http_error,HTTP Error 412: Precondition Failed,0
D_1NBBO362,412,False,http_error,HTTP Error 412: Precondition Failed,0
D_1NBBO363,412,False,http_error,HTTP Error 412: Precondition Failed,0
D_1NBBO364,412,False,http_error,HTTP Error 412: Precondition Failed,0
D_1NBBO365,412,False,http_error,HTTP Error 412: Precondition Failed,0
D_1NBBO366,412,False,http_error,HTTP Error 412: Precondition Failed,0
D_1NBBO367,412,False,http_error,HTTP Error 412: Precondition Failed,0
D_1NBBO368,412,False,http_error,HTTP Error 412: Precondition Failed,0
D_1NBBO369,412,False,http_error,HTTP Error 412: Precondition Failed,0
D_1NBBO370,412,False,http_error,HTTP Error 412: Precondition Failed,0
D_1NBBO371,412,False,http_error,HTTP Error 412: Precondition Failed,0
D_1NBBO372,412,False,http_error,HTTP Error 412: Precondition Failed,0
D_1NBBO373,412,False,http_error,HTTP Error 412: Precondition Failed,0
D_1NBBO374,412,False,http_error,HTTP Error 412: Precondition Failed,0
D_1NBBO375,412,False,http_error,HTTP Error 412: Precondition Failed,0
D_1NBBO376,412,False,http_error,HTTP Error 412: Precondition Failed,0
D_1NBBO377,412,False,http_error,HTTP Error 412: Precondition Failed,0
D_1NBBO378,412,False,http_error,HTTP Error 412: Precondition Failed,0
D_1NBBO379,412,False,http_error,HTTP Error 412: Precondition Failed,0
D_1NBBO380,412,False,http_error,HTTP Error 412: Precondition Failed,0
D_1NBBO381,412,False,http_error,HTTP Error 412: Precondition Failed,0
D_1NBBO382,412,False,http_error,HTTP Error 412: Precondition Failed,0
D_1NBBO383,412,False,http_error,HTTP Error 412: Precondition Failed,0
D_1NBBO384,412,False,http_error,HTTP Error 412: Precondition Failed,0
D_1NBBO385,412,False,http_error,HTTP Error 412: Precondition Failed,0
D_1NBBO386,412,False,http_error,HTTP Error 412: Precondition Failed,0
D_1NBBO387,412,False,http_error,HTTP Error 412: Precondition Failed,0
D_1NBBO388,412,False,http_error,HTTP Error 412: Precondition Failed,0
D_1NBBO389,412,False,http_error,HTTP Error 412: Precondition Failed,0
D_1NBBO390,412,False,http_error,HTTP Error 412: Precondition Failed,0
D_1NBBO391,412,False,http_error,HTTP Error 412: Precondition Failed,0
D_1NBBO392,412,False,http_error,HTTP Error 412: Precondition Failed,0
D_1NBBO393,412,False,http_error,HTTP Error 412: Precondition Failed,0
D_1NBBO394,412,False,http_error,HTTP Error 412: Precondition Failed,0
D_1NBBO395,412,False,http_error,HTTP Error 412: Precondition Failed,0
D_1NBBO396,412,False,http_error,HTTP Error 412: Precondition Failed,0
D_1NBBO397,412,False,http_error,HTTP Error 412: Precondition Failed,0
D_1NBBO398,412,False,http_error,HTTP Error 412: Precondition Failed,0
D_1NBBO399,412,False,http_error,HTTP Error 412: Precondition Failed,0
D_1NBBO400,412,False,http_error,HTTP Error 412: Precondition Failed,0
D_1NBBO401,412,False,http_error,HTTP Error 412: Precondition Failed,0
D_1NBBO402,412,False,http_error,HTTP Error 412: Precondition Failed,0
D_1NBBO403,412,False,http_error,HTTP Error 412: Precondition Failed,0
D_1NBBO404,412,False,http_error,HTTP Error 412: Precondition Failed,0
D_1NBBO405,412,False,http_error,HTTP Error 412: Precondition Failed,0
D_1NBBO406,412,False,http_error,HTTP Error 412: Precondition Failed,0
D_1NBBO407,412,False,http_error,HTTP Error 412: Precondition Failed,0
D_1NBBO408,412,False,http_error,HTTP Error 412: Precondition Failed,0
D_1NBBO409,412,False,http_error,HTTP Error 412: Precondition Failed,0
D_1NBBO410,412,False,http_error,HTTP Error 412: Precondition Failed,0
D_1NBBO411,412,False,http_error,HTTP Error 412: Precondition Failed,0
D_1NBBO412,412,False,http_error,HTTP Error 412: Precondition Failed,0
D_1NBBO413,412,False,http_error,HTTP Error 412: Precondition Failed,0
D_1NBBO414,412,False,http_error,HTTP Error 412: Precondition Failed,0
D_1NBBO415,412,False,http_error,HTTP Error 412: Precondition Failed,0
D_1NBBO416,412,False,http_error,HTTP Error 412: Precondition Failed,0
D_1NBBO417,412,False,http_error,HTTP Error 412: Precondition Failed,0
D_1NBBO418,412,False,http_error,HTTP Error 412: Precondition Failed,0
D_1NBBO419,412,False,http_error,HTTP Error 412: Precondition Failed,0
D_1NBBO420,412,False,http_error,HTTP Error 412: Precondition Failed,0
D_1NBBO421,412,False,http_error,HTTP Error 412: Precondition Failed,0
D_1NBBO422,412,False,http_error,HTTP Error 412: Precondition Failed,0
D_1NBBO423,412,False,http_error,HTTP Error 412: Precondition Failed,0
D_1NBBO424,412,False,http_error,HTTP Error 412: Precondition Failed,0
D_1NBBO425,412,False,http_error,HTTP Error 412: Precondition Failed,0
D_1NBBO426,412,False,http_error,HTTP Error 412: Precondition Failed,0
D_1NBBO427,412,False,http_error,HTTP Error 412: Precondition Failed,0
D_1NBBO428,412,False,http_error,HTTP Error 412: Precondition Failed,0
D_1NBBO429,412,False,http_error,HTTP Error 412: Precondition Failed,0
D_1NBBO430,412,False,http_error,HTTP Error 412: Precondition Failed,0
D_1NBBO431,412,False,http_error,HTTP Error 412: Precondition Failed,0
D_1NBBO432,412,False,http_error,HTTP Error 412: Precondition Failed,0
D_1NBBO433,412,False,http_error,HTTP Error 412: Precondition Failed,0
D_1NBBO434,412,False,http_error,HTTP Error 412: Precondition Failed,0
D_1NBBO435,412,False,http_error,HTTP Error 412: Precondition Failed,0
D_1NBBO436,412,False,http_error,HTTP Error 412: Precondition Failed,0
D_1NBBO437,412,False,http_error,HTTP Error 412: Precondition Failed,0
D_1NBBO438,412,False,http_error,HTTP Error 412: Precondition Failed,0
D_1NBBO439,412,False,http_error,HTTP Error 412: Precondition Failed,0
D_1NBBO440,412,False,http_error,HTTP Error 412: Precondition Failed,0
D_1NBBO441,412,False,http_error,HTTP Error 412: Precondition Failed,0
D_1NBBO442,412,False,http_error,HTTP Error 412: Precondition Failed,0
D_1NBBO443,412,False,http_error,HTTP Error 412: Precondition Failed,0
D_1NBBO444,412,False,http_error,HTTP Error 412: Precondition Failed,0
D_1NBBO445,412,False,http_error,HTTP Error 412: Precondition Failed,0
D_1NBBO446,412,False,http_error,HTTP Error 412: Precondition Failed,0
D_1NBBO447,412,False,http_error,HTTP Error 412: Precondition Failed,0
D_1NBBO448,412,False,http_error,HTTP Error 412: Precondition Failed,0
D_1NBBO449,412,False,http_error,HTTP Error 412: Precondition Failed,0
D_1NBBO450,412,False,http_error,HTTP Error 412: Precondition Failed,0
D_1NBBO451,412,False,http_error,HTTP Error 412: Precondition Failed,0
D_1NBBO452,412,False,http_error,HTTP Error 412: Precondition Failed,0
D_1NBBO453,412,False,http_error,HTTP Error 412: Precondition Failed,0
D_1NBBO454,412,False,http_error,HTTP Error 412: Precondition Failed,0
D_1NBBO455,412,False,http_error,HTTP Error 412: Precondition Failed,0
D_1NBBO456,412,False,http_error,HTTP Error 412: Precondition Failed,0
D_1NBBO457,412,False,http_error,HTTP Error 412: Precondition Failed,0
D_1NBBO458,412,False,http_error,HTTP Error 412: Precondition Failed,0
D_1NBBO459,412,False,http_error,HTTP Error 412: Precondition Failed,0
D_1NBBO460,412,False,http_error,HTTP Error 412: Precondition Failed,0
D_1NBBO461,412,False,http_error,HTTP Error 412: Precondition Failed,0
D_1NBBO462,412,False,http_error,HTTP Error 412: Precondition Failed,0
D_1NBBO463,412,False,http_error,HTTP Error 412: Precondition Failed,0
D_1NBBO464,412,False,http_error,HTTP Error 412: Precondition Failed,0
D_1NBBO465,412,False,http_error,HTTP Error 412: Precondition Failed,0
D_1NBBO466,412,False,http_error,HTTP Error 412: Precondition Failed,0
D_1NBBO467,412,False,http_error,HTTP Error 412: Precondition Failed,0
D_1NBBO468,412,False,http_error,HTTP Error 412: Precondition Failed,0
D_1NBBO469,412,False,http_error,HTTP Error 412: Precondition Failed,0
D_1NBBO470,412,False,http_error,HTTP Error 412: Precondition Failed,0
D_1NBBO471,412,False,http_error,HTTP Error 412: Precondition Failed,0
D_1NBBO472,412,False,http_error,HTTP Error 412: Precondition Failed,0
D_1NBBO473,412,False,http_error,HTTP Error 412: Precondition Failed,0
D_1NBBO474,412,False,http_error,HTTP Error 412: Precondition Failed,0
D_1NBBO475,412,False,http_error,HTTP Error 412: Precondition Failed,0
D_1NBBO476,412,False,http_error,HTTP Error 412: Precondition Failed,0
D_1NBBO477,412,False,http_error,HTTP Error 412: Precondition Failed,0
D_1NBBO478,412,False,http_error,HTTP Error 412: Precondition Failed,0
D_1NBBO479,412,False,http_error,HTTP Error 412: Precondition Failed,0
D_1NBBO480,412,False,http_error,HTTP Error 412: Precondition Failed,0
D_1NBBO481,412,False,http_error,HTTP Error 412: Precondition Failed,0
D_1NBBO482,412,False,http_error,HTTP Error 412: Precondition Failed,0
D_1NBBO483,412,False,http_error,HTTP Error 412: Precondition Failed,0
D_1NBBO484,412,False,http_error,HTTP Error 412: Precondition Failed,0
D_1NBBO485,412,False,http_error,HTTP Error 412: Precondition Failed,0
D_1NBBO486,412,False,http_error,HTTP Error 412: Precondition Failed,0
D_1NBBO487,412,False,http_error,HTTP Error 412: Precondition Failed,0
D_1NBBO488,412,False,http_error,HTTP Error 412: Precondition Failed,0
D_1NBBO489,412,False,http_error,HTTP Error 412: Precondition Failed,0
D_1NBBO490,412,False,http_error,HTTP Error 412: Precondition Failed,0
D_1NBBO491,412,False,http_error,HTTP Error 412: Precondition Failed,0
D_1NBBO492,412,False,http_error,HTTP Error 412: Precondition Failed,0
D_1NBBO493,412,False,http_error,HTTP Error 412: Precondition Failed,0
D_1NBBO494,412,False,http_error,HTTP Error 412: Precondition Failed,0
D_1NBBO495,412,False,http_error,HTTP Error 412: Precondition Failed,0
D_1NBBO496,412,False,http_error,HTTP Error 412: Precondition Failed,0
D_1NBBO497,412,False,http_error,HTTP Error 412: Precondition Failed,0
D_1NBBO498,412,False,http_error,HTTP Error 412: Precondition Failed,0
D_1NBBO499,412,False,http_error,HTTP Error 412: Precondition Failed,0
D_1NBBO500,412,False,http_error,HTTP Error 412: Precondition Failed,0
D_1NBBO501,412,False,http_error,HTTP Error 412: Precondition Failed,0
D_1NBBO502,412,False,http_error,HTTP Error 412: Precondition Failed,0
D_1NBBO503,412,False,http_error,HTTP Error 412: Precondition Failed,0
D_1NBBO504,412,False,http_error,HTTP Error 412: Precondition Failed,0
D_1NBBO505,412,False,http_error,HTTP Error 412: Precondition Failed,0
D_1NBBO506,412,False,http_error,HTTP Error 412: Precondition Failed,0
D_1NBBO507,412,False,http_error,HTTP Error 412: Precondition Failed,0
D_1NBBO508,412,False,http_error,HTTP Error 412: Precondition Failed,0
D_1NBBO509,412,False,http_error,HTTP Error 412: Precondition Failed,0
D_1NBBO510,412,False,http_error,HTTP Error 412: Precondition Failed,0
D_1NBBO511,412,False,http_error,HTTP Error 412: Precondition Failed,0
D_1NBBO512,412,False,http_error,HTTP Error 412: Precondition Failed,0
D_1NBBO513,412,False,http_error,HTTP Error 412: Precondition Failed,0
D_1NBBO514,412,False,http_error,HTTP Error 412: Precondition Failed,0
D_1NBBO515,412,False,http_error,HTTP Error 412: Precondition Failed,0
D_1NBBO516,412,False,http_error,HTTP Error 412: Precondition Failed,0
D_1NBBO517,412,False,http_error,HTTP Error 412: Precondition Failed,0
D_1NBBO518,412,False,http_error,HTTP Error 412: Precondition Failed,0
D_1NBBO519,412,False,http_error,HTTP Error 412: Precondition Failed,0
D_1NBBO520,412,False,http_error,HTTP Error 412: Precondition Failed,0
D_1NBBO521,412,False,http_error,HTTP Error 412: Precondition Failed,0
D_1NBBO522,412,False,http_error,HTTP Error 412: Precondition Failed,0
D_1NBBO523,412,False,http_error,HTTP Error 412: Precondition Failed,0
D_1NBBO524,412,False,http_error,HTTP Error 412: Precondition Failed,0
D_1NBBO525,412,False,http_error,HTTP Error 412: Precondition Failed,0
D_1NBBO526,412,False,http_error,HTTP Error 412: Precondition Failed,0
D_1NBBO527,412,False,http_error,HTTP Error 412: Precondition Failed,0
D_1NBBO528,412,False,http_error,HTTP Error 412: Precondition Failed,0
D_1NBBO529,412,False,http_error,HTTP Error 412: Precondition Failed,0
D_1NBBO530,412,False,http_error,HTTP Error 412: Precondition Failed,0
D_1NBBO531,412,False,http_error,HTTP Error 412: Precondition Failed,0
D_1NBBO532,412,False,http_error,HTTP Error 412: Precondition Failed,0
D_1NBBO533,412,False,http_error,HTTP Error 412: Precondition Failed,0
D_1NBBO534,412,False,http_error,HTTP Error 412: Precondition Failed,0
D_1NBBO535,412,False,http_error,HTTP Error 412: Precondition Failed,0
D_1NBBO536,412,False,http_error,HTTP Error 412: Precondition Failed,0
D_1NBBO537,412,False,http_error,HTTP Error 412: Precondition Failed,0
D_1NBBO538,412,False,http_error,HTTP Error 412: Precondition Failed,0
D_1NBBO539,412,False,http_error,HTTP Error 412: Precondition Failed,0
D_1NBBO540,412,False,http_error,HTTP Error 412: Precondition Failed,0
D_1NBBO541,412,False,http_error,HTTP Error 412: Precondition Failed,0
D_1NBBO542,412,False,http_error,HTTP Error 412: Precondition Failed,0
D_1NBBO543,412,False,http_error,HTTP Error 412: Precondition Failed,0
D_1NBBO544,412,False,http_error,HTTP Error 412: Precondition Failed,0
D_1NBBO545,412,False,http_error,HTTP Error 412: Precondition Failed,0
D_1NBBO546,412,False,http_error,HTTP Error 412: Precondition Failed,0
D_1NBBO547,412,False,http_error,HTTP Error 412: Precondition Failed,0
D_1NBBO548,412,False,http_error,HTTP Error 412: Precondition Failed,0
D_1NBBO549,412,False,http_error,HTTP Error 412: Precondition Failed,0
D_1NBBO550,412,False,http_error,HTTP Error 412: Precondition Failed,0
D_1NBBO551,412,False,http_error,HTTP Error 412: Precondition Failed,0
D_1NBBO552,412,False,http_error,HTTP Error 412: Precondition Failed,0
D_1NBBO553,412,False,http_error,HTTP Error 412: Precondition Failed,0
D_1NBBO554,412,False,http_error,HTTP Error 412: Precondition Failed,0
D_1NBBO555,412,False,http_error,HTTP Error 412: Precondition Failed,0
D_1NBBO556,412,False,http_error,HTTP Error 412: Precondition Failed,0
D_1NBBO557,412,False,http_error,HTTP Error 412: Precondition Failed,0
D_1NBBO558,412,False,http_error,HTTP Error 412: Precondition Failed,0
D_1NBBO559,412,False,http_error,HTTP Error 412: Precondition Failed,0
D_1NBBO560,412,False,http_error,HTTP Error 412: Precondition Failed,0
D_1NBBO561,412,False,http_error,HTTP Error 412: Precondition Failed,0
D_1NBBO562,412,False,http_error,HTTP Error 412: Precondition Failed,0
D_1NBBO563,412,False,http_error,HTTP Error 412: Precondition Failed,0
D_1NBBO564,412,False,http_error,HTTP Error 412: Precondition Failed,0
D_1NBBO565,412,False,http_error,HTTP Error 412: Precondition Failed,0
D_1NBBO566,412,False,http_error,HTTP Error 412: Precondition Failed,0
D_1NBBO567,412,False,http_error,HTTP Error 412: Precondition Failed,0
D_1NBBO568,412,False,http_error,HTTP Error 412: Precondition Failed,0
D_1NBBO569,412,False,http_error,HTTP Error 412: Precondition Failed,0
D_1NBBO570,412,False,http_error,HTTP Error 412: Precondition Failed,0
D_1NBBO571,412,False,http_error,HTTP Error 412: Precondition Failed,0
D_1NBBO572,200,False,parse_error,Expecting value: line 1 column 1 (char 0),0
D_1NBBO573,412,False,http_error,HTTP Error 412: Precondition Failed,0
D_1NBBO574,412,False,http_error,HTTP Error 412: Precondition Failed,0
D_1NBBO575,412,False,http_error,HTTP Error 412: Precondition Failed,0
D_1NBBO576,412,False,http_error,HTTP Error 412: Precondition Failed,0
D_1NBBO577,412,False,http_error,HTTP Error 412: Precondition Failed,0
D_1NBBO578,412,False,http_error,HTTP Error 412: Precondition Failed,0
D_1NBBO579,412,False,http_error,HTTP Error 412: Precondition Failed,0
D_1NBBO580,412,False,http_error,HTTP Error 412: Precondition Failed,0
D_1NBBO581,412,False,http_error,HTTP Error 412: Precondition Failed,0
D_1NBBO582,412,False,http_error,HTTP Error 412: Precondition Failed,0
D_1NBBO583,412,False,http_error,HTTP Error 412: Precondition Failed,0
D_1NBBO584,412,False,http_error,HTTP Error 412: Precondition Failed,0
D_1NBBO585,412,False,http_error,HTTP Error 412: Precondition Failed,0
D_1NBBO586,412,False,http_error,HTTP Error 412: Precondition Failed,0
D_1NBBO587,412,False,http_error,HTTP Error 412: Precondition Failed,0
D_1NBBO588,412,False,http_error,HTTP Error 412: Precondition Failed,0
D_1NBBO589,412,False,http_error,HTTP Error 412: Precondition Failed,0
D_1NBBO590,412,False,http_error,HTTP Error 412: Precondition Failed,0
D_1NBBO591,412,False,http_error,HTTP Error 412: Precondition Failed,0
D_1NBBO592,412,False,http_error,HTTP Error 412: Precondition Failed,0
D_1NBBO593,412,False,http_error,HTTP Error 412: Precondition Failed,0
D_1NBBO594,412,False,http_error,HTTP Error 412: Precondition Failed,0
D_1NBBO595,412,False,http_error,HTTP Error 412: Precondition Failed,0
D_1NBBO596,412,False,http_error,HTTP Error 412: Precondition Failed,0
D_1NBBO597,412,False,http_error,HTTP Error 412: Precondition Failed,0
D_1NBBO598,412,False,http_error,HTTP Error 412: Precondition Failed,0
D_1NBBO599,412,False,http_error,HTTP Error 412: Precondition Failed,0
D_1NBBO600,412,False,http_error,HTTP Error 412: Precondition Failed,0
D_1NBBO601,412,False,http_error,HTTP Error 412: Precondition Failed,0
D_1NBBO602,412,False,http_error,HTTP Error 412: Precondition Failed,0
D_1NBBO603,412,False,http_error,HTTP Error 412: Precondition Failed,0
D_1NBBO604,412,False,http_error,HTTP Error 412: Precondition Failed,0
D_1NBBO605,412,False,http_error,HTTP Error 412: Precondition Failed,0
D_1NBBO606,412,False,http_error,HTTP Error 412: Precondition Failed,0
D_1NBBO607,412,False,http_error,HTTP Error 412: Precondition Failed,0
D_1NBBO608,412,False,http_error,HTTP Error 412: Precondition Failed,0
D_1NBBO609,412,False,http_error,HTTP Error 412: Precondition Failed,0
D_1NBBO610,412,False,http_error,HTTP Error 412: Precondition Failed,0
D_1NBBO611,412,False,http_error,HTTP Error 412: Precondition Failed,0
D_1NBBO612,412,False,http_error,HTTP Error 412: Precondition Failed,0
D_1NBBO613,412,False,http_error,HTTP Error 412: Precondition Failed,0
D_1NBBO614,412,False,http_error,HTTP Error 412: Precondition Failed,0
D_1NBBO615,412,False,http_error,HTTP Error 412: Precondition Failed,0
D_1NBBO616,412,False,http_error,HTTP Error 412: Precondition Failed,0
D_1NBBO617,412,False,http_error,HTTP Error 412: Precondition Failed,0
D_1NBBO618,412,False,http_error,HTTP Error 412: Precondition Failed,0
D_1NBBO619,412,False,http_error,HTTP Error 412: Precondition Failed,0
D_1NBBO620,412,False,http_error,HTTP Error 412: Precondition Failed,0
D_1NBBO621,412,False,http_error,HTTP Error 412: Precondition Failed,0
D_1NBBO622,412,False,http_error,HTTP Error 412: Precondition Failed,0
D_1NBBO623,412,False,http_error,HTTP Error 412: Precondition Failed,0
D_1NBBO624,412,False,http_error,HTTP Error 412: Precondition Failed,0
D_1NBBO625,412,False,http_error,HTTP Error 412: Precondition Failed,0
D_1NBBO626,412,False,http_error,HTTP Error 412: Precondition Failed,0
D_1NBBO627,412,False,http_error,HTTP Error 412: Precondition Failed,0
D_1NBBO628,412,False,http_error,HTTP Error 412: Precondition Failed,0
D_1NBBO629,412,False,http_error,HTTP Error 412: Precondition Failed,0
D_1NBBO630,412,False,http_error,HTTP Error 412: Precondition Failed,0
D_1NBBO631,412,False,http_error,HTTP Error 412: Precondition Failed,0
D_1NBBO632,412,False,http_error,HTTP Error 412: Precondition Failed,0
D_1NBBO633,412,False,http_error,HTTP Error 412: Precondition Failed,0
D_1NBBO634,412,False,http_error,HTTP Error 412: Precondition Failed,0
D_1NBBO635,412,False,http_error,HTTP Error 412: Precondition Failed,0
D_1NBBO636,412,False,http_error,HTTP Error 412: Precondition Failed,0
D_1NBBO637,412,False,http_error,HTTP Error 412: Precondition Failed,0
D_1NBBO638,412,False,http_error,HTTP Error 412: Precondition Failed,0
D_1NBBO639,412,False,http_error,HTTP Error 412: Precondition Failed,0
D_1NBBO640,412,False,http_error,HTTP Error 412: Precondition Failed,0
D_1NBBO641,412,False,http_error,HTTP Error 412: Precondition Failed,0
D_1NBBO642,412,False,http_error,HTTP Error 412: Precondition Failed,0
D_1NBBO643,412,False,http_error,HTTP Error 412: Precondition Failed,0
D_1NBBO644,412,False,http_error,HTTP Error 412: Precondition Failed,0
D_1NBBO645,412,False,http_error,HTTP Error 412: Precondition Failed,0
D_1NBBO646,412,False,http_error,HTTP Error 412: Precondition Failed,0
D_1NBBO647,412,False,http_error,HTTP Error 412: Precondition Failed,0
D_1NBBO648,412,False,http_error,HTTP Error 412: Precondition Failed,0
D_1NBBO649,412,False,http_error,HTTP Error 412: Precondition Failed,0
D_1NBBO650,412,False,http_error,HTTP Error 412: Precondition Failed,0
D_1NBBO651,412,False,http_error,HTTP Error 412: Precondition Failed,0
D_1NBBO652,412,False,http_error,HTTP Error 412: Precondition Failed,0
D_1NBBO653,412,False,http_error,HTTP Error 412: Precondition Failed,0
D_1NBBO654,412,False,http_error,HTTP Error 412: Precondition Failed,0
D_1NBBO655,412,False,http_error,HTTP Error 412: Precondition Failed,0
D_1NBBO656,412,False,http_error,HTTP Error 412: Precondition Failed,0
D_1NBBO657,412,False,http_error,HTTP Error 412: Precondition Failed,0
D_1NBBO658,412,False,http_error,HTTP Error 412: Precondition Failed,0
D_1NBBO659,412,False,http_error,HTTP Error 412: Precondition Failed,0
D_1NBBO660,412,False,http_error,HTTP Error 412: Precondition Failed,0
D_1NBBO661,412,False,http_error,HTTP Error 412: Precondition Failed,0
D_1NBBO662,412,False,http_error,HTTP Error 412: Precondition Failed,0
D_1NBBO663,412,False,http_error,HTTP Error 412: Precondition Failed,0
D_1NBBO664,412,False,http_error,HTTP Error 412: Precondition Failed,0
D_1NBBO665,412,False,http_error,HTTP Error 412: Precondition Failed,0
D_1NBBO666,412,False,http_error,HTTP Error 412: Precondition Failed,0
D_1NBBO667,412,False,http_error,HTTP Error 412: Precondition Failed,0
D_1NBBO668,412,False,http_error,HTTP Error 412: Precondition Failed,0
D_1NBBO669,412,False,http_error,HTTP Error 412: Precondition Failed,0
D_1NBBO670,412,False,http_error,HTTP Error 412: Precondition Failed,0
D_1NBBO671,412,False,http_error,HTTP Error 412: Precondition Failed,0
D_1NBBO672,412,False,http_error,HTTP Error 412: Precondition Failed,0
D_1NBBO673,412,False,http_error,HTTP Error 412: Precondition Failed,0
D_1NBBO674,412,False,http_error,HTTP Error 412: Precondition Failed,0
D_1NBBO675,412,False,http_error,HTTP Error 412: Precondition Failed,0
D_1NBBO676,412,False,http_error,HTTP Error 412: Precondition Failed,0
D_1NBBO677,412,False,http_error,HTTP Error 412: Precondition Failed,0
D_1NBBO678,412,False,http_error,HTTP Error 412: Precondition Failed,0
D_1NBBO679,412,False,http_error,HTTP Error 412: Precondition Failed,0
D_1NBBO680,412,False,http_error,HTTP Error 412: Precondition Failed,0
D_1NBBO681,412,False,http_error,HTTP Error 412: Precondition Failed,0
D_1NBBO682,412,False,http_error,HTTP Error 412: Precondition Failed,0
D_1NBBO683,412,False,http_error,HTTP Error 412: Precondition Failed,0
D_1NBBO684,412,False,http_error,HTTP Error 412: Precondition Failed,0
D_1NBBO685,412,False,http_error,HTTP Error 412: Precondition Failed,0
D_1NBBO686,412,False,http_error,HTTP Error 412: Precondition Failed,0
D_1NBBO687,412,False,http_error,HTTP Error 412: Precondition Failed,0
D_1NBBO688,412,False,http_error,HTTP Error 412: Precondition Failed,0
D_1NBBO689,412,False,http_error,HTTP Error 412: Precondition Failed,0
D_1NBBO690,412,False,http_error,HTTP Error 412: Precondition Failed,0
D_1NBBO691,412,False,http_error,HTTP Error 412: Precondition Failed,0
D_1NBBO692,412,False,http_error,HTTP Error 412: Precondition Failed,0
D_1NBBO693,412,False,http_error,HTTP Error 412: Precondition Failed,0
D_1NBBO694,412,False,http_error,HTTP Error 412: Precondition Failed,0
D_1NBBO695,412,False,http_error,HTTP Error 412: Precondition Failed,0
D_1NBBO696,412,False,http_error,HTTP Error 412: Precondition Failed,0
D_1NBBO697,412,False,http_error,HTTP Error 412: Precondition Failed,0
D_1NBBO698,412,False,http_error,HTTP Error 412: Precondition Failed,0
D_1NBBO699,412,False,http_error,HTTP Error 412: Precondition Failed,0
D_1NBBO700,412,False,http_error,HTTP Error 412: Precondition Failed,0
D_1NBBO701,412,False,http_error,HTTP Error 412: Precondition Failed,0
D_1NBBO702,412,False,http_error,HTTP Error 412: Precondition Failed,0
D_1NBBO703,412,False,http_error,HTTP Error 412: Precondition Failed,0
D_1NBBO704,412,False,http_error,HTTP Error 412: Precondition Failed,0
D_1NBBO705,412,False,http_error,HTTP Error 412: Precondition Failed,0
D_1NBBO706,412,False,http_error,HTTP Error 412: Precondition Failed,0
D_1NBBO707,412,False,http_error,HTTP Error 412: Precondition Failed,0
D_1NBBO708,412,False,http_error,HTTP Error 412: Precondition Failed,0
D_1NBBO709,412,False,http_error,HTTP Error 412: Precondition Failed,0
D_1NBBO710,412,False,http_error,HTTP Error 412: Precondition Failed,0
D_1NBBO711,412,False,http_error,HTTP Error 412: Precondition Failed,0
D_1NBBO712,412,False,http_error,HTTP Error 412: Precondition Failed,0
D_1NBBO713,412,False,http_error,HTTP Error 412: Precondition Failed,0
D_1NBBO714,412,False,http_error,HTTP Error 412: Precondition Failed,0
D_1NBBO715,412,False,http_error,HTTP Error 412: Precondition Failed,0
D_1NBBO716,412,False,http_error,HTTP Error 412: Precondition Failed,0
D_1NBBO717,412,False,http_error,HTTP Error 412: Precondition Failed,0
D_1NBBO718,412,False,http_error,HTTP Error 412: Precondition Failed,0
D_1NBBO719,412,False,http_error,HTTP Error 412: Precondition Failed,0
D_1NBBO720,412,False,http_error,HTTP Error 412: Precondition Failed,0
D_1NBBO721,412,False,http_error,HTTP Error 412: Precondition Failed,0
D_1NBBO722,412,False,http_error,HTTP Error 412: Precondition Failed,0
D_1NBBO723,412,False,http_error,HTTP Error 412: Precondition Failed,0
D_1NBBO724,412,False,http_error,HTTP Error 412: Precondition Failed,0
D_1NBBO725,412,False,http_error,HTTP Error 412: Precondition Failed,0
D_1NBBO726,412,False,http_error,HTTP Error 412: Precondition Failed,0
D_1NBBO727,412,False,http_error,HTTP Error 412: Precondition Failed,0
D_1NBBO728,412,False,http_error,HTTP Error 412: Precondition Failed,0
D_1NBBO729,412,False,http_error,HTTP Error 412: Precondition Failed,0
D_1NBBO730,412,False,http_error,HTTP Error 412: Precondition Failed,0
D_1NBBO731,412,False,http_error,HTTP Error 412: Precondition Failed,0
D_1NBBO732,412,False,http_error,HTTP Error 412: Precondition Failed,0
D_1NBBO733,412,False,http_error,HTTP Error 412: Precondition Failed,0
D_1NBBO734,412,False,http_error,HTTP Error 412: Precondition Failed,0
D_1NBBO735,412,False,http_error,HTTP Error 412: Precondition Failed,0
D_1NBBO736,412,False,http_error,HTTP Error 412: Precondition Failed,0
D_1NBBO737,412,False,http_error,HTTP Error 412: Precondition Failed,0
D_1NBBO738,412,False,http_error,HTTP Error 412: Precondition Failed,0
D_1NBBO739,412,False,http_error,HTTP Error 412: Precondition Failed,0
D_1NBBO740,412,False,http_error,HTTP Error 412: Precondition Failed,0
D_1NBBO741,412,False,http_error,HTTP Error 412: Precondition Failed,0
D_1NBBO742,412,False,http_error,HTTP Error 412: Precondition Failed,0
D_1NBBO743,412,False,http_error,HTTP Error 412: Precondition Failed,0
D_1NBBO744,412,False,http_error,HTTP Error 412: Precondition Failed,0
D_1NBBO745,412,False,http_error,HTTP Error 412: Precondition Failed,0
D_1NBBO746,412,False,http_error,HTTP Error 412: Precondition Failed,0
D_1NBBO747,412,False,http_error,HTTP Error 412: Precondition Failed,0
D_1NBBO748,412,False,http_error,HTTP Error 412: Precondition Failed,0
D_1NBBO749,412,False,http_error,HTTP Error 412: Precondition Failed,0
D_1NBBO750,412,False,http_error,HTTP Error 412: Precondition Failed,0
D_1NBBO751,412,False,http_error,HTTP Error 412: Precondition Failed,0
D_1NBBO752,412,False,http_error,HTTP Error 412: Precondition Failed,0
D_1NBBO753,412,False,http_error,HTTP Error 412: Precondition Failed,0
D_1NBBO754,412,False,http_error,HTTP Error 412: Precondition Failed,0
D_1NBBO755,412,False,http_error,HTTP Error 412: Precondition Failed,0
D_1NBBO756,412,False,http_error,HTTP Error 412: Precondition Failed,0
D_1NBBO757,412,False,http_error,HTTP Error 412: Precondition Failed,0
D_1NBBO758,412,False,http_error,HTTP Error 412: Precondition Failed,0
D_1NBBO759,412,False,http_error,HTTP Error 412: Precondition Failed,0
D_1NBBO760,412,False,http_error,HTTP Error 412: Precondition Failed,0
D_1NBBO761,412,False,http_error,HTTP Error 412: Precondition Failed,0
D_1NBBO762,412,False,http_error,HTTP Error 412: Precondition Failed,0
D_1NBBO763,412,False,http_error,HTTP Error 412: Precondition Failed,0
D_1NBBO764,412,False,http_error,HTTP Error 412: Precondition Failed,0
D_1NBBO765,412,False,http_error,HTTP Error 412: Precondition Failed,0
D_1NBBO766,412,False,http_error,HTTP Error 412: Precondition Failed,0
D_1NBBO767,412,False,http_error,HTTP Error 412: Precondition Failed,0
D_1NBBO768,412,False,http_error,HTTP Error 412: Precondition Failed,0
D_1NBBO769,412,False,http_error,HTTP Error 412: Precondition Failed,0
D_1NBBO770,412,False,http_error,HTTP Error 412: Precondition Failed,0
D_1NBBO771,412,False,http_error,HTTP Error 412: Precondition Failed,0
D_1NBBO772,412,False,http_error,HTTP Error 412: Precondition Failed,0
D_1NBBO773,412,False,http_error,HTTP Error 412: Precondition Failed,0
D_1NBBO774,412,False,http_error,HTTP Error 412: Precondition Failed,0
D_1NBBO775,412,False,http_error,HTTP Error 412: Precondition Failed,0
D_1NBBO776,412,False,http_error,HTTP Error 412: Precondition Failed,0
D_1NBBO777,412,False,http_error,HTTP Error 412: Precondition Failed,0
D_1NBBO778,412,False,http_error,HTTP Error 412: Precondition Failed,0
D_1NBBO779,412,False,http_error,HTTP Error 412: Precondition Failed,0
D_1NBBO780,412,False,http_error,HTTP Error 412: Precondition Failed,0
D_1NBBO781,412,False,http_error,HTTP Error 412: Precondition Failed,0
D_1NBBO782,412,False,http_error,HTTP Error 412: Precondition Failed,0
D_1NBBO783,412,False,http_error,HTTP Error 412: Precondition Failed,0
D_1NBBO784,412,False,http_error,HTTP Error 412: Precondition Failed,0
D_1NBBO785,412,False,http_error,HTTP Error 412: Precondition Failed,0
D_1NBBO786,412,False,http_error,HTTP Error 412: Precondition Failed,0
D_1NBBO787,412,False,http_error,HTTP Error 412: Precondition Failed,0
D_1NBBO788,412,False,http_error,HTTP Error 412: Precondition Failed,0
D_1NBBO789,412,False,http_error,HTTP Error 412: Precondition Failed,0
D_1NBBO790,412,False,http_error,HTTP Error 412: Precondition Failed,0
D_1NBBO791,412,False,http_error,HTTP Error 412: Precondition Failed,0
D_1NBBO792,412,False,http_error,HTTP Error 412: Precondition Failed,0
D_1NBBO793,412,False,http_error,HTTP Error 412: Precondition Failed,0
D_1NBBO794,412,False,http_error,HTTP Error 412: Precondition Failed,0
D_1NBBO795,412,False,http_error,HTTP Error 412: Precondition Failed,0
D_1NBBO796,412,False,http_error,HTTP Error 412: Precondition Failed,0
D_1NBBO797,412,False,http_error,HTTP Error 412: Precondition Failed,0
D_1NBBO798,412,False,http_error,HTTP Error 412: Precondition Failed,0
D_1NBBO799,412,False,http_error,HTTP Error 412: Precondition Failed,0
D_1NBBO800,412,False,http_error,HTTP Error 412: Precondition Failed,0
D_1NBBO801,412,False,http_error,HTTP Error 412: Precondition Failed,0
D_1NBBO802,412,False,http_error,HTTP Error 412: Precondition Failed,0
D_1NBBO803,412,False,http_error,HTTP Error 412: Precondition Failed,0
D_1NBBO804,412,False,http_error,HTTP Error 412: Precondition Failed,0
D_1NBBO805,412,False,http_error,HTTP Error 412: Precondition Failed,0
D_1NBBO806,412,False,http_error,HTTP Error 412: Precondition Failed,0
D_1NBBO807,412,False,http_error,HTTP Error 412: Precondition Failed,0
D_1NBBO808,412,False,http_error,HTTP Error 412: Precondition Failed,0
D_1NBBO809,412,False,http_error,HTTP Error 412: Precondition Failed,0
D_1NBBO810,412,False,http_error,HTTP Error 412: Precondition Failed,0
D_1NBBO811,412,False,http_error,HTTP Error 412: Precondition Failed,0
D_1NBBO812,412,False,http_error,HTTP Error 412: Precondition Failed,0
D_1NBBO813,412,False,http_error,HTTP Error 412: Precondition Failed,0
D_1NBBO814,412,False,http_error,HTTP Error 412: Precondition Failed,0
D_1NBBO815,412,False,http_error,HTTP Error 412: Precondition Failed,0
D_1NBBO816,412,False,http_error,HTTP Error 412: Precondition Failed,0
D_1NBBO817,412,False,http_error,HTTP Error 412: Precondition Failed,0
D_1NBBO818,412,False,http_error,HTTP Error 412: Precondition Failed,0
D_1NBBO819,412,False,http_error,HTTP Error 412: Precondition Failed,0
D_1NBBO820,412,False,http_error,HTTP Error 412: Precondition Failed,0
D_1NBBO821,412,False,http_error,HTTP Error 412: Precondition Failed,0
D_1NBBO822,412,False,http_error,HTTP Error 412: Precondition Failed,0
D_1NBBO823,412,False,http_error,HTTP Error 412: Precondition Failed,0
D_1NBBO824,412,False,http_error,HTTP Error 412: Precondition Failed,0
D_1NBBO825,412,False,http_error,HTTP Error 412: Precondition Failed,0
D_1NBBO826,412,False,http_error,HTTP Error 412: Precondition Failed,0
D_1NBBO827,412,False,http_error,HTTP Error 412: Precondition Failed,0
D_1NBBO828,412,False,http_error,HTTP Error 412: Precondition Failed,0
D_1NBBO829,412,False,http_error,HTTP Error 412: Precondition Failed,0
D_1NBBO830,412,False,http_error,HTTP Error 412: Precondition Failed,0
D_1NBBO831,412,False,http_error,HTTP Error 412: Precondition Failed,0
D_1NBBO832,412,False,http_error,HTTP Error 412: Precondition Failed,0
D_1NBBO833,412,False,http_error,HTTP Error 412: Precondition Failed,0
D_1NBBO834,412,False,http_error,HTTP Error 412: Precondition Failed,0
D_1NBBO835,412,False,http_error,HTTP Error 412: Precondition Failed,0
D_1NBBO836,412,False,http_error,HTTP Error 412: Precondition Failed,0
D_1NBBO837,412,False,http_error,HTTP Error 412: Precondition Failed,0
D_1NBBO838,412,False,http_error,HTTP Error 412: Precondition Failed,0
D_1NBBO839,412,False,http_error,HTTP Error 412: Precondition Failed,0
D_1NBBO840,412,False,http_error,HTTP Error 412: Precondition Failed,0
D_1NBBO841,412,False,http_error,HTTP Error 412: Precondition Failed,0
D_1NBBO842,412,False,http_error,HTTP Error 412: Precondition Failed,0
D_1NBBO843,412,False,http_error,HTTP Error 412: Precondition Failed,0
D_1NBBO844,412,False,http_error,HTTP Error 412: Precondition Failed,0
D_1NBBO845,412,False,http_error,HTTP Error 412: Precondition Failed,0
D_1NBBO846,412,False,http_error,HTTP Error 412: Precondition Failed,0
D_1NBBO847,412,False,http_error,HTTP Error 412: Precondition Failed,0
D_1NBBO848,412,False,http_error,HTTP Error 412: Precondition Failed,0
D_1NBBO849,412,False,http_error,HTTP Error 412: Precondition Failed,0
D_1NBBO850,412,False,http_error,HTTP Error 412: Precondition Failed,0
D_1NBBO851,412,False,http_error,HTTP Error 412: Precondition Failed,0
D_1NBBO852,412,False,http_error,HTTP Error 412: Precondition Failed,0
D_1NBBO853,412,False,http_error,HTTP Error 412: Precondition Failed,0
D_1NBBO854,412,False,http_error,HTTP Error 412: Precondition Failed,0
D_1NBBO855,412,False,http_error,HTTP Error 412: Precondition Failed,0
D_1NBBO856,412,False,http_error,HTTP Error 412: Precondition Failed,0
D_1NBBO857,412,False,http_error,HTTP Error 412: Precondition Failed,0
D_1NBBO858,412,False,http_error,HTTP Error 412: Precondition Failed,0
D_1NBBO859,412,False,http_error,HTTP Error 412: Precondition Failed,0
D_1NBBO860,412,False,http_error,HTTP Error 412: Precondition Failed,0
D_1NBBO861,412,False,http_error,HTTP Error 412: Precondition Failed,0
D_1NBBO862,412,False,http_error,HTTP Error 412: Precondition Failed,0
D_1NBBO863,412,False,http_error,HTTP Error 412: Precondition Failed,0
D_1NBBO864,412,False,http_error,HTTP Error 412: Precondition Failed,0
D_1NBBO865,412,False,http_error,HTTP Error 412: Precondition Failed,0
D_1NBBO866,412,False,http_error,HTTP Error 412: Precondition Failed,0
D_1NBBO867,412,False,http_error,HTTP Error 412: Precondition Failed,0
D_1NBBO868,412,False,http_error,HTTP Error 412: Precondition Failed,0
D_1NBBO869,412,False,http_error,HTTP Error 412: Precondition Failed,0
D_1NBBO870,412,False,http_error,HTTP Error 412: Precondition Failed,0
D_1NBBO871,412,False,http_error,HTTP Error 412: Precondition Failed,0
D_1NBBO872,412,False,http_error,HTTP Error 412: Precondition Failed,0
D_1NBBO873,412,False,http_error,HTTP Error 412: Precondition Failed,0
D_1NBBO874,412,False,http_error,HTTP Error 412: Precondition Failed,0
D_1NBBO875,412,False,http_error,HTTP Error 412: Precondition Failed,0
D_1NBBO876,412,False,http_error,HTTP Error 412: Precondition Failed,0
D_1NBBO877,412,False,http_error,HTTP Error 412: Precondition Failed,0
D_1NBBO878,412,False,http_error,HTTP Error 412: Precondition Failed,0
D_1NBBO879,412,False,http_error,HTTP Error 412: Precondition Failed,0
D_1NBBO880,412,False,http_error,HTTP Error 412: Precondition Failed,0
D_1NBBO881,412,False,http_error,HTTP Error 412: Precondition Failed,0
D_1NBBO882,412,False,http_error,HTTP Error 412: Precondition Failed,0
D_1NBBO883,412,False,http_error,HTTP Error 412: Precondition Failed,0
D_1NBBO884,412,False,http_error,HTTP Error 412: Precondition Failed,0
D_1NBBO885,412,False,http_error,HTTP Error 412: Precondition Failed,0
D_1NBBO886,412,False,http_error,HTTP Error 412: Precondition Failed,0
D_1NBBO887,412,False,http_error,HTTP Error 412: Precondition Failed,0
D_1NBBO888,412,False,http_error,HTTP Error 412: Precondition Failed,0
D_1NBBO889,412,False,http_error,HTTP Error 412: Precondition Failed,0
D_1NBBO890,412,False,http_error,HTTP Error 412: Precondition Failed,0
D_1NBBO891,412,False,http_error,HTTP Error 412: Precondition Failed,0
D_1NBBO892,412,False,http_error,HTTP Error 412: Precondition Failed,0
D_1NBBO893,412,False,http_error,HTTP Error 412: Precondition Failed,0
D_1NBBO894,412,False,http_error,HTTP Error 412: Precondition Failed,0
D_1NBBO895,412,False,http_error,HTTP Error 412: Precondition Failed,0
D_1NBBO896,412,False,http_error,HTTP Error 412: Precondition Failed,0
D_1NBBO897,412,False,http_error,HTTP Error 412: Precondition Failed,0
D_1NBBO898,412,False,http_error,HTTP Error 412: Precondition Failed,0
D_1NBBO899,412,False,http_error,HTTP Error 412: Precondition Failed,0
D_1NBBO900,412,False,http_error,HTTP Error 412: Precondition Failed,0
D_1NBBO901,412,False,http_error,HTTP Error 412: Precondition Failed,0
D_1NBBO902,412,False,http_error,HTTP Error 412: Precondition Failed,0
D_1NBBO903,412,False,http_error,HTTP Error 412: Precondition Failed,0
D_1NBBO904,412,False,http_error,HTTP Error 412: Precondition Failed,0
D_1NBBO905,412,False,http_error,HTTP Error 412: Precondition Failed,0
D_1NBBO906,412,False,http_error,HTTP Error 412: Precondition Failed,0
D_1NBBO907,412,False,http_error,HTTP Error 412: Precondition Failed,0
D_1NBBO908,412,False,http_error,HTTP Error 412: Precondition Failed,0
D_1NBBO909,412,False,http_error,HTTP Error 412: Precondition Failed,0
D_1NBBO910,412,False,http_error,HTTP Error 412: Precondition Failed,0
D_1NBBO911,412,False,http_error,HTTP Error 412: Precondition Failed,0
D_1NBBO912,412,False,http_error,HTTP Error 412: Precondition Failed,0
D_1NBBO913,412,False,http_error,HTTP Error 412: Precondition Failed,0
D_1NBBO914,412,False,http_error,HTTP Error 412: Precondition Failed,0
D_1NBBO915,412,False,http_error,HTTP Error 412: Precondition Failed,0
D_1NBBO916,412,False,http_error,HTTP Error 412: Precondition Failed,0
D_1NBBO917,412,False,http_error,HTTP Error 412: Precondition Failed,0
D_1NBBO918,412,False,http_error,HTTP Error 412: Precondition Failed,0
D_1NBBO919,412,False,http_error,HTTP Error 412: Precondition Failed,0
D_1NBBO920,412,False,http_error,HTTP Error 412: Precondition Failed,0
D_1NBBO921,412,False,http_error,HTTP Error 412: Precondition Failed,0
D_1NBBO922,412,False,http_error,HTTP Error 412: Precondition Failed,0
D_1NBBO923,412,False,http_error,HTTP Error 412: Precondition Failed,0
D_1NBBO924,412,False,http_error,HTTP Error 412: Precondition Failed,0
D_1NBBO925,412,False,http_error,HTTP Error 412: Precondition Failed,0
D_1NBBO926,412,False,http_error,HTTP Error 412: Precondition Failed,0
D_1NBBO927,412,False,http_error,HTTP Error 412: Precondition Failed,0
D_1NBBO928,412,False,http_error,HTTP Error 412: Precondition Failed,0
D_1NBBO929,412,False,http_error,HTTP Error 412: Precondition Failed,0
D_1NBBO930,412,False,http_error,HTTP Error 412: Precondition Failed,0
D_1NBBO931,412,False,http_error,HTTP Error 412: Precondition Failed,0
D_1NBBO932,412,False,http_error,HTTP Error 412: Precondition Failed,0
D_1NBBO933,412,False,http_error,HTTP Error 412: Precondition Failed,0
D_1NBBO934,412,False,http_error,HTTP Error 412: Precondition Failed,0
D_1NBBO935,412,False,http_error,HTTP Error 412: Precondition Failed,0
D_1NBBO936,412,False,http_error,HTTP Error 412: Precondition Failed,0
D_1NBBO937,412,False,http_error,HTTP Error 412: Precondition Failed,0
D_1NBBO938,412,False,http_error,HTTP Error 412: Precondition Failed,0
D_1NBBO939,412,False,http_error,HTTP Error 412: Precondition Failed,0
D_1NBBO940,412,False,http_error,HTTP Error 412: Precondition Failed,0
D_1NBBO941,412,False,http_error,HTTP Error 412: Precondition Failed,0
D_1NBBO942,412,False,http_error,HTTP Error 412: Precondition Failed,0
D_1NBBO943,412,False,http_error,HTTP Error 412: Precondition Failed,0
D_1NBBO944,412,False,http_error,HTTP Error 412: Precondition Failed,0
D_1NBBO945,412,False,http_error,HTTP Error 412: Precondition Failed,0
D_1NBBO946,412,False,http_error,HTTP Error 412: Precondition Failed,0
D_1NBBO947,412,False,http_error,HTTP Error 412: Precondition Failed,0
D_1NBBO948,412,False,http_error,HTTP Error 412: Precondition Failed,0
D_1NBBO949,412,False,http_error,HTTP Error 412: Precondition Failed,0
D_1NBBO950,412,False,http_error,HTTP Error 412: Precondition Failed,0
D_1NBBO951,412,False,http_error,HTTP Error 412: Precondition Failed,0
D_1NBBO952,412,False,http_error,HTTP Error 412: Precondition Failed,0
D_1NBBO953,412,False,http_error,HTTP Error 412: Precondition Failed,0
D_1NBBO954,412,False,http_error,HTTP Error 412: Precondition Failed,0
D_1NBBO955,412,False,http_error,HTTP Error 412: Precondition Failed,0
D_1NBBO956,412,False,http_error,HTTP Error 412: Precondition Failed,0
D_1NBBO957,412,False,http_error,HTTP Error 412: Precondition Failed,0
D_1NBBO958,412,False,http_error,HTTP Error 412: Precondition Failed,0
D_1NBBO959,412,False,http_error,HTTP Error 412: Precondition Failed,0
D_1NBBO960,,False,timeout,timed out,0
D_1NBBO961,412,False,http_error,HTTP Error 412: Precondition Failed,0
D_1NBBO962,412,False,http_error,HTTP Error 412: Precondition Failed,0
D_1NBBO963,412,False,http_error,HTTP Error 412: Precondition Failed,0
D_1NBBO964,412,False,http_error,HTTP Error 412: Precondition Failed,0
D_1NBBO965,412,False,http_error,HTTP Error 412: Precondition Failed,0
D_1NBBO966,412,False,http_error,HTTP Error 412: Precondition Failed,0
D_1NBBO967,412,False,http_error,HTTP Error 412: Precondition Failed,0
D_1NBBO968,412,False,http_error,HTTP Error 412: Precondition Failed,0
D_1NBBO969,412,False,http_error,HTTP Error 412: Precondition Failed,0
D_1NBBO970,412,False,http_error,HTTP Error 412: Precondition Failed,0
D_1NBBO971,412,False,http_error,HTTP Error 412: Precondition Failed,0
D_1NBBO972,412,False,http_error,HTTP Error 412: Precondition Failed,0
D_1NBBO973,412,False,http_error,HTTP Error 412: Precondition Failed,0
D_1NBBO974,412,False,http_error,HTTP Error 412: Precondition Failed,0
D_1NBBO975,412,False,http_error,HTTP Error 412: Precondition Failed,0
D_1NBBO976,412,False,http_error,HTTP Error 412: Precondition Failed,0
D_1NBBO977,412,False,http_error,HTTP Error 412: Precondition Failed,0
D_1NBBO978,412,False,http_error,HTTP Error 412: Precondition Failed,0
D_1NBBO979,412,False,http_error,HTTP Error 412: Precondition Failed,0
D_1NBBO980,412,False,http_error,HTTP Error 412: Precondition Failed,0
D_1NBBO981,412,False,http_error,HTTP Error 412: Precondition Failed,0
D_1NBBO982,412,False,http_error,HTTP Error 412: Precondition Failed,0
D_1NBBO983,412,False,http_error,HTTP Error 412: Precondition Failed,0
D_1NBBO984,412,False,http_error,HTTP Error 412: Precondition Failed,0
D_1NBBO985,412,False,http_error,HTTP Error 412: Precondition Failed,0
D_1NBBO986,412,False,http_error,HTTP Error 412: Precondition Failed,0
D_1NBBO987,412,False,http_error,HTTP Error 412: Precondition Failed,0
D_1NBBO988,412,False,http_error,HTTP Error 412: Precondition Failed,0
D_1NBBO989,412,False,http_error,HTTP Error 412: Precondition Failed,0
D_1NBBO990,412,False,http_error,HTTP Error 412: Precondition Failed,0
D_1NBBO991,412,False,http_error,HTTP Error 412: Precondition Failed,0
D_1NBBO992,412,False,http_error,HTTP Error 412: Precondition Failed,0
D_1NBBO993,412,False,http_error,HTTP Error 412: Precondition Failed,0
D_1NBBO994,412,False,http_error,HTTP Error 412: Precondition Failed,0
D_1NBBO995,412,False,http_error,HTTP Error 412: Precondition Failed,0
D_1NBBO996,412,False,http_error,HTTP Error 412: Precondition Failed,0
D_1NBBO997,412,False,http_error,HTTP Error 412: Precondition Failed,0
D_1NBBO998,412,False,http_error,HTTP Error 412: Precondition Failed,0
D_1NBBO999,412,False,http_error,HTTP Error 412: Precondition Failed,0
D_1NBBP000,412,False,http_error,HTTP Error 412: Precondition Failed,0
D_1NBBP001,412,False,http_error,HTTP Error 412: Precondition Failed,0
D_1NBBP002,412,False,http_error,HTTP Error 412: Precondition Failed,0
D_1NBBP003,412,False,http_error,HTTP Error 412: Precondition Failed,0
D_1NBBP004,412,False,http_error,HTTP Error 412: Precondition Failed,0
D_1NBBP005,,False,timeout,timed out,0
D_1NBBP006,412,False,http_error,HTTP Error 412: Precondition Failed,0
D_1NBBP007,412,False,http_error,HTTP Error 412: Precondition Failed,0
D_1NBBP008,412,False,http_error,HTTP Error 412: Precondition Failed,0
D_1NBBP009,412,False,http_error,HTTP Error 412: Precondition Failed,0
D_1NBBP010,412,False,http_error,HTTP Error 412: Precondition Failed,0
D_1NBBP011,412,False,http_error,HTTP Error 412: Precondition Failed,0
D_1NBBP012,412,False,http_error,HTTP Error 412: Precondition Failed,0
D_1NBBP013,412,False,http_error,HTTP Error 412: Precondition Failed,0
D_1NBBP014,412,False,http_error,HTTP Error 412: Precondition Failed,0
D_1NBBP015,412,False,http_error,HTTP Error 412: Precondition Failed,0
D_1NBBP016,412,False,http_error,HTTP Error 412: Precondition Failed,0
D_1NBBP017,412,False,http_error,HTTP Error 412: Precondition Failed,0
D_1NBBP018,,False,timeout,timed out,0
D_1NBBP019,412,False,http_error,HTTP Error 412: Precondition Failed,0
D_1NBBP020,412,False,http_error,HTTP Error 412: Precondition Failed,0
D_1NBBP021,412,False,http_error,HTTP Error 412: Precondition Failed,0
D_1NBBP022,412,False,http_error,HTTP Error 412: Precondition Failed,0
D_1NBBP023,412,False,http_error,HTTP Error 412: Precondition Failed,0
D_1NBBP024,412,False,http_error,HTTP Error 412: Precondition Failed,0
D_1NBBP025,412,False,http_error,HTTP Error 412: Precondition Failed,0
D_1NBBP026,412,False,http_error,HTTP Error 412: Precondition Failed,0
D_1NBBP027,412,False,http_error,HTTP Error 412: Precondition Failed,0
D_1NBBP028,412,False,http_error,HTTP Error 412: Precondition Failed,0
D_1NBBP029,412,False,http_error,HTTP Error 412: Precondition Failed,0
D_1NBBP030,412,False,http_error,HTTP Error 412: Precondition Failed,0
D_1NBBP031,412,False,http_error,HTTP Error 412: Precondition Failed,0
D_1NBBP032,412,False,http_error,HTTP Error 412: Precondition Failed,0
D_1NBBP033,412,False,http_error,HTTP Error 412: Precondition Failed,0
D_1NBBP034,412,False,http_error,HTTP Error 412: Precondition Failed,0
D_1NBBP035,412,False,http_error,HTTP Error 412: Precondition Failed,0
D_1NBBP036,412,False,http_error,HTTP Error 412: Precondition Failed,0
D_1NBBP037,412,False,http_error,HTTP Error 412: Precondition Failed,0
D_1NBBP038,412,False,http_error,HTTP Error 412: Precondition Failed,0
D_1NBBP039,412,False,http_error,HTTP Error 412: Precondition Failed,0
D_1NBBP040,412,False,http_error,HTTP Error 412: Precondition Failed,0
D_1NBBP041,412,False,http_error,HTTP Error 412: Precondition Failed,0
D_1NBBP042,412,False,http_error,HTTP Error 412: Precondition Failed,0
D_1NBBP043,412,False,http_error,HTTP Error 412: Precondition Failed,0
D_1NBBP044,412,False,http_error,HTTP Error 412: Precondition Failed,0
D_1NBBP045,412,False,http_error,HTTP Error 412: Precondition Failed,0
D_1NBBP046,412,False,http_error,HTTP Error 412: Precondition Failed,0
D_1NBBP047,412,False,http_error,HTTP Error 412: Precondition Failed,0
D_1NBBP048,412,False,http_error,HTTP Error 412: Precondition Failed,0
D_1NBBP049,412,False,http_error,HTTP Error 412: Precondition Failed,0
D_1NBBP050,412,False,http_error,HTTP Error 412: Precondition Failed,0
D_1NBBP051,412,False,http_error,HTTP Error 412: Precondition Failed,0
D_1NBBP052,412,False,http_error,HTTP Error 412: Precondition Failed,0
D_1NBBP053,412,False,http_error,HTTP Error 412: Precondition Failed,0
D_1NBBP054,412,False,http_error,HTTP Error 412: Precondition Failed,0
D_1NBBP055,412,False,http_error,HTTP Error 412: Precondition Failed,0
D_1NBBP056,412,False,http_error,HTTP Error 412: Precondition Failed,0
D_1NBBP057,412,False,http_error,HTTP Error 412: Precondition Failed,0
D_1NBBP058,412,False,http_error,HTTP Error 412: Precondition Failed,0
D_1NBBP059,412,False,http_error,HTTP Error 412: Precondition Failed,0
D_1NBBP060,412,False,http_error,HTTP Error 412: Precondition Failed,0
D_1NBBP061,412,False,http_error,HTTP Error 412: Precondition Failed,0
D_1NBBP062,412,False,http_error,HTTP Error 412: Precondition Failed,0
D_1NBBP063,412,False,http_error,HTTP Error 412: Precondition Failed,0
D_1NBBP064,412,False,http_error,HTTP Error 412: Precondition Failed,0
D_1NBBP065,412,False,http_error,HTTP Error 412: Precondition Failed,0
D_1NBBP066,412,False,http_error,HTTP Error 412: Precondition Failed,0
D_1NBBP067,412,False,http_error,HTTP Error 412: Precondition Failed,0
D_1NBBP068,412,False,http_error,HTTP Error 412: Precondition Failed,0
D_1NBBP069,412,False,http_error,HTTP Error 412: Precondition Failed,0
D_1NBBP070,412,False,http_error,HTTP Error 412: Precondition Failed,0
D_1NBBP071,412,False,http_error,HTTP Error 412: Precondition Failed,0
D_1NBBP072,412,False,http_error,HTTP Error 412: Precondition Failed,0
D_1NBBP073,412,False,http_error,HTTP Error 412: Precondition Failed,0
D_1NBBP074,412,False,http_error,HTTP Error 412: Precondition Failed,0
D_1NBBP075,412,False,http_error,HTTP Error 412: Precondition Failed,0
D_1NBBP076,412,False,http_error,HTTP Error 412: Precondition Failed,0
D_1NBBP077,412,False,http_error,HTTP Error 412: Precondition Failed,0
D_1NBBP078,412,False,http_error,HTTP Error 412: Precondition Failed,0
D_1NBBP079,412,False,http_error,HTTP Error 412: Precondition Failed,0
D_1NBBP080,412,False,http_error,HTTP Error 412: Precondition Failed,0
D_1NBBP081,412,False,http_error,HTTP Error 412: Precondition Failed,0
D_1NBBP082,412,False,http_error,HTTP Error 412: Precondition Failed,0
D_1NBBP083,412,False,http_error,HTTP Error 412: Precondition Failed,0
D_1NBBP084,412,False,http_error,HTTP Error 412: Precondition Failed,0
D_1NBBP085,412,False,http_error,HTTP Error 412: Precondition Failed,0
D_1NBBP086,412,False,http_error,HTTP Error 412: Precondition Failed,0
D_1NBBP087,412,False,http_error,HTTP Error 412: Precondition Failed,0
D_1NBBP088,412,False,http_error,HTTP Error 412: Precondition Failed,0
D_1NBBP089,412,False,http_error,HTTP Error 412: Precondition Failed,0
D_1NBBP090,412,False,http_error,HTTP Error 412: Precondition Failed,0
D_1NBBP091,412,False,http_error,HTTP Error 412: Precondition Failed,0
D_1NBBP092,412,False,http_error,HTTP Error 412: Precondition Failed,0
D_1NBBP093,412,False,http_error,HTTP Error 412: Precondition Failed,0
D_1NBBP094,412,False,http_error,HTTP Error 412: Precondition Failed,0
D_1NBBP095,412,False,http_error,HTTP Error 412: Precondition Failed,0
D_1NBBP096,412,False,http_error,HTTP Error 412: Precondition Failed,0
D_1NBBP097,412,False,http_error,HTTP Error 412: Precondition Failed,0
D_1NBBP098,412,False,http_error,HTTP Error 412: Precondition Failed,0
D_1NBBP099,412,False,http_error,HTTP Error 412: Precondition Failed,0
D_1NBBP100,412,False,http_error,HTTP Error 412: Precondition Failed,0
D_1NBBP101,412,False,http_error,HTTP Error 412: Precondition Failed,0
D_1NBBP102,412,False,http_error,HTTP Error 412: Precondition Failed,0
D_1NBBP103,412,False,http_error,HTTP Error 412: Precondition Failed,0
D_1NBBP104,412,False,http_error,HTTP Error 412: Precondition Failed,0
D_1NBBP105,412,False,http_error,HTTP Error 412: Precondition Failed,0
D_1NBBP106,412,False,http_error,HTTP Error 412: Precondition Failed,0
D_1NBBP107,412,False,http_error,HTTP Error 412: Precondition Failed,0
D_1NBBP108,412,False,http_error,HTTP Error 412: Precondition Failed,0
D_1NBBP109,412,False,http_error,HTTP Error 412: Precondition Failed,0
D_1NBBP110,412,False,http_error,HTTP Error 412: Precondition Failed,0
D_1NBBP111,412,False,http_error,HTTP Error 412: Precondition Failed,0
D_1NBBP112,412,False,http_error,HTTP Error 412: Precondition Failed,0
D_1NBBP113,412,False,http_error,HTTP Error 412: Precondition Failed,0
D_1NBBP114,412,False,http_error,HTTP Error 412: Precondition Failed,0
D_1NBBP115,412,False,http_error,HTTP Error 412: Precondition Failed,0
D_1NBBP116,412,False,http_error,HTTP Error 412: Precondition Failed,0
D_1NBBP117,412,False,http_error,HTTP Error 412: Precondition Failed,0
D_1NBBP118,412,False,http_error,HTTP Error 412: Precondition Failed,0
D_1NBBP119,412,False,http_error,HTTP Error 412: Precondition Failed,0
D_1NBBP120,412,False,http_error,HTTP Error 412: Precondition Failed,0
D_1NBBP121,412,False,http_error,HTTP Error 412: Precondition Failed,0
D_1NBBP122,412,False,http_error,HTTP Error 412: Precondition Failed,0
D_1NBBP123,412,False,http_error,HTTP Error 412: Precondition Failed,0
D_1NBBP124,412,False,http_error,HTTP Error 412: Precondition Failed,0
D_1NBBP125,412,False,http_error,HTTP Error 412: Precondition Failed,0
D_1NBBP126,,False,timeout,timed out,0
D_1NBBP127,412,False,http_error,HTTP Error 412: Precondition Failed,0
D_1NBBP128,,False,timeout,timed out,0
D_1NBBP129,412,False,http_error,HTTP Error 412: Precondition Failed,0
D_1NBBP130,412,False,http_error,HTTP Error 412: Precondition Failed,0
D_1NBBP131,412,False,http_error,HTTP Error 412: Precondition Failed,0
D_1NBBP132,412,False,http_error,HTTP Error 412: Precondition Failed,0
D_1NBBP133,412,False,http_error,HTTP Error 412: Precondition Failed,0
D_1NBBP134,412,False,http_error,HTTP Error 412: Precondition Failed,0
D_1NBBP135,412,False,http_error,HTTP Error 412: Precondition Failed,0
D_1NBBP136,412,False,http_error,HTTP Error 412: Precondition Failed,0
D_1NBBP137,412,False,http_error,HTTP Error 412: Precondition Failed,0
D_1NBBP138,412,False,http_error,HTTP Error 412: Precondition Failed,0
D_1NBBP139,412,False,http_error,HTTP Error 412: Precondition Failed,0
D_1NBBP140,412,False,http_error,HTTP Error 412: Precondition Failed,0
D_1NBBP141,412,False,http_error,HTTP Error 412: Precondition Failed,0
D_1NBBP142,412,False,http_error,HTTP Error 412: Precondition Failed,0
D_1NBBP143,412,False,http_error,HTTP Error 412: Precondition Failed,0
D_1NBBP144,412,False,http_error,HTTP Error 412: Precondition Failed,0
D_1NBBP145,412,False,http_error,HTTP Error 412: Precondition Failed,0
D_1NBBP146,412,False,http_error,HTTP Error 412: Precondition Failed,0
D_1NBBP147,412,False,http_error,HTTP Error 412: Precondition Failed,0
D_1NBBP148,412,False,http_error,HTTP Error 412: Precondition Failed,0
D_1NBBP149,412,False,http_error,HTTP Error 412: Precondition Failed,0
D_1NBBP150,412,False,http_error,HTTP Error 412: Precondition Failed,0
D_1NBBP151,412,False,http_error,HTTP Error 412: Precondition Failed,0
D_1NBBP152,412,False,http_error,HTTP Error 412: Precondition Failed,0
D_1NBBP153,412,False,http_error,HTTP Error 412: Precondition Failed,0
D_1NBBP154,412,False,http_error,HTTP Error 412: Precondition Failed,0
D_1NBBP155,412,False,http_error,HTTP Error 412: Precondition Failed,0
D_1NBBP156,412,False,http_error,HTTP Error 412: Precondition Failed,0
D_1NBBP157,412,False,http_error,HTTP Error 412: Precondition Failed,0
D_1NBBP158,412,False,http_error,HTTP Error 412: Precondition Failed,0
D_1NBBP159,412,False,http_error,HTTP Error 412: Precondition Failed,0
D_1NBBP160,412,False,http_error,HTTP Error 412: Precondition Failed,0
D_1NBBP161,412,False,http_error,HTTP Error 412: Precondition Failed,0
D_1NBBP162,412,False,http_error,HTTP Error 412: Precondition Failed,0
D_1NBBP163,412,False,http_error,HTTP Error 412: Precondition Failed,0
D_1NBBP164,412,False,http_error,HTTP Error 412: Precondition Failed,0
D_1NBBP165,412,False,http_error,HTTP Error 412: Precondition Failed,0
D_1NBBP166,412,False,http_error,HTTP Error 412: Precondition Failed,0
D_1NBBP167,412,False,http_error,HTTP Error 412: Precondition Failed,0
D_1NBBP168,412,False,http_error,HTTP Error 412: Precondition Failed,0
D_1NBBP169,412,False,http_error,HTTP Error 412: Precondition Failed,0
D_1NBBP170,412,False,http_error,HTTP Error 412: Precondition Failed,0
D_1NBBP171,412,False,http_error,HTTP Error 412: Precondition Failed,0
D_1NBBP172,412,False,http_error,HTTP Error 412: Precondition Failed,0
D_1NBBP173,412,False,http_error,HTTP Error 412: Precondition Failed,0
D_1NBBP174,412,False,http_error,HTTP Error 412: Precondition Failed,0
D_1NBBP175,412,False,http_error,HTTP Error 412: Precondition Failed,0
D_1NBBP176,412,False,http_error,HTTP Error 412: Precondition Failed,0
D_1NBBP177,412,False,http_error,HTTP Error 412: Precondition Failed,0
D_1NBBP178,412,False,http_error,HTTP Error 412: Precondition Failed,0
D_1NBBP179,412,False,http_error,HTTP Error 412: Precondition Failed,0
D_1NBBP180,412,False,http_error,HTTP Error 412: Precondition Failed,0
D_1NBBP181,412,False,http_error,HTTP Error 412: Precondition Failed,0
D_1NBBP182,412,False,http_error,HTTP Error 412: Precondition Failed,0
D_1NBBP183,412,False,http_error,HTTP Error 412: Precondition Failed,0
D_1NBBP184,412,False,http_error,HTTP Error 412: Precondition Failed,0
D_1NBBP185,412,False,http_error,HTTP Error 412: Precondition Failed,0
D_1NBBP186,412,False,http_error,HTTP Error 412: Precondition Failed,0
D_1NBBP187,412,False,http_error,HTTP Error 412: Precondition Failed,0
D_1NBBP188,412,False,http_error,HTTP Error 412: Precondition Failed,0
D_1NBBP189,412,False,http_error,HTTP Error 412: Precondition Failed,0
D_1NBBP190,412,False,http_error,HTTP Error 412: Precondition Failed,0
D_1NBBP191,412,False,http_error,HTTP Error 412: Precondition Failed,0
D_1NBBP192,412,False,http_error,HTTP Error 412: Precondition Failed,0
D_1NBBP193,412,False,http_error,HTTP Error 412: Precondition Failed,0
D_1NBBP194,412,False,http_error,HTTP Error 412: Precondition Failed,0
D_1NBBP195,412,False,http_error,HTTP Error 412: Precondition Failed,0
D_1NBBP196,412,False,http_error,HTTP Error 412: Precondition Failed,0
D_1NBBP197,412,False,http_error,HTTP Error 412: Precondition Failed,0
D_1NBBP198,412,False,http_error,HTTP Error 412: Precondition Failed,0
D_1NBBP199,412,False,http_error,HTTP Error 412: Precondition Failed,0
D_1NBBP200,412,False,http_error,HTTP Error 412: Precondition Failed,0
D_1NBBP201,412,False,http_error,HTTP Error 412: Precondition Failed,0
D_1NBBP202,412,False,http_error,HTTP Error 412: Precondition Failed,0
D_1NBBP203,412,False,http_error,HTTP Error 412: Precondition Failed,0
D_1NBBP204,412,False,http_error,HTTP Error 412: Precondition Failed,0
D_1NBBP205,412,False,http_error,HTTP Error 412: Precondition Failed,0
D_1NBBP206,412,False,http_error,HTTP Error 412: Precondition Failed,0
D_1NBBP207,412,False,http_error,HTTP Error 412: Precondition Failed,0
D_1NBBP208,412,False,http_error,HTTP Error 412: Precondition Failed,0
D_1NBBP209,412,False,http_error,HTTP Error 412: Precondition Failed,0
D_1NBBP210,412,False,http_error,HTTP Error 412: Precondition Failed,0
D_1NBBP211,412,False,http_error,HTTP Error 412: Precondition Failed,0
D_1NBBP212,412,False,http_error,HTTP Error 412: Precondition Failed,0
D_1NBBP213,412,False,http_error,HTTP Error 412: Precondition Failed,0
D_1NBBP214,412,False,http_error,HTTP Error 412: Precondition Failed,0
D_1NBBP215,412,False,http_error,HTTP Error 412: Precondition Failed,0
D_1NBBP216,412,False,http_error,HTTP Error 412: Precondition Failed,0
D_1NBBP217,412,False,http_error,HTTP Error 412: Precondition Failed,0
D_1NBBP218,412,False,http_error,HTTP Error 412: Precondition Failed,0
D_1NBBP219,412,False,http_error,HTTP Error 412: Precondition Failed,0
D_1NBBP220,412,False,http_error,HTTP Error 412: Precondition Failed,0
D_1NBBP221,412,False,http_error,HTTP Error 412: Precondition Failed,0
D_1NBBP222,412,False,http_error,HTTP Error 412: Precondition Failed,0
D_1NBBP223,412,False,http_error,HTTP Error 412: Precondition Failed,0
D_1NBBP224,412,False,http_error,HTTP Error 412: Precondition Failed,0
D_1NBBP225,412,False,http_error,HTTP Error 412: Precondition Failed,0
D_1NBBP226,412,False,http_error,HTTP Error 412: Precondition Failed,0
D_1NBBP227,412,False,http_error,HTTP Error 412: Precondition Failed,0
D_1NBBP228,412,False,http_error,HTTP Error 412: Precondition Failed,0
D_1NBBP229,412,False,http_error,HTTP Error 412: Precondition Failed,0
D_1NBBP230,412,False,http_error,HTTP Error 412: Precondition Failed,0
D_1NBBP231,412,False,http_error,HTTP Error 412: Precondition Failed,0
D_1NBBP232,412,False,http_error,HTTP Error 412: Precondition Failed,0
D_1NBBP233,412,False,http_error,HTTP Error 412: Precondition Failed,0
D_1NBBP234,412,False,http_error,HTTP Error 412: Precondition Failed,0
D_1NBBP235,412,False,http_error,HTTP Error 412: Precondition Failed,0
D_1NBBP236,412,False,http_error,HTTP Error 412: Precondition Failed,0
D_1NBBP237,412,False,http_error,HTTP Error 412: Precondition Failed,0
D_1NBBP238,412,False,http_error,HTTP Error 412: Precondition Failed,0
D_1NBBP239,412,False,http_error,HTTP Error 412: Precondition Failed,0
D_1NBBP240,412,False,http_error,HTTP Error 412: Precondition Failed,0
D_1NBBP241,412,False,http_error,HTTP Error 412: Precondition Failed,0
D_1NBBP242,412,False,http_error,HTTP Error 412: Precondition Failed,0
D_1NBBP243,412,False,http_error,HTTP Error 412: Precondition Failed,0
D_1NBBP244,412,False,http_error,HTTP Error 412: Precondition Failed,0
D_1NBBP245,412,False,http_error,HTTP Error 412: Precondition Failed,0
D_1NBBP246,412,False,http_error,HTTP Error 412: Precondition Failed,0
D_1NBBP247,412,False,http_error,HTTP Error 412: Precondition Failed,0
D_1NBBP248,412,False,http_error,HTTP Error 412: Precondition Failed,0
D_1NBBP249,412,False,http_error,HTTP Error 412: Precondition Failed,0
D_1NBBP250,412,False,http_error,HTTP Error 412: Precondition Failed,0
D_1NBBP251,412,False,http_error,HTTP Error 412: Precondition Failed,0
D_1NBBP252,412,False,http_error,HTTP Error 412: Precondition Failed,0
D_1NBBP253,412,False,http_error,HTTP Error 412: Precondition Failed,0
D_1NBBP254,412,False,http_error,HTTP Error 412: Precondition Failed,0
D_1NBBP255,412,False,http_error,HTTP Error 412: Precondition Failed,0
D_1NBBP256,412,False,http_error,HTTP Error 412: Precondition Failed,0
D_1NBBP257,412,False,http_error,HTTP Error 412: Precondition Failed,0
D_1NBBP258,412,False,http_error,HTTP Error 412: Precondition Failed,0
D_1NBBP259,412,False,http_error,HTTP Error 412: Precondition Failed,0
D_1NBBP260,412,False,http_error,HTTP Error 412: Precondition Failed,0
D_1NBBP261,412,False,http_error,HTTP Error 412: Precondition Failed,0
D_1NBBP262,412,False,http_error,HTTP Error 412: Precondition Failed,0
D_1NBBP263,412,False,http_error,HTTP Error 412: Precondition Failed,0
D_1NBBP264,412,False,http_error,HTTP Error 412: Precondition Failed,0
D_1NBBP265,412,False,http_error,HTTP Error 412: Precondition Failed,0
D_1NBBP266,412,False,http_error,HTTP Error 412: Precondition Failed,0
D_1NBBP267,412,False,http_error,HTTP Error 412: Precondition Failed,0
D_1NBBP268,412,False,http_error,HTTP Error 412: Precondition Failed,0
D_1NBBP269,412,False,http_error,HTTP Error 412: Precondition Failed,0
D_1NBBP270,412,False,http_error,HTTP Error 412: Precondition Failed,0
D_1NBBP271,412,False,http_error,HTTP Error 412: Precondition Failed,0
D_1NBBP272,412,False,http_error,HTTP Error 412: Precondition Failed,0
D_1NBBP273,412,False,http_error,HTTP Error 412: Precondition Failed,0
D_1NBBP274,412,False,http_error,HTTP Error 412: Precondition Failed,0
D_1NBBP275,412,False,http_error,HTTP Error 412: Precondition Failed,0
D_1NBBP276,412,False,http_error,HTTP Error 412: Precondition Failed,0
D_1NBBP277,412,False,http_error,HTTP Error 412: Precondition Failed,0
D_1NBBP278,412,False,http_error,HTTP Error 412: Precondition Failed,0
D_1NBBP279,412,False,http_error,HTTP Error 412: Precondition Failed,0
D_1NBBP280,412,False,http_error,HTTP Error 412: Precondition Failed,0
D_1NBBP281,412,False,http_error,HTTP Error 412: Precondition Failed,0
D_1NBBP282,412,False,http_error,HTTP Error 412: Precondition Failed,0
D_1NBBP283,412,False,http_error,HTTP Error 412: Precondition Failed,0
D_1NBBP284,412,False,http_error,HTTP Error 412: Precondition Failed,0
D_1NBBP285,412,False,http_error,HTTP Error 412: Precondition Failed,0
D_1NBBP286,412,False,http_error,HTTP Error 412: Precondition Failed,0
D_1NBBP287,412,False,http_error,HTTP Error 412: Precondition Failed,0
D_1NBBP288,412,False,http_error,HTTP Error 412: Precondition Failed,0
D_1NBBP289,412,False,http_error,HTTP Error 412: Precondition Failed,0
D_1NBBP290,412,False,http_error,HTTP Error 412: Precondition Failed,0
D_1NBBP291,412,False,http_error,HTTP Error 412: Precondition Failed,0
D_1NBBP292,412,False,http_error,HTTP Error 412: Precondition Failed,0
D_1NBBP293,412,False,http_error,HTTP Error 412: Precondition Failed,0
D_1NBBP294,412,False,http_error,HTTP Error 412: Precondition Failed,0
D_1NBBP295,412,False,http_error,HTTP Error 412: Precondition Failed,0
D_1NBBP296,412,False,http_error,HTTP Error 412: Precondition Failed,0
D_1NBBP297,412,False,http_error,HTTP Error 412: Precondition Failed,0
D_1NBBP298,412,False,http_error,HTTP Error 412: Precondition Failed,0
D_1NBBP299,412,False,http_error,HTTP Error 412: Precondition Failed,0
D_1NBBP300,412,False,http_error,HTTP Error 412: Precondition Failed,0
D_1NBBP301,200,False,parse_error,Expecting value: line 1 column 1 (char 0),0
D_1NBBP302,200,False,parse_error,Expecting value: line 1 column 1 (char 0),0
D_1NBBP303,200,False,parse_error,Expecting value: line 1 column 1 (char 0),0
D_1NBBP304,200,False,parse_error,Expecting value: line 1 column 1 (char 0),0
D_1NBBP305,200,False,parse_error,Expecting value: line 1 column 1 (char 0),0
D_1NBBP306,200,False,parse_error,Expecting value: line 1 column 1 (char 0),0
D_1NBBP307,200,False,parse_error,Expecting value: line 1 column 1 (char 0),0
D_1NBBP308,200,False,parse_error,Expecting value: line 1 column 1 (char 0),0
D_1NBBP309,200,False,parse_error,Expecting value: line 1 column 1 (char 0),0
D_1NBBP310,200,False,parse_error,Expecting value: line 1 column 1 (char 0),0
D_1NBBP311,200,False,parse_error,Expecting value: line 1 column 1 (char 0),0
D_1NBBP312,412,False,http_error,HTTP Error 412: Precondition Failed,0
D_1NBBP313,412,False,http_error,HTTP Error 412: Precondition Failed,0
D_1NBBP314,200,False,parse_error,Expecting value: line 1 column 1 (char 0),0
D_1NBBP315,200,False,parse_error,Expecting value: line 1 column 1 (char 0),0
D_1NBBP316,200,False,parse_error,Expecting value: line 1 column 1 (char 0),0
D_1NBBP317,200,False,parse_error,Expecting value: line 1 column 1 (char 0),0
D_1NBBP318,412,False,http_error,HTTP Error 412: Precondition Failed,0
D_1NBBP319,,False,timeout,timed out,0
D_1NBBP320,412,False,http_error,HTTP Error 412: Precondition Failed,0
D_1NBBP321,,False,timeout,timed out,0
D_1NBBP322,,False,timeout,timed out,0
D_1NBBP323,,False,timeout,timed out,0
D_1NBBP324,,False,timeout,timed out,0
D_1NBBP325,412,False,http_error,HTTP Error 412: Precondition Failed,0
D_1NBBP326,412,False,http_error,HTTP Error 412: Precondition Failed,0
D_1NBBP327,412,False,http_error,HTTP Error 412: Precondition Failed,0
D_1NBBP328,412,False,http_error,HTTP Error 412: Precondition Failed,0
D_1NBBP329,412,False,http_error,HTTP Error 412: Precondition Failed,0
D_1NBBP330,412,False,http_error,HTTP Error 412: Precondition Failed,0
D_1NBBP331,412,False,http_error,HTTP Error 412: Precondition Failed,0
D_1NBBP332,412,False,http_error,HTTP Error 412: Precondition Failed,0
D_1NBBP333,412,False,http_error,HTTP Error 412: Precondition Failed,0
D_1NBBP334,412,False,http_error,HTTP Error 412: Precondition Failed,0
D_1NBBP335,412,False,http_error,HTTP Error 412: Precondition Failed,0
D_1NBBP336,412,False,http_error,HTTP Error 412: Precondition Failed,0
D_1NBBP337,412,False,http_error,HTTP Error 412: Precondition Failed,0
D_1NBBP338,412,False,http_error,HTTP Error 412: Precondition Failed,0
D_1NBBP339,412,False,http_error,HTTP Error 412: Precondition Failed,0
D_1NBBP340,412,False,http_error,HTTP Error 412: Precondition Failed,0
D_1NBBP341,412,False,http_error,HTTP Error 412: Precondition Failed,0
D_1NBBP342,412,False,http_error,HTTP Error 412: Precondition Failed,0
D_1NBBP343,412,False,http_error,HTTP Error 412: Precondition Failed,0
D_1NBBP344,412,False,http_error,HTTP Error 412: Precondition Failed,0
D_1NBBP345,412,False,http_error,HTTP Error 412: Precondition Failed,0
D_1NBBP346,412,False,http_error,HTTP Error 412: Precondition Failed,0
D_1NBBP347,412,False,http_error,HTTP Error 412: Precondition Failed,0
D_1NBBP348,412,False,http_error,HTTP Error 412: Precondition Failed,0
D_1NBBP349,200,False,parse_error,Expecting value: line 1 column 1 (char 0),0
D_1NBBP350,412,False,http_error,HTTP Error 412: Precondition Failed,0
D_1NBBP351,412,False,http_error,HTTP Error 412: Precondition Failed,0
D_1NBBP352,412,False,http_error,HTTP Error 412: Precondition Failed,0
D_1NBBP353,412,False,http_error,HTTP Error 412: Precondition Failed,0
D_1NBBP354,412,False,http_error,HTTP Error 412: Precondition Failed,0
D_1NBBP355,412,False,http_error,HTTP Error 412: Precondition Failed,0
D_1NBBP356,412,False,http_error,HTTP Error 412: Precondition Failed,0
D_1NBBP357,412,False,http_error,HTTP Error 412: Precondition Failed,0
D_1NBBP358,412,False,http_error,HTTP Error 412: Precondition Failed,0
D_1NBBP359,412,False,http_error,HTTP Error 412: Precondition Failed,0
D_1NBBP360,412,False,http_error,HTTP Error 412: Precondition Failed,0
D_1NBBP361,412,False,http_error,HTTP Error 412: Precondition Failed,0
D_1NBBP362,412,False,http_error,HTTP Error 412: Precondition Failed,0
D_1NBBP363,412,False,http_error,HTTP Error 412: Precondition Failed,0
D_1NBBP364,412,False,http_error,HTTP Error 412: Precondition Failed,0
D_1NBBP365,412,False,http_error,HTTP Error 412: Precondition Failed,0
D_1NBBP366,412,False,http_error,HTTP Error 412: Precondition Failed,0
D_1NBBP367,412,False,http_error,HTTP Error 412: Precondition Failed,0
D_1NBBP368,412,False,http_error,HTTP Error 412: Precondition Failed,0
D_1NBBP369,412,False,http_error,HTTP Error 412: Precondition Failed,0
D_1NBBP370,412,False,http_error,HTTP Error 412: Precondition Failed,0
D_1NBBP371,412,False,http_error,HTTP Error 412: Precondition Failed,0
D_1NBBP372,412,False,http_error,HTTP Error 412: Precondition Failed,0
D_1NBBP373,412,False,http_error,HTTP Error 412: Precondition Failed,0
D_1NBBP374,412,False,http_error,HTTP Error 412: Precondition Failed,0
D_1NBBP375,412,False,http_error,HTTP Error 412: Precondition Failed,0
D_1NBBP376,412,False,http_error,HTTP Error 412: Precondition Failed,0
D_1NBBP377,412,False,http_error,HTTP Error 412: Precondition Failed,0
D_1NBBP378,412,False,http_error,HTTP Error 412: Precondition Failed,0
D_1NBBP379,412,False,http_error,HTTP Error 412: Precondition Failed,0
D_1NBBP380,412,False,http_error,HTTP Error 412: Precondition Failed,0
D_1NBBP381,412,False,http_error,HTTP Error 412: Precondition Failed,0
D_1NBBP382,412,False,http_error,HTTP Error 412: Precondition Failed,0
D_1NBBP383,412,False,http_error,HTTP Error 412: Precondition Failed,0
D_1NBBP384,412,False,http_error,HTTP Error 412: Precondition Failed,0
D_1NBBP385,412,False,http_error,HTTP Error 412: Precondition Failed,0
D_1NBBP386,412,False,http_error,HTTP Error 412: Precondition Failed,0
D_1NBBP387,412,False,http_error,HTTP Error 412: Precondition Failed,0
D_1NBBP388,412,False,http_error,HTTP Error 412: Precondition Failed,0
D_1NBBP389,412,False,http_error,HTTP Error 412: Precondition Failed,0
D_1NBBP390,412,False,http_error,HTTP Error 412: Precondition Failed,0
D_1NBBP391,412,False,http_error,HTTP Error 412: Precondition Failed,0
D_1NBBP392,412,False,http_error,HTTP Error 412: Precondition Failed,0
D_1NBBP393,412,False,http_error,HTTP Error 412: Precondition Failed,0
D_1NBBP394,412,False,http_error,HTTP Error 412: Precondition Failed,0
D_1NBBP395,412,False,http_error,HTTP Error 412: Precondition Failed,0
D_1NBBP396,412,False,http_error,HTTP Error 412: Precondition Failed,0
D_1NBBP397,412,False,http_error,HTTP Error 412: Precondition Failed,0
D_1NBBP398,412,False,http_error,HTTP Error 412: Precondition Failed,0
D_1NBBP399,412,False,http_error,HTTP Error 412: Precondition Failed,0
D_1NBBP400,412,False,http_error,HTTP Error 412: Precondition Failed,0
D_1NBBP401,412,False,http_error,HTTP Error 412: Precondition Failed,0
D_1NBBP402,412,False,http_error,HTTP Error 412: Precondition Failed,0
D_1NBBP403,412,False,http_error,HTTP Error 412: Precondition Failed,0
D_1NBBP404,412,False,http_error,HTTP Error 412: Precondition Failed,0
D_1NBBP405,412,False,http_error,HTTP Error 412: Precondition Failed,0
D_1NBBP406,412,False,http_error,HTTP Error 412: Precondition Failed,0
D_1NBBP407,412,False,http_error,HTTP Error 412: Precondition Failed,0
D_1NBBP408,412,False,http_error,HTTP Error 412: Precondition Failed,0
D_1NBBP409,412,False,http_error,HTTP Error 412: Precondition Failed,0
D_1NBBP410,412,False,http_error,HTTP Error 412: Precondition Failed,0
D_1NBBP411,412,False,http_error,HTTP Error 412: Precondition Failed,0
D_1NBBP412,412,False,http_error,HTTP Error 412: Precondition Failed,0
D_1NBBP413,412,False,http_error,HTTP Error 412: Precondition Failed,0
D_1NBBP414,412,False,http_error,HTTP Error 412: Precondition Failed,0
D_1NBBP415,412,False,http_error,HTTP Error 412: Precondition Failed,0
D_1NBBP416,412,False,http_error,HTTP Error 412: Precondition Failed,0
D_1NBBP417,412,False,http_error,HTTP Error 412: Precondition Failed,0
D_1NBBP418,412,False,http_error,HTTP Error 412: Precondition Failed,0
D_1NBBP419,412,False,http_error,HTTP Error 412: Precondition Failed,0
D_1NBBP420,412,False,http_error,HTTP Error 412: Precondition Failed,0
D_1NBBP421,412,False,http_error,HTTP Error 412: Precondition Failed,0
D_1NBBP422,412,False,http_error,HTTP Error 412: Precondition Failed,0
D_1NBBP423,412,False,http_error,HTTP Error 412: Precondition Failed,0
D_1NBBP424,412,False,http_error,HTTP Error 412: Precondition Failed,0
D_1NBBP425,412,False,http_error,HTTP Error 412: Precondition Failed,0
D_1NBBP426,412,False,http_error,HTTP Error 412: Precondition Failed,0
D_1NBBP427,412,False,http_error,HTTP Error 412: Precondition Failed,0
D_1NBBP428,412,False,http_error,HTTP Error 412: Precondition Failed,0
D_1NBBP429,412,False,http_error,HTTP Error 412: Precondition Failed,0
D_1NBBP430,412,False,http_error,HTTP Error 412: Precondition Failed,0
D_1NBBP431,412,False,http_error,HTTP Error 412: Precondition Failed,0
D_1NBBP432,412,False,http_error,HTTP Error 412: Precondition Failed,0
D_1NBBP433,412,False,http_error,HTTP Error 412: Precondition Failed,0
D_1NBBP434,412,False,http_error,HTTP Error 412: Precondition Failed,0
D_1NBBP435,412,False,http_error,HTTP Error 412: Precondition Failed,0
D_1NBBP436,412,False,http_error,HTTP Error 412: Precondition Failed,0
D_1NBBP437,412,False,http_error,HTTP Error 412: Precondition Failed,0
D_1NBBP438,412,False,http_error,HTTP Error 412: Precondition Failed,0
D_1NBBP439,412,False,http_error,HTTP Error 412: Precondition Failed,0
D_1NBBP440,412,False,http_error,HTTP Error 412: Precondition Failed,0
D_1NBBP441,412,False,http_error,HTTP Error 412: Precondition Failed,0
D_1NBBP442,412,False,http_error,HTTP Error 412: Precondition Failed,0
D_1NBBP443,412,False,http_error,HTTP Error 412: Precondition Failed,0
D_1NBBP444,412,False,http_error,HTTP Error 412: Precondition Failed,0
D_1NBBP445,412,False,http_error,HTTP Error 412: Precondition Failed,0
D_1NBBP446,412,False,http_error,HTTP Error 412: Precondition Failed,0
D_1NBBP447,412,False,http_error,HTTP Error 412: Precondition Failed,0
D_1NBBP448,412,False,http_error,HTTP Error 412: Precondition Failed,0
D_1NBBP449,412,False,http_error,HTTP Error 412: Precondition Failed,0
D_1NBBP450,412,False,http_error,HTTP Error 412: Precondition Failed,0
D_1NBBP451,412,False,http_error,HTTP Error 412: Precondition Failed,0
D_1NBBP452,412,False,http_error,HTTP Error 412: Precondition Failed,0
D_1NBBP453,412,False,http_error,HTTP Error 412: Precondition Failed,0
D_1NBBP454,412,False,http_error,HTTP Error 412: Precondition Failed,0
D_1NBBP455,412,False,http_error,HTTP Error 412: Precondition Failed,0
D_1NBBP456,412,False,http_error,HTTP Error 412: Precondition Failed,0
D_1NBBP457,412,False,http_error,HTTP Error 412: Precondition Failed,0
D_1NBBP458,412,False,http_error,HTTP Error 412: Precondition Failed,0
D_1NBBP459,412,False,http_error,HTTP Error 412: Precondition Failed,0
D_1NBBP460,412,False,http_error,HTTP Error 412: Precondition Failed,0
D_1NBBP461,412,False,http_error,HTTP Error 412: Precondition Failed,0
D_1NBBP462,412,False,http_error,HTTP Error 412: Precondition Failed,0
D_1NBBP463,412,False,http_error,HTTP Error 412: Precondition Failed,0
D_1NBBP464,412,False,http_error,HTTP Error 412: Precondition Failed,0
D_1NBBP465,412,False,http_error,HTTP Error 412: Precondition Failed,0
D_1NBBP466,412,False,http_error,HTTP Error 412: Precondition Failed,0
D_1NBBP467,412,False,http_error,HTTP Error 412: Precondition Failed,0
D_1NBBP468,412,False,http_error,HTTP Error 412: Precondition Failed,0
D_1NBBP469,412,False,http_error,HTTP Error 412: Precondition Failed,0
D_1NBBP470,412,False,http_error,HTTP Error 412: Precondition Failed,0
D_1NBBP471,412,False,http_error,HTTP Error 412: Precondition Failed,0
D_1NBBP472,412,False,http_error,HTTP Error 412: Precondition Failed,0
D_1NBBP473,412,False,http_error,HTTP Error 412: Precondition Failed,0
D_1NBBP474,412,False,http_error,HTTP Error 412: Precondition Failed,0
D_1NBBP475,412,False,http_error,HTTP Error 412: Precondition Failed,0
D_1NBBP476,412,False,http_error,HTTP Error 412: Precondition Failed,0
D_1NBBP477,412,False,http_error,HTTP Error 412: Precondition Failed,0
D_1NBBP478,412,False,http_error,HTTP Error 412: Precondition Failed,0
D_1NBBP479,412,False,http_error,HTTP Error 412: Precondition Failed,0
D_1NBBP480,412,False,http_error,HTTP Error 412: Precondition Failed,0
D_1NBBP481,412,False,http_error,HTTP Error 412: Precondition Failed,0
D_1NBBP482,412,False,http_error,HTTP Error 412: Precondition Failed,0
D_1NBBP483,412,False,http_error,HTTP Error 412: Precondition Failed,0
D_1NBBP484,412,False,http_error,HTTP Error 412: Precondition Failed,0
D_1NBBP485,412,False,http_error,HTTP Error 412: Precondition Failed,0
D_1NBBP486,412,False,http_error,HTTP Error 412: Precondition Failed,0
D_1NBBP487,412,False,http_error,HTTP Error 412: Precondition Failed,0
D_1NBBP488,412,False,http_error,HTTP Error 412: Precondition Failed,0
D_1NBBP489,412,False,http_error,HTTP Error 412: Precondition Failed,0
D_1NBBP490,412,False,http_error,HTTP Error 412: Precondition Failed,0
D_1NBBP491,412,False,http_error,HTTP Error 412: Precondition Failed,0
D_1NBBP492,412,False,http_error,HTTP Error 412: Precondition Failed,0
D_1NBBP493,412,False,http_error,HTTP Error 412: Precondition Failed,0
D_1NBBP494,412,False,http_error,HTTP Error 412: Precondition Failed,0
D_1NBBP495,412,False,http_error,HTTP Error 412: Precondition Failed,0
D_1NBBP496,412,False,http_error,HTTP Error 412: Precondition Failed,0
D_1NBBP497,412,False,http_error,HTTP Error 412: Precondition Failed,0
D_1NBBP498,412,False,http_error,HTTP Error 412: Precondition Failed,0
D_1NBBP499,412,False,http_error,HTTP Error 412: Precondition Failed,0
D_1NBBP500,412,False,http_error,HTTP Error 412: Precondition Failed,0
D_1NBBP501,412,False,http_error,HTTP Error 412: Precondition Failed,0
D_1NBBP502,412,False,http_error,HTTP Error 412: Precondition Failed,0
D_1NBBP503,412,False,http_error,HTTP Error 412: Precondition Failed,0
D_1NBBP504,412,False,http_error,HTTP Error 412: Precondition Failed,0
D_1NBBP505,412,False,http_error,HTTP Error 412: Precondition Failed,0
D_1NBBP506,412,False,http_error,HTTP Error 412: Precondition Failed,0
D_1NBBP507,412,False,http_error,HTTP Error 412: Precondition Failed,0
D_1NBBP508,412,False,http_error,HTTP Error 412: Precondition Failed,0
D_1NBBP509,412,False,http_error,HTTP Error 412: Precondition Failed,0
D_1NBBP510,412,False,http_error,HTTP Error 412: Precondition Failed,0
D_1NBBP511,412,False,http_error,HTTP Error 412: Precondition Failed,0
D_1NBBP512,412,False,http_error,HTTP Error 412: Precondition Failed,0
D_1NBBP513,412,False,http_error,HTTP Error 412: Precondition Failed,0
D_1NBBP514,412,False,http_error,HTTP Error 412: Precondition Failed,0
D_1NBBP515,412,False,http_error,HTTP Error 412: Precondition Failed,0
D_1NBBP516,412,False,http_error,HTTP Error 412: Precondition Failed,0
D_1NBBP517,412,False,http_error,HTTP Error 412: Precondition Failed,0
D_1NBBP518,412,False,http_error,HTTP Error 412: Precondition Failed,0
D_1NBBP519,412,False,http_error,HTTP Error 412: Precondition Failed,0
D_1NBBP520,412,False,http_error,HTTP Error 412: Precondition Failed,0
D_1NBBP521,412,False,http_error,HTTP Error 412: Precondition Failed,0
D_1NBBP522,412,False,http_error,HTTP Error 412: Precondition Failed,0
D_1NBBP523,412,False,http_error,HTTP Error 412: Precondition Failed,0
D_1NBBP524,412,False,http_error,HTTP Error 412: Precondition Failed,0
D_1NBBP525,412,False,http_error,HTTP Error 412: Precondition Failed,0
D_1NBBP526,412,False,http_error,HTTP Error 412: Precondition Failed,0
D_1NBBP527,412,False,http_error,HTTP Error 412: Precondition Failed,0
D_1NBBP528,412,False,http_error,HTTP Error 412: Precondition Failed,0
D_1NBBP529,412,False,http_error,HTTP Error 412: Precondition Failed,0
D_1NBBP530,412,False,http_error,HTTP Error 412: Precondition Failed,0
D_1NBBP531,412,False,http_error,HTTP Error 412: Precondition Failed,0
D_1NBBP532,412,False,http_error,HTTP Error 412: Precondition Failed,0
D_1NBBP533,412,False,http_error,HTTP Error 412: Precondition Failed,0
D_1NBBP534,412,False,http_error,HTTP Error 412: Precondition Failed,0
D_1NBBP535,412,False,http_error,HTTP Error 412: Precondition Failed,0
D_1NBBP536,412,False,http_error,HTTP Error 412: Precondition Failed,0
D_1NBBP537,412,False,http_error,HTTP Error 412: Precondition Failed,0
D_1NBBP538,412,False,http_error,HTTP Error 412: Precondition Failed,0
D_1NBBP539,412,False,http_error,HTTP Error 412: Precondition Failed,0
D_1NBBP540,412,False,http_error,HTTP Error 412: Precondition Failed,0
D_1NBBP541,412,False,http_error,HTTP Error 412: Precondition Failed,0
D_1NBBP542,412,False,http_error,HTTP Error 412: Precondition Failed,0
D_1NBBP543,412,False,http_error,HTTP Error 412: Precondition Failed,0
D_1NBBP544,412,False,http_error,HTTP Error 412: Precondition Failed,0
D_1NBBP545,412,False,http_error,HTTP Error 412: Precondition Failed,0
D_1NBBP546,412,False,http_error,HTTP Error 412: Precondition Failed,0
D_1NBBP547,412,False,http_error,HTTP Error 412: Precondition Failed,0
D_1NBBP548,412,False,http_error,HTTP Error 412: Precondition Failed,0
D_1NBBP549,412,False,http_error,HTTP Error 412: Precondition Failed,0
D_1NBBP550,412,False,http_error,HTTP Error 412: Precondition Failed,0
D_1NBBP551,412,False,http_error,HTTP Error 412: Precondition Failed,0
D_1NBBP552,412,False,http_error,HTTP Error 412: Precondition Failed,0
D_1NBBP553,412,False,http_error,HTTP Error 412: Precondition Failed,0
D_1NBBP554,412,False,http_error,HTTP Error 412: Precondition Failed,0
D_1NBBP555,412,False,http_error,HTTP Error 412: Precondition Failed,0
D_1NBBP556,412,False,http_error,HTTP Error 412: Precondition Failed,0
D_1NBBP557,412,False,http_error,HTTP Error 412: Precondition Failed,0
D_1NBBP558,412,False,http_error,HTTP Error 412: Precondition Failed,0
D_1NBBP559,412,False,http_error,HTTP Error 412: Precondition Failed,0
D_1NBBP560,412,False,http_error,HTTP Error 412: Precondition Failed,0
D_1NBBP561,412,False,http_error,HTTP Error 412: Precondition Failed,0
D_1NBBP562,412,False,http_error,HTTP Error 412: Precondition Failed,0
D_1NBBP563,412,False,http_error,HTTP Error 412: Precondition Failed,0
D_1NBBP564,412,False,http_error,HTTP Error 412: Precondition Failed,0
D_1NBBP565,412,False,http_error,HTTP Error 412: Precondition Failed,0
D_1NBBP566,412,False,http_error,HTTP Error 412: Precondition Failed,0
D_1NBBP567,412,False,http_error,HTTP Error 412: Precondition Failed,0
D_1NBBP568,412,False,http_error,HTTP Error 412: Precondition Failed,0
D_1NBBP569,412,False,http_error,HTTP Error 412: Precondition Failed,0
D_1NBBP570,412,False,http_error,HTTP Error 412: Precondition Failed,0
D_1NBBP571,412,False,http_error,HTTP Error 412: Precondition Failed,0
D_1NBBP572,200,False,parse_error,Expecting value: line 1 column 1 (char 0),0
D_1NBBP573,412,False,http_error,HTTP Error 412: Precondition Failed,0
D_1NBBP574,412,False,http_error,HTTP Error 412: Precondition Failed,0
D_1NBBP575,412,False,http_error,HTTP Error 412: Precondition Failed,0
D_1NBBP576,412,False,http_error,HTTP Error 412: Precondition Failed,0
D_1NBBP577,412,False,http_error,HTTP Error 412: Precondition Failed,0
D_1NBBP578,412,False,http_error,HTTP Error 412: Precondition Failed,0
D_1NBBP579,412,False,http_error,HTTP Error 412: Precondition Failed,0
D_1NBBP580,412,False,http_error,HTTP Error 412: Precondition Failed,0
D_1NBBP581,412,False,http_error,HTTP Error 412: Precondition Failed,0
D_1NBBP582,412,False,http_error,HTTP Error 412: Precondition Failed,0
D_1NBBP583,412,False,http_error,HTTP Error 412: Precondition Failed,0
D_1NBBP584,412,False,http_error,HTTP Error 412: Precondition Failed,0
D_1NBBP585,412,False,http_error,HTTP Error 412: Precondition Failed,0
D_1NBBP586,412,False,http_error,HTTP Error 412: Precondition Failed,0
D_1NBBP587,412,False,http_error,HTTP Error 412: Precondition Failed,0
D_1NBBP588,412,False,http_error,HTTP Error 412: Precondition Failed,0
D_1NBBP589,412,False,http_error,HTTP Error 412: Precondition Failed,0
D_1NBBP590,412,False,http_error,HTTP Error 412: Precondition Failed,0
D_1NBBP591,412,False,http_error,HTTP Error 412: Precondition Failed,0
D_1NBBP592,412,False,http_error,HTTP Error 412: Precondition Failed,0
D_1NBBP593,412,False,http_error,HTTP Error 412: Precondition Failed,0
D_1NBBP594,412,False,http_error,HTTP Error 412: Precondition Failed,0
D_1NBBP595,412,False,http_error,HTTP Error 412: Precondition Failed,0
D_1NBBP596,412,False,http_error,HTTP Error 412: Precondition Failed,0
D_1NBBP597,412,False,http_error,HTTP Error 412: Precondition Failed,0
D_1NBBP598,412,False,http_error,HTTP Error 412: Precondition Failed,0
D_1NBBP599,412,False,http_error,HTTP Error 412: Precondition Failed,0
D_1NBBP600,412,False,http_error,HTTP Error 412: Precondition Failed,0
D_1NBBP601,412,False,http_error,HTTP Error 412: Precondition Failed,0
D_1NBBP602,412,False,http_error,HTTP Error 412: Precondition Failed,0
D_1NBBP603,412,False,http_error,HTTP Error 412: Precondition Failed,0
D_1NBBP604,412,False,http_error,HTTP Error 412: Precondition Failed,0
D_1NBBP605,412,False,http_error,HTTP Error 412: Precondition Failed,0
D_1NBBP606,412,False,http_error,HTTP Error 412: Precondition Failed,0
D_1NBBP607,412,False,http_error,HTTP Error 412: Precondition Failed,0
D_1NBBP608,412,False,http_error,HTTP Error 412: Precondition Failed,0
D_1NBBP609,412,False,http_error,HTTP Error 412: Precondition Failed,0
D_1NBBP610,412,False,http_error,HTTP Error 412: Precondition Failed,0
D_1NBBP611,412,False,http_error,HTTP Error 412: Precondition Failed,0
D_1NBBP612,412,False,http_error,HTTP Error 412: Precondition Failed,0
D_1NBBP613,412,False,http_error,HTTP Error 412: Precondition Failed,0
D_1NBBP614,412,False,http_error,HTTP Error 412: Precondition Failed,0
D_1NBBP615,412,False,http_error,HTTP Error 412: Precondition Failed,0
D_1NBBP616,412,False,http_error,HTTP Error 412: Precondition Failed,0
D_1NBBP617,412,False,http_error,HTTP Error 412: Precondition Failed,0
D_1NBBP618,412,False,http_error,HTTP Error 412: Precondition Failed,0
D_1NBBP619,412,False,http_error,HTTP Error 412: Precondition Failed,0
D_1NBBP620,412,False,http_error,HTTP Error 412: Precondition Failed,0
D_1NBBP621,412,False,http_error,HTTP Error 412: Precondition Failed,0
D_1NBBP622,412,False,http_error,HTTP Error 412: Precondition Failed,0
D_1NBBP623,412,False,http_error,HTTP Error 412: Precondition Failed,0
D_1NBBP624,412,False,http_error,HTTP Error 412: Precondition Failed,0
D_1NBBP625,412,False,http_error,HTTP Error 412: Precondition Failed,0
D_1NBBP626,412,False,http_error,HTTP Error 412: Precondition Failed,0
D_1NBBP627,412,False,http_error,HTTP Error 412: Precondition Failed,0
D_1NBBP628,412,False,http_error,HTTP Error 412: Precondition Failed,0
D_1NBBP629,412,False,http_error,HTTP Error 412: Precondition Failed,0
D_1NBBP630,412,False,http_error,HTTP Error 412: Precondition Failed,0
D_1NBBP631,412,False,http_error,HTTP Error 412: Precondition Failed,0
D_1NBBP632,412,False,http_error,HTTP Error 412: Precondition Failed,0
D_1NBBP633,412,False,http_error,HTTP Error 412: Precondition Failed,0
D_1NBBP634,412,False,http_error,HTTP Error 412: Precondition Failed,0
D_1NBBP635,412,False,http_error,HTTP Error 412: Precondition Failed,0
D_1NBBP636,412,False,http_error,HTTP Error 412: Precondition Failed,0
D_1NBBP637,412,False,http_error,HTTP Error 412: Precondition Failed,0
D_1NBBP638,412,False,http_error,HTTP Error 412: Precondition Failed,0
D_1NBBP639,412,False,http_error,HTTP Error 412: Precondition Failed,0
D_1NBBP640,412,False,http_error,HTTP Error 412: Precondition Failed,0
D_1NBBP641,412,False,http_error,HTTP Error 412: Precondition Failed,0
D_1NBBP642,412,False,http_error,HTTP Error 412: Precondition Failed,0
D_1NBBP643,412,False,http_error,HTTP Error 412: Precondition Failed,0
D_1NBBP644,412,False,http_error,HTTP Error 412: Precondition Failed,0
D_1NBBP645,412,False,http_error,HTTP Error 412: Precondition Failed,0
D_1NBBP646,412,False,http_error,HTTP Error 412: Precondition Failed,0
D_1NBBP647,412,False,http_error,HTTP Error 412: Precondition Failed,0
D_1NBBP648,412,False,http_error,HTTP Error 412: Precondition Failed,0
D_1NBBP649,412,False,http_error,HTTP Error 412: Precondition Failed,0
D_1NBBP650,412,False,http_error,HTTP Error 412: Precondition Failed,0
D_1NBBP651,412,False,http_error,HTTP Error 412: Precondition Failed,0
D_1NBBP652,412,False,http_error,HTTP Error 412: Precondition Failed,0
D_1NBBP653,412,False,http_error,HTTP Error 412: Precondition Failed,0
D_1NBBP654,,False,timeout,timed out,0
D_1NBBP655,412,False,http_error,HTTP Error 412: Precondition Failed,0
D_1NBBP656,412,False,http_error,HTTP Error 412: Precondition Failed,0
D_1NBBP657,412,False,http_error,HTTP Error 412: Precondition Failed,0
D_1NBBP658,412,False,http_error,HTTP Error 412: Precondition Failed,0
D_1NBBP659,412,False,http_error,HTTP Error 412: Precondition Failed,0
D_1NBBP660,412,False,http_error,HTTP Error 412: Precondition Failed,0
D_1NBBP661,412,False,http_error,HTTP Error 412: Precondition Failed,0
D_1NBBP662,412,False,http_error,HTTP Error 412: Precondition Failed,0
D_1NBBP663,412,False,http_error,HTTP Error 412: Precondition Failed,0
D_1NBBP664,412,False,http_error,HTTP Error 412: Precondition Failed,0
D_1NBBP665,412,False,http_error,HTTP Error 412: Precondition Failed,0
D_1NBBP666,412,False,http_error,HTTP Error 412: Precondition Failed,0
D_1NBBP667,412,False,http_error,HTTP Error 412: Precondition Failed,0
D_1NBBP668,412,False,http_error,HTTP Error 412: Precondition Failed,0
D_1NBBP669,412,False,http_error,HTTP Error 412: Precondition Failed,0
D_1NBBP670,412,False,http_error,HTTP Error 412: Precondition Failed,0
D_1NBBP671,412,False,http_error,HTTP Error 412: Precondition Failed,0
D_1NBBP672,412,False,http_error,HTTP Error 412: Precondition Failed,0
D_1NBBP673,412,False,http_error,HTTP Error 412: Precondition Failed,0
D_1NBBP674,412,False,http_error,HTTP Error 412: Precondition Failed,0
D_1NBBP675,412,False,http_error,HTTP Error 412: Precondition Failed,0
D_1NBBP676,412,False,http_error,HTTP Error 412: Precondition Failed,0
D_1NBBP677,412,False,http_error,HTTP Error 412: Precondition Failed,0
D_1NBBP678,412,False,http_error,HTTP Error 412: Precondition Failed,0
D_1NBBP679,412,False,http_error,HTTP Error 412: Precondition Failed,0
D_1NBBP680,412,False,http_error,HTTP Error 412: Precondition Failed,0
D_1NBBP681,412,False,http_error,HTTP Error 412: Precondition Failed,0
D_1NBBP682,412,False,http_error,HTTP Error 412: Precondition Failed,0
D_1NBBP683,412,False,http_error,HTTP Error 412: Precondition Failed,0
D_1NBBP684,412,False,http_error,HTTP Error 412: Precondition Failed,0
D_1NBBP685,412,False,http_error,HTTP Error 412: Precondition Failed,0
D_1NBBP686,412,False,http_error,HTTP Error 412: Precondition Failed,0
D_1NBBP687,412,False,http_error,HTTP Error 412: Precondition Failed,0
D_1NBBP688,412,False,http_error,HTTP Error 412: Precondition Failed,0
D_1NBBP689,412,False,http_error,HTTP Error 412: Precondition Failed,0
D_1NBBP690,412,False,http_error,HTTP Error 412: Precondition Failed,0
D_1NBBP691,412,False,http_error,HTTP Error 412: Precondition Failed,0
D_1NBBP692,412,False,http_error,HTTP Error 412: Precondition Failed,0
D_1NBBP693,412,False,http_error,HTTP Error 412: Precondition Failed,0
D_1NBBP694,412,False,http_error,HTTP Error 412: Precondition Failed,0
D_1NBBP695,412,False,http_error,HTTP Error 412: Precondition Failed,0
D_1NBBP696,412,False,http_error,HTTP Error 412: Precondition Failed,0
D_1NBBP697,412,False,http_error,HTTP Error 412: Precondition Failed,0
D_1NBBP698,412,False,http_error,HTTP Error 412: Precondition Failed,0
D_1NBBP699,412,False,http_error,HTTP Error 412: Precondition Failed,0
D_1NBBP700,412,False,http_error,HTTP Error 412: Precondition Failed,0
D_1NBBP701,412,False,http_error,HTTP Error 412: Precondition Failed,0
D_1NBBP702,412,False,http_error,HTTP Error 412: Precondition Failed,0
D_1NBBP703,412,False,http_error,HTTP Error 412: Precondition Failed,0
D_1NBBP704,412,False,http_error,HTTP Error 412: Precondition Failed,0
D_1NBBP705,412,False,http_error,HTTP Error 412: Precondition Failed,0
D_1NBBP706,412,False,http_error,HTTP Error 412: Precondition Failed,0
D_1NBBP707,412,False,http_error,HTTP Error 412: Precondition Failed,0
D_1NBBP708,412,False,http_error,HTTP Error 412: Precondition Failed,0
D_1NBBP709,412,False,http_error,HTTP Error 412: Precondition Failed,0
D_1NBBP710,412,False,http_error,HTTP Error 412: Precondition Failed,0
D_1NBBP711,412,False,http_error,HTTP Error 412: Precondition Failed,0
D_1NBBP712,412,False,http_error,HTTP Error 412: Precondition Failed,0
D_1NBBP713,412,False,http_error,HTTP Error 412: Precondition Failed,0
D_1NBBP714,412,False,http_error,HTTP Error 412: Precondition Failed,0
D_1NBBP715,412,False,http_error,HTTP Error 412: Precondition Failed,0
D_1NBBP716,412,False,http_error,HTTP Error 412: Precondition Failed,0
D_1NBBP717,412,False,http_error,HTTP Error 412: Precondition Failed,0
D_1NBBP718,412,False,http_error,HTTP Error 412: Precondition Failed,0
D_1NBBP719,412,False,http_error,HTTP Error 412: Precondition Failed,0
D_1NBBP720,412,False,http_error,HTTP Error 412: Precondition Failed,0
D_1NBBP721,412,False,http_error,HTTP Error 412: Precondition Failed,0
D_1NBBP722,412,False,http_error,HTTP Error 412: Precondition Failed,0
D_1NBBP723,412,False,http_error,HTTP Error 412: Precondition Failed,0
D_1NBBP724,412,False,http_error,HTTP Error 412: Precondition Failed,0
D_1NBBP725,412,False,http_error,HTTP Error 412: Precondition Failed,0
D_1NBBP726,412,False,http_error,HTTP Error 412: Precondition Failed,0
D_1NBBP727,412,False,http_error,HTTP Error 412: Precondition Failed,0
D_1NBBP728,412,False,http_error,HTTP Error 412: Precondition Failed,0
D_1NBBP729,412,False,http_error,HTTP Error 412: Precondition Failed,0
D_1NBBP730,412,False,http_error,HTTP Error 412: Precondition Failed,0
D_1NBBP731,412,False,http_error,HTTP Error 412: Precondition Failed,0
D_1NBBP732,412,False,http_error,HTTP Error 412: Precondition Failed,0
D_1NBBP733,412,False,http_error,HTTP Error 412: Precondition Failed,0
D_1NBBP734,412,False,http_error,HTTP Error 412: Precondition Failed,0
D_1NBBP735,412,False,http_error,HTTP Error 412: Precondition Failed,0
D_1NBBP736,412,False,http_error,HTTP Error 412: Precondition Failed,0
D_1NBBP737,412,False,http_error,HTTP Error 412: Precondition Failed,0
D_1NBBP738,412,False,http_error,HTTP Error 412: Precondition Failed,0
D_1NBBP739,412,False,http_error,HTTP Error 412: Precondition Failed,0
D_1NBBP740,412,False,http_error,HTTP Error 412: Precondition Failed,0
D_1NBBP741,412,False,http_error,HTTP Error 412: Precondition Failed,0
D_1NBBP742,412,False,http_error,HTTP Error 412: Precondition Failed,0
D_1NBBP743,412,False,http_error,HTTP Error 412: Precondition Failed,0
D_1NBBP744,412,False,http_error,HTTP Error 412: Precondition Failed,0
D_1NBBP745,412,False,http_error,HTTP Error 412: Precondition Failed,0
D_1NBBP746,412,False,http_error,HTTP Error 412: Precondition Failed,0
D_1NBBP747,412,False,http_error,HTTP Error 412: Precondition Failed,0
D_1NBBP748,412,False,http_error,HTTP Error 412: Precondition Failed,0
D_1NBBP749,412,False,http_error,HTTP Error 412: Precondition Failed,0
D_1NBBP750,412,False,http_error,HTTP Error 412: Precondition Failed,0
D_1NBBP751,412,False,http_error,HTTP Error 412: Precondition Failed,0
D_1NBBP752,412,False,http_error,HTTP Error 412: Precondition Failed,0
D_1NBBP753,412,False,http_error,HTTP Error 412: Precondition Failed,0
D_1NBBP754,412,False,http_error,HTTP Error 412: Precondition Failed,0
D_1NBBP755,412,False,http_error,HTTP Error 412: Precondition Failed,0
D_1NBBP756,412,False,http_error,HTTP Error 412: Precondition Failed,0
D_1NBBP757,412,False,http_error,HTTP Error 412: Precondition Failed,0
D_1NBBP758,412,False,http_error,HTTP Error 412: Precondition Failed,0
D_1NBBP759,412,False,http_error,HTTP Error 412: Precondition Failed,0
D_1NBBP760,412,False,http_error,HTTP Error 412: Precondition Failed,0
D_1NBBP761,412,False,http_error,HTTP Error 412: Precondition Failed,0
D_1NBBP762,412,False,http_error,HTTP Error 412: Precondition Failed,0
D_1NBBP763,412,False,http_error,HTTP Error 412: Precondition Failed,0
D_1NBBP764,412,False,http_error,HTTP Error 412: Precondition Failed,0
D_1NBBP765,412,False,http_error,HTTP Error 412: Precondition Failed,0
D_1NBBP766,412,False,http_error,HTTP Error 412: Precondition Failed,0
D_1NBBP767,412,False,http_error,HTTP Error 412: Precondition Failed,0
D_1NBBP768,412,False,http_error,HTTP Error 412: Precondition Failed,0
D_1NBBP769,412,False,http_error,HTTP Error 412: Precondition Failed,0
D_1NBBP770,412,False,http_error,HTTP Error 412: Precondition Failed,0
D_1NBBP771,412,False,http_error,HTTP Error 412: Precondition Failed,0
D_1NBBP772,412,False,http_error,HTTP Error 412: Precondition Failed,0
D_1NBBP773,412,False,http_error,HTTP Error 412: Precondition Failed,0
D_1NBBP774,412,False,http_error,HTTP Error 412: Precondition Failed,0
D_1NBBP775,412,False,http_error,HTTP Error 412: Precondition Failed,0
D_1NBBP776,412,False,http_error,HTTP Error 412: Precondition Failed,0
D_1NBBP777,412,False,http_error,HTTP Error 412: Precondition Failed,0
D_1NBBP778,412,False,http_error,HTTP Error 412: Precondition Failed,0
D_1NBBP779,412,False,http_error,HTTP Error 412: Precondition Failed,0
D_1NBBP780,412,False,http_error,HTTP Error 412: Precondition Failed,0
D_1NBBP781,412,False,http_error,HTTP Error 412: Precondition Failed,0
D_1NBBP782,412,False,http_error,HTTP Error 412: Precondition Failed,0
D_1NBBP783,412,False,http_error,HTTP Error 412: Precondition Failed,0
D_1NBBP784,412,False,http_error,HTTP Error 412: Precondition Failed,0
D_1NBBP785,412,False,http_error,HTTP Error 412: Precondition Failed,0
D_1NBBP786,412,False,http_error,HTTP Error 412: Precondition Failed,0
D_1NBBP787,412,False,http_error,HTTP Error 412: Precondition Failed,0
D_1NBBP788,412,False,http_error,HTTP Error 412: Precondition Failed,0
D_1NBBP789,412,False,http_error,HTTP Error 412: Precondition Failed,0
D_1NBBP790,412,False,http_error,HTTP Error 412: Precondition Failed,0
D_1NBBP791,412,False,http_error,HTTP Error 412: Precondition Failed,0
D_1NBBP792,412,False,http_error,HTTP Error 412: Precondition Failed,0
D_1NBBP793,412,False,http_error,HTTP Error 412: Precondition Failed,0
D_1NBBP794,412,False,http_error,HTTP Error 412: Precondition Failed,0
D_1NBBP795,412,False,http_error,HTTP Error 412: Precondition Failed,0
D_1NBBP796,412,False,http_error,HTTP Error 412: Precondition Failed,0
D_1NBBP797,412,False,http_error,HTTP Error 412: Precondition Failed,0
D_1NBBP798,412,False,http_error,HTTP Error 412: Precondition Failed,0
D_1NBBP799,412,False,http_error,HTTP Error 412: Precondition Failed,0
D_1NBBP800,412,False,http_error,HTTP Error 412: Precondition Failed,0
D_1NBBP801,412,False,http_error,HTTP Error 412: Precondition Failed,0
D_1NBBP802,412,False,http_error,HTTP Error 412: Precondition Failed,0
D_1NBBP803,412,False,http_error,HTTP Error 412: Precondition Failed,0
D_1NBBP804,412,False,http_error,HTTP Error 412: Precondition Failed,0
D_1NBBP805,412,False,http_error,HTTP Error 412: Precondition Failed,0
D_1NBBP806,412,False,http_error,HTTP Error 412: Precondition Failed,0
D_1NBBP807,412,False,http_error,HTTP Error 412: Precondition Failed,0
D_1NBBP808,412,False,http_error,HTTP Error 412: Precondition Failed,0
D_1NBBP809,412,False,http_error,HTTP Error 412: Precondition Failed,0
D_1NBBP810,412,False,http_error,HTTP Error 412: Precondition Failed,0
D_1NBBP811,412,False,http_error,HTTP Error 412: Precondition Failed,0
D_1NBBP812,412,False,http_error,HTTP Error 412: Precondition Failed,0
D_1NBBP813,412,False,http_error,HTTP Error 412: Precondition Failed,0
D_1NBBP814,412,False,http_error,HTTP Error 412: Precondition Failed,0
D_1NBBP815,412,False,http_error,HTTP Error 412: Precondition Failed,0
D_1NBBP816,412,False,http_error,HTTP Error 412: Precondition Failed,0
D_1NBBP817,412,False,http_error,HTTP Error 412: Precondition Failed,0
D_1NBBP818,412,False,http_error,HTTP Error 412: Precondition Failed,0
D_1NBBP819,412,False,http_error,HTTP Error 412: Precondition Failed,0
D_1NBBP820,412,False,http_error,HTTP Error 412: Precondition Failed,0
D_1NBBP821,412,False,http_error,HTTP Error 412: Precondition Failed,0
D_1NBBP822,412,False,http_error,HTTP Error 412: Precondition Failed,0
D_1NBBP823,412,False,http_error,HTTP Error 412: Precondition Failed,0
D_1NBBP824,412,False,http_error,HTTP Error 412: Precondition Failed,0
D_1NBBP825,412,False,http_error,HTTP Error 412: Precondition Failed,0
D_1NBBP826,412,False,http_error,HTTP Error 412: Precondition Failed,0
D_1NBBP827,412,False,http_error,HTTP Error 412: Precondition Failed,0
D_1NBBP828,412,False,http_error,HTTP Error 412: Precondition Failed,0
D_1NBBP829,412,False,http_error,HTTP Error 412: Precondition Failed,0
D_1NBBP830,412,False,http_error,HTTP Error 412: Precondition Failed,0
D_1NBBP831,412,False,http_error,HTTP Error 412: Precondition Failed,0
D_1NBBP832,412,False,http_error,HTTP Error 412: Precondition Failed,0
D_1NBBP833,412,False,http_error,HTTP Error 412: Precondition Failed,0
D_1NBBP834,412,False,http_error,HTTP Error 412: Precondition Failed,0
D_1NBBP835,412,False,http_error,HTTP Error 412: Precondition Failed,0
D_1NBBP836,412,False,http_error,HTTP Error 412: Precondition Failed,0
D_1NBBP837,412,False,http_error,HTTP Error 412: Precondition Failed,0
D_1NBBP838,412,False,http_error,HTTP Error 412: Precondition Failed,0
D_1NBBP839,412,False,http_error,HTTP Error 412: Precondition Failed,0
D_1NBBP840,412,False,http_error,HTTP Error 412: Precondition Failed,0
D_1NBBP841,412,False,http_error,HTTP Error 412: Precondition Failed,0
D_1NBBP842,412,False,http_error,HTTP Error 412: Precondition Failed,0
D_1NBBP843,412,False,http_error,HTTP Error 412: Precondition Failed,0
D_1NBBP844,412,False,http_error,HTTP Error 412: Precondition Failed,0
D_1NBBP845,412,False,http_error,HTTP Error 412: Precondition Failed,0
D_1NBBP846,412,False,http_error,HTTP Error 412: Precondition Failed,0
D_1NBBP847,412,False,http_error,HTTP Error 412: Precondition Failed,0
D_1NBBP848,412,False,http_error,HTTP Error 412: Precondition Failed,0
D_1NBBP849,412,False,http_error,HTTP Error 412: Precondition Failed,0
D_1NBBP850,412,False,http_error,HTTP Error 412: Precondition Failed,0
D_1NBBP851,412,False,http_error,HTTP Error 412: Precondition Failed,0
D_1NBBP852,412,False,http_error,HTTP Error 412: Precondition Failed,0
D_1NBBP853,412,False,http_error,HTTP Error 412: Precondition Failed,0
D_1NBBP854,412,False,http_error,HTTP Error 412: Precondition Failed,0
D_1NBBP855,412,False,http_error,HTTP Error 412: Precondition Failed,0
D_1NBBP856,412,False,http_error,HTTP Error 412: Precondition Failed,0
D_1NBBP857,412,False,http_error,HTTP Error 412: Precondition Failed,0
D_1NBBP858,412,False,http_error,HTTP Error 412: Precondition Failed,0
D_1NBBP859,412,False,http_error,HTTP Error 412: Precondition Failed,0
D_1NBBP860,412,False,http_error,HTTP Error 412: Precondition Failed,0
D_1NBBP861,412,False,http_error,HTTP Error 412: Precondition Failed,0
D_1NBBP862,412,False,http_error,HTTP Error 412: Precondition Failed,0
D_1NBBP863,412,False,http_error,HTTP Error 412: Precondition Failed,0
D_1NBBP864,412,False,http_error,HTTP Error 412: Precondition Failed,0
D_1NBBP865,412,False,http_error,HTTP Error 412: Precondition Failed,0
D_1NBBP866,412,False,http_error,HTTP Error 412: Precondition Failed,0
D_1NBBP867,412,False,http_error,HTTP Error 412: Precondition Failed,0
D_1NBBP868,412,False,http_error,HTTP Error 412: Precondition Failed,0
D_1NBBP869,412,False,http_error,HTTP Error 412: Precondition Failed,0
D_1NBBP870,412,False,http_error,HTTP Error 412: Precondition Failed,0
D_1NBBP871,412,False,http_error,HTTP Error 412: Precondition Failed,0
D_1NBBP872,412,False,http_error,HTTP Error 412: Precondition Failed,0
D_1NBBP873,412,False,http_error,HTTP Error 412: Precondition Failed,0
D_1NBBP874,412,False,http_error,HTTP Error 412: Precondition Failed,0
D_1NBBP875,412,False,http_error,HTTP Error 412: Precondition Failed,0
D_1NBBP876,412,False,http_error,HTTP Error 412: Precondition Failed,0
D_1NBBP877,412,False,http_error,HTTP Error 412: Precondition Failed,0
D_1NBBP878,412,False,http_error,HTTP Error 412: Precondition Failed,0
D_1NBBP879,412,False,http_error,HTTP Error 412: Precondition Failed,0
D_1NBBP880,412,False,http_error,HTTP Error 412: Precondition Failed,0
D_1NBBP881,412,False,http_error,HTTP Error 412: Precondition Failed,0
D_1NBBP882,412,False,http_error,HTTP Error 412: Precondition Failed,0
D_1NBBP883,412,False,http_error,HTTP Error 412: Precondition Failed,0
D_1NBBP884,412,False,http_error,HTTP Error 412: Precondition Failed,0
D_1NBBP885,412,False,http_error,HTTP Error 412: Precondition Failed,0
D_1NBBP886,412,False,http_error,HTTP Error 412: Precondition Failed,0
D_1NBBP887,412,False,http_error,HTTP Error 412: Precondition Failed,0
D_1NBBP888,412,False,http_error,HTTP Error 412: Precondition Failed,0
D_1NBBP889,412,False,http_error,HTTP Error 412: Precondition Failed,0
D_1NBBP890,412,False,http_error,HTTP Error 412: Precondition Failed,0
D_1NBBP891,412,False,http_error,HTTP Error 412: Precondition Failed,0
D_1NBBP892,412,False,http_error,HTTP Error 412: Precondition Failed,0
D_1NBBP893,412,False,http_error,HTTP Error 412: Precondition Failed,0
D_1NBBP894,412,False,http_error,HTTP Error 412: Precondition Failed,0
D_1NBBP895,412,False,http_error,HTTP Error 412: Precondition Failed,0
D_1NBBP896,412,False,http_error,HTTP Error 412: Precondition Failed,0
D_1NBBP897,412,False,http_error,HTTP Error 412: Precondition Failed,0
D_1NBBP898,412,False,http_error,HTTP Error 412: Precondition Failed,0
D_1NBBP899,412,False,http_error,HTTP Error 412: Precondition Failed,0
D_1NBBP900,412,False,http_error,HTTP Error 412: Precondition Failed,0
D_1NBBP901,412,False,http_error,HTTP Error 412: Precondition Failed,0
D_1NBBP902,412,False,http_error,HTTP Error 412: Precondition Failed,0
D_1NBBP903,412,False,http_error,HTTP Error 412: Precondition Failed,0
D_1NBBP904,412,False,http_error,HTTP Error 412: Precondition Failed,0
D_1NBBP905,412,False,http_error,HTTP Error 412: Precondition Failed,0
D_1NBBP906,412,False,http_error,HTTP Error 412: Precondition Failed,0
D_1NBBP907,412,False,http_error,HTTP Error 412: Precondition Failed,0
D_1NBBP908,412,False,http_error,HTTP Error 412: Precondition Failed,0
D_1NBBP909,412,False,http_error,HTTP Error 412: Precondition Failed,0
D_1NBBP910,412,False,http_error,HTTP Error 412: Precondition Failed,0
D_1NBBP911,412,False,http_error,HTTP Error 412: Precondition Failed,0
D_1NBBP912,412,False,http_error,HTTP Error 412: Precondition Failed,0
D_1NBBP913,412,False,http_error,HTTP Error 412: Precondition Failed,0
D_1NBBP914,412,False,http_error,HTTP Error 412: Precondition Failed,0
D_1NBBP915,412,False,http_error,HTTP Error 412: Precondition Failed,0
D_1NBBP916,412,False,http_error,HTTP Error 412: Precondition Failed,0
D_1NBBP917,412,False,http_error,HTTP Error 412: Precondition Failed,0
D_1NBBP918,412,False,http_error,HTTP Error 412: Precondition Failed,0
D_1NBBP919,412,False,http_error,HTTP Error 412: Precondition Failed,0
D_1NBBP920,412,False,http_error,HTTP Error 412: Precondition Failed,0
D_1NBBP921,412,False,http_error,HTTP Error 412: Precondition Failed,0
D_1NBBP922,412,False,http_error,HTTP Error 412: Precondition Failed,0
D_1NBBP923,412,False,http_error,HTTP Error 412: Precondition Failed,0
D_1NBBP924,412,False,http_error,HTTP Error 412: Precondition Failed,0
D_1NBBP925,412,False,http_error,HTTP Error 412: Precondition Failed,0
D_1NBBP926,412,False,http_error,HTTP Error 412: Precondition Failed,0
D_1NBBP927,412,False,http_error,HTTP Error 412: Precondition Failed,0
D_1NBBP928,412,False,http_error,HTTP Error 412: Precondition Failed,0
D_1NBBP929,412,False,http_error,HTTP Error 412: Precondition Failed,0
D_1NBBP930,412,False,http_error,HTTP Error 412: Precondition Failed,0
D_1NBBP931,412,False,http_error,HTTP Error 412: Precondition Failed,0
D_1NBBP932,412,False,http_error,HTTP Error 412: Precondition Failed,0
D_1NBBP933,412,False,http_error,HTTP Error 412: Precondition Failed,0
D_1NBBP934,412,False,http_error,HTTP Error 412: Precondition Failed,0
D_1NBBP935,412,False,http_error,HTTP Error 412: Precondition Failed,0
D_1NBBP936,412,False,http_error,HTTP Error 412: Precondition Failed,0
D_1NBBP937,412,False,http_error,HTTP Error 412: Precondition Failed,0
D_1NBBP938,412,False,http_error,HTTP Error 412: Precondition Failed,0
D_1NBBP939,412,False,http_error,HTTP Error 412: Precondition Failed,0
D_1NBBP940,412,False,http_error,HTTP Error 412: Precondition Failed,0
D_1NBBP941,412,False,http_error,HTTP Error 412: Precondition Failed,0
D_1NBBP942,412,False,http_error,HTTP Error 412: Precondition Failed,0
D_1NBBP943,412,False,http_error,HTTP Error 412: Precondition Failed,0
D_1NBBP944,412,False,http_error,HTTP Error 412: Precondition Failed,0
D_1NBBP945,412,False,http_error,HTTP Error 412: Precondition Failed,0
D_1NBBP946,412,False,http_error,HTTP Error 412: Precondition Failed,0
D_1NBBP947,412,False,http_error,HTTP Error 412: Precondition Failed,0
D_1NBBP948,412,False,http_error,HTTP Error 412: Precondition Failed,0
D_1NBBP949,412,False,http_error,HTTP Error 412: Precondition Failed,0
D_1NBBP950,412,False,http_error,HTTP Error 412: Precondition Failed,0
D_1NBBP951,412,False,http_error,HTTP Error 412: Precondition Failed,0
D_1NBBP952,412,False,http_error,HTTP Error 412: Precondition Failed,0
D_1NBBP953,412,False,http_error,HTTP Error 412: Precondition Failed,0
D_1NBBP954,412,False,http_error,HTTP Error 412: Precondition Failed,0
D_1NBBP955,412,False,http_error,HTTP Error 412: Precondition Failed,0
D_1NBBP956,412,False,http_error,HTTP Error 412: Precondition Failed,0
D_1NBBP957,412,False,http_error,HTTP Error 412: Precondition Failed,0
D_1NBBP958,412,False,http_error,HTTP Error 412: Precondition Failed,0
D_1NBBP959,412,False,http_error,HTTP Error 412: Precondition Failed,0
D_1NBBP960,412,False,http_error,HTTP Error 412: Precondition Failed,0
D_1NBBP961,412,False,http_error,HTTP Error 412: Precondition Failed,0
D_1NBBP962,412,False,http_error,HTTP Error 412: Precondition Failed,0
D_1NBBP963,412,False,http_error,HTTP Error 412: Precondition Failed,0
D_1NBBP964,412,False,http_error,HTTP Error 412: Precondition Failed,0
D_1NBBP965,412,False,http_error,HTTP Error 412: Precondition Failed,0
D_1NBBP966,412,False,http_error,HTTP Error 412: Precondition Failed,0
D_1NBBP967,412,False,http_error,HTTP Error 412: Precondition Failed,0
D_1NBBP968,412,False,http_error,HTTP Error 412: Precondition Failed,0
D_1NBBP969,412,False,http_error,HTTP Error 412: Precondition Failed,0
D_1NBBP970,412,False,http_error,HTTP Error 412: Precondition Failed,0
D_1NBBP971,412,False,http_error,HTTP Error 412: Precondition Failed,0
D_1NBBP972,412,False,http_error,HTTP Error 412: Precondition Failed,0
D_1NBBP973,412,False,http_error,HTTP Error 412: Precondition Failed,0
D_1NBBP974,412,False,http_error,HTTP Error 412: Precondition Failed,0
D_1NBBP975,412,False,http_error,HTTP Error 412: Precondition Failed,0
D_1NBBP976,412,False,http_error,HTTP Error 412: Precondition Failed,0
D_1NBBP977,412,False,http_error,HTTP Error 412: Precondition Failed,0
D_1NBBP978,412,False,http_error,HTTP Error 412: Precondition Failed,0
D_1NBBP979,412,False,http_error,HTTP Error 412: Precondition Failed,0
D_1NBBP980,412,False,http_error,HTTP Error 412: Precondition Failed,0
D_1NBBP981,412,False,http_error,HTTP Error 412: Precondition Failed,0
D_1NBBP982,412,False,http_error,HTTP Error 412: Precondition Failed,0
D_1NBBP983,412,False,http_error,HTTP Error 412: Precondition Failed,0
D_1NBBP984,412,False,http_error,HTTP Error 412: Precondition Failed,0
D_1NBBP985,412,False,http_error,HTTP Error 412: Precondition Failed,0
D_1NBBP986,412,False,http_error,HTTP Error 412: Precondition Failed,0
D_1NBBP987,412,False,http_error,HTTP Error 412: Precondition Failed,0
D_1NBBP988,412,False,http_error,HTTP Error 412: Precondition Failed,0
D_1NBBP989,412,False,http_error,HTTP Error 412: Precondition Failed,0
D_1NBBP990,412,False,http_error,HTTP Error 412: Precondition Failed,0
D_1NBBP991,412,False,http_error,HTTP Error 412: Precondition Failed,0
D_1NBBP992,412,False,http_error,HTTP Error 412: Precondition Failed,0
D_1NBBP993,412,False,http_error,HTTP Error 412: Precondition Failed,0
D_1NBBP994,412,False,http_error,HTTP Error 412: Precondition Failed,0
D_1NBBP995,412,False,http_error,HTTP Error 412: Precondition Failed,0
D_1NBBP996,412,False,http_error,HTTP Error 412: Precondition Failed,0
D_1NBBP997,412,False,http_error,HTTP Error 412: Precondition Failed,0
D_1NBBP998,412,False,http_error,HTTP Error 412: Precondition Failed,0
D_1NBBP999,412,False,http_error,HTTP Error 412: Precondition Failed,0
