initiative_source_id,initiative_id,doc_kind,doc_url,source_record_pk,attempts,fetched_ok,last_http_status,last_attempt_at
senado_iniciativas,senado:leg14:exp:622/000055,bocg,https://www.senado.es/web/ficopendataservlet?legis=14&tipoFich=3&tipoEx=622&numEx=000055,,23,,404,2026-03-01T01:00:59+00:00
senado_iniciativas,senado:leg14:exp:622/000059,bocg,https://www.senado.es/web/ficopendataservlet?legis=14&tipoFich=3&tipoEx=622&numEx=000059,,22,,404,2026-03-01T01:00:59+00:00
senado_iniciativas,senado:leg14:exp:622/000096,bocg,https://www.senado.es/web/ficopendataservlet?legis=14&tipoFich=3&tipoEx=622&numEx=000096,,22,,404,2026-03-01T01:00:59+00:00
senado_iniciativas,senado:leg14:exp:622/000102,bocg,https://www.senado.es/web/ficopendataservlet?legis=14&tipoFich=3&tipoEx=622&numEx=000102,,22,,404,2026-03-01T01:00:59+00:00
senado_iniciativas,senado:leg14:exp:622/000026,ds,https://www.senado.es/web/actividadparlamentaria/iniciativas/detalleiniciativa/index.html?legis=14&id1=622&id2=000026,,21,,404,2026-03-01T01:00:59+00:00
senado_iniciativas,senado:leg14:exp:622/000039,ds,https://www.senado.es/web/actividadparlamentaria/iniciativas/detalleiniciativa/index.html?legis=14&id1=622&id2=000039,,21,,404,2026-03-01T01:00:59+00:00
senado_iniciativas,senado:leg14:exp:622/000074,bocg,https://www.senado.es/web/ficopendataservlet?legis=14&tipoFich=3&tipoEx=622&numEx=000074,,21,,404,2026-03-01T01:00:59+00:00
senado_iniciativas,senado:leg14:exp:622/000064,ds,https://www.senado.es/web/actividadparlamentaria/iniciativas/detalleiniciativa/index.html?legis=14&id1=622&id2=000064,,20,,404,2026-03-01T01:00:59+00:00
senado_iniciativas,senado:leg14:exp:626/000008,ds,https://www.senado.es/web/actividadparlamentaria/iniciativas/detalleiniciativa/index.html?legis=14&id1=626&id2=000008,,19,,404,2026-03-01T01:00:59+00:00
senado_iniciativas,senado:leg14:exp:626/000003,ds,https://www.senado.es/web/actividadparlamentaria/iniciativas/detalleiniciativa/index.html?legis=14&id1=626&id2=000003,,18,,404,2026-03-01T01:00:59+00:00
senado_iniciativas,senado:leg14:exp:622/000026,bocg,https://www.senado.es/web/ficopendataservlet?legis=14&tipoFich=3&tipoEx=622&numEx=000026,,17,,404,2026-03-01T01:00:59+00:00
senado_iniciativas,senado:leg14:exp:622/000039,bocg,https://www.senado.es/web/ficopendataservlet?legis=14&tipoFich=3&tipoEx=622&numEx=000039,,17,,404,2026-03-01T01:00:59+00:00
senado_iniciativas,senado:leg14:exp:622/000030,bocg,https://www.senado.es/web/ficopendataservlet?legis=14&tipoFich=3&tipoEx=622&numEx=000030,,16,,404,2026-03-01T01:00:59+00:00
senado_iniciativas,senado:leg14:exp:622/000034,bocg,https://www.senado.es/web/ficopendataservlet?legis=14&tipoFich=3&tipoEx=622&numEx=000034,,16,,404,2026-03-01T01:00:59+00:00
senado_iniciativas,senado:leg14:exp:622/000064,bocg,https://www.senado.es/web/ficopendataservlet?legis=14&tipoFich=3&tipoEx=622&numEx=000064,,16,,404,2026-03-01T01:00:59+00:00
senado_iniciativas,senado:leg14:exp:622/000071,bocg,https://www.senado.es/web/ficopendataservlet?legis=14&tipoFich=3&tipoEx=622&numEx=000071,,16,,404,2026-03-01T01:00:59+00:00
senado_iniciativas,senado:leg14:exp:626/000001,ds,https://www.senado.es/web/actividadparlamentaria/iniciativas/detalleiniciativa/index.html?legis=14&id1=626&id2=000001,,16,,404,2026-03-01T01:00:59+00:00
senado_iniciativas,senado:leg14:exp:626/000008,bocg,https://www.senado.es/web/ficopendataservlet?legis=14&tipoFich=3&tipoEx=626&numEx=000008,,16,,404,2026-03-01T01:00:59+00:00
senado_iniciativas,senado:leg14:exp:622/000044,bocg,https://www.senado.es/web/ficopendataservlet?legis=14&tipoFich=3&tipoEx=622&numEx=000044,,15,,404,2026-03-01T01:00:59+00:00
senado_iniciativas,senado:leg14:exp:622/000062,bocg,https://www.senado.es/web/ficopendataservlet?legis=14&tipoFich=3&tipoEx=622&numEx=000062,,15,,404,2026-03-01T01:00:59+00:00
senado_iniciativas,senado:leg14:exp:622/000075,bocg,https://www.senado.es/web/ficopendataservlet?legis=14&tipoFich=3&tipoEx=622&numEx=000075,,15,,404,2026-03-01T01:00:59+00:00
senado_iniciativas,senado:leg14:exp:622/000088,bocg,https://www.senado.es/web/ficopendataservlet?legis=14&tipoFich=3&tipoEx=622&numEx=000088,,15,,404,2026-03-01T01:00:59+00:00
senado_iniciativas,senado:leg14:exp:622/000090,bocg,https://www.senado.es/web/ficopendataservlet?legis=14&tipoFich=3&tipoEx=622&numEx=000090,,15,,404,2026-03-01T01:00:59+00:00
senado_iniciativas,senado:leg14:exp:626/000003,bocg,https://www.senado.es/web/ficopendataservlet?legis=14&tipoFich=3&tipoEx=626&numEx=000003,,15,,404,2026-03-01T01:00:59+00:00
senado_iniciativas,senado:leg10:exp:610/000005,ds,https://www.senado.es/web/actividadparlamentaria/iniciativas/enmiendas/index.html?id1=610&id2=000005&legis=10,,14,,404,2026-03-01T01:00:59+00:00
senado_iniciativas,senado:leg10:exp:610/000006,ds,https://www.senado.es/web/actividadparlamentaria/iniciativas/enmiendas/index.html?id1=610&id2=000006&legis=10,,14,,404,2026-03-01T01:00:59+00:00
senado_iniciativas,senado:leg10:exp:610/000007,ds,https://www.senado.es/web/actividadparlamentaria/iniciativas/enmiendas/index.html?id1=610&id2=000007&legis=10,,14,,404,2026-03-01T01:00:59+00:00
senado_iniciativas,senado:leg10:exp:610/000008,ds,https://www.senado.es/web/actividadparlamentaria/iniciativas/enmiendas/index.html?id1=610&id2=000008&legis=10,,14,,404,2026-03-01T01:00:59+00:00
senado_iniciativas,senado:leg10:exp:610/000009,ds,https://www.senado.es/web/actividadparlamentaria/iniciativas/enmiendas/index.html?id1=610&id2=000009&legis=10,,14,,404,2026-03-01T01:00:59+00:00
senado_iniciativas,senado:leg10:exp:610/000010,ds,https://www.senado.es/web/actividadparlamentaria/iniciativas/enmiendas/index.html?id1=610&id2=000010&legis=10,,14,,404,2026-03-01T01:00:59+00:00
senado_iniciativas,senado:leg10:exp:610/000011,ds,https://www.senado.es/web/actividadparlamentaria/iniciativas/enmiendas/index.html?id1=610&id2=000011&legis=10,,14,,404,2026-03-01T01:00:59+00:00
senado_iniciativas,senado:leg10:exp:610/000012,ds,https://www.senado.es/web/actividadparlamentaria/iniciativas/enmiendas/index.html?id1=610&id2=000012&legis=10,,14,,404,2026-03-01T01:00:59+00:00
senado_iniciativas,senado:leg10:exp:610/000013,ds,https://www.senado.es/web/actividadparlamentaria/iniciativas/enmiendas/index.html?id1=610&id2=000013&legis=10,,14,,404,2026-03-01T01:00:59+00:00
senado_iniciativas,senado:leg10:exp:610/000014,ds,https://www.senado.es/web/actividadparlamentaria/iniciativas/enmiendas/index.html?id1=610&id2=000014&legis=10,,14,,404,2026-03-01T01:00:59+00:00
senado_iniciativas,senado:leg10:exp:610/000015,ds,https://www.senado.es/web/actividadparlamentaria/iniciativas/enmiendas/index.html?id1=610&id2=000015&legis=10,,14,,404,2026-03-01T01:00:59+00:00
senado_iniciativas,senado:leg10:exp:610/000016,ds,https://www.senado.es/web/actividadparlamentaria/iniciativas/enmiendas/index.html?id1=610&id2=000016&legis=10,,14,,404,2026-03-01T01:00:59+00:00
senado_iniciativas,senado:leg14:exp:624/000003,bocg,https://www.senado.es/web/ficopendataservlet?legis=14&tipoFich=3&tipoEx=624&numEx=000003,,14,,404,2026-03-01T01:00:59+00:00
senado_iniciativas,senado:leg14:exp:624/000004,bocg,https://www.senado.es/web/ficopendataservlet?legis=14&tipoFich=3&tipoEx=624&numEx=000004,,14,,404,2026-03-01T01:00:59+00:00
senado_iniciativas,senado:leg14:exp:624/000005,bocg,https://www.senado.es/web/ficopendataservlet?legis=14&tipoFich=3&tipoEx=624&numEx=000005,,14,,404,2026-03-01T01:00:59+00:00
senado_iniciativas,senado:leg14:exp:624/000006,bocg,https://www.senado.es/web/ficopendataservlet?legis=14&tipoFich=3&tipoEx=624&numEx=000006,,14,,404,2026-03-01T01:00:59+00:00
senado_iniciativas,senado:leg14:exp:624/000008,bocg,https://www.senado.es/web/ficopendataservlet?legis=14&tipoFich=3&tipoEx=624&numEx=000008,,14,,404,2026-03-01T01:00:59+00:00
senado_iniciativas,senado:leg14:exp:626/000001,bocg,https://www.senado.es/web/ficopendataservlet?legis=14&tipoFich=3&tipoEx=626&numEx=000001,,14,,404,2026-03-01T01:26:14+00:00
senado_iniciativas,senado:leg14:exp:626/000007,bocg,https://www.senado.es/web/ficopendataservlet?legis=14&tipoFich=3&tipoEx=626&numEx=000007,,14,,404,2026-03-01T01:26:14+00:00
senado_iniciativas,senado:leg10:exp:610/000017,ds,https://www.senado.es/web/actividadparlamentaria/iniciativas/enmiendas/index.html?id1=610&id2=000017&legis=10,,13,,404,2026-03-01T01:00:59+00:00
senado_iniciativas,senado:leg10:exp:610/000018,ds,https://www.senado.es/web/actividadparlamentaria/iniciativas/enmiendas/index.html?id1=610&id2=000018&legis=10,,13,,404,2026-03-01T01:00:59+00:00
senado_iniciativas,senado:leg10:exp:610/000019,ds,https://www.senado.es/web/actividadparlamentaria/iniciativas/enmiendas/index.html?id1=610&id2=000019&legis=10,,13,,404,2026-03-01T01:00:59+00:00
senado_iniciativas,senado:leg10:exp:610/000020,ds,https://www.senado.es/web/actividadparlamentaria/iniciativas/enmiendas/index.html?id1=610&id2=000020&legis=10,,13,,404,2026-03-01T01:00:59+00:00
senado_iniciativas,senado:leg10:exp:610/000021,ds,https://www.senado.es/web/actividadparlamentaria/iniciativas/enmiendas/index.html?id1=610&id2=000021&legis=10,,13,,404,2026-03-01T01:00:59+00:00
senado_iniciativas,senado:leg10:exp:610/000022,ds,https://www.senado.es/web/actividadparlamentaria/iniciativas/enmiendas/index.html?id1=610&id2=000022&legis=10,,13,,404,2026-03-01T01:00:59+00:00
senado_iniciativas,senado:leg10:exp:610/000023,ds,https://www.senado.es/web/actividadparlamentaria/iniciativas/enmiendas/index.html?id1=610&id2=000023&legis=10,,13,,404,2026-03-01T01:00:59+00:00
senado_iniciativas,senado:leg10:exp:610/000024,ds,https://www.senado.es/web/actividadparlamentaria/iniciativas/enmiendas/index.html?id1=610&id2=000024&legis=10,,13,,404,2026-03-01T01:00:59+00:00
senado_iniciativas,senado:leg14:exp:621/000006,bocg,https://www.senado.es/web/ficopendataservlet?legis=14&tipoFich=3&tipoEx=621&numEx=000006,,13,,404,2026-03-01T01:00:59+00:00
senado_iniciativas,senado:leg14:exp:621/000066,ds,https://www.senado.es/web/actividadparlamentaria/iniciativas/detalleiniciativa/index.html?legis=14&id1=621&id2=000066,,11,,404,2026-03-01T01:00:59+00:00
senado_iniciativas,senado:leg14:exp:621/000069,ds,https://www.senado.es/web/actividadparlamentaria/iniciativas/detalleiniciativa/index.html?legis=14&id1=621&id2=000069,,11,,404,2026-03-01T01:00:59+00:00
senado_iniciativas,senado:leg14:exp:621/000070,ds,https://www.senado.es/web/actividadparlamentaria/iniciativas/detalleiniciativa/index.html?legis=14&id1=621&id2=000070,,11,,404,2026-03-01T01:00:59+00:00
senado_iniciativas,senado:leg10:exp:610/000025,ds,https://www.senado.es/web/actividadparlamentaria/iniciativas/enmiendas/index.html?id1=610&id2=000025&legis=10,,10,,404,2026-03-01T01:00:59+00:00
senado_iniciativas,senado:leg10:exp:610/000026,ds,https://www.senado.es/web/actividadparlamentaria/iniciativas/enmiendas/index.html?id1=610&id2=000026&legis=10,,10,,404,2026-03-01T01:00:59+00:00
senado_iniciativas,senado:leg14:exp:621/000071,ds,https://www.senado.es/web/actividadparlamentaria/iniciativas/detalleiniciativa/index.html?legis=14&id1=621&id2=000071,,10,,404,2026-03-01T01:00:59+00:00
senado_iniciativas,senado:leg14:exp:621/000072,ds,https://www.senado.es/web/actividadparlamentaria/iniciativas/detalleiniciativa/index.html?legis=14&id1=621&id2=000072,,10,,404,2026-03-01T01:00:59+00:00
senado_iniciativas,senado:leg14:exp:621/000073,ds,https://www.senado.es/web/actividadparlamentaria/iniciativas/detalleiniciativa/index.html?legis=14&id1=621&id2=000073,,10,,404,2026-03-01T01:00:59+00:00
senado_iniciativas,senado:leg14:exp:621/000074,ds,https://www.senado.es/web/actividadparlamentaria/iniciativas/detalleiniciativa/index.html?legis=14&id1=621&id2=000074,,10,,404,2026-03-01T01:00:59+00:00
senado_iniciativas,senado:leg14:exp:621/000087,bocg,https://www.senado.es/web/ficopendataservlet?legis=14&tipoFich=3&tipoEx=621&numEx=000087,,10,,404,2026-03-01T01:00:59+00:00
senado_iniciativas,senado:leg14:exp:621/000088,bocg,https://www.senado.es/web/ficopendataservlet?legis=14&tipoFich=3&tipoEx=621&numEx=000088,,10,,404,2026-03-01T01:00:59+00:00
senado_iniciativas,senado:leg14:exp:621/000089,bocg,https://www.senado.es/web/ficopendataservlet?legis=14&tipoFich=3&tipoEx=621&numEx=000089,,10,,404,2026-03-01T01:00:59+00:00
senado_iniciativas,senado:leg15:exp:622/000008,bocg,https://www.senado.es/web/ficopendataservlet?legis=15&tipoFich=3&tipoEx=622&numEx=000008,,10,,404,2026-03-01T01:26:14+00:00
senado_iniciativas,senado:leg10:exp:622/000002,ds,https://www.senado.es/web/actividadparlamentaria/iniciativas/detalleiniciativa/index.html?legis=10&id1=622&id2=000002,,9,,404,2026-03-01T01:00:59+00:00
senado_iniciativas,senado:leg14:exp:621/000047,ds,https://www.senado.es/web/actividadparlamentaria/iniciativas/enmiendas/index.html?id1=621&id2=000047&legis=14,,9,,404,2026-03-01T01:00:59+00:00
senado_iniciativas,senado:leg14:exp:624/000020,ds,https://www.senado.es/web/actividadparlamentaria/iniciativas/enmiendas/index.html?id1=624&id2=000020&legis=14,,9,,404,2026-03-01T01:00:59+00:00
senado_iniciativas,senado:leg10:exp:610/000002,ds,https://www.senado.es/web/actividadparlamentaria/iniciativas/enmiendas/index.html?id1=610&id2=000002&legis=10,,8,,404,2026-03-01T01:00:59+00:00
senado_iniciativas,senado:leg10:exp:610/000003,ds,https://www.senado.es/web/actividadparlamentaria/iniciativas/enmiendas/index.html?id1=610&id2=000003&legis=10,,8,,404,2026-03-01T01:00:59+00:00
senado_iniciativas,senado:leg10:exp:610/000004,ds,https://www.senado.es/web/actividadparlamentaria/iniciativas/enmiendas/index.html?id1=610&id2=000004&legis=10,,8,,404,2026-03-01T01:00:59+00:00
senado_iniciativas,senado:leg10:exp:610/000027,ds,https://www.senado.es/web/actividadparlamentaria/iniciativas/enmiendas/index.html?id1=610&id2=000027&legis=10,,8,,404,2026-03-01T01:00:59+00:00
senado_iniciativas,senado:leg10:exp:610/000028,ds,https://www.senado.es/web/actividadparlamentaria/iniciativas/enmiendas/index.html?id1=610&id2=000028&legis=10,,8,,404,2026-03-01T01:00:59+00:00
senado_iniciativas,senado:leg10:exp:610/000029,ds,https://www.senado.es/web/actividadparlamentaria/iniciativas/enmiendas/index.html?id1=610&id2=000029&legis=10,,8,,404,2026-03-01T01:00:59+00:00
senado_iniciativas,senado:leg10:exp:610/000030,ds,https://www.senado.es/web/actividadparlamentaria/iniciativas/enmiendas/index.html?id1=610&id2=000030&legis=10,,8,,404,2026-03-01T01:00:59+00:00
senado_iniciativas,senado:leg10:exp:610/000031,ds,https://www.senado.es/web/actividadparlamentaria/iniciativas/enmiendas/index.html?id1=610&id2=000031&legis=10,,8,,404,2026-03-01T01:00:59+00:00
senado_iniciativas,senado:leg10:exp:610/000032,ds,https://www.senado.es/web/actividadparlamentaria/iniciativas/enmiendas/index.html?id1=610&id2=000032&legis=10,,8,,404,2026-03-01T01:00:59+00:00
senado_iniciativas,senado:leg10:exp:610/000033,ds,https://www.senado.es/web/actividadparlamentaria/iniciativas/enmiendas/index.html?id1=610&id2=000033&legis=10,,8,,404,2026-03-01T01:00:59+00:00
senado_iniciativas,senado:leg12:exp:621/000001,ds,https://www.senado.es/web/actividadparlamentaria/iniciativas/enmiendas/index.html?id1=621&id2=000001&legis=12,,8,,404,2026-03-01T01:00:59+00:00
senado_iniciativas,senado:leg12:exp:622/000006,bocg,https://www.senado.es/web/ficopendataservlet?legis=12&tipoFich=3&tipoEx=622&numEx=000006,,8,,404,2026-03-01T01:26:14+00:00
senado_iniciativas,senado:leg12:exp:626/000002,bocg,https://www.senado.es/web/ficopendataservlet?legis=12&tipoFich=3&tipoEx=626&numEx=000002,,8,,404,2026-03-01T01:26:14+00:00
senado_iniciativas,senado:leg12:exp:626/000002,ds,https://www.senado.es/web/actividadparlamentaria/iniciativas/enmiendas/index.html?id1=626&id2=000002&legis=12,,8,,404,2026-03-01T01:00:59+00:00
senado_iniciativas,senado:leg12:exp:626/000005,bocg,https://www.senado.es/web/ficopendataservlet?legis=12&tipoFich=3&tipoEx=626&numEx=000005,,8,,404,2026-03-01T01:26:14+00:00
senado_iniciativas,senado:leg14:exp:624/000017,ds,https://www.senado.es/web/actividadparlamentaria/iniciativas/detalleiniciativa/index.html?legis=14&id1=624&id2=000017,,8,,404,2026-03-01T01:00:59+00:00
senado_iniciativas,senado:leg14:exp:624/000019,ds,https://www.senado.es/web/actividadparlamentaria/iniciativas/detalleiniciativa/index.html?legis=14&id1=624&id2=000019,,8,,404,2026-03-01T01:00:59+00:00
senado_iniciativas,senado:leg15:exp:622/000008,ds,https://www.senado.es/web/ficopendataservlet?legis=15&tipoFich=12&tipoEx=622&numEx=000008,,8,,404,2026-03-01T01:26:14+00:00
senado_iniciativas,senado:leg10:exp:610/000113,ds,https://www.senado.es/web/actividadparlamentaria/iniciativas/detalleiniciativa/index.html?legis=10&id1=610&id2=000113,,7,,404,2026-03-01T01:00:59+00:00
senado_iniciativas,senado:leg10:exp:610/000114,ds,https://www.senado.es/web/actividadparlamentaria/iniciativas/detalleiniciativa/index.html?legis=10&id1=610&id2=000114,,7,,404,2026-03-01T01:08:24+00:00
senado_iniciativas,senado:leg10:exp:610/000115,ds,https://www.senado.es/web/actividadparlamentaria/iniciativas/detalleiniciativa/index.html?legis=10&id1=610&id2=000115,,7,,404,2026-03-01T01:08:24+00:00
senado_iniciativas,senado:leg10:exp:610/000116,ds,https://www.senado.es/web/actividadparlamentaria/iniciativas/detalleiniciativa/index.html?legis=10&id1=610&id2=000116,,7,,404,2026-03-01T01:08:24+00:00
senado_iniciativas,senado:leg10:exp:610/000117,ds,https://www.senado.es/web/actividadparlamentaria/iniciativas/detalleiniciativa/index.html?legis=10&id1=610&id2=000117,,7,,404,2026-03-01T01:08:24+00:00
senado_iniciativas,senado:leg10:exp:610/000118,ds,https://www.senado.es/web/actividadparlamentaria/iniciativas/detalleiniciativa/index.html?legis=10&id1=610&id2=000118,,7,,404,2026-03-01T01:08:24+00:00
senado_iniciativas,senado:leg10:exp:610/000119,ds,https://www.senado.es/web/actividadparlamentaria/iniciativas/detalleiniciativa/index.html?legis=10&id1=610&id2=000119,,7,,404,2026-03-01T01:08:24+00:00
senado_iniciativas,senado:leg10:exp:610/000120,ds,https://www.senado.es/web/actividadparlamentaria/iniciativas/detalleiniciativa/index.html?legis=10&id1=610&id2=000120,,7,,404,2026-03-01T01:08:24+00:00
senado_iniciativas,senado:leg10:exp:610/000121,ds,https://www.senado.es/web/actividadparlamentaria/iniciativas/detalleiniciativa/index.html?legis=10&id1=610&id2=000121,,7,,404,2026-03-01T01:08:24+00:00
senado_iniciativas,senado:leg10:exp:610/000122,ds,https://www.senado.es/web/actividadparlamentaria/iniciativas/detalleiniciativa/index.html?legis=10&id1=610&id2=000122,,7,,404,2026-03-01T01:08:24+00:00
senado_iniciativas,senado:leg10:exp:610/000123,ds,https://www.senado.es/web/actividadparlamentaria/iniciativas/detalleiniciativa/index.html?legis=10&id1=610&id2=000123,,7,,404,2026-03-01T01:08:24+00:00
senado_iniciativas,senado:leg10:exp:610/000124,ds,https://www.senado.es/web/actividadparlamentaria/iniciativas/detalleiniciativa/index.html?legis=10&id1=610&id2=000124,,7,,404,2026-03-01T01:08:24+00:00
senado_iniciativas,senado:leg10:exp:610/000126,ds,https://www.senado.es/web/actividadparlamentaria/iniciativas/detalleiniciativa/index.html?legis=10&id1=610&id2=000126,,7,,404,2026-03-01T01:08:24+00:00
senado_iniciativas,senado:leg10:exp:610/000127,ds,https://www.senado.es/web/actividadparlamentaria/iniciativas/detalleiniciativa/index.html?legis=10&id1=610&id2=000127,,7,,404,2026-03-01T01:08:24+00:00
senado_iniciativas,senado:leg10:exp:610/000128,ds,https://www.senado.es/web/actividadparlamentaria/iniciativas/detalleiniciativa/index.html?legis=10&id1=610&id2=000128,,7,,404,2026-03-01T01:08:24+00:00
senado_iniciativas,senado:leg10:exp:610/000129,ds,https://www.senado.es/web/actividadparlamentaria/iniciativas/detalleiniciativa/index.html?legis=10&id1=610&id2=000129,,7,,404,2026-03-01T01:08:24+00:00
senado_iniciativas,senado:leg10:exp:610/000130,ds,https://www.senado.es/web/actividadparlamentaria/iniciativas/detalleiniciativa/index.html?legis=10&id1=610&id2=000130,,7,,404,2026-03-01T01:08:24+00:00
senado_iniciativas,senado:leg10:exp:610/000131,ds,https://www.senado.es/web/actividadparlamentaria/iniciativas/detalleiniciativa/index.html?legis=10&id1=610&id2=000131,,7,,404,2026-03-01T01:08:24+00:00
senado_iniciativas,senado:leg10:exp:610/000132,ds,https://www.senado.es/web/actividadparlamentaria/iniciativas/detalleiniciativa/index.html?legis=10&id1=610&id2=000132,,7,,404,2026-03-01T01:08:24+00:00
senado_iniciativas,senado:leg10:exp:610/000133,ds,https://www.senado.es/web/actividadparlamentaria/iniciativas/detalleiniciativa/index.html?legis=10&id1=610&id2=000133,,7,,404,2026-03-01T01:08:24+00:00
senado_iniciativas,senado:leg10:exp:610/000134,ds,https://www.senado.es/web/actividadparlamentaria/iniciativas/detalleiniciativa/index.html?legis=10&id1=610&id2=000134,,7,,404,2026-03-01T01:08:24+00:00
senado_iniciativas,senado:leg10:exp:610/000135,ds,https://www.senado.es/web/actividadparlamentaria/iniciativas/detalleiniciativa/index.html?legis=10&id1=610&id2=000135,,7,,404,2026-03-01T01:08:24+00:00
senado_iniciativas,senado:leg10:exp:610/000137,ds,https://www.senado.es/web/actividadparlamentaria/iniciativas/detalleiniciativa/index.html?legis=10&id1=610&id2=000137,,7,,404,2026-03-01T01:08:24+00:00
senado_iniciativas,senado:leg10:exp:610/000138,ds,https://www.senado.es/web/actividadparlamentaria/iniciativas/detalleiniciativa/index.html?legis=10&id1=610&id2=000138,,7,,404,2026-03-01T01:08:24+00:00
senado_iniciativas,senado:leg10:exp:610/000139,ds,https://www.senado.es/web/actividadparlamentaria/iniciativas/detalleiniciativa/index.html?legis=10&id1=610&id2=000139,,7,,404,2026-03-01T01:08:24+00:00
senado_iniciativas,senado:leg12:exp:621/000001,bocg,https://www.senado.es/web/ficopendataservlet?legis=12&tipoFich=3&tipoEx=621&numEx=000001,,7,,404,2026-03-01T01:26:14+00:00
senado_iniciativas,senado:leg12:exp:622/000004,bocg,https://www.senado.es/web/ficopendataservlet?legis=12&tipoFich=3&tipoEx=622&numEx=000004,,7,,404,2026-03-01T01:26:14+00:00
senado_iniciativas,senado:leg12:exp:626/000002,bocg,http://www.senado.es/legis12/expedientes/626/enmiendas/global_enmiendas_vetos_12_626000002.xml,,7,,404,2026-03-01T01:08:24+00:00
senado_iniciativas,senado:leg14:exp:605/000004,ds,https://www.senado.es/web/actividadparlamentaria/iniciativas/enmiendas/index.html?id1=605&id2=000004&legis=14,,7,,404,2026-03-01T01:08:24+00:00
senado_iniciativas,senado:leg14:exp:621/000006,ds,https://www.senado.es/web/actividadparlamentaria/iniciativas/enmiendas/index.html?id1=621&id2=000006&legis=14,,7,,404,2026-03-01T01:08:24+00:00
senado_iniciativas,senado:leg14:exp:622/000055,ds,https://www.senado.es/web/ficopendataservlet?legis=14&tipoFich=12&tipoEx=622&numEx=000055,,7,,404,2026-03-01T01:08:24+00:00
senado_iniciativas,senado:leg14:exp:622/000096,ds,https://www.senado.es/web/ficopendataservlet?legis=14&tipoFich=12&tipoEx=622&numEx=000096,,7,,404,2026-03-01T01:26:14+00:00
senado_iniciativas,senado:leg14:exp:622/000102,ds,https://www.senado.es/web/ficopendataservlet?legis=14&tipoFich=12&tipoEx=622&numEx=000102,,7,,404,2026-03-01T01:26:14+00:00
senado_iniciativas,senado:leg14:exp:624/000001,bocg,https://www.senado.es/web/ficopendataservlet?legis=14&tipoFich=3&tipoEx=624&numEx=000001,,7,,404,2026-03-01T01:08:24+00:00
senado_iniciativas,senado:leg14:exp:624/000009,ds,https://www.senado.es/web/actividadparlamentaria/iniciativas/detalleiniciativa/index.html?legis=14&id1=624&id2=000009,,7,,404,2026-03-01T01:08:24+00:00
senado_iniciativas,senado:leg14:exp:624/000010,ds,https://www.senado.es/web/actividadparlamentaria/iniciativas/enmiendas/index.html?id1=624&id2=000010&legis=14,,7,,404,2026-03-01T01:08:24+00:00
senado_iniciativas,senado:leg14:exp:624/000020,bocg,https://www.senado.es/web/ficopendataservlet?legis=14&tipoFich=3&tipoEx=624&numEx=000020,,7,,404,2026-03-01T01:08:24+00:00
senado_iniciativas,senado:leg15:exp:622/000006,bocg,https://www.senado.es/web/ficopendataservlet?legis=15&tipoFich=3&tipoEx=622&numEx=000006,,7,,404,2026-03-01T01:26:14+00:00
senado_iniciativas,senado:leg15:exp:622/000010,bocg,https://www.senado.es/web/ficopendataservlet?legis=15&tipoFich=3&tipoEx=622&numEx=000010,,7,,404,2026-03-01T01:26:14+00:00
senado_iniciativas,senado:leg15:exp:622/000013,bocg,https://www.senado.es/web/ficopendataservlet?legis=15&tipoFich=3&tipoEx=622&numEx=000013,,7,,404,2026-03-01T01:26:14+00:00
senado_iniciativas,senado:leg15:exp:622/000015,bocg,https://www.senado.es/web/ficopendataservlet?legis=15&tipoFich=3&tipoEx=622&numEx=000015,,7,,404,2026-03-01T01:26:14+00:00
senado_iniciativas,senado:leg15:exp:622/000019,bocg,https://www.senado.es/web/ficopendataservlet?legis=15&tipoFich=3&tipoEx=622&numEx=000019,,7,,404,2026-03-01T01:26:14+00:00
senado_iniciativas,senado:leg15:exp:622/000020,bocg,https://www.senado.es/web/ficopendataservlet?legis=15&tipoFich=3&tipoEx=622&numEx=000020,,7,,404,2026-03-01T01:26:14+00:00
senado_iniciativas,senado:leg15:exp:622/000024,bocg,https://www.senado.es/web/ficopendataservlet?legis=15&tipoFich=3&tipoEx=622&numEx=000024,,7,,404,2026-03-01T01:26:14+00:00
senado_iniciativas,senado:leg15:exp:626/000002,bocg,https://www.senado.es/web/ficopendataservlet?legis=15&tipoFich=3&tipoEx=626&numEx=000002,,7,,404,2026-03-01T01:26:14+00:00
senado_iniciativas,senado:leg15:exp:626/000004,bocg,https://www.senado.es/web/ficopendataservlet?legis=15&tipoFich=3&tipoEx=626&numEx=000004,,7,,404,2026-03-01T01:26:14+00:00
senado_iniciativas,senado:leg15:exp:626/000006,bocg,https://www.senado.es/web/ficopendataservlet?legis=15&tipoFich=3&tipoEx=626&numEx=000006,,7,,404,2026-03-01T01:26:14+00:00
senado_iniciativas,senado:leg10:exp:610/000109,ds,https://www.senado.es/web/actividadparlamentaria/iniciativas/detalleiniciativa/index.html?legis=10&id1=610&id2=000109,,6,,404,2026-03-01T01:08:24+00:00
senado_iniciativas,senado:leg10:exp:610/000110,ds,https://www.senado.es/web/actividadparlamentaria/iniciativas/detalleiniciativa/index.html?legis=10&id1=610&id2=000110,,6,,404,2026-03-01T01:08:24+00:00
senado_iniciativas,senado:leg10:exp:610/000111,ds,https://www.senado.es/web/actividadparlamentaria/iniciativas/detalleiniciativa/index.html?legis=10&id1=610&id2=000111,,6,,404,2026-03-01T01:08:24+00:00
senado_iniciativas,senado:leg10:exp:610/000112,ds,https://www.senado.es/web/actividadparlamentaria/iniciativas/detalleiniciativa/index.html?legis=10&id1=610&id2=000112,,6,,404,2026-03-01T01:08:24+00:00
senado_iniciativas,senado:leg10:exp:610/000113,ds,https://www.senado.es/web/actividadparlamentaria/iniciativas/enmiendas/index.html?id1=610&id2=000113&legis=10,,6,,404,2026-03-01T01:08:24+00:00
senado_iniciativas,senado:leg10:exp:610/000140,ds,https://www.senado.es/web/actividadparlamentaria/iniciativas/enmiendas/index.html?id1=610&id2=000140&legis=10,,6,,404,2026-03-01T01:08:24+00:00
senado_iniciativas,senado:leg10:exp:610/000141,ds,https://www.senado.es/web/actividadparlamentaria/iniciativas/enmiendas/index.html?id1=610&id2=000141&legis=10,,6,,404,2026-03-01T01:08:24+00:00
senado_iniciativas,senado:leg10:exp:610/000142,ds,https://www.senado.es/web/actividadparlamentaria/iniciativas/enmiendas/index.html?id1=610&id2=000142&legis=10,,6,,404,2026-03-01T01:08:24+00:00
senado_iniciativas,senado:leg10:exp:610/000143,ds,https://www.senado.es/web/actividadparlamentaria/iniciativas/enmiendas/index.html?id1=610&id2=000143&legis=10,,6,,404,2026-03-01T01:08:24+00:00
senado_iniciativas,senado:leg10:exp:610/000144,ds,https://www.senado.es/web/actividadparlamentaria/iniciativas/enmiendas/index.html?id1=610&id2=000144&legis=10,,6,,404,2026-03-01T01:08:24+00:00
senado_iniciativas,senado:leg10:exp:610/000145,ds,https://www.senado.es/web/actividadparlamentaria/iniciativas/enmiendas/index.html?id1=610&id2=000145&legis=10,,6,,404,2026-03-01T01:08:24+00:00
senado_iniciativas,senado:leg10:exp:610/000146,ds,https://www.senado.es/web/actividadparlamentaria/iniciativas/enmiendas/index.html?id1=610&id2=000146&legis=10,,6,,404,2026-03-01T01:08:24+00:00
senado_iniciativas,senado:leg10:exp:610/000147,ds,https://www.senado.es/web/actividadparlamentaria/iniciativas/enmiendas/index.html?id1=610&id2=000147&legis=10,,6,,404,2026-03-01T01:08:24+00:00
senado_iniciativas,senado:leg12:exp:610/000003,ds,https://www.senado.es/web/ficopendataservlet?legis=12&tipoFich=12&tipoEx=610&numEx=000003,,6,,404,2026-03-01T01:26:14+00:00
senado_iniciativas,senado:leg12:exp:622/000004,ds,https://www.senado.es/web/ficopendataservlet?legis=12&tipoFich=12&tipoEx=622&numEx=000004,,6,,404,2026-03-01T01:26:14+00:00
senado_iniciativas,senado:leg12:exp:622/000006,ds,https://www.senado.es/web/ficopendataservlet?legis=12&tipoFich=12&tipoEx=622&numEx=000006,,6,,404,2026-03-01T01:26:14+00:00
senado_iniciativas,senado:leg12:exp:624/000014,ds,https://www.senado.es/web/actividadparlamentaria/iniciativas/enmiendas/index.html?id1=624&id2=000014&legis=12,,6,,404,2026-03-01T01:08:24+00:00
senado_iniciativas,senado:leg12:exp:626/000005,ds,https://www.senado.es/web/ficopendataservlet?legis=12&tipoFich=12&tipoEx=626&numEx=000005,,6,,404,2026-03-01T01:26:14+00:00
senado_iniciativas,senado:leg14:exp:610/000115,ds,https://www.senado.es/web/ficopendataservlet?legis=14&tipoFich=12&tipoEx=610&numEx=000115,,6,,404,2026-03-01T01:26:14+00:00
senado_iniciativas,senado:leg14:exp:610/000116,ds,https://www.senado.es/web/ficopendataservlet?legis=14&tipoFich=12&tipoEx=610&numEx=000116,,6,,404,2026-03-01T01:26:14+00:00
senado_iniciativas,senado:leg14:exp:610/000117,ds,https://www.senado.es/web/ficopendataservlet?legis=14&tipoFich=12&tipoEx=610&numEx=000117,,6,,404,2026-03-01T01:26:14+00:00
senado_iniciativas,senado:leg14:exp:610/000118,ds,https://www.senado.es/web/ficopendataservlet?legis=14&tipoFich=12&tipoEx=610&numEx=000118,,6,,404,2026-03-01T01:26:14+00:00
senado_iniciativas,senado:leg14:exp:620/000007,ds,https://www.senado.es/web/actividadparlamentaria/iniciativas/enmiendas/index.html?id1=620&id2=000007&legis=14,,6,,404,2026-03-01T01:08:24+00:00
senado_iniciativas,senado:leg14:exp:621/000048,ds,https://www.senado.es/web/actividadparlamentaria/iniciativas/enmiendas/index.html?id1=621&id2=000048&legis=14,,6,,404,2026-03-01T01:08:24+00:00
senado_iniciativas,senado:leg14:exp:621/000049,ds,https://www.senado.es/web/actividadparlamentaria/iniciativas/enmiendas/index.html?id1=621&id2=000049&legis=14,,6,,404,2026-03-01T01:08:24+00:00
senado_iniciativas,senado:leg14:exp:621/000050,ds,https://www.senado.es/web/actividadparlamentaria/iniciativas/enmiendas/index.html?id1=621&id2=000050&legis=14,,6,,404,2026-03-01T01:08:24+00:00
senado_iniciativas,senado:leg14:exp:621/000052,ds,https://www.senado.es/web/actividadparlamentaria/iniciativas/enmiendas/index.html?id1=621&id2=000052&legis=14,,6,,404,2026-03-01T01:08:24+00:00
senado_iniciativas,senado:leg14:exp:621/000053,ds,https://www.senado.es/web/actividadparlamentaria/iniciativas/enmiendas/index.html?id1=621&id2=000053&legis=14,,6,,404,2026-03-01T01:08:24+00:00
senado_iniciativas,senado:leg14:exp:621/000054,ds,https://www.senado.es/web/actividadparlamentaria/iniciativas/enmiendas/index.html?id1=621&id2=000054&legis=14,,6,,404,2026-03-01T01:08:24+00:00
senado_iniciativas,senado:leg14:exp:626/000008,bocg,https://www.senado.es/legis14/expedientes/626/enmiendas/global_enmiendas_vetos_14_626000008.xml,,6,,404,2026-03-01T01:08:24+00:00
senado_iniciativas,senado:leg14:exp:626/000008,ds,https://www.senado.es/web/actividadparlamentaria/iniciativas/enmiendas/index.html?id1=626&id2=000008&legis=14,,6,,404,2026-03-01T01:26:14+00:00
senado_iniciativas,senado:leg15:exp:622/000006,ds,https://www.senado.es/web/ficopendataservlet?legis=15&tipoFich=12&tipoEx=622&numEx=000006,,6,,404,2026-03-01T01:26:14+00:00
senado_iniciativas,senado:leg15:exp:622/000010,ds,https://www.senado.es/web/ficopendataservlet?legis=15&tipoFich=12&tipoEx=622&numEx=000010,,6,,404,2026-03-01T01:26:14+00:00
senado_iniciativas,senado:leg15:exp:622/000013,ds,https://www.senado.es/web/ficopendataservlet?legis=15&tipoFich=12&tipoEx=622&numEx=000013,,6,,404,2026-03-01T01:26:14+00:00
senado_iniciativas,senado:leg15:exp:622/000015,ds,https://www.senado.es/web/ficopendataservlet?legis=15&tipoFich=12&tipoEx=622&numEx=000015,,6,,404,2026-03-01T01:26:14+00:00
senado_iniciativas,senado:leg15:exp:622/000019,ds,https://www.senado.es/web/ficopendataservlet?legis=15&tipoFich=12&tipoEx=622&numEx=000019,,6,,404,2026-03-01T01:26:14+00:00
senado_iniciativas,senado:leg15:exp:622/000020,ds,https://www.senado.es/web/ficopendataservlet?legis=15&tipoFich=12&tipoEx=622&numEx=000020,,6,,404,2026-03-01T01:26:14+00:00
senado_iniciativas,senado:leg15:exp:622/000024,ds,https://www.senado.es/web/ficopendataservlet?legis=15&tipoFich=12&tipoEx=622&numEx=000024,,6,,404,2026-03-01T01:26:14+00:00
senado_iniciativas,senado:leg15:exp:626/000002,ds,https://www.senado.es/web/ficopendataservlet?legis=15&tipoFich=12&tipoEx=626&numEx=000002,,6,,404,2026-03-01T01:26:14+00:00
senado_iniciativas,senado:leg15:exp:626/000004,ds,https://www.senado.es/web/ficopendataservlet?legis=15&tipoFich=12&tipoEx=626&numEx=000004,,6,,404,2026-03-01T01:26:14+00:00
senado_iniciativas,senado:leg15:exp:626/000006,ds,https://www.senado.es/web/ficopendataservlet?legis=15&tipoFich=12&tipoEx=626&numEx=000006,,6,,404,2026-03-01T01:26:14+00:00
senado_iniciativas,senado:leg10:exp:610/000002,ds,https://www.senado.es/web/ficopendataservlet?legis=10&tipoFich=12&tipoEx=610&numEx=000002,,5,,404,2026-03-01T01:26:14+00:00
senado_iniciativas,senado:leg10:exp:610/000003,ds,https://www.senado.es/web/ficopendataservlet?legis=10&tipoFich=12&tipoEx=610&numEx=000003,,5,,404,2026-03-01T01:26:14+00:00
senado_iniciativas,senado:leg10:exp:610/000004,ds,https://www.senado.es/web/ficopendataservlet?legis=10&tipoFich=12&tipoEx=610&numEx=000004,,5,,404,2026-03-01T01:26:14+00:00
senado_iniciativas,senado:leg10:exp:610/000005,ds,https://www.senado.es/web/ficopendataservlet?legis=10&tipoFich=12&tipoEx=610&numEx=000005,,5,,404,2026-03-01T01:26:14+00:00
senado_iniciativas,senado:leg10:exp:610/000006,ds,https://www.senado.es/web/ficopendataservlet?legis=10&tipoFich=12&tipoEx=610&numEx=000006,,5,,404,2026-03-01T01:26:14+00:00
senado_iniciativas,senado:leg10:exp:610/000007,ds,https://www.senado.es/web/ficopendataservlet?legis=10&tipoFich=12&tipoEx=610&numEx=000007,,5,,404,2026-03-01T01:26:14+00:00
senado_iniciativas,senado:leg10:exp:610/000008,ds,https://www.senado.es/web/ficopendataservlet?legis=10&tipoFich=12&tipoEx=610&numEx=000008,,5,,404,2026-03-01T01:26:14+00:00
senado_iniciativas,senado:leg10:exp:610/000009,ds,https://www.senado.es/web/ficopendataservlet?legis=10&tipoFich=12&tipoEx=610&numEx=000009,,5,,404,2026-03-01T01:26:14+00:00
senado_iniciativas,senado:leg10:exp:610/000010,ds,https://www.senado.es/web/ficopendataservlet?legis=10&tipoFich=12&tipoEx=610&numEx=000010,,5,,404,2026-03-01T01:26:14+00:00
senado_iniciativas,senado:leg10:exp:610/000011,ds,https://www.senado.es/web/ficopendataservlet?legis=10&tipoFich=12&tipoEx=610&numEx=000011,,5,,404,2026-03-01T01:26:14+00:00
senado_iniciativas,senado:leg10:exp:610/000012,ds,https://www.senado.es/web/ficopendataservlet?legis=10&tipoFich=12&tipoEx=610&numEx=000012,,5,,404,2026-03-01T01:26:14+00:00
senado_iniciativas,senado:leg10:exp:610/000013,ds,https://www.senado.es/web/ficopendataservlet?legis=10&tipoFich=12&tipoEx=610&numEx=000013,,5,,404,2026-03-01T01:26:14+00:00
senado_iniciativas,senado:leg10:exp:610/000014,ds,https://www.senado.es/web/ficopendataservlet?legis=10&tipoFich=12&tipoEx=610&numEx=000014,,5,,404,2026-03-01T01:26:14+00:00
senado_iniciativas,senado:leg10:exp:610/000015,ds,https://www.senado.es/web/ficopendataservlet?legis=10&tipoFich=12&tipoEx=610&numEx=000015,,5,,404,2026-03-01T01:26:14+00:00
senado_iniciativas,senado:leg10:exp:610/000016,ds,https://www.senado.es/web/ficopendataservlet?legis=10&tipoFich=12&tipoEx=610&numEx=000016,,5,,404,2026-03-01T01:26:14+00:00
senado_iniciativas,senado:leg10:exp:610/000017,ds,https://www.senado.es/web/ficopendataservlet?legis=10&tipoFich=12&tipoEx=610&numEx=000017,,5,,404,2026-03-01T01:26:14+00:00
senado_iniciativas,senado:leg10:exp:610/000018,ds,https://www.senado.es/web/ficopendataservlet?legis=10&tipoFich=12&tipoEx=610&numEx=000018,,5,,404,2026-03-01T01:26:14+00:00
senado_iniciativas,senado:leg10:exp:610/000019,ds,https://www.senado.es/web/ficopendataservlet?legis=10&tipoFich=12&tipoEx=610&numEx=000019,,5,,404,2026-03-01T01:26:14+00:00
senado_iniciativas,senado:leg10:exp:610/000020,ds,https://www.senado.es/web/ficopendataservlet?legis=10&tipoFich=12&tipoEx=610&numEx=000020,,5,,404,2026-03-01T01:26:14+00:00
senado_iniciativas,senado:leg10:exp:610/000021,ds,https://www.senado.es/web/ficopendataservlet?legis=10&tipoFich=12&tipoEx=610&numEx=000021,,5,,404,2026-03-01T01:26:14+00:00
senado_iniciativas,senado:leg10:exp:610/000022,ds,https://www.senado.es/web/ficopendataservlet?legis=10&tipoFich=12&tipoEx=610&numEx=000022,,5,,404,2026-03-01T01:26:14+00:00
senado_iniciativas,senado:leg10:exp:610/000023,ds,https://www.senado.es/web/ficopendataservlet?legis=10&tipoFich=12&tipoEx=610&numEx=000023,,5,,404,2026-03-01T01:26:14+00:00
senado_iniciativas,senado:leg10:exp:610/000024,ds,https://www.senado.es/web/ficopendataservlet?legis=10&tipoFich=12&tipoEx=610&numEx=000024,,5,,404,2026-03-01T01:26:14+00:00
senado_iniciativas,senado:leg10:exp:610/000025,ds,https://www.senado.es/web/ficopendataservlet?legis=10&tipoFich=12&tipoEx=610&numEx=000025,,5,,404,2026-03-01T01:26:14+00:00
senado_iniciativas,senado:leg10:exp:610/000026,ds,https://www.senado.es/web/ficopendataservlet?legis=10&tipoFich=12&tipoEx=610&numEx=000026,,5,,404,2026-03-01T01:26:14+00:00
senado_iniciativas,senado:leg10:exp:610/000027,ds,https://www.senado.es/web/ficopendataservlet?legis=10&tipoFich=12&tipoEx=610&numEx=000027,,5,,404,2026-03-01T01:26:14+00:00
senado_iniciativas,senado:leg10:exp:610/000028,ds,https://www.senado.es/web/ficopendataservlet?legis=10&tipoFich=12&tipoEx=610&numEx=000028,,5,,404,2026-03-01T01:26:14+00:00
senado_iniciativas,senado:leg10:exp:610/000029,ds,https://www.senado.es/web/ficopendataservlet?legis=10&tipoFich=12&tipoEx=610&numEx=000029,,5,,404,2026-03-01T01:26:14+00:00
senado_iniciativas,senado:leg10:exp:610/000030,ds,https://www.senado.es/web/ficopendataservlet?legis=10&tipoFich=12&tipoEx=610&numEx=000030,,5,,404,2026-03-01T01:26:14+00:00
senado_iniciativas,senado:leg10:exp:610/000031,ds,https://www.senado.es/web/ficopendataservlet?legis=10&tipoFich=12&tipoEx=610&numEx=000031,,5,,404,2026-03-01T01:26:14+00:00
senado_iniciativas,senado:leg10:exp:610/000032,ds,https://www.senado.es/web/ficopendataservlet?legis=10&tipoFich=12&tipoEx=610&numEx=000032,,5,,404,2026-03-01T01:26:14+00:00
senado_iniciativas,senado:leg10:exp:610/000033,ds,https://www.senado.es/web/ficopendataservlet?legis=10&tipoFich=12&tipoEx=610&numEx=000033,,5,,404,2026-03-01T01:26:14+00:00
senado_iniciativas,senado:leg10:exp:610/000079,ds,https://www.senado.es/web/actividadparlamentaria/iniciativas/detalleiniciativa/index.html?legis=10&id1=610&id2=000079,,5,,404,2026-03-01T01:08:24+00:00
senado_iniciativas,senado:leg10:exp:610/000080,ds,https://www.senado.es/web/actividadparlamentaria/iniciativas/detalleiniciativa/index.html?legis=10&id1=610&id2=000080,,5,,404,2026-03-01T01:08:24+00:00
senado_iniciativas,senado:leg10:exp:610/000081,ds,https://www.senado.es/web/actividadparlamentaria/iniciativas/detalleiniciativa/index.html?legis=10&id1=610&id2=000081,,5,,404,2026-03-01T01:26:14+00:00
senado_iniciativas,senado:leg10:exp:610/000082,ds,https://www.senado.es/web/actividadparlamentaria/iniciativas/detalleiniciativa/index.html?legis=10&id1=610&id2=000082,,5,,404,2026-03-01T01:26:14+00:00
senado_iniciativas,senado:leg10:exp:610/000083,ds,https://www.senado.es/web/actividadparlamentaria/iniciativas/detalleiniciativa/index.html?legis=10&id1=610&id2=000083,,5,,404,2026-03-01T01:26:14+00:00
senado_iniciativas,senado:leg10:exp:610/000084,ds,https://www.senado.es/web/actividadparlamentaria/iniciativas/detalleiniciativa/index.html?legis=10&id1=610&id2=000084,,5,,404,2026-03-01T01:26:14+00:00
senado_iniciativas,senado:leg10:exp:610/000085,ds,https://www.senado.es/web/actividadparlamentaria/iniciativas/detalleiniciativa/index.html?legis=10&id1=610&id2=000085,,5,,404,2026-03-01T01:26:14+00:00
senado_iniciativas,senado:leg10:exp:610/000086,ds,https://www.senado.es/web/actividadparlamentaria/iniciativas/detalleiniciativa/index.html?legis=10&id1=610&id2=000086,,5,,404,2026-03-01T01:26:14+00:00
senado_iniciativas,senado:leg10:exp:610/000096,ds,https://www.senado.es/web/actividadparlamentaria/iniciativas/detalleiniciativa/index.html?legis=10&id1=610&id2=000096,,5,,404,2026-03-01T01:26:14+00:00
senado_iniciativas,senado:leg10:exp:610/000097,ds,https://www.senado.es/web/actividadparlamentaria/iniciativas/detalleiniciativa/index.html?legis=10&id1=610&id2=000097,,5,,404,2026-03-01T01:26:14+00:00
senado_iniciativas,senado:leg10:exp:610/000109,ds,https://www.senado.es/web/actividadparlamentaria/iniciativas/enmiendas/index.html?id1=610&id2=000109&legis=10,,5,,404,2026-02-28T23:27:58+00:00
senado_iniciativas,senado:leg10:exp:610/000114,ds,https://www.senado.es/web/actividadparlamentaria/iniciativas/enmiendas/index.html?id1=610&id2=000114&legis=10,,5,,404,2026-02-28T23:27:58+00:00
senado_iniciativas,senado:leg10:exp:610/000115,ds,https://www.senado.es/web/actividadparlamentaria/iniciativas/enmiendas/index.html?id1=610&id2=000115&legis=10,,5,,404,2026-02-28T23:27:58+00:00
senado_iniciativas,senado:leg10:exp:610/000116,ds,https://www.senado.es/web/actividadparlamentaria/iniciativas/enmiendas/index.html?id1=610&id2=000116&legis=10,,5,,404,2026-02-28T23:27:58+00:00
senado_iniciativas,senado:leg10:exp:610/000117,ds,https://www.senado.es/web/actividadparlamentaria/iniciativas/enmiendas/index.html?id1=610&id2=000117&legis=10,,5,,404,2026-02-28T23:27:58+00:00
senado_iniciativas,senado:leg10:exp:610/000118,ds,https://www.senado.es/web/actividadparlamentaria/iniciativas/enmiendas/index.html?id1=610&id2=000118&legis=10,,5,,404,2026-02-28T23:27:58+00:00
senado_iniciativas,senado:leg10:exp:610/000119,ds,https://www.senado.es/web/actividadparlamentaria/iniciativas/enmiendas/index.html?id1=610&id2=000119&legis=10,,5,,404,2026-02-28T23:27:58+00:00
senado_iniciativas,senado:leg10:exp:610/000120,ds,https://www.senado.es/web/actividadparlamentaria/iniciativas/enmiendas/index.html?id1=610&id2=000120&legis=10,,5,,404,2026-02-28T23:27:58+00:00
senado_iniciativas,senado:leg10:exp:610/000121,ds,https://www.senado.es/web/actividadparlamentaria/iniciativas/enmiendas/index.html?id1=610&id2=000121&legis=10,,5,,404,2026-02-28T23:27:58+00:00
senado_iniciativas,senado:leg10:exp:610/000122,ds,https://www.senado.es/web/actividadparlamentaria/iniciativas/enmiendas/index.html?id1=610&id2=000122&legis=10,,5,,404,2026-02-28T23:27:58+00:00
senado_iniciativas,senado:leg10:exp:610/000123,ds,https://www.senado.es/web/actividadparlamentaria/iniciativas/enmiendas/index.html?id1=610&id2=000123&legis=10,,5,,404,2026-02-28T23:27:58+00:00
senado_iniciativas,senado:leg10:exp:610/000124,ds,https://www.senado.es/web/actividadparlamentaria/iniciativas/enmiendas/index.html?id1=610&id2=000124&legis=10,,5,,404,2026-02-28T23:27:58+00:00
senado_iniciativas,senado:leg10:exp:610/000127,ds,https://www.senado.es/web/actividadparlamentaria/iniciativas/enmiendas/index.html?id1=610&id2=000127&legis=10,,5,,404,2026-02-28T23:27:58+00:00
senado_iniciativas,senado:leg10:exp:610/000128,ds,https://www.senado.es/web/actividadparlamentaria/iniciativas/enmiendas/index.html?id1=610&id2=000128&legis=10,,5,,404,2026-02-28T23:27:58+00:00
senado_iniciativas,senado:leg10:exp:610/000129,ds,https://www.senado.es/web/actividadparlamentaria/iniciativas/enmiendas/index.html?id1=610&id2=000129&legis=10,,5,,404,2026-02-28T23:27:58+00:00
senado_iniciativas,senado:leg10:exp:610/000130,ds,https://www.senado.es/web/actividadparlamentaria/iniciativas/enmiendas/index.html?id1=610&id2=000130&legis=10,,5,,404,2026-02-28T23:27:58+00:00
senado_iniciativas,senado:leg10:exp:610/000131,ds,https://www.senado.es/web/actividadparlamentaria/iniciativas/enmiendas/index.html?id1=610&id2=000131&legis=10,,5,,404,2026-02-28T23:27:58+00:00
senado_iniciativas,senado:leg10:exp:610/000132,ds,https://www.senado.es/web/actividadparlamentaria/iniciativas/enmiendas/index.html?id1=610&id2=000132&legis=10,,5,,404,2026-02-28T23:27:58+00:00
senado_iniciativas,senado:leg10:exp:610/000133,ds,https://www.senado.es/web/actividadparlamentaria/iniciativas/enmiendas/index.html?id1=610&id2=000133&legis=10,,5,,404,2026-02-28T23:27:58+00:00
senado_iniciativas,senado:leg10:exp:610/000134,ds,https://www.senado.es/web/actividadparlamentaria/iniciativas/enmiendas/index.html?id1=610&id2=000134&legis=10,,5,,404,2026-02-28T23:27:58+00:00
senado_iniciativas,senado:leg10:exp:610/000135,ds,https://www.senado.es/web/actividadparlamentaria/iniciativas/enmiendas/index.html?id1=610&id2=000135&legis=10,,5,,404,2026-02-28T23:27:58+00:00
senado_iniciativas,senado:leg10:exp:610/000137,ds,https://www.senado.es/web/actividadparlamentaria/iniciativas/enmiendas/index.html?id1=610&id2=000137&legis=10,,5,,404,2026-02-28T23:27:58+00:00
senado_iniciativas,senado:leg10:exp:610/000138,ds,https://www.senado.es/web/actividadparlamentaria/iniciativas/enmiendas/index.html?id1=610&id2=000138&legis=10,,5,,404,2026-02-28T23:27:58+00:00
senado_iniciativas,senado:leg10:exp:610/000139,ds,https://www.senado.es/web/actividadparlamentaria/iniciativas/enmiendas/index.html?id1=610&id2=000139&legis=10,,5,,404,2026-02-28T23:27:58+00:00
senado_iniciativas,senado:leg10:exp:610/000099,ds,https://www.senado.es/web/actividadparlamentaria/iniciativas/detalleiniciativa/index.html?legis=10&id1=610&id2=000099,,4,,404,2026-02-28T23:22:04+00:00
senado_iniciativas,senado:leg10:exp:610/000100,ds,https://www.senado.es/web/actividadparlamentaria/iniciativas/detalleiniciativa/index.html?legis=10&id1=610&id2=000100,,4,,404,2026-02-28T23:22:04+00:00
senado_iniciativas,senado:leg10:exp:610/000101,ds,https://www.senado.es/web/actividadparlamentaria/iniciativas/detalleiniciativa/index.html?legis=10&id1=610&id2=000101,,4,,404,2026-02-28T23:22:04+00:00
senado_iniciativas,senado:leg10:exp:610/000102,ds,https://www.senado.es/web/actividadparlamentaria/iniciativas/detalleiniciativa/index.html?legis=10&id1=610&id2=000102,,4,,404,2026-02-28T23:22:04+00:00
senado_iniciativas,senado:leg10:exp:610/000103,ds,https://www.senado.es/web/actividadparlamentaria/iniciativas/detalleiniciativa/index.html?legis=10&id1=610&id2=000103,,4,,404,2026-02-28T23:22:04+00:00
senado_iniciativas,senado:leg10:exp:610/000104,ds,https://www.senado.es/web/actividadparlamentaria/iniciativas/detalleiniciativa/index.html?legis=10&id1=610&id2=000104,,4,,404,2026-02-28T23:22:04+00:00
senado_iniciativas,senado:leg10:exp:610/000105,ds,https://www.senado.es/web/actividadparlamentaria/iniciativas/detalleiniciativa/index.html?legis=10&id1=610&id2=000105,,4,,404,2026-02-28T23:22:04+00:00
senado_iniciativas,senado:leg12:exp:621/000015,bocg,https://www.senado.es/web/ficopendataservlet?legis=12&tipoFich=3&tipoEx=621&numEx=000015,,4,,404,2026-03-01T00:34:30+00:00
senado_iniciativas,senado:leg12:exp:621/000017,bocg,https://www.senado.es/web/ficopendataservlet?legis=12&tipoFich=3&tipoEx=621&numEx=000017,,4,,404,2026-03-01T00:34:30+00:00
senado_iniciativas,senado:leg12:exp:621/000018,bocg,https://www.senado.es/web/ficopendataservlet?legis=12&tipoFich=3&tipoEx=621&numEx=000018,,4,,404,2026-03-01T00:34:30+00:00
senado_iniciativas,senado:leg12:exp:622/000027,bocg,https://www.senado.es/web/ficopendataservlet?legis=12&tipoFich=3&tipoEx=622&numEx=000027,,4,,404,2026-03-01T00:34:30+00:00
senado_iniciativas,senado:leg12:exp:622/000032,bocg,https://www.senado.es/web/ficopendataservlet?legis=12&tipoFich=3&tipoEx=622&numEx=000032,,4,,404,2026-03-01T00:34:30+00:00
senado_iniciativas,senado:leg12:exp:624/000012,bocg,https://www.senado.es/web/ficopendataservlet?legis=12&tipoFich=3&tipoEx=624&numEx=000012,,4,,404,2026-03-01T00:34:30+00:00
senado_iniciativas,senado:leg12:exp:624/000013,bocg,https://www.senado.es/web/ficopendataservlet?legis=12&tipoFich=3&tipoEx=624&numEx=000013,,4,,404,2026-03-01T00:34:30+00:00
senado_iniciativas,senado:leg12:exp:624/000014,bocg,https://www.senado.es/web/ficopendataservlet?legis=12&tipoFich=3&tipoEx=624&numEx=000014,,4,,404,2026-03-01T00:47:45+00:00
senado_iniciativas,senado:leg12:exp:624/000016,bocg,https://www.senado.es/web/ficopendataservlet?legis=12&tipoFich=3&tipoEx=624&numEx=000016,,4,,404,2026-03-01T00:47:45+00:00
senado_iniciativas,senado:leg12:exp:625/000001,bocg,http://www.senado.es/legis12/expedientes/625/enmiendas/global_enmiendas_vetos_12_625000001.xml,,4,,404,2026-02-28T22:52:51+00:00
senado_iniciativas,senado:leg12:exp:626/000001,bocg,http://www.senado.es/legis12/expedientes/626/enmiendas/global_enmiendas_vetos_12_626000001.xml,,4,,404,2026-02-28T22:52:51+00:00
senado_iniciativas,senado:leg12:exp:626/000004,bocg,https://www.senado.es/web/ficopendataservlet?legis=12&tipoFich=3&tipoEx=626&numEx=000004,,4,,404,2026-03-01T00:47:45+00:00
senado_iniciativas,senado:leg12:exp:626/000008,bocg,http://www.senado.es/legis12/expedientes/626/enmiendas/global_enmiendas_vetos_12_626000008.xml,,4,,404,2026-02-28T22:52:51+00:00
senado_iniciativas,senado:leg12:exp:626/000009,bocg,http://www.senado.es/legis12/expedientes/626/enmiendas/global_enmiendas_vetos_12_626000009.xml,,4,,404,2026-02-28T22:52:51+00:00
senado_iniciativas,senado:leg14:exp:620/000007,bocg,https://www.senado.es/web/ficopendataservlet?legis=14&tipoFich=3&tipoEx=620&numEx=000007,,4,,404,2026-03-01T00:47:45+00:00
senado_iniciativas,senado:leg14:exp:621/000012,bocg,https://www.senado.es/web/ficopendataservlet?legis=14&tipoFich=3&tipoEx=621&numEx=000012,,4,,404,2026-02-28T21:51:14+00:00
senado_iniciativas,senado:leg14:exp:621/000014,bocg,https://www.senado.es/web/ficopendataservlet?legis=14&tipoFich=3&tipoEx=621&numEx=000014,,4,,404,2026-02-28T21:51:14+00:00
senado_iniciativas,senado:leg14:exp:621/000040,bocg,https://www.senado.es/web/ficopendataservlet?legis=14&tipoFich=3&tipoEx=621&numEx=000040,,4,,404,2026-02-28T21:51:14+00:00
senado_iniciativas,senado:leg14:exp:621/000047,bocg,https://www.senado.es/web/ficopendataservlet?legis=14&tipoFich=3&tipoEx=621&numEx=000047,,4,,404,2026-03-01T00:47:45+00:00
senado_iniciativas,senado:leg14:exp:621/000048,bocg,https://www.senado.es/web/ficopendataservlet?legis=14&tipoFich=3&tipoEx=621&numEx=000048,,4,,404,2026-03-01T00:47:45+00:00
senado_iniciativas,senado:leg14:exp:621/000049,bocg,https://www.senado.es/web/ficopendataservlet?legis=14&tipoFich=3&tipoEx=621&numEx=000049,,4,,404,2026-03-01T00:47:45+00:00
senado_iniciativas,senado:leg14:exp:621/000050,bocg,https://www.senado.es/web/ficopendataservlet?legis=14&tipoFich=3&tipoEx=621&numEx=000050,,4,,404,2026-03-01T00:47:45+00:00
senado_iniciativas,senado:leg14:exp:621/000051,bocg,https://www.senado.es/web/ficopendataservlet?legis=14&tipoFich=3&tipoEx=621&numEx=000051,,4,,404,2026-03-01T00:47:45+00:00
senado_iniciativas,senado:leg14:exp:621/000052,bocg,https://www.senado.es/web/ficopendataservlet?legis=14&tipoFich=3&tipoEx=621&numEx=000052,,4,,404,2026-03-01T00:47:45+00:00
senado_iniciativas,senado:leg14:exp:621/000053,bocg,https://www.senado.es/web/ficopendataservlet?legis=14&tipoFich=3&tipoEx=621&numEx=000053,,4,,404,2026-03-01T00:47:45+00:00
senado_iniciativas,senado:leg14:exp:621/000054,bocg,https://www.senado.es/web/ficopendataservlet?legis=14&tipoFich=3&tipoEx=621&numEx=000054,,4,,404,2026-03-01T00:47:45+00:00
senado_iniciativas,senado:leg14:exp:621/000055,bocg,https://www.senado.es/web/ficopendataservlet?legis=14&tipoFich=3&tipoEx=621&numEx=000055,,4,,404,2026-03-01T00:47:45+00:00
senado_iniciativas,senado:leg14:exp:621/000055,ds,https://www.senado.es/web/actividadparlamentaria/iniciativas/enmiendas/index.html?id1=621&id2=000055&legis=14,,4,,404,2026-02-28T23:05:16+00:00
senado_iniciativas,senado:leg14:exp:621/000056,bocg,https://www.senado.es/web/ficopendataservlet?legis=14&tipoFich=3&tipoEx=621&numEx=000056,,4,,404,2026-03-01T00:47:45+00:00
senado_iniciativas,senado:leg14:exp:621/000056,ds,https://www.senado.es/web/actividadparlamentaria/iniciativas/enmiendas/index.html?id1=621&id2=000056&legis=14,,4,,404,2026-02-28T23:05:16+00:00
senado_iniciativas,senado:leg14:exp:621/000057,bocg,https://www.senado.es/web/ficopendataservlet?legis=14&tipoFich=3&tipoEx=621&numEx=000057,,4,,404,2026-03-01T00:47:45+00:00
senado_iniciativas,senado:leg14:exp:621/000057,ds,https://www.senado.es/web/actividadparlamentaria/iniciativas/enmiendas/index.html?id1=621&id2=000057&legis=14,,4,,404,2026-02-28T23:05:16+00:00
senado_iniciativas,senado:leg14:exp:621/000058,bocg,https://www.senado.es/web/ficopendataservlet?legis=14&tipoFich=3&tipoEx=621&numEx=000058,,4,,404,2026-03-01T00:47:45+00:00
senado_iniciativas,senado:leg14:exp:621/000058,ds,https://www.senado.es/web/actividadparlamentaria/iniciativas/enmiendas/index.html?id1=621&id2=000058&legis=14,,4,,404,2026-02-28T23:05:16+00:00
senado_iniciativas,senado:leg14:exp:621/000059,bocg,https://www.senado.es/web/ficopendataservlet?legis=14&tipoFich=3&tipoEx=621&numEx=000059,,4,,404,2026-03-01T00:47:45+00:00
senado_iniciativas,senado:leg14:exp:621/000059,ds,https://www.senado.es/web/actividadparlamentaria/iniciativas/enmiendas/index.html?id1=621&id2=000059&legis=14,,4,,404,2026-02-28T23:05:16+00:00
senado_iniciativas,senado:leg14:exp:621/000060,bocg,https://www.senado.es/web/ficopendataservlet?legis=14&tipoFich=3&tipoEx=621&numEx=000060,,4,,404,2026-03-01T00:47:45+00:00
senado_iniciativas,senado:leg14:exp:621/000060,ds,https://www.senado.es/web/actividadparlamentaria/iniciativas/enmiendas/index.html?id1=621&id2=000060&legis=14,,4,,404,2026-02-28T23:05:16+00:00
senado_iniciativas,senado:leg14:exp:621/000061,bocg,https://www.senado.es/web/ficopendataservlet?legis=14&tipoFich=3&tipoEx=621&numEx=000061,,4,,404,2026-03-01T00:47:45+00:00
senado_iniciativas,senado:leg14:exp:621/000061,ds,https://www.senado.es/web/actividadparlamentaria/iniciativas/enmiendas/index.html?id1=621&id2=000061&legis=14,,4,,404,2026-02-28T23:05:16+00:00
senado_iniciativas,senado:leg14:exp:621/000062,bocg,https://www.senado.es/web/ficopendataservlet?legis=14&tipoFich=3&tipoEx=621&numEx=000062,,4,,404,2026-03-01T00:47:45+00:00
senado_iniciativas,senado:leg14:exp:621/000062,ds,https://www.senado.es/web/actividadparlamentaria/iniciativas/enmiendas/index.html?id1=621&id2=000062&legis=14,,4,,404,2026-02-28T23:05:16+00:00
senado_iniciativas,senado:leg14:exp:621/000063,bocg,https://www.senado.es/web/ficopendataservlet?legis=14&tipoFich=3&tipoEx=621&numEx=000063,,4,,404,2026-03-01T00:47:45+00:00
senado_iniciativas,senado:leg14:exp:621/000063,ds,https://www.senado.es/web/actividadparlamentaria/iniciativas/enmiendas/index.html?id1=621&id2=000063&legis=14,,4,,404,2026-02-28T23:05:16+00:00
senado_iniciativas,senado:leg14:exp:621/000064,bocg,https://www.senado.es/web/ficopendataservlet?legis=14&tipoFich=3&tipoEx=621&numEx=000064,,4,,404,2026-03-01T00:47:45+00:00
senado_iniciativas,senado:leg14:exp:621/000064,ds,https://www.senado.es/web/actividadparlamentaria/iniciativas/enmiendas/index.html?id1=621&id2=000064&legis=14,,4,,404,2026-02-28T23:05:16+00:00
senado_iniciativas,senado:leg14:exp:621/000065,bocg,https://www.senado.es/web/ficopendataservlet?legis=14&tipoFich=3&tipoEx=621&numEx=000065,,4,,404,2026-03-01T00:47:45+00:00
senado_iniciativas,senado:leg14:exp:621/000065,ds,https://www.senado.es/web/actividadparlamentaria/iniciativas/enmiendas/index.html?id1=621&id2=000065&legis=14,,4,,404,2026-02-28T23:05:16+00:00
senado_iniciativas,senado:leg14:exp:621/000066,bocg,https://www.senado.es/web/ficopendataservlet?legis=14&tipoFich=3&tipoEx=621&numEx=000066,,4,,404,2026-03-01T00:47:45+00:00
senado_iniciativas,senado:leg14:exp:621/000067,bocg,https://www.senado.es/web/ficopendataservlet?legis=14&tipoFich=3&tipoEx=621&numEx=000067,,4,,404,2026-03-01T00:47:45+00:00
senado_iniciativas,senado:leg14:exp:621/000067,ds,https://www.senado.es/web/actividadparlamentaria/iniciativas/enmiendas/index.html?id1=621&id2=000067&legis=14,,4,,404,2026-02-28T23:05:16+00:00
senado_iniciativas,senado:leg14:exp:621/000068,bocg,https://www.senado.es/web/ficopendataservlet?legis=14&tipoFich=3&tipoEx=621&numEx=000068,,4,,404,2026-03-01T00:47:45+00:00
senado_iniciativas,senado:leg14:exp:621/000068,ds,https://www.senado.es/web/actividadparlamentaria/iniciativas/enmiendas/index.html?id1=621&id2=000068&legis=14,,4,,404,2026-02-28T23:05:16+00:00
senado_iniciativas,senado:leg14:exp:621/000069,bocg,https://www.senado.es/web/ficopendataservlet?legis=14&tipoFich=3&tipoEx=621&numEx=000069,,4,,404,2026-03-01T00:47:45+00:00
senado_iniciativas,senado:leg14:exp:621/000069,ds,https://www.senado.es/web/actividadparlamentaria/iniciativas/enmiendas/index.html?id1=621&id2=000069&legis=14,,4,,404,2026-02-28T23:05:16+00:00
senado_iniciativas,senado:leg14:exp:621/000070,bocg,https://www.senado.es/web/ficopendataservlet?legis=14&tipoFich=3&tipoEx=621&numEx=000070,,4,,404,2026-03-01T00:47:45+00:00
senado_iniciativas,senado:leg14:exp:621/000070,ds,https://www.senado.es/web/actividadparlamentaria/iniciativas/enmiendas/index.html?id1=621&id2=000070&legis=14,,4,,404,2026-02-28T23:05:16+00:00
senado_iniciativas,senado:leg14:exp:621/000071,bocg,https://www.senado.es/web/ficopendataservlet?legis=14&tipoFich=3&tipoEx=621&numEx=000071,,4,,404,2026-03-01T00:47:45+00:00
senado_iniciativas,senado:leg14:exp:621/000071,ds,https://www.senado.es/web/actividadparlamentaria/iniciativas/enmiendas/index.html?id1=621&id2=000071&legis=14,,4,,404,2026-02-28T23:05:16+00:00
senado_iniciativas,senado:leg14:exp:621/000072,bocg,https://www.senado.es/web/ficopendataservlet?legis=14&tipoFich=3&tipoEx=621&numEx=000072,,4,,404,2026-03-01T00:47:45+00:00
senado_iniciativas,senado:leg14:exp:621/000072,ds,https://www.senado.es/web/actividadparlamentaria/iniciativas/enmiendas/index.html?id1=621&id2=000072&legis=14,,4,,404,2026-02-28T23:05:16+00:00
senado_iniciativas,senado:leg14:exp:621/000073,bocg,https://www.senado.es/web/ficopendataservlet?legis=14&tipoFich=3&tipoEx=621&numEx=000073,,4,,404,2026-03-01T00:47:45+00:00
senado_iniciativas,senado:leg14:exp:621/000073,ds,https://www.senado.es/web/actividadparlamentaria/iniciativas/enmiendas/index.html?id1=621&id2=000073&legis=14,,4,,404,2026-02-28T23:05:16+00:00
senado_iniciativas,senado:leg14:exp:621/000074,bocg,https://www.senado.es/web/ficopendataservlet?legis=14&tipoFich=3&tipoEx=621&numEx=000074,,4,,404,2026-03-01T00:47:45+00:00
senado_iniciativas,senado:leg14:exp:621/000074,ds,https://www.senado.es/web/actividadparlamentaria/iniciativas/enmiendas/index.html?id1=621&id2=000074&legis=14,,4,,404,2026-02-28T23:05:16+00:00
senado_iniciativas,senado:leg14:exp:621/000075,bocg,https://www.senado.es/web/ficopendataservlet?legis=14&tipoFich=3&tipoEx=621&numEx=000075,,4,,404,2026-03-01T00:47:45+00:00
senado_iniciativas,senado:leg14:exp:621/000075,ds,https://www.senado.es/web/actividadparlamentaria/iniciativas/enmiendas/index.html?id1=621&id2=000075&legis=14,,4,,404,2026-02-28T23:05:16+00:00
senado_iniciativas,senado:leg14:exp:621/000076,bocg,https://www.senado.es/web/ficopendataservlet?legis=14&tipoFich=3&tipoEx=621&numEx=000076,,4,,404,2026-03-01T00:47:45+00:00
senado_iniciativas,senado:leg14:exp:621/000077,bocg,https://www.senado.es/web/ficopendataservlet?legis=14&tipoFich=3&tipoEx=621&numEx=000077,,4,,404,2026-03-01T00:47:45+00:00
senado_iniciativas,senado:leg14:exp:621/000077,ds,https://www.senado.es/web/actividadparlamentaria/iniciativas/enmiendas/index.html?id1=621&id2=000077&legis=14,,4,,404,2026-02-28T23:05:16+00:00
senado_iniciativas,senado:leg14:exp:621/000079,bocg,https://www.senado.es/web/ficopendataservlet?legis=14&tipoFich=3&tipoEx=621&numEx=000079,,4,,404,2026-03-01T00:47:45+00:00
senado_iniciativas,senado:leg14:exp:621/000079,ds,https://www.senado.es/web/actividadparlamentaria/iniciativas/enmiendas/index.html?id1=621&id2=000079&legis=14,,4,,404,2026-02-28T23:36:10+00:00
senado_iniciativas,senado:leg14:exp:621/000080,bocg,https://www.senado.es/web/ficopendataservlet?legis=14&tipoFich=3&tipoEx=621&numEx=000080,,4,,404,2026-03-01T00:47:45+00:00
senado_iniciativas,senado:leg14:exp:621/000080,ds,https://www.senado.es/web/actividadparlamentaria/iniciativas/enmiendas/index.html?id1=621&id2=000080&legis=14,,4,,404,2026-02-28T23:36:10+00:00
senado_iniciativas,senado:leg14:exp:621/000081,bocg,https://www.senado.es/web/ficopendataservlet?legis=14&tipoFich=3&tipoEx=621&numEx=000081,,4,,404,2026-03-01T00:47:45+00:00
senado_iniciativas,senado:leg14:exp:621/000081,ds,https://www.senado.es/web/actividadparlamentaria/iniciativas/enmiendas/index.html?id1=621&id2=000081&legis=14,,4,,404,2026-02-28T23:36:10+00:00
senado_iniciativas,senado:leg14:exp:621/000082,bocg,https://www.senado.es/web/ficopendataservlet?legis=14&tipoFich=3&tipoEx=621&numEx=000082,,4,,404,2026-03-01T00:47:45+00:00
senado_iniciativas,senado:leg14:exp:621/000082,ds,https://www.senado.es/web/actividadparlamentaria/iniciativas/enmiendas/index.html?id1=621&id2=000082&legis=14,,4,,404,2026-02-28T23:36:10+00:00
senado_iniciativas,senado:leg14:exp:621/000083,bocg,https://www.senado.es/web/ficopendataservlet?legis=14&tipoFich=3&tipoEx=621&numEx=000083,,4,,404,2026-03-01T00:47:45+00:00
senado_iniciativas,senado:leg14:exp:621/000083,ds,https://www.senado.es/web/actividadparlamentaria/iniciativas/enmiendas/index.html?id1=621&id2=000083&legis=14,,4,,404,2026-02-28T23:36:10+00:00
senado_iniciativas,senado:leg14:exp:621/000084,bocg,https://www.senado.es/web/ficopendataservlet?legis=14&tipoFich=3&tipoEx=621&numEx=000084,,4,,404,2026-03-01T00:47:45+00:00
senado_iniciativas,senado:leg14:exp:621/000084,ds,https://www.senado.es/web/actividadparlamentaria/iniciativas/enmiendas/index.html?id1=621&id2=000084&legis=14,,4,,404,2026-02-28T23:36:10+00:00
senado_iniciativas,senado:leg14:exp:621/000085,bocg,https://www.senado.es/web/ficopendataservlet?legis=14&tipoFich=3&tipoEx=621&numEx=000085,,4,,404,2026-03-01T00:47:45+00:00
senado_iniciativas,senado:leg14:exp:621/000085,ds,https://www.senado.es/web/actividadparlamentaria/iniciativas/enmiendas/index.html?id1=621&id2=000085&legis=14,,4,,404,2026-02-28T23:36:10+00:00
senado_iniciativas,senado:leg14:exp:621/000086,bocg,https://www.senado.es/web/ficopendataservlet?legis=14&tipoFich=3&tipoEx=621&numEx=000086,,4,,404,2026-03-01T00:47:45+00:00
senado_iniciativas,senado:leg14:exp:621/000086,ds,https://www.senado.es/web/actividadparlamentaria/iniciativas/enmiendas/index.html?id1=621&id2=000086&legis=14,,4,,404,2026-02-28T23:36:10+00:00
senado_iniciativas,senado:leg14:exp:621/000087,ds,https://www.senado.es/web/actividadparlamentaria/iniciativas/enmiendas/index.html?id1=621&id2=000087&legis=14,,4,,404,2026-02-28T23:36:10+00:00
senado_iniciativas,senado:leg14:exp:621/000088,ds,https://www.senado.es/web/actividadparlamentaria/iniciativas/enmiendas/index.html?id1=621&id2=000088&legis=14,,4,,404,2026-02-28T23:36:10+00:00
senado_iniciativas,senado:leg14:exp:622/000003,bocg,https://www.senado.es/web/ficopendataservlet?legis=14&tipoFich=3&tipoEx=622&numEx=000003,,4,,404,2026-03-01T00:59:26+00:00
senado_iniciativas,senado:leg14:exp:622/000005,bocg,https://www.senado.es/web/ficopendataservlet?legis=14&tipoFich=3&tipoEx=622&numEx=000005,,4,,404,2026-03-01T00:59:26+00:00
senado_iniciativas,senado:leg14:exp:622/000006,bocg,https://www.senado.es/web/ficopendataservlet?legis=14&tipoFich=3&tipoEx=622&numEx=000006,,4,,404,2026-03-01T00:59:26+00:00
senado_iniciativas,senado:leg14:exp:622/000007,bocg,https://www.senado.es/web/ficopendataservlet?legis=14&tipoFich=3&tipoEx=622&numEx=000007,,4,,404,2026-03-01T00:59:26+00:00
senado_iniciativas,senado:leg14:exp:622/000011,bocg,https://www.senado.es/web/ficopendataservlet?legis=14&tipoFich=3&tipoEx=622&numEx=000011,,4,,404,2026-03-01T00:59:26+00:00
senado_iniciativas,senado:leg14:exp:622/000014,bocg,https://www.senado.es/web/ficopendataservlet?legis=14&tipoFich=3&tipoEx=622&numEx=000014,,4,,404,2026-03-01T00:59:26+00:00
senado_iniciativas,senado:leg14:exp:622/000020,bocg,https://www.senado.es/web/ficopendataservlet?legis=14&tipoFich=3&tipoEx=622&numEx=000020,,4,,404,2026-03-01T00:59:26+00:00
senado_iniciativas,senado:leg14:exp:622/000023,bocg,https://www.senado.es/web/ficopendataservlet?legis=14&tipoFich=3&tipoEx=622&numEx=000023,,4,,404,2026-03-01T00:59:26+00:00
senado_iniciativas,senado:leg14:exp:622/000059,ds,https://www.senado.es/web/ficopendataservlet?legis=14&tipoFich=12&tipoEx=622&numEx=000059,,4,,404,2026-03-01T00:47:45+00:00
senado_iniciativas,senado:leg14:exp:622/000071,ds,https://www.senado.es/web/ficopendataservlet?legis=14&tipoFich=12&tipoEx=622&numEx=000071,,4,,404,2026-03-01T00:47:45+00:00
senado_iniciativas,senado:leg14:exp:622/000074,ds,https://www.senado.es/web/ficopendataservlet?legis=14&tipoFich=12&tipoEx=622&numEx=000074,,4,,404,2026-03-01T00:47:45+00:00
senado_iniciativas,senado:leg14:exp:622/000085,bocg,https://www.senado.es/web/ficopendataservlet?legis=14&tipoFich=3&tipoEx=622&numEx=000085,,4,,404,2026-03-01T00:47:45+00:00
senado_iniciativas,senado:leg14:exp:624/000010,bocg,https://www.senado.es/web/ficopendataservlet?legis=14&tipoFich=3&tipoEx=624&numEx=000010,,4,,404,2026-02-28T22:24:39+00:00
senado_iniciativas,senado:leg14:exp:624/000011,bocg,https://www.senado.es/web/ficopendataservlet?legis=14&tipoFich=3&tipoEx=624&numEx=000011,,4,,404,2026-02-28T22:24:39+00:00
senado_iniciativas,senado:leg14:exp:624/000012,bocg,https://www.senado.es/web/ficopendataservlet?legis=14&tipoFich=3&tipoEx=624&numEx=000012,,4,,404,2026-03-01T00:59:26+00:00
senado_iniciativas,senado:leg14:exp:624/000012,ds,https://www.senado.es/web/actividadparlamentaria/iniciativas/enmiendas/index.html?id1=624&id2=000012&legis=14,,4,,404,2026-02-28T23:36:10+00:00
senado_iniciativas,senado:leg14:exp:624/000013,bocg,https://www.senado.es/web/ficopendataservlet?legis=14&tipoFich=3&tipoEx=624&numEx=000013,,4,,404,2026-03-01T00:47:45+00:00
senado_iniciativas,senado:leg14:exp:624/000014,bocg,https://www.senado.es/web/ficopendataservlet?legis=14&tipoFich=3&tipoEx=624&numEx=000014,,4,,404,2026-03-01T00:47:45+00:00
senado_iniciativas,senado:leg14:exp:624/000014,ds,https://www.senado.es/web/actividadparlamentaria/iniciativas/enmiendas/index.html?id1=624&id2=000014&legis=14,,4,,404,2026-02-28T23:36:10+00:00
senado_iniciativas,senado:leg14:exp:624/000015,bocg,https://www.senado.es/web/ficopendataservlet?legis=14&tipoFich=3&tipoEx=624&numEx=000015,,4,,404,2026-03-01T00:47:45+00:00
senado_iniciativas,senado:leg14:exp:624/000015,ds,https://www.senado.es/web/actividadparlamentaria/iniciativas/enmiendas/index.html?id1=624&id2=000015&legis=14,,4,,404,2026-02-28T23:36:10+00:00
senado_iniciativas,senado:leg14:exp:624/000016,bocg,https://www.senado.es/web/ficopendataservlet?legis=14&tipoFich=3&tipoEx=624&numEx=000016,,4,,404,2026-03-01T00:47:45+00:00
senado_iniciativas,senado:leg14:exp:624/000016,ds,https://www.senado.es/web/actividadparlamentaria/iniciativas/enmiendas/index.html?id1=624&id2=000016&legis=14,,4,,404,2026-02-28T23:36:10+00:00
senado_iniciativas,senado:leg14:exp:624/000017,bocg,https://www.senado.es/web/ficopendataservlet?legis=14&tipoFich=3&tipoEx=624&numEx=000017,,4,,404,2026-03-01T00:47:45+00:00
senado_iniciativas,senado:leg14:exp:624/000017,ds,https://www.senado.es/web/actividadparlamentaria/iniciativas/enmiendas/index.html?id1=624&id2=000017&legis=14,,4,,404,2026-02-28T23:36:10+00:00
senado_iniciativas,senado:leg14:exp:624/000018,bocg,https://www.senado.es/web/ficopendataservlet?legis=14&tipoFich=3&tipoEx=624&numEx=000018,,4,,404,2026-03-01T00:47:45+00:00
senado_iniciativas,senado:leg14:exp:624/000018,ds,https://www.senado.es/web/actividadparlamentaria/iniciativas/enmiendas/index.html?id1=624&id2=000018&legis=14,,4,,404,2026-02-28T23:36:10+00:00
senado_iniciativas,senado:leg14:exp:624/000019,bocg,https://www.senado.es/web/ficopendataservlet?legis=14&tipoFich=3&tipoEx=624&numEx=000019,,4,,404,2026-03-01T00:47:45+00:00
senado_iniciativas,senado:leg14:exp:624/000019,ds,https://www.senado.es/web/actividadparlamentaria/iniciativas/enmiendas/index.html?id1=624&id2=000019&legis=14,,4,,404,2026-02-28T23:36:10+00:00
senado_iniciativas,senado:leg14:exp:625/000001,bocg,https://www.senado.es/web/ficopendataservlet?legis=14&tipoFich=3&tipoEx=625&numEx=000001,,4,,404,2026-03-01T00:47:45+00:00
senado_iniciativas,senado:leg14:exp:625/000001,ds,https://www.senado.es/web/actividadparlamentaria/iniciativas/enmiendas/index.html?id1=625&id2=000001&legis=14,,4,,404,2026-02-28T23:36:10+00:00
senado_iniciativas,senado:leg10:exp:605/000002,ds,https://www.senado.es/web/actividadparlamentaria/iniciativas/enmiendas/index.html?id1=605&id2=000002&legis=10,,3,,404,2026-02-28T22:52:51+00:00
senado_iniciativas,senado:leg10:exp:610/000001,ds,https://www.senado.es/web/actividadparlamentaria/iniciativas/enmiendas/index.html?id1=610&id2=000001&legis=10,,3,,404,2026-02-28T22:52:51+00:00
senado_iniciativas,senado:leg10:exp:610/000034,ds,https://www.senado.es/web/actividadparlamentaria/iniciativas/enmiendas/index.html?id1=610&id2=000034&legis=10,,3,,404,2026-02-28T22:52:51+00:00
senado_iniciativas,senado:leg10:exp:610/000035,ds,https://www.senado.es/web/actividadparlamentaria/iniciativas/enmiendas/index.html?id1=610&id2=000035&legis=10,,3,,404,2026-02-28T22:52:51+00:00
senado_iniciativas,senado:leg10:exp:610/000036,ds,https://www.senado.es/web/actividadparlamentaria/iniciativas/enmiendas/index.html?id1=610&id2=000036&legis=10,,3,,404,2026-02-28T22:52:51+00:00
senado_iniciativas,senado:leg10:exp:610/000037,ds,https://www.senado.es/web/actividadparlamentaria/iniciativas/enmiendas/index.html?id1=610&id2=000037&legis=10,,3,,404,2026-02-28T22:52:51+00:00
senado_iniciativas,senado:leg10:exp:610/000038,ds,https://www.senado.es/web/actividadparlamentaria/iniciativas/enmiendas/index.html?id1=610&id2=000038&legis=10,,3,,404,2026-02-28T22:52:51+00:00
senado_iniciativas,senado:leg10:exp:610/000039,ds,https://www.senado.es/web/actividadparlamentaria/iniciativas/enmiendas/index.html?id1=610&id2=000039&legis=10,,3,,404,2026-02-28T22:52:51+00:00
senado_iniciativas,senado:leg10:exp:610/000040,ds,https://www.senado.es/web/actividadparlamentaria/iniciativas/enmiendas/index.html?id1=610&id2=000040&legis=10,,3,,404,2026-02-28T22:52:51+00:00
senado_iniciativas,senado:leg10:exp:610/000041,ds,https://www.senado.es/web/actividadparlamentaria/iniciativas/enmiendas/index.html?id1=610&id2=000041&legis=10,,3,,404,2026-02-28T22:52:51+00:00
senado_iniciativas,senado:leg10:exp:610/000042,ds,https://www.senado.es/web/actividadparlamentaria/iniciativas/enmiendas/index.html?id1=610&id2=000042&legis=10,,3,,404,2026-02-28T22:52:51+00:00
senado_iniciativas,senado:leg10:exp:610/000043,ds,https://www.senado.es/web/actividadparlamentaria/iniciativas/enmiendas/index.html?id1=610&id2=000043&legis=10,,3,,404,2026-02-28T22:52:51+00:00
senado_iniciativas,senado:leg10:exp:610/000044,ds,https://www.senado.es/web/actividadparlamentaria/iniciativas/enmiendas/index.html?id1=610&id2=000044&legis=10,,3,,404,2026-02-28T22:52:51+00:00
senado_iniciativas,senado:leg10:exp:610/000045,ds,https://www.senado.es/web/actividadparlamentaria/iniciativas/enmiendas/index.html?id1=610&id2=000045&legis=10,,3,,404,2026-02-28T22:52:51+00:00
senado_iniciativas,senado:leg10:exp:610/000046,ds,https://www.senado.es/web/actividadparlamentaria/iniciativas/enmiendas/index.html?id1=610&id2=000046&legis=10,,3,,404,2026-02-28T22:52:51+00:00
senado_iniciativas,senado:leg10:exp:610/000047,ds,https://www.senado.es/web/actividadparlamentaria/iniciativas/enmiendas/index.html?id1=610&id2=000047&legis=10,,3,,404,2026-02-28T22:52:51+00:00
senado_iniciativas,senado:leg10:exp:610/000048,ds,https://www.senado.es/web/actividadparlamentaria/iniciativas/enmiendas/index.html?id1=610&id2=000048&legis=10,,3,,404,2026-02-28T22:52:51+00:00
senado_iniciativas,senado:leg10:exp:610/000049,ds,https://www.senado.es/web/actividadparlamentaria/iniciativas/enmiendas/index.html?id1=610&id2=000049&legis=10,,3,,404,2026-02-28T22:52:51+00:00
senado_iniciativas,senado:leg10:exp:610/000050,ds,https://www.senado.es/web/actividadparlamentaria/iniciativas/enmiendas/index.html?id1=610&id2=000050&legis=10,,3,,404,2026-02-28T22:52:51+00:00
senado_iniciativas,senado:leg10:exp:610/000051,ds,https://www.senado.es/web/actividadparlamentaria/iniciativas/enmiendas/index.html?id1=610&id2=000051&legis=10,,3,,404,2026-02-28T22:52:51+00:00
senado_iniciativas,senado:leg10:exp:610/000052,ds,https://www.senado.es/web/actividadparlamentaria/iniciativas/enmiendas/index.html?id1=610&id2=000052&legis=10,,3,,404,2026-02-28T22:52:51+00:00
senado_iniciativas,senado:leg10:exp:610/000053,ds,https://www.senado.es/web/actividadparlamentaria/iniciativas/enmiendas/index.html?id1=610&id2=000053&legis=10,,3,,404,2026-02-28T22:52:51+00:00
senado_iniciativas,senado:leg10:exp:610/000054,ds,https://www.senado.es/web/actividadparlamentaria/iniciativas/enmiendas/index.html?id1=610&id2=000054&legis=10,,3,,404,2026-02-28T22:52:51+00:00
senado_iniciativas,senado:leg10:exp:610/000055,ds,https://www.senado.es/web/actividadparlamentaria/iniciativas/enmiendas/index.html?id1=610&id2=000055&legis=10,,3,,404,2026-02-28T22:52:51+00:00
senado_iniciativas,senado:leg10:exp:610/000056,ds,https://www.senado.es/web/actividadparlamentaria/iniciativas/enmiendas/index.html?id1=610&id2=000056&legis=10,,3,,404,2026-02-28T23:36:10+00:00
senado_iniciativas,senado:leg10:exp:610/000057,ds,https://www.senado.es/web/actividadparlamentaria/iniciativas/enmiendas/index.html?id1=610&id2=000057&legis=10,,3,,404,2026-02-28T23:36:10+00:00
senado_iniciativas,senado:leg10:exp:610/000058,ds,https://www.senado.es/web/actividadparlamentaria/iniciativas/enmiendas/index.html?id1=610&id2=000058&legis=10,,3,,404,2026-02-28T23:36:10+00:00
senado_iniciativas,senado:leg10:exp:610/000059,ds,https://www.senado.es/web/actividadparlamentaria/iniciativas/enmiendas/index.html?id1=610&id2=000059&legis=10,,3,,404,2026-02-28T23:36:10+00:00
senado_iniciativas,senado:leg10:exp:610/000060,ds,https://www.senado.es/web/actividadparlamentaria/iniciativas/enmiendas/index.html?id1=610&id2=000060&legis=10,,3,,404,2026-02-28T23:36:10+00:00
senado_iniciativas,senado:leg10:exp:610/000061,ds,https://www.senado.es/web/actividadparlamentaria/iniciativas/enmiendas/index.html?id1=610&id2=000061&legis=10,,3,,404,2026-02-28T23:36:10+00:00
senado_iniciativas,senado:leg10:exp:610/000062,ds,https://www.senado.es/web/actividadparlamentaria/iniciativas/enmiendas/index.html?id1=610&id2=000062&legis=10,,3,,404,2026-02-28T23:36:10+00:00
senado_iniciativas,senado:leg10:exp:610/000063,ds,https://www.senado.es/web/actividadparlamentaria/iniciativas/enmiendas/index.html?id1=610&id2=000063&legis=10,,3,,404,2026-02-28T23:36:10+00:00
senado_iniciativas,senado:leg10:exp:610/000064,ds,https://www.senado.es/web/actividadparlamentaria/iniciativas/enmiendas/index.html?id1=610&id2=000064&legis=10,,3,,404,2026-02-28T23:36:10+00:00
senado_iniciativas,senado:leg10:exp:610/000065,ds,https://www.senado.es/web/actividadparlamentaria/iniciativas/enmiendas/index.html?id1=610&id2=000065&legis=10,,3,,404,2026-02-28T23:36:10+00:00
senado_iniciativas,senado:leg10:exp:610/000066,ds,https://www.senado.es/web/actividadparlamentaria/iniciativas/enmiendas/index.html?id1=610&id2=000066&legis=10,,3,,404,2026-02-28T23:36:10+00:00
senado_iniciativas,senado:leg10:exp:610/000067,ds,https://www.senado.es/web/actividadparlamentaria/iniciativas/enmiendas/index.html?id1=610&id2=000067&legis=10,,3,,404,2026-02-28T23:36:10+00:00
senado_iniciativas,senado:leg10:exp:610/000068,ds,https://www.senado.es/web/actividadparlamentaria/iniciativas/enmiendas/index.html?id1=610&id2=000068&legis=10,,3,,404,2026-02-28T23:36:10+00:00
senado_iniciativas,senado:leg10:exp:610/000069,ds,https://www.senado.es/web/actividadparlamentaria/iniciativas/enmiendas/index.html?id1=610&id2=000069&legis=10,,3,,404,2026-02-28T23:36:10+00:00
senado_iniciativas,senado:leg10:exp:610/000070,ds,https://www.senado.es/web/actividadparlamentaria/iniciativas/enmiendas/index.html?id1=610&id2=000070&legis=10,,3,,404,2026-02-28T23:36:10+00:00
senado_iniciativas,senado:leg10:exp:610/000071,ds,https://www.senado.es/web/actividadparlamentaria/iniciativas/enmiendas/index.html?id1=610&id2=000071&legis=10,,3,,404,2026-02-28T23:36:10+00:00
senado_iniciativas,senado:leg10:exp:610/000072,ds,https://www.senado.es/web/actividadparlamentaria/iniciativas/enmiendas/index.html?id1=610&id2=000072&legis=10,,3,,404,2026-02-28T23:36:10+00:00
senado_iniciativas,senado:leg10:exp:610/000073,ds,https://www.senado.es/web/actividadparlamentaria/iniciativas/enmiendas/index.html?id1=610&id2=000073&legis=10,,3,,404,2026-02-28T23:36:10+00:00
senado_iniciativas,senado:leg10:exp:610/000074,ds,https://www.senado.es/web/actividadparlamentaria/iniciativas/enmiendas/index.html?id1=610&id2=000074&legis=10,,3,,404,2026-02-28T23:36:10+00:00
senado_iniciativas,senado:leg10:exp:610/000076,ds,https://www.senado.es/web/actividadparlamentaria/iniciativas/enmiendas/index.html?id1=610&id2=000076&legis=10,,3,,404,2026-02-28T23:36:10+00:00
senado_iniciativas,senado:leg10:exp:610/000077,ds,https://www.senado.es/web/actividadparlamentaria/iniciativas/enmiendas/index.html?id1=610&id2=000077&legis=10,,3,,404,2026-02-28T23:36:10+00:00
senado_iniciativas,senado:leg10:exp:610/000079,ds,https://www.senado.es/web/actividadparlamentaria/iniciativas/enmiendas/index.html?id1=610&id2=000079&legis=10,,3,,404,2026-02-28T23:36:10+00:00
senado_iniciativas,senado:leg10:exp:610/000080,ds,https://www.senado.es/web/actividadparlamentaria/iniciativas/enmiendas/index.html?id1=610&id2=000080&legis=10,,3,,404,2026-02-28T23:36:10+00:00
senado_iniciativas,senado:leg10:exp:610/000081,ds,https://www.senado.es/web/actividadparlamentaria/iniciativas/enmiendas/index.html?id1=610&id2=000081&legis=10,,3,,404,2026-02-28T23:36:10+00:00
senado_iniciativas,senado:leg10:exp:610/000082,ds,https://www.senado.es/web/actividadparlamentaria/iniciativas/enmiendas/index.html?id1=610&id2=000082&legis=10,,3,,404,2026-02-28T23:36:10+00:00
senado_iniciativas,senado:leg10:exp:610/000083,ds,https://www.senado.es/web/actividadparlamentaria/iniciativas/enmiendas/index.html?id1=610&id2=000083&legis=10,,3,,404,2026-02-28T23:36:10+00:00
senado_iniciativas,senado:leg10:exp:610/000084,ds,https://www.senado.es/web/actividadparlamentaria/iniciativas/enmiendas/index.html?id1=610&id2=000084&legis=10,,3,,404,2026-02-28T23:36:10+00:00
senado_iniciativas,senado:leg10:exp:610/000085,ds,https://www.senado.es/web/actividadparlamentaria/iniciativas/enmiendas/index.html?id1=610&id2=000085&legis=10,,3,,404,2026-02-28T23:36:10+00:00
senado_iniciativas,senado:leg10:exp:610/000086,ds,https://www.senado.es/web/actividadparlamentaria/iniciativas/enmiendas/index.html?id1=610&id2=000086&legis=10,,3,,404,2026-02-28T23:36:10+00:00
senado_iniciativas,senado:leg10:exp:610/000087,ds,https://www.senado.es/web/actividadparlamentaria/iniciativas/enmiendas/index.html?id1=610&id2=000087&legis=10,,3,,404,2026-02-28T22:52:51+00:00
senado_iniciativas,senado:leg10:exp:610/000088,ds,https://www.senado.es/web/actividadparlamentaria/iniciativas/enmiendas/index.html?id1=610&id2=000088&legis=10,,3,,404,2026-02-28T22:52:51+00:00
senado_iniciativas,senado:leg10:exp:610/000089,ds,https://www.senado.es/web/actividadparlamentaria/iniciativas/enmiendas/index.html?id1=610&id2=000089&legis=10,,3,,404,2026-02-28T22:52:51+00:00
senado_iniciativas,senado:leg10:exp:610/000090,ds,https://www.senado.es/web/actividadparlamentaria/iniciativas/enmiendas/index.html?id1=610&id2=000090&legis=10,,3,,404,2026-02-28T22:52:51+00:00
senado_iniciativas,senado:leg10:exp:610/000091,ds,https://www.senado.es/web/actividadparlamentaria/iniciativas/enmiendas/index.html?id1=610&id2=000091&legis=10,,3,,404,2026-02-28T22:52:51+00:00
senado_iniciativas,senado:leg10:exp:610/000092,ds,https://www.senado.es/web/actividadparlamentaria/iniciativas/enmiendas/index.html?id1=610&id2=000092&legis=10,,3,,404,2026-02-28T22:52:51+00:00
senado_iniciativas,senado:leg10:exp:610/000093,ds,https://www.senado.es/web/actividadparlamentaria/iniciativas/enmiendas/index.html?id1=610&id2=000093&legis=10,,3,,404,2026-02-28T22:52:51+00:00
senado_iniciativas,senado:leg10:exp:610/000094,ds,https://www.senado.es/web/actividadparlamentaria/iniciativas/enmiendas/index.html?id1=610&id2=000094&legis=10,,3,,404,2026-02-28T22:52:51+00:00
senado_iniciativas,senado:leg10:exp:610/000095,ds,https://www.senado.es/web/actividadparlamentaria/iniciativas/enmiendas/index.html?id1=610&id2=000095&legis=10,,3,,404,2026-02-28T22:52:51+00:00
senado_iniciativas,senado:leg10:exp:610/000096,ds,https://www.senado.es/web/actividadparlamentaria/iniciativas/enmiendas/index.html?id1=610&id2=000096&legis=10,,3,,404,2026-02-28T23:36:10+00:00
senado_iniciativas,senado:leg10:exp:610/000097,ds,https://www.senado.es/web/actividadparlamentaria/iniciativas/enmiendas/index.html?id1=610&id2=000097&legis=10,,3,,404,2026-02-28T23:36:10+00:00
senado_iniciativas,senado:leg10:exp:610/000098,ds,https://www.senado.es/web/actividadparlamentaria/iniciativas/enmiendas/index.html?id1=610&id2=000098&legis=10,,3,,404,2026-02-28T23:36:10+00:00
senado_iniciativas,senado:leg10:exp:610/000099,ds,https://www.senado.es/web/actividadparlamentaria/iniciativas/enmiendas/index.html?id1=610&id2=000099&legis=10,,3,,404,2026-02-28T23:36:10+00:00
senado_iniciativas,senado:leg10:exp:610/000100,ds,https://www.senado.es/web/actividadparlamentaria/iniciativas/enmiendas/index.html?id1=610&id2=000100&legis=10,,3,,404,2026-02-28T23:36:10+00:00
senado_iniciativas,senado:leg10:exp:610/000101,ds,https://www.senado.es/web/actividadparlamentaria/iniciativas/enmiendas/index.html?id1=610&id2=000101&legis=10,,3,,404,2026-02-28T23:36:10+00:00
senado_iniciativas,senado:leg10:exp:610/000102,ds,https://www.senado.es/web/actividadparlamentaria/iniciativas/enmiendas/index.html?id1=610&id2=000102&legis=10,,3,,404,2026-02-28T23:36:10+00:00
senado_iniciativas,senado:leg10:exp:610/000103,ds,https://www.senado.es/web/actividadparlamentaria/iniciativas/enmiendas/index.html?id1=610&id2=000103&legis=10,,3,,404,2026-02-28T23:36:10+00:00
senado_iniciativas,senado:leg10:exp:610/000104,ds,https://www.senado.es/web/actividadparlamentaria/iniciativas/enmiendas/index.html?id1=610&id2=000104&legis=10,,3,,404,2026-02-28T23:36:10+00:00
senado_iniciativas,senado:leg10:exp:610/000105,ds,https://www.senado.es/web/actividadparlamentaria/iniciativas/enmiendas/index.html?id1=610&id2=000105&legis=10,,3,,404,2026-02-28T23:36:10+00:00
senado_iniciativas,senado:leg10:exp:610/000106,ds,https://www.senado.es/web/actividadparlamentaria/iniciativas/enmiendas/index.html?id1=610&id2=000106&legis=10,,3,,404,2026-02-28T22:52:51+00:00
senado_iniciativas,senado:leg10:exp:610/000107,ds,https://www.senado.es/web/actividadparlamentaria/iniciativas/enmiendas/index.html?id1=610&id2=000107&legis=10,,3,,404,2026-02-28T22:52:51+00:00
senado_iniciativas,senado:leg10:exp:610/000108,ds,https://www.senado.es/web/actividadparlamentaria/iniciativas/enmiendas/index.html?id1=610&id2=000108&legis=10,,3,,404,2026-02-28T22:52:51+00:00
senado_iniciativas,senado:leg10:exp:610/000110,ds,https://www.senado.es/web/actividadparlamentaria/iniciativas/enmiendas/index.html?id1=610&id2=000110&legis=10,,3,,404,2026-02-28T23:36:10+00:00
senado_iniciativas,senado:leg10:exp:610/000111,ds,https://www.senado.es/web/actividadparlamentaria/iniciativas/enmiendas/index.html?id1=610&id2=000111&legis=10,,3,,404,2026-02-28T23:36:10+00:00
senado_iniciativas,senado:leg10:exp:610/000112,ds,https://www.senado.es/web/actividadparlamentaria/iniciativas/enmiendas/index.html?id1=610&id2=000112&legis=10,,3,,404,2026-02-28T23:36:10+00:00
senado_iniciativas,senado:leg10:exp:610/000113,ds,https://www.senado.es/web/ficopendataservlet?legis=10&tipoFich=12&tipoEx=610&numEx=000113,,3,,404,2026-02-28T23:59:32+00:00
senado_iniciativas,senado:leg10:exp:610/000114,ds,https://www.senado.es/web/ficopendataservlet?legis=10&tipoFich=12&tipoEx=610&numEx=000114,,3,,404,2026-02-28T23:59:32+00:00
senado_iniciativas,senado:leg10:exp:610/000115,ds,https://www.senado.es/web/ficopendataservlet?legis=10&tipoFich=12&tipoEx=610&numEx=000115,,3,,404,2026-02-28T23:59:32+00:00
senado_iniciativas,senado:leg10:exp:610/000116,ds,https://www.senado.es/web/ficopendataservlet?legis=10&tipoFich=12&tipoEx=610&numEx=000116,,3,,404,2026-02-28T23:59:32+00:00
senado_iniciativas,senado:leg10:exp:610/000117,ds,https://www.senado.es/web/ficopendataservlet?legis=10&tipoFich=12&tipoEx=610&numEx=000117,,3,,404,2026-02-28T23:59:32+00:00
senado_iniciativas,senado:leg10:exp:610/000118,ds,https://www.senado.es/web/ficopendataservlet?legis=10&tipoFich=12&tipoEx=610&numEx=000118,,3,,404,2026-02-28T23:59:32+00:00
senado_iniciativas,senado:leg10:exp:610/000119,ds,https://www.senado.es/web/ficopendataservlet?legis=10&tipoFich=12&tipoEx=610&numEx=000119,,3,,404,2026-02-28T23:59:32+00:00
senado_iniciativas,senado:leg10:exp:610/000120,ds,https://www.senado.es/web/ficopendataservlet?legis=10&tipoFich=12&tipoEx=610&numEx=000120,,3,,404,2026-02-28T23:59:32+00:00
senado_iniciativas,senado:leg10:exp:610/000121,ds,https://www.senado.es/web/ficopendataservlet?legis=10&tipoFich=12&tipoEx=610&numEx=000121,,3,,404,2026-02-28T23:59:32+00:00
senado_iniciativas,senado:leg10:exp:610/000122,ds,https://www.senado.es/web/ficopendataservlet?legis=10&tipoFich=12&tipoEx=610&numEx=000122,,3,,404,2026-02-28T23:59:32+00:00
senado_iniciativas,senado:leg10:exp:610/000123,ds,https://www.senado.es/web/ficopendataservlet?legis=10&tipoFich=12&tipoEx=610&numEx=000123,,3,,404,2026-02-28T23:59:32+00:00
senado_iniciativas,senado:leg10:exp:610/000124,ds,https://www.senado.es/web/ficopendataservlet?legis=10&tipoFich=12&tipoEx=610&numEx=000124,,3,,404,2026-02-28T23:59:32+00:00
senado_iniciativas,senado:leg10:exp:610/000126,ds,https://www.senado.es/web/ficopendataservlet?legis=10&tipoFich=12&tipoEx=610&numEx=000126,,3,,404,2026-02-28T23:59:32+00:00
senado_iniciativas,senado:leg10:exp:610/000127,ds,https://www.senado.es/web/ficopendataservlet?legis=10&tipoFich=12&tipoEx=610&numEx=000127,,3,,404,2026-02-28T23:59:32+00:00
senado_iniciativas,senado:leg10:exp:610/000128,ds,https://www.senado.es/web/ficopendataservlet?legis=10&tipoFich=12&tipoEx=610&numEx=000128,,3,,404,2026-02-28T23:59:32+00:00
senado_iniciativas,senado:leg10:exp:610/000129,ds,https://www.senado.es/web/ficopendataservlet?legis=10&tipoFich=12&tipoEx=610&numEx=000129,,3,,404,2026-02-28T23:59:32+00:00
senado_iniciativas,senado:leg10:exp:610/000130,ds,https://www.senado.es/web/ficopendataservlet?legis=10&tipoFich=12&tipoEx=610&numEx=000130,,3,,404,2026-02-28T23:59:32+00:00
senado_iniciativas,senado:leg10:exp:610/000131,ds,https://www.senado.es/web/ficopendataservlet?legis=10&tipoFich=12&tipoEx=610&numEx=000131,,3,,404,2026-02-28T23:59:32+00:00
senado_iniciativas,senado:leg10:exp:610/000132,ds,https://www.senado.es/web/ficopendataservlet?legis=10&tipoFich=12&tipoEx=610&numEx=000132,,3,,404,2026-02-28T23:59:32+00:00
senado_iniciativas,senado:leg10:exp:610/000133,ds,https://www.senado.es/web/ficopendataservlet?legis=10&tipoFich=12&tipoEx=610&numEx=000133,,3,,404,2026-02-28T23:59:32+00:00
senado_iniciativas,senado:leg10:exp:610/000134,ds,https://www.senado.es/web/ficopendataservlet?legis=10&tipoFich=12&tipoEx=610&numEx=000134,,3,,404,2026-02-28T23:59:32+00:00
senado_iniciativas,senado:leg10:exp:610/000135,ds,https://www.senado.es/web/ficopendataservlet?legis=10&tipoFich=12&tipoEx=610&numEx=000135,,3,,404,2026-02-28T23:59:32+00:00
senado_iniciativas,senado:leg10:exp:610/000137,ds,https://www.senado.es/web/ficopendataservlet?legis=10&tipoFich=12&tipoEx=610&numEx=000137,,3,,404,2026-02-28T23:59:32+00:00
senado_iniciativas,senado:leg10:exp:610/000138,ds,https://www.senado.es/web/ficopendataservlet?legis=10&tipoFich=12&tipoEx=610&numEx=000138,,3,,404,2026-02-28T23:59:32+00:00
senado_iniciativas,senado:leg10:exp:610/000139,ds,https://www.senado.es/web/ficopendataservlet?legis=10&tipoFich=12&tipoEx=610&numEx=000139,,3,,404,2026-02-28T23:59:32+00:00
senado_iniciativas,senado:leg10:exp:610/000140,ds,https://www.senado.es/web/ficopendataservlet?legis=10&tipoFich=12&tipoEx=610&numEx=000140,,3,,404,2026-03-01T00:47:45+00:00
senado_iniciativas,senado:leg10:exp:610/000141,ds,https://www.senado.es/web/ficopendataservlet?legis=10&tipoFich=12&tipoEx=610&numEx=000141,,3,,404,2026-03-01T00:47:45+00:00
senado_iniciativas,senado:leg10:exp:610/000142,ds,https://www.senado.es/web/ficopendataservlet?legis=10&tipoFich=12&tipoEx=610&numEx=000142,,3,,404,2026-03-01T00:47:45+00:00
senado_iniciativas,senado:leg10:exp:610/000143,ds,https://www.senado.es/web/ficopendataservlet?legis=10&tipoFich=12&tipoEx=610&numEx=000143,,3,,404,2026-03-01T00:47:45+00:00
senado_iniciativas,senado:leg10:exp:610/000144,ds,https://www.senado.es/web/ficopendataservlet?legis=10&tipoFich=12&tipoEx=610&numEx=000144,,3,,404,2026-03-01T00:47:45+00:00
senado_iniciativas,senado:leg10:exp:610/000145,ds,https://www.senado.es/web/ficopendataservlet?legis=10&tipoFich=12&tipoEx=610&numEx=000145,,3,,404,2026-03-01T00:47:45+00:00
senado_iniciativas,senado:leg10:exp:610/000146,ds,https://www.senado.es/web/ficopendataservlet?legis=10&tipoFich=12&tipoEx=610&numEx=000146,,3,,404,2026-03-01T00:47:45+00:00
senado_iniciativas,senado:leg10:exp:610/000147,ds,https://www.senado.es/web/ficopendataservlet?legis=10&tipoFich=12&tipoEx=610&numEx=000147,,3,,404,2026-03-01T00:47:45+00:00
senado_iniciativas,senado:leg10:exp:622/000002,ds,https://www.senado.es/web/ficopendataservlet?legis=10&tipoFich=12&tipoEx=622&numEx=000002,,3,,404,2026-03-01T00:47:45+00:00
senado_iniciativas,senado:leg10:exp:626/000003,ds,https://www.senado.es/web/ficopendataservlet?legis=10&tipoFich=12&tipoEx=626&numEx=000003,,3,,404,2026-03-01T00:47:45+00:00
senado_iniciativas,senado:leg12:exp:621/000001,ds,https://www.senado.es/web/ficopendataservlet?legis=12&tipoFich=12&tipoEx=621&numEx=000001,,3,,404,2026-03-01T00:47:45+00:00
senado_iniciativas,senado:leg12:exp:621/000003,bocg,https://www.senado.es/web/ficopendataservlet?legis=12&tipoFich=3&tipoEx=621&numEx=000003,,3,,404,2026-02-28T23:51:12+00:00
senado_iniciativas,senado:leg12:exp:621/000005,bocg,https://www.senado.es/web/ficopendataservlet?legis=12&tipoFich=3&tipoEx=621&numEx=000005,,3,,404,2026-02-28T23:51:12+00:00
senado_iniciativas,senado:leg12:exp:621/000006,bocg,https://www.senado.es/web/ficopendataservlet?legis=12&tipoFich=3&tipoEx=621&numEx=000006,,3,,404,2026-02-28T23:51:12+00:00
senado_iniciativas,senado:leg12:exp:621/000007,bocg,https://www.senado.es/web/ficopendataservlet?legis=12&tipoFich=3&tipoEx=621&numEx=000007,,3,,404,2026-02-28T23:51:12+00:00
senado_iniciativas,senado:leg12:exp:621/000008,bocg,https://www.senado.es/web/ficopendataservlet?legis=12&tipoFich=3&tipoEx=621&numEx=000008,,3,,404,2026-02-28T23:51:12+00:00
senado_iniciativas,senado:leg12:exp:621/000012,ds,https://www.senado.es/web/actividadparlamentaria/iniciativas/enmiendas/index.html?id1=621&id2=000012&legis=12,,3,,404,2026-02-28T23:36:10+00:00
senado_iniciativas,senado:leg12:exp:621/000014,ds,https://www.senado.es/web/actividadparlamentaria/iniciativas/enmiendas/index.html?id1=621&id2=000014&legis=12,,3,,404,2026-02-28T23:36:10+00:00
senado_iniciativas,senado:leg12:exp:622/000001,bocg,https://www.senado.es/web/ficopendataservlet?legis=12&tipoFich=3&tipoEx=622&numEx=000001,,3,,404,2026-02-28T23:51:12+00:00
senado_iniciativas,senado:leg12:exp:622/000002,bocg,https://www.senado.es/web/ficopendataservlet?legis=12&tipoFich=3&tipoEx=622&numEx=000002,,3,,404,2026-02-28T23:51:12+00:00
senado_iniciativas,senado:leg12:exp:622/000007,bocg,https://www.senado.es/web/ficopendataservlet?legis=12&tipoFich=3&tipoEx=622&numEx=000007,,3,,404,2026-02-28T23:51:12+00:00
senado_iniciativas,senado:leg12:exp:622/000008,bocg,https://www.senado.es/web/ficopendataservlet?legis=12&tipoFich=3&tipoEx=622&numEx=000008,,3,,404,2026-02-28T23:51:12+00:00
senado_iniciativas,senado:leg12:exp:622/000009,bocg,https://www.senado.es/web/ficopendataservlet?legis=12&tipoFich=3&tipoEx=622&numEx=000009,,3,,404,2026-02-28T23:51:12+00:00
senado_iniciativas,senado:leg12:exp:622/000010,bocg,https://www.senado.es/web/ficopendataservlet?legis=12&tipoFich=3&tipoEx=622&numEx=000010,,3,,404,2026-02-28T23:51:12+00:00
senado_iniciativas,senado:leg12:exp:622/000011,bocg,https://www.senado.es/web/ficopendataservlet?legis=12&tipoFich=3&tipoEx=622&numEx=000011,,3,,404,2026-02-28T23:51:12+00:00
senado_iniciativas,senado:leg12:exp:622/000012,bocg,https://www.senado.es/web/ficopendataservlet?legis=12&tipoFich=3&tipoEx=622&numEx=000012,,3,,404,2026-02-28T23:51:12+00:00
senado_iniciativas,senado:leg12:exp:622/000013,bocg,https://www.senado.es/web/ficopendataservlet?legis=12&tipoFich=3&tipoEx=622&numEx=000013,,3,,404,2026-02-28T23:51:12+00:00
senado_iniciativas,senado:leg12:exp:622/000014,bocg,https://www.senado.es/web/ficopendataservlet?legis=12&tipoFich=3&tipoEx=622&numEx=000014,,3,,404,2026-02-28T23:51:12+00:00
senado_iniciativas,senado:leg12:exp:622/000018,bocg,https://www.senado.es/web/ficopendataservlet?legis=12&tipoFich=3&tipoEx=622&numEx=000018,,3,,404,2026-02-28T23:51:12+00:00
senado_iniciativas,senado:leg12:exp:622/000019,bocg,https://www.senado.es/web/ficopendataservlet?legis=12&tipoFich=3&tipoEx=622&numEx=000019,,3,,404,2026-02-28T23:51:12+00:00
senado_iniciativas,senado:leg12:exp:622/000022,bocg,https://www.senado.es/web/ficopendataservlet?legis=12&tipoFich=3&tipoEx=622&numEx=000022,,3,,404,2026-02-28T23:51:12+00:00
senado_iniciativas,senado:leg12:exp:622/000023,bocg,https://www.senado.es/web/ficopendataservlet?legis=12&tipoFich=3&tipoEx=622&numEx=000023,,3,,404,2026-02-28T23:51:12+00:00
senado_iniciativas,senado:leg12:exp:622/000025,bocg,https://www.senado.es/web/ficopendataservlet?legis=12&tipoFich=3&tipoEx=622&numEx=000025,,3,,404,2026-02-28T23:51:12+00:00
senado_iniciativas,senado:leg12:exp:622/000026,bocg,https://www.senado.es/web/ficopendataservlet?legis=12&tipoFich=3&tipoEx=622&numEx=000026,,3,,404,2026-02-28T23:51:12+00:00
senado_iniciativas,senado:leg12:exp:624/000001,bocg,https://www.senado.es/web/ficopendataservlet?legis=12&tipoFich=3&tipoEx=624&numEx=000001,,3,,404,2026-02-28T23:51:12+00:00
senado_iniciativas,senado:leg12:exp:624/000002,bocg,https://www.senado.es/web/ficopendataservlet?legis=12&tipoFich=3&tipoEx=624&numEx=000002,,3,,404,2026-02-28T23:51:12+00:00
senado_iniciativas,senado:leg12:exp:624/000007,bocg,https://www.senado.es/web/ficopendataservlet?legis=12&tipoFich=3&tipoEx=624&numEx=000007,,3,,404,2026-02-28T23:51:12+00:00
senado_iniciativas,senado:leg12:exp:624/000008,bocg,https://www.senado.es/web/ficopendataservlet?legis=12&tipoFich=3&tipoEx=624&numEx=000008,,3,,404,2026-02-28T23:51:12+00:00
senado_iniciativas,senado:leg12:exp:624/000010,bocg,https://www.senado.es/web/ficopendataservlet?legis=12&tipoFich=3&tipoEx=624&numEx=000010,,3,,404,2026-02-28T23:51:12+00:00
senado_iniciativas,senado:leg12:exp:624/000014,ds,https://www.senado.es/web/ficopendataservlet?legis=12&tipoFich=12&tipoEx=624&numEx=000014,,3,,404,2026-03-01T00:47:45+00:00
senado_iniciativas,senado:leg12:exp:625/000001,bocg,https://www.senado.es/web/ficopendataservlet?legis=12&tipoFich=3&tipoEx=625&numEx=000001,,3,,404,2026-02-28T23:51:12+00:00
senado_iniciativas,senado:leg12:exp:625/000003,bocg,https://www.senado.es/web/ficopendataservlet?legis=12&tipoFich=3&tipoEx=625&numEx=000003,,3,,404,2026-02-28T23:51:12+00:00
senado_iniciativas,senado:leg12:exp:626/000001,bocg,https://www.senado.es/web/ficopendataservlet?legis=12&tipoFich=3&tipoEx=626&numEx=000001,,3,,404,2026-02-28T23:51:12+00:00
senado_iniciativas,senado:leg12:exp:626/000002,ds,https://www.senado.es/web/ficopendataservlet?legis=12&tipoFich=12&tipoEx=626&numEx=000002,,3,,404,2026-03-01T00:47:45+00:00
senado_iniciativas,senado:leg12:exp:626/000003,bocg,https://www.senado.es/web/ficopendataservlet?legis=12&tipoFich=3&tipoEx=626&numEx=000003,,3,,404,2026-02-28T23:51:12+00:00
senado_iniciativas,senado:leg12:exp:626/000006,bocg,https://www.senado.es/web/ficopendataservlet?legis=12&tipoFich=3&tipoEx=626&numEx=000006,,3,,404,2026-02-28T23:51:12+00:00
senado_iniciativas,senado:leg12:exp:626/000008,bocg,https://www.senado.es/web/ficopendataservlet?legis=12&tipoFich=3&tipoEx=626&numEx=000008,,3,,404,2026-02-28T23:51:12+00:00
senado_iniciativas,senado:leg12:exp:626/000009,bocg,https://www.senado.es/web/ficopendataservlet?legis=12&tipoFich=3&tipoEx=626&numEx=000009,,3,,404,2026-02-28T23:51:12+00:00
senado_iniciativas,senado:leg14:exp:605/000004,ds,https://www.senado.es/web/ficopendataservlet?legis=14&tipoFich=12&tipoEx=605&numEx=000004,,3,,404,2026-03-01T00:47:45+00:00
senado_iniciativas,senado:leg14:exp:610/000082,ds,https://www.senado.es/web/ficopendataservlet?legis=14&tipoFich=12&tipoEx=610&numEx=000082,,3,,404,2026-03-01T00:47:45+00:00
senado_iniciativas,senado:leg14:exp:610/000083,ds,https://www.senado.es/web/ficopendataservlet?legis=14&tipoFich=12&tipoEx=610&numEx=000083,,3,,404,2026-03-01T00:47:45+00:00
senado_iniciativas,senado:leg14:exp:610/000084,ds,https://www.senado.es/web/ficopendataservlet?legis=14&tipoFich=12&tipoEx=610&numEx=000084,,3,,404,2026-03-01T00:47:45+00:00
senado_iniciativas,senado:leg14:exp:610/000092,ds,https://www.senado.es/web/ficopendataservlet?legis=14&tipoFich=12&tipoEx=610&numEx=000092,,3,,404,2026-03-01T00:47:45+00:00
senado_iniciativas,senado:leg14:exp:610/000093,ds,https://www.senado.es/web/ficopendataservlet?legis=14&tipoFich=12&tipoEx=610&numEx=000093,,3,,404,2026-03-01T00:47:45+00:00
senado_iniciativas,senado:leg14:exp:610/000094,ds,https://www.senado.es/web/ficopendataservlet?legis=14&tipoFich=12&tipoEx=610&numEx=000094,,3,,404,2026-03-01T00:47:45+00:00
senado_iniciativas,senado:leg14:exp:610/000095,ds,https://www.senado.es/web/ficopendataservlet?legis=14&tipoFich=12&tipoEx=610&numEx=000095,,3,,404,2026-03-01T00:47:45+00:00
senado_iniciativas,senado:leg14:exp:610/000096,ds,https://www.senado.es/web/ficopendataservlet?legis=14&tipoFich=12&tipoEx=610&numEx=000096,,3,,404,2026-03-01T00:47:45+00:00
senado_iniciativas,senado:leg14:exp:610/000097,ds,https://www.senado.es/web/ficopendataservlet?legis=14&tipoFich=12&tipoEx=610&numEx=000097,,3,,404,2026-03-01T00:47:45+00:00
senado_iniciativas,senado:leg14:exp:610/000098,ds,https://www.senado.es/web/ficopendataservlet?legis=14&tipoFich=12&tipoEx=610&numEx=000098,,3,,404,2026-03-01T00:47:45+00:00
senado_iniciativas,senado:leg14:exp:621/000014,ds,https://www.senado.es/web/actividadparlamentaria/iniciativas/enmiendas/index.html?id1=621&id2=000014&legis=14,,3,,404,2026-02-28T23:36:10+00:00
senado_iniciativas,senado:leg14:exp:621/000022,ds,https://www.senado.es/web/actividadparlamentaria/iniciativas/enmiendas/index.html?id1=621&id2=000022&legis=14,,3,,404,2026-02-28T23:36:10+00:00
senado_iniciativas,senado:leg14:exp:621/000023,ds,https://www.senado.es/web/actividadparlamentaria/iniciativas/enmiendas/index.html?id1=621&id2=000023&legis=14,,3,,404,2026-02-28T23:36:10+00:00
senado_iniciativas,senado:leg14:exp:621/000045,ds,https://www.senado.es/web/actividadparlamentaria/iniciativas/enmiendas/index.html?id1=621&id2=000045&legis=14,,3,,404,2026-02-28T23:36:10+00:00
senado_iniciativas,senado:leg14:exp:622/000026,ds,https://www.senado.es/web/ficopendataservlet?legis=14&tipoFich=12&tipoEx=622&numEx=000026,,3,,404,2026-03-01T00:19:37+00:00
senado_iniciativas,senado:leg14:exp:622/000039,ds,https://www.senado.es/web/ficopendataservlet?legis=14&tipoFich=12&tipoEx=622&numEx=000039,,3,,404,2026-03-01T00:19:37+00:00
senado_iniciativas,senado:leg14:exp:622/000064,ds,https://www.senado.es/web/ficopendataservlet?legis=14&tipoFich=12&tipoEx=622&numEx=000064,,3,,404,2026-03-01T00:19:37+00:00
senado_iniciativas,senado:leg14:exp:624/000003,ds,https://www.senado.es/web/actividadparlamentaria/iniciativas/enmiendas/index.html?id1=624&id2=000003&legis=14,,3,,404,2026-02-28T23:44:17+00:00
senado_iniciativas,senado:leg14:exp:624/000005,ds,https://www.senado.es/web/actividadparlamentaria/iniciativas/enmiendas/index.html?id1=624&id2=000005&legis=14,,3,,404,2026-02-28T23:44:17+00:00
senado_iniciativas,senado:leg14:exp:624/000006,ds,https://www.senado.es/web/actividadparlamentaria/iniciativas/enmiendas/index.html?id1=624&id2=000006&legis=14,,3,,404,2026-02-28T23:44:17+00:00
senado_iniciativas,senado:leg14:exp:624/000008,ds,https://www.senado.es/web/actividadparlamentaria/iniciativas/enmiendas/index.html?id1=624&id2=000008&legis=14,,3,,404,2026-02-28T23:44:17+00:00
senado_iniciativas,senado:leg14:exp:624/000009,ds,https://www.senado.es/web/actividadparlamentaria/iniciativas/enmiendas/index.html?id1=624&id2=000009&legis=14,,3,,404,2026-02-28T23:44:17+00:00
senado_iniciativas,senado:leg14:exp:626/000003,ds,https://www.senado.es/web/ficopendataservlet?legis=14&tipoFich=12&tipoEx=626&numEx=000003,,3,,404,2026-03-01T00:19:37+00:00
senado_iniciativas,senado:leg10:exp:605/000001,ds,https://www.senado.es/web/ficopendataservlet?legis=10&tipoFich=12&tipoEx=605&numEx=000001,,2,,404,2026-02-28T23:51:12+00:00
senado_iniciativas,senado:leg10:exp:605/000002,ds,https://www.senado.es/web/ficopendataservlet?legis=10&tipoFich=12&tipoEx=605&numEx=000002,,2,,404,2026-02-28T23:51:12+00:00
senado_iniciativas,senado:leg10:exp:610/000001,ds,https://www.senado.es/web/ficopendataservlet?legis=10&tipoFich=12&tipoEx=610&numEx=000001,,2,,404,2026-02-28T23:51:12+00:00
senado_iniciativas,senado:leg10:exp:610/000034,ds,https://www.senado.es/web/ficopendataservlet?legis=10&tipoFich=12&tipoEx=610&numEx=000034,,2,,404,2026-02-28T23:51:12+00:00
senado_iniciativas,senado:leg10:exp:610/000035,ds,https://www.senado.es/web/ficopendataservlet?legis=10&tipoFich=12&tipoEx=610&numEx=000035,,2,,404,2026-02-28T23:51:12+00:00
senado_iniciativas,senado:leg10:exp:610/000036,ds,https://www.senado.es/web/ficopendataservlet?legis=10&tipoFich=12&tipoEx=610&numEx=000036,,2,,404,2026-02-28T23:51:12+00:00
senado_iniciativas,senado:leg10:exp:610/000037,ds,https://www.senado.es/web/ficopendataservlet?legis=10&tipoFich=12&tipoEx=610&numEx=000037,,2,,404,2026-02-28T23:51:12+00:00
senado_iniciativas,senado:leg10:exp:610/000038,ds,https://www.senado.es/web/ficopendataservlet?legis=10&tipoFich=12&tipoEx=610&numEx=000038,,2,,404,2026-02-28T23:51:12+00:00
senado_iniciativas,senado:leg10:exp:610/000039,ds,https://www.senado.es/web/ficopendataservlet?legis=10&tipoFich=12&tipoEx=610&numEx=000039,,2,,404,2026-02-28T23:51:12+00:00
senado_iniciativas,senado:leg10:exp:610/000040,ds,https://www.senado.es/web/ficopendataservlet?legis=10&tipoFich=12&tipoEx=610&numEx=000040,,2,,404,2026-02-28T23:51:12+00:00
senado_iniciativas,senado:leg10:exp:610/000041,ds,https://www.senado.es/web/ficopendataservlet?legis=10&tipoFich=12&tipoEx=610&numEx=000041,,2,,404,2026-02-28T23:51:12+00:00
senado_iniciativas,senado:leg10:exp:610/000042,ds,https://www.senado.es/web/ficopendataservlet?legis=10&tipoFich=12&tipoEx=610&numEx=000042,,2,,404,2026-02-28T23:51:12+00:00
senado_iniciativas,senado:leg10:exp:610/000043,ds,https://www.senado.es/web/ficopendataservlet?legis=10&tipoFich=12&tipoEx=610&numEx=000043,,2,,404,2026-02-28T23:51:12+00:00
senado_iniciativas,senado:leg10:exp:610/000044,ds,https://www.senado.es/web/ficopendataservlet?legis=10&tipoFich=12&tipoEx=610&numEx=000044,,2,,404,2026-02-28T23:51:12+00:00
senado_iniciativas,senado:leg10:exp:610/000045,ds,https://www.senado.es/web/ficopendataservlet?legis=10&tipoFich=12&tipoEx=610&numEx=000045,,2,,404,2026-02-28T23:51:12+00:00
senado_iniciativas,senado:leg10:exp:610/000046,ds,https://www.senado.es/web/ficopendataservlet?legis=10&tipoFich=12&tipoEx=610&numEx=000046,,2,,404,2026-02-28T23:51:12+00:00
senado_iniciativas,senado:leg10:exp:610/000047,ds,https://www.senado.es/web/ficopendataservlet?legis=10&tipoFich=12&tipoEx=610&numEx=000047,,2,,404,2026-02-28T23:51:12+00:00
senado_iniciativas,senado:leg10:exp:610/000048,ds,https://www.senado.es/web/ficopendataservlet?legis=10&tipoFich=12&tipoEx=610&numEx=000048,,2,,404,2026-02-28T23:51:12+00:00
senado_iniciativas,senado:leg10:exp:610/000049,ds,https://www.senado.es/web/ficopendataservlet?legis=10&tipoFich=12&tipoEx=610&numEx=000049,,2,,404,2026-02-28T23:51:12+00:00
senado_iniciativas,senado:leg10:exp:610/000050,ds,https://www.senado.es/web/ficopendataservlet?legis=10&tipoFich=12&tipoEx=610&numEx=000050,,2,,404,2026-02-28T23:51:12+00:00
senado_iniciativas,senado:leg10:exp:610/000051,ds,https://www.senado.es/web/ficopendataservlet?legis=10&tipoFich=12&tipoEx=610&numEx=000051,,2,,404,2026-02-28T23:51:12+00:00
senado_iniciativas,senado:leg10:exp:610/000052,ds,https://www.senado.es/web/ficopendataservlet?legis=10&tipoFich=12&tipoEx=610&numEx=000052,,2,,404,2026-02-28T23:51:12+00:00
senado_iniciativas,senado:leg10:exp:610/000053,ds,https://www.senado.es/web/ficopendataservlet?legis=10&tipoFich=12&tipoEx=610&numEx=000053,,2,,404,2026-02-28T23:51:12+00:00
senado_iniciativas,senado:leg10:exp:610/000054,ds,https://www.senado.es/web/ficopendataservlet?legis=10&tipoFich=12&tipoEx=610&numEx=000054,,2,,404,2026-02-28T23:51:12+00:00
senado_iniciativas,senado:leg10:exp:610/000055,ds,https://www.senado.es/web/ficopendataservlet?legis=10&tipoFich=12&tipoEx=610&numEx=000055,,2,,404,2026-02-28T23:51:12+00:00
senado_iniciativas,senado:leg10:exp:610/000056,ds,https://www.senado.es/web/ficopendataservlet?legis=10&tipoFich=12&tipoEx=610&numEx=000056,,2,,404,2026-02-28T23:51:12+00:00
senado_iniciativas,senado:leg10:exp:610/000057,ds,https://www.senado.es/web/ficopendataservlet?legis=10&tipoFich=12&tipoEx=610&numEx=000057,,2,,404,2026-02-28T23:51:12+00:00
senado_iniciativas,senado:leg10:exp:610/000058,ds,https://www.senado.es/web/ficopendataservlet?legis=10&tipoFich=12&tipoEx=610&numEx=000058,,2,,404,2026-02-28T23:51:12+00:00
senado_iniciativas,senado:leg10:exp:610/000059,ds,https://www.senado.es/web/ficopendataservlet?legis=10&tipoFich=12&tipoEx=610&numEx=000059,,2,,404,2026-02-28T23:51:12+00:00
senado_iniciativas,senado:leg10:exp:610/000060,ds,https://www.senado.es/web/ficopendataservlet?legis=10&tipoFich=12&tipoEx=610&numEx=000060,,2,,404,2026-02-28T23:51:12+00:00
senado_iniciativas,senado:leg10:exp:610/000061,ds,https://www.senado.es/web/ficopendataservlet?legis=10&tipoFich=12&tipoEx=610&numEx=000061,,2,,404,2026-02-28T23:51:12+00:00
senado_iniciativas,senado:leg10:exp:610/000062,ds,https://www.senado.es/web/ficopendataservlet?legis=10&tipoFich=12&tipoEx=610&numEx=000062,,2,,404,2026-02-28T23:51:12+00:00
senado_iniciativas,senado:leg10:exp:610/000063,ds,https://www.senado.es/web/ficopendataservlet?legis=10&tipoFich=12&tipoEx=610&numEx=000063,,2,,404,2026-02-28T23:51:12+00:00
senado_iniciativas,senado:leg10:exp:610/000064,ds,https://www.senado.es/web/ficopendataservlet?legis=10&tipoFich=12&tipoEx=610&numEx=000064,,2,,404,2026-02-28T23:51:12+00:00
senado_iniciativas,senado:leg10:exp:610/000065,ds,https://www.senado.es/web/ficopendataservlet?legis=10&tipoFich=12&tipoEx=610&numEx=000065,,2,,404,2026-02-28T23:51:12+00:00
senado_iniciativas,senado:leg10:exp:610/000066,ds,https://www.senado.es/web/ficopendataservlet?legis=10&tipoFich=12&tipoEx=610&numEx=000066,,2,,404,2026-02-28T23:51:12+00:00
senado_iniciativas,senado:leg10:exp:610/000067,ds,https://www.senado.es/web/ficopendataservlet?legis=10&tipoFich=12&tipoEx=610&numEx=000067,,2,,404,2026-02-28T23:51:12+00:00
senado_iniciativas,senado:leg10:exp:610/000068,ds,https://www.senado.es/web/ficopendataservlet?legis=10&tipoFich=12&tipoEx=610&numEx=000068,,2,,404,2026-02-28T23:51:12+00:00
senado_iniciativas,senado:leg10:exp:610/000069,ds,https://www.senado.es/web/ficopendataservlet?legis=10&tipoFich=12&tipoEx=610&numEx=000069,,2,,404,2026-02-28T23:51:12+00:00
senado_iniciativas,senado:leg10:exp:610/000070,ds,https://www.senado.es/web/ficopendataservlet?legis=10&tipoFich=12&tipoEx=610&numEx=000070,,2,,404,2026-02-28T23:51:12+00:00
senado_iniciativas,senado:leg10:exp:610/000071,ds,https://www.senado.es/web/ficopendataservlet?legis=10&tipoFich=12&tipoEx=610&numEx=000071,,2,,404,2026-02-28T23:51:12+00:00
senado_iniciativas,senado:leg10:exp:610/000109,ds,https://www.senado.es/web/ficopendataservlet?legis=10&tipoFich=12&tipoEx=610&numEx=000109,,2,,404,2026-02-28T23:51:12+00:00
senado_iniciativas,senado:leg10:exp:610/000110,ds,https://www.senado.es/web/ficopendataservlet?legis=10&tipoFich=12&tipoEx=610&numEx=000110,,2,,404,2026-02-28T23:51:12+00:00
senado_iniciativas,senado:leg10:exp:610/000111,ds,https://www.senado.es/web/ficopendataservlet?legis=10&tipoFich=12&tipoEx=610&numEx=000111,,2,,404,2026-02-28T23:51:12+00:00
senado_iniciativas,senado:leg10:exp:610/000112,ds,https://www.senado.es/web/ficopendataservlet?legis=10&tipoFich=12&tipoEx=610&numEx=000112,,2,,404,2026-02-28T23:59:32+00:00
senado_iniciativas,senado:leg10:exp:610/000125,ds,https://www.senado.es/web/actividadparlamentaria/iniciativas/enmiendas/index.html?id1=610&id2=000125&legis=10,,2,,404,2026-02-28T22:44:59+00:00
senado_iniciativas,senado:leg10:exp:610/000136,ds,https://www.senado.es/web/actividadparlamentaria/iniciativas/enmiendas/index.html?id1=610&id2=000136&legis=10,,2,,404,2026-02-28T22:44:59+00:00
senado_iniciativas,senado:leg10:exp:610/000148,ds,https://www.senado.es/web/actividadparlamentaria/iniciativas/enmiendas/index.html?id1=610&id2=000148&legis=10,,2,,404,2026-02-28T22:44:59+00:00
senado_iniciativas,senado:leg10:exp:610/000149,ds,https://www.senado.es/web/actividadparlamentaria/iniciativas/enmiendas/index.html?id1=610&id2=000149&legis=10,,2,,404,2026-02-28T22:44:59+00:00
senado_iniciativas,senado:leg10:exp:610/000150,ds,https://www.senado.es/web/actividadparlamentaria/iniciativas/enmiendas/index.html?id1=610&id2=000150&legis=10,,2,,404,2026-02-28T22:44:59+00:00
senado_iniciativas,senado:leg10:exp:610/000151,ds,https://www.senado.es/web/actividadparlamentaria/iniciativas/enmiendas/index.html?id1=610&id2=000151&legis=10,,2,,404,2026-02-28T22:44:59+00:00
senado_iniciativas,senado:leg10:exp:610/000152,ds,https://www.senado.es/web/actividadparlamentaria/iniciativas/enmiendas/index.html?id1=610&id2=000152&legis=10,,2,,404,2026-02-28T22:44:59+00:00
senado_iniciativas,senado:leg10:exp:610/000153,ds,https://www.senado.es/web/actividadparlamentaria/iniciativas/enmiendas/index.html?id1=610&id2=000153&legis=10,,2,,404,2026-02-28T22:44:59+00:00
senado_iniciativas,senado:leg10:exp:610/000154,ds,https://www.senado.es/web/actividadparlamentaria/iniciativas/enmiendas/index.html?id1=610&id2=000154&legis=10,,2,,404,2026-02-28T22:44:59+00:00
senado_iniciativas,senado:leg10:exp:610/000155,ds,https://www.senado.es/web/actividadparlamentaria/iniciativas/enmiendas/index.html?id1=610&id2=000155&legis=10,,2,,404,2026-02-28T22:44:59+00:00
senado_iniciativas,senado:leg10:exp:610/000156,ds,https://www.senado.es/web/actividadparlamentaria/iniciativas/enmiendas/index.html?id1=610&id2=000156&legis=10,,2,,404,2026-02-28T22:44:59+00:00
senado_iniciativas,senado:leg10:exp:610/000157,ds,https://www.senado.es/web/actividadparlamentaria/iniciativas/enmiendas/index.html?id1=610&id2=000157&legis=10,,2,,404,2026-02-28T22:44:59+00:00
senado_iniciativas,senado:leg10:exp:610/000158,ds,https://www.senado.es/web/actividadparlamentaria/iniciativas/enmiendas/index.html?id1=610&id2=000158&legis=10,,2,,404,2026-02-28T22:44:59+00:00
senado_iniciativas,senado:leg10:exp:610/000159,ds,https://www.senado.es/web/actividadparlamentaria/iniciativas/enmiendas/index.html?id1=610&id2=000159&legis=10,,2,,404,2026-02-28T22:44:59+00:00
senado_iniciativas,senado:leg10:exp:610/000160,ds,https://www.senado.es/web/actividadparlamentaria/iniciativas/enmiendas/index.html?id1=610&id2=000160&legis=10,,2,,404,2026-02-28T22:44:59+00:00
senado_iniciativas,senado:leg10:exp:610/000161,ds,https://www.senado.es/web/actividadparlamentaria/iniciativas/enmiendas/index.html?id1=610&id2=000161&legis=10,,2,,404,2026-02-28T22:44:59+00:00
senado_iniciativas,senado:leg10:exp:610/000162,ds,https://www.senado.es/web/actividadparlamentaria/iniciativas/enmiendas/index.html?id1=610&id2=000162&legis=10,,2,,404,2026-02-28T22:44:59+00:00
senado_iniciativas,senado:leg10:exp:610/000163,ds,https://www.senado.es/web/actividadparlamentaria/iniciativas/enmiendas/index.html?id1=610&id2=000163&legis=10,,2,,404,2026-02-28T22:44:59+00:00
senado_iniciativas,senado:leg10:exp:610/000164,ds,https://www.senado.es/web/actividadparlamentaria/iniciativas/enmiendas/index.html?id1=610&id2=000164&legis=10,,2,,404,2026-02-28T22:44:59+00:00
senado_iniciativas,senado:leg10:exp:610/000165,ds,https://www.senado.es/web/actividadparlamentaria/iniciativas/enmiendas/index.html?id1=610&id2=000165&legis=10,,2,,404,2026-02-28T22:44:59+00:00
senado_iniciativas,senado:leg10:exp:610/000166,ds,https://www.senado.es/web/actividadparlamentaria/iniciativas/enmiendas/index.html?id1=610&id2=000166&legis=10,,2,,404,2026-02-28T22:44:59+00:00
senado_iniciativas,senado:leg10:exp:610/000167,ds,https://www.senado.es/web/actividadparlamentaria/iniciativas/enmiendas/index.html?id1=610&id2=000167&legis=10,,2,,404,2026-02-28T22:44:59+00:00
senado_iniciativas,senado:leg10:exp:610/000168,ds,https://www.senado.es/web/actividadparlamentaria/iniciativas/enmiendas/index.html?id1=610&id2=000168&legis=10,,2,,404,2026-02-28T22:44:59+00:00
senado_iniciativas,senado:leg10:exp:610/000169,ds,https://www.senado.es/web/actividadparlamentaria/iniciativas/enmiendas/index.html?id1=610&id2=000169&legis=10,,2,,404,2026-02-28T22:44:59+00:00
senado_iniciativas,senado:leg10:exp:610/000170,ds,https://www.senado.es/web/actividadparlamentaria/iniciativas/enmiendas/index.html?id1=610&id2=000170&legis=10,,2,,404,2026-02-28T22:44:59+00:00
senado_iniciativas,senado:leg10:exp:610/000171,ds,https://www.senado.es/web/actividadparlamentaria/iniciativas/enmiendas/index.html?id1=610&id2=000171&legis=10,,2,,404,2026-02-28T22:44:59+00:00
senado_iniciativas,senado:leg10:exp:610/000172,ds,https://www.senado.es/web/actividadparlamentaria/iniciativas/enmiendas/index.html?id1=610&id2=000172&legis=10,,2,,404,2026-02-28T22:44:59+00:00
senado_iniciativas,senado:leg10:exp:610/000173,ds,https://www.senado.es/web/actividadparlamentaria/iniciativas/enmiendas/index.html?id1=610&id2=000173&legis=10,,2,,404,2026-02-28T22:44:59+00:00
senado_iniciativas,senado:leg10:exp:610/000174,ds,https://www.senado.es/web/actividadparlamentaria/iniciativas/enmiendas/index.html?id1=610&id2=000174&legis=10,,2,,404,2026-02-28T22:44:59+00:00
senado_iniciativas,senado:leg10:exp:610/000175,ds,https://www.senado.es/web/actividadparlamentaria/iniciativas/enmiendas/index.html?id1=610&id2=000175&legis=10,,2,,404,2026-02-28T22:44:59+00:00
senado_iniciativas,senado:leg10:exp:610/000182,ds,https://www.senado.es/web/actividadparlamentaria/iniciativas/enmiendas/index.html?id1=610&id2=000182&legis=10,,2,,404,2026-02-28T22:44:59+00:00
senado_iniciativas,senado:leg10:exp:610/000183,ds,https://www.senado.es/web/actividadparlamentaria/iniciativas/enmiendas/index.html?id1=610&id2=000183&legis=10,,2,,404,2026-02-28T22:44:59+00:00
senado_iniciativas,senado:leg10:exp:610/000184,ds,https://www.senado.es/web/actividadparlamentaria/iniciativas/enmiendas/index.html?id1=610&id2=000184&legis=10,,2,,404,2026-02-28T22:44:59+00:00
senado_iniciativas,senado:leg10:exp:610/000185,ds,https://www.senado.es/web/actividadparlamentaria/iniciativas/enmiendas/index.html?id1=610&id2=000185&legis=10,,2,,404,2026-02-28T22:44:59+00:00
senado_iniciativas,senado:leg10:exp:620/000005,ds,https://www.senado.es/web/actividadparlamentaria/iniciativas/enmiendas/index.html?id1=620&id2=000005&legis=10,,2,,404,2026-02-28T22:44:59+00:00
senado_iniciativas,senado:leg10:exp:624/000001,ds,https://www.senado.es/web/actividadparlamentaria/iniciativas/enmiendas/index.html?id1=624&id2=000001&legis=10,,2,,404,2026-02-28T23:44:17+00:00
senado_iniciativas,senado:leg10:exp:624/000004,ds,https://www.senado.es/web/actividadparlamentaria/iniciativas/enmiendas/index.html?id1=624&id2=000004&legis=10,,2,,404,2026-02-28T23:44:17+00:00
senado_iniciativas,senado:leg10:exp:624/000005,ds,https://www.senado.es/web/actividadparlamentaria/iniciativas/enmiendas/index.html?id1=624&id2=000005&legis=10,,2,,404,2026-02-28T23:44:17+00:00
senado_iniciativas,senado:leg10:exp:624/000006,ds,https://www.senado.es/web/actividadparlamentaria/iniciativas/enmiendas/index.html?id1=624&id2=000006&legis=10,,2,,404,2026-02-28T23:44:17+00:00
senado_iniciativas,senado:leg11:exp:626/000001,ds,https://www.senado.es/web/actividadparlamentaria/iniciativas/enmiendas/index.html?id1=626&id2=000001&legis=11,,2,,404,2026-02-28T23:44:17+00:00
senado_iniciativas,senado:leg12:exp:605/000001,ds,https://www.senado.es/web/actividadparlamentaria/iniciativas/enmiendas/index.html?id1=605&id2=000001&legis=12,,2,,404,2026-02-28T22:44:59+00:00
senado_iniciativas,senado:leg12:exp:605/000002,ds,https://www.senado.es/web/actividadparlamentaria/iniciativas/enmiendas/index.html?id1=605&id2=000002&legis=12,,2,,404,2026-02-28T22:44:59+00:00
senado_iniciativas,senado:leg12:exp:610/000080,bocg,https://www.senado.es/web/ficopendataservlet?legis=12&tipoFich=3&tipoEx=610&numEx=000080,,2,,404,2026-02-28T23:59:32+00:00
senado_iniciativas,senado:leg12:exp:621/000003,ds,https://www.senado.es/web/actividadparlamentaria/iniciativas/enmiendas/index.html?id1=621&id2=000003&legis=12,,2,,404,2026-02-28T22:44:59+00:00
senado_iniciativas,senado:leg12:exp:621/000004,bocg,https://www.senado.es/web/ficopendataservlet?legis=12&tipoFich=3&tipoEx=621&numEx=000004,,2,,404,2026-02-28T23:59:32+00:00
senado_iniciativas,senado:leg12:exp:621/000008,ds,https://www.senado.es/web/actividadparlamentaria/iniciativas/enmiendas/index.html?id1=621&id2=000008&legis=12,,2,,404,2026-02-28T22:44:59+00:00
senado_iniciativas,senado:leg12:exp:621/000009,bocg,https://www.senado.es/web/ficopendataservlet?legis=12&tipoFich=3&tipoEx=621&numEx=000009,,2,,404,2026-02-28T23:59:32+00:00
senado_iniciativas,senado:leg12:exp:621/000010,bocg,https://www.senado.es/web/ficopendataservlet?legis=12&tipoFich=3&tipoEx=621&numEx=000010,,2,,404,2026-02-28T23:59:32+00:00
senado_iniciativas,senado:leg12:exp:621/000011,bocg,https://www.senado.es/web/ficopendataservlet?legis=12&tipoFich=3&tipoEx=621&numEx=000011,,2,,404,2026-02-28T23:59:32+00:00
senado_iniciativas,senado:leg12:exp:621/000011,ds,https://www.senado.es/web/actividadparlamentaria/iniciativas/enmiendas/index.html?id1=621&id2=000011&legis=12,,2,,404,2026-02-28T22:44:59+00:00
senado_iniciativas,senado:leg12:exp:621/000012,bocg,https://www.senado.es/web/ficopendataservlet?legis=12&tipoFich=3&tipoEx=621&numEx=000012,,2,,404,2026-02-28T23:59:32+00:00
senado_iniciativas,senado:leg12:exp:621/000013,bocg,https://www.senado.es/web/ficopendataservlet?legis=12&tipoFich=3&tipoEx=621&numEx=000013,,2,,404,2026-02-28T23:59:32+00:00
senado_iniciativas,senado:leg12:exp:621/000014,bocg,https://www.senado.es/web/ficopendataservlet?legis=12&tipoFich=3&tipoEx=621&numEx=000014,,2,,404,2026-02-28T23:59:32+00:00
senado_iniciativas,senado:leg12:exp:621/000016,bocg,https://www.senado.es/web/ficopendataservlet?legis=12&tipoFich=3&tipoEx=621&numEx=000016,,2,,404,2026-02-28T23:59:32+00:00
senado_iniciativas,senado:leg12:exp:622/000001,ds,https://www.senado.es/web/actividadparlamentaria/iniciativas/enmiendas/index.html?id1=622&id2=000001&legis=12,,2,,404,2026-02-28T23:44:17+00:00
senado_iniciativas,senado:leg12:exp:622/000021,bocg,https://www.senado.es/web/ficopendataservlet?legis=12&tipoFich=3&tipoEx=622&numEx=000021,,2,,404,2026-02-28T23:59:32+00:00
senado_iniciativas,senado:leg12:exp:622/000024,bocg,https://www.senado.es/web/ficopendataservlet?legis=12&tipoFich=3&tipoEx=622&numEx=000024,,2,,404,2026-02-28T23:59:32+00:00
senado_iniciativas,senado:leg12:exp:624/000001,ds,https://www.senado.es/web/actividadparlamentaria/iniciativas/enmiendas/index.html?id1=624&id2=000001&legis=12,,2,,404,2026-02-28T23:44:17+00:00
senado_iniciativas,senado:leg12:exp:624/000002,ds,https://www.senado.es/web/actividadparlamentaria/iniciativas/enmiendas/index.html?id1=624&id2=000002&legis=12,,2,,404,2026-02-28T23:44:17+00:00
senado_iniciativas,senado:leg12:exp:624/000006,bocg,https://www.senado.es/web/ficopendataservlet?legis=12&tipoFich=3&tipoEx=624&numEx=000006,,2,,404,2026-02-28T23:59:32+00:00
senado_iniciativas,senado:leg12:exp:624/000007,ds,https://www.senado.es/web/actividadparlamentaria/iniciativas/enmiendas/index.html?id1=624&id2=000007&legis=12,,2,,404,2026-02-28T23:44:17+00:00
senado_iniciativas,senado:leg12:exp:624/000008,ds,https://www.senado.es/web/actividadparlamentaria/iniciativas/enmiendas/index.html?id1=624&id2=000008&legis=12,,2,,404,2026-02-28T23:44:17+00:00
senado_iniciativas,senado:leg12:exp:624/000009,bocg,https://www.senado.es/web/ficopendataservlet?legis=12&tipoFich=3&tipoEx=624&numEx=000009,,2,,404,2026-02-28T23:59:32+00:00
senado_iniciativas,senado:leg12:exp:624/000011,bocg,https://www.senado.es/web/ficopendataservlet?legis=12&tipoFich=3&tipoEx=624&numEx=000011,,2,,404,2026-02-28T23:59:32+00:00
senado_iniciativas,senado:leg12:exp:624/000011,ds,https://www.senado.es/web/actividadparlamentaria/iniciativas/enmiendas/index.html?id1=624&id2=000011&legis=12,,2,,404,2026-02-28T23:44:17+00:00
senado_iniciativas,senado:leg12:exp:624/000013,ds,https://www.senado.es/web/actividadparlamentaria/iniciativas/enmiendas/index.html?id1=624&id2=000013&legis=12,,2,,404,2026-02-28T23:44:17+00:00
senado_iniciativas,senado:leg12:exp:625/000001,ds,https://www.senado.es/web/actividadparlamentaria/iniciativas/enmiendas/index.html?id1=625&id2=000001&legis=12,,2,,404,2026-02-28T23:44:17+00:00
senado_iniciativas,senado:leg12:exp:625/000002,bocg,https://www.senado.es/web/ficopendataservlet?legis=12&tipoFich=3&tipoEx=625&numEx=000002,,2,,404,2026-02-28T23:59:32+00:00
senado_iniciativas,senado:leg12:exp:625/000002,ds,https://www.senado.es/web/actividadparlamentaria/iniciativas/enmiendas/index.html?id1=625&id2=000002&legis=12,,2,,404,2026-02-28T23:44:17+00:00
senado_iniciativas,senado:leg12:exp:625/000003,ds,https://www.senado.es/web/actividadparlamentaria/iniciativas/enmiendas/index.html?id1=625&id2=000003&legis=12,,2,,404,2026-02-28T23:44:17+00:00
senado_iniciativas,senado:leg12:exp:626/000001,ds,https://www.senado.es/web/actividadparlamentaria/iniciativas/enmiendas/index.html?id1=626&id2=000001&legis=12,,2,,404,2026-02-28T23:44:17+00:00
senado_iniciativas,senado:leg12:exp:626/000008,ds,https://www.senado.es/web/actividadparlamentaria/iniciativas/enmiendas/index.html?id1=626&id2=000008&legis=12,,2,,404,2026-02-28T23:44:17+00:00
senado_iniciativas,senado:leg12:exp:626/000009,ds,https://www.senado.es/web/actividadparlamentaria/iniciativas/enmiendas/index.html?id1=626&id2=000009&legis=12,,2,,404,2026-02-28T23:44:17+00:00
senado_iniciativas,senado:leg14:exp:605/000001,ds,https://www.senado.es/web/actividadparlamentaria/iniciativas/enmiendas/index.html?id1=605&id2=000001&legis=14,,2,,404,2026-02-28T22:44:59+00:00
senado_iniciativas,senado:leg14:exp:605/000002,ds,https://www.senado.es/web/actividadparlamentaria/iniciativas/enmiendas/index.html?id1=605&id2=000002&legis=14,,2,,404,2026-02-28T22:44:59+00:00
senado_iniciativas,senado:leg14:exp:605/000003,ds,https://www.senado.es/web/actividadparlamentaria/iniciativas/enmiendas/index.html?id1=605&id2=000003&legis=14,,2,,404,2026-02-28T22:44:59+00:00
senado_iniciativas,senado:leg14:exp:610/000042,bocg,https://www.senado.es/web/ficopendataservlet?legis=14&tipoFich=3&tipoEx=610&numEx=000042,,2,,404,2026-02-28T23:59:32+00:00
senado_iniciativas,senado:leg14:exp:610/000044,bocg,https://www.senado.es/web/ficopendataservlet?legis=14&tipoFich=3&tipoEx=610&numEx=000044,,2,,404,2026-02-28T23:59:32+00:00
senado_iniciativas,senado:leg14:exp:610/000046,bocg,https://www.senado.es/web/ficopendataservlet?legis=14&tipoFich=3&tipoEx=610&numEx=000046,,2,,404,2026-02-28T23:59:32+00:00
senado_iniciativas,senado:leg14:exp:610/000051,bocg,https://www.senado.es/web/ficopendataservlet?legis=14&tipoFich=3&tipoEx=610&numEx=000051,,2,,404,2026-02-28T23:59:32+00:00
senado_iniciativas,senado:leg14:exp:610/000085,ds,https://www.senado.es/web/ficopendataservlet?legis=14&tipoFich=12&tipoEx=610&numEx=000085,,2,,404,2026-02-28T23:59:32+00:00
senado_iniciativas,senado:leg14:exp:610/000086,ds,https://www.senado.es/web/ficopendataservlet?legis=14&tipoFich=12&tipoEx=610&numEx=000086,,2,,404,2026-02-28T23:59:32+00:00
senado_iniciativas,senado:leg14:exp:610/000087,ds,https://www.senado.es/web/ficopendataservlet?legis=14&tipoFich=12&tipoEx=610&numEx=000087,,2,,404,2026-02-28T23:59:32+00:00
senado_iniciativas,senado:leg14:exp:610/000088,ds,https://www.senado.es/web/ficopendataservlet?legis=14&tipoFich=12&tipoEx=610&numEx=000088,,2,,404,2026-02-28T23:59:32+00:00
senado_iniciativas,senado:leg14:exp:610/000089,ds,https://www.senado.es/web/ficopendataservlet?legis=14&tipoFich=12&tipoEx=610&numEx=000089,,2,,404,2026-02-28T23:59:32+00:00
senado_iniciativas,senado:leg14:exp:610/000090,ds,https://www.senado.es/web/ficopendataservlet?legis=14&tipoFich=12&tipoEx=610&numEx=000090,,2,,404,2026-02-28T23:59:32+00:00
senado_iniciativas,senado:leg14:exp:610/000091,ds,https://www.senado.es/web/ficopendataservlet?legis=14&tipoFich=12&tipoEx=610&numEx=000091,,2,,404,2026-02-28T23:59:32+00:00
senado_iniciativas,senado:leg14:exp:621/000002,ds,https://www.senado.es/web/actividadparlamentaria/iniciativas/enmiendas/index.html?id1=621&id2=000002&legis=14,,2,,404,2026-02-28T22:24:39+00:00
senado_iniciativas,senado:leg14:exp:621/000007,ds,https://www.senado.es/web/actividadparlamentaria/iniciativas/enmiendas/index.html?id1=621&id2=000007&legis=14,,2,,404,2026-02-28T22:24:39+00:00
senado_iniciativas,senado:leg14:exp:621/000008,ds,https://www.senado.es/web/actividadparlamentaria/iniciativas/enmiendas/index.html?id1=621&id2=000008&legis=14,,2,,404,2026-02-28T22:24:39+00:00
senado_iniciativas,senado:leg14:exp:621/000009,ds,https://www.senado.es/web/actividadparlamentaria/iniciativas/enmiendas/index.html?id1=621&id2=000009&legis=14,,2,,404,2026-02-28T22:24:39+00:00
senado_iniciativas,senado:leg14:exp:621/000010,ds,https://www.senado.es/web/actividadparlamentaria/iniciativas/enmiendas/index.html?id1=621&id2=000010&legis=14,,2,,404,2026-02-28T22:24:39+00:00
senado_iniciativas,senado:leg14:exp:621/000011,bocg,https://www.senado.es/web/ficopendataservlet?legis=14&tipoFich=3&tipoEx=621&numEx=000011,,2,,404,2026-02-28T23:59:32+00:00
senado_iniciativas,senado:leg14:exp:621/000013,bocg,https://www.senado.es/web/ficopendataservlet?legis=14&tipoFich=3&tipoEx=621&numEx=000013,,2,,404,2026-02-28T23:59:32+00:00
senado_iniciativas,senado:leg14:exp:621/000017,ds,https://www.senado.es/web/actividadparlamentaria/iniciativas/enmiendas/index.html?id1=621&id2=000017&legis=14,,2,,404,2026-02-28T22:24:39+00:00
senado_iniciativas,senado:leg14:exp:621/000018,ds,https://www.senado.es/web/actividadparlamentaria/iniciativas/enmiendas/index.html?id1=621&id2=000018&legis=14,,2,,404,2026-02-28T22:24:39+00:00
senado_iniciativas,senado:leg14:exp:621/000019,bocg,https://www.senado.es/web/ficopendataservlet?legis=14&tipoFich=3&tipoEx=621&numEx=000019,,2,,404,2026-02-28T23:59:32+00:00
senado_iniciativas,senado:leg14:exp:621/000020,ds,https://www.senado.es/web/actividadparlamentaria/iniciativas/enmiendas/index.html?id1=621&id2=000020&legis=14,,2,,404,2026-02-28T22:24:39+00:00
senado_iniciativas,senado:leg14:exp:621/000021,bocg,https://www.senado.es/web/ficopendataservlet?legis=14&tipoFich=3&tipoEx=621&numEx=000021,,2,,404,2026-02-28T23:59:32+00:00
senado_iniciativas,senado:leg14:exp:621/000022,bocg,https://www.senado.es/web/ficopendataservlet?legis=14&tipoFich=3&tipoEx=621&numEx=000022,,2,,404,2026-02-28T23:59:32+00:00
senado_iniciativas,senado:leg14:exp:621/000023,bocg,https://www.senado.es/web/ficopendataservlet?legis=14&tipoFich=3&tipoEx=621&numEx=000023,,2,,404,2026-02-28T23:59:32+00:00
senado_iniciativas,senado:leg14:exp:621/000024,ds,https://www.senado.es/web/actividadparlamentaria/iniciativas/enmiendas/index.html?id1=621&id2=000024&legis=14,,2,,404,2026-02-28T22:24:39+00:00
senado_iniciativas,senado:leg14:exp:621/000025,ds,https://www.senado.es/web/actividadparlamentaria/iniciativas/enmiendas/index.html?id1=621&id2=000025&legis=14,,2,,404,2026-02-28T22:24:39+00:00
senado_iniciativas,senado:leg14:exp:621/000027,ds,https://www.senado.es/web/actividadparlamentaria/iniciativas/enmiendas/index.html?id1=621&id2=000027&legis=14,,2,,404,2026-02-28T23:44:17+00:00
senado_iniciativas,senado:leg14:exp:621/000029,ds,https://www.senado.es/web/actividadparlamentaria/iniciativas/enmiendas/index.html?id1=621&id2=000029&legis=14,,2,,404,2026-02-28T23:44:17+00:00
senado_iniciativas,senado:leg14:exp:621/000030,bocg,https://www.senado.es/web/ficopendataservlet?legis=14&tipoFich=3&tipoEx=621&numEx=000030,,2,,404,2026-02-28T23:59:32+00:00
senado_iniciativas,senado:leg14:exp:621/000030,ds,https://www.senado.es/web/actividadparlamentaria/iniciativas/enmiendas/index.html?id1=621&id2=000030&legis=14,,2,,404,2026-02-28T23:44:17+00:00
senado_iniciativas,senado:leg14:exp:621/000033,ds,https://www.senado.es/web/actividadparlamentaria/iniciativas/enmiendas/index.html?id1=621&id2=000033&legis=14,,2,,404,2026-02-28T23:44:17+00:00
senado_iniciativas,senado:leg14:exp:621/000034,bocg,https://www.senado.es/web/ficopendataservlet?legis=14&tipoFich=3&tipoEx=621&numEx=000034,,2,,404,2026-02-28T23:59:32+00:00
senado_iniciativas,senado:leg14:exp:621/000034,ds,https://www.senado.es/web/actividadparlamentaria/iniciativas/enmiendas/index.html?id1=621&id2=000034&legis=14,,2,,404,2026-02-28T23:44:17+00:00
senado_iniciativas,senado:leg14:exp:621/000035,ds,https://www.senado.es/web/actividadparlamentaria/iniciativas/enmiendas/index.html?id1=621&id2=000035&legis=14,,2,,404,2026-02-28T23:44:17+00:00
senado_iniciativas,senado:leg14:exp:621/000036,bocg,https://www.senado.es/web/ficopendataservlet?legis=14&tipoFich=3&tipoEx=621&numEx=000036,,2,,404,2026-02-28T23:59:32+00:00
senado_iniciativas,senado:leg14:exp:621/000038,bocg,https://www.senado.es/web/ficopendataservlet?legis=14&tipoFich=3&tipoEx=621&numEx=000038,,2,,404,2026-02-28T23:59:32+00:00
senado_iniciativas,senado:leg14:exp:621/000039,ds,https://www.senado.es/web/actividadparlamentaria/iniciativas/enmiendas/index.html?id1=621&id2=000039&legis=14,,2,,404,2026-02-28T23:44:17+00:00
senado_iniciativas,senado:leg14:exp:621/000040,ds,https://www.senado.es/web/actividadparlamentaria/iniciativas/enmiendas/index.html?id1=621&id2=000040&legis=14,,2,,404,2026-02-28T23:44:17+00:00
senado_iniciativas,senado:leg14:exp:621/000041,ds,https://www.senado.es/web/actividadparlamentaria/iniciativas/enmiendas/index.html?id1=621&id2=000041&legis=14,,2,,404,2026-02-28T23:44:17+00:00
senado_iniciativas,senado:leg14:exp:621/000042,bocg,https://www.senado.es/web/ficopendataservlet?legis=14&tipoFich=3&tipoEx=621&numEx=000042,,2,,404,2026-02-28T23:59:32+00:00
senado_iniciativas,senado:leg14:exp:621/000042,ds,https://www.senado.es/web/actividadparlamentaria/iniciativas/enmiendas/index.html?id1=621&id2=000042&legis=14,,2,,404,2026-02-28T23:44:17+00:00
senado_iniciativas,senado:leg14:exp:621/000043,ds,https://www.senado.es/web/actividadparlamentaria/iniciativas/enmiendas/index.html?id1=621&id2=000043&legis=14,,2,,404,2026-02-28T23:44:17+00:00
senado_iniciativas,senado:leg14:exp:621/000044,ds,https://www.senado.es/web/actividadparlamentaria/iniciativas/enmiendas/index.html?id1=621&id2=000044&legis=14,,2,,404,2026-02-28T23:44:17+00:00
senado_iniciativas,senado:leg14:exp:621/000045,ds,https://www.senado.es/web/ficopendataservlet?legis=14&tipoFich=12&tipoEx=621&numEx=000045,,2,,404,2026-02-28T23:59:32+00:00
senado_iniciativas,senado:leg14:exp:621/000046,ds,https://www.senado.es/web/ficopendataservlet?legis=14&tipoFich=12&tipoEx=621&numEx=000046,,2,,404,2026-02-28T23:59:32+00:00
senado_iniciativas,senado:leg14:exp:622/000002,ds,https://www.senado.es/web/actividadparlamentaria/iniciativas/enmiendas/index.html?id1=622&id2=000002&legis=14,,2,,404,2026-02-28T23:44:17+00:00
senado_iniciativas,senado:leg14:exp:622/000011,ds,https://www.senado.es/web/actividadparlamentaria/iniciativas/enmiendas/index.html?id1=622&id2=000011&legis=14,,2,,404,2026-02-28T23:44:17+00:00
senado_iniciativas,senado:leg14:exp:622/000015,ds,https://www.senado.es/web/ficopendataservlet?legis=14&tipoFich=12&tipoEx=622&numEx=000015,,2,,404,2026-02-28T23:59:32+00:00
senado_iniciativas,senado:leg14:exp:622/000030,ds,https://www.senado.es/web/ficopendataservlet?legis=14&tipoFich=12&tipoEx=622&numEx=000030,,2,,404,2026-02-28T23:59:32+00:00
senado_iniciativas,senado:leg14:exp:622/000034,ds,https://www.senado.es/web/ficopendataservlet?legis=14&tipoFich=12&tipoEx=622&numEx=000034,,2,,404,2026-02-28T23:59:32+00:00
senado_iniciativas,senado:leg14:exp:622/000044,ds,https://www.senado.es/web/ficopendataservlet?legis=14&tipoFich=12&tipoEx=622&numEx=000044,,2,,404,2026-02-28T23:59:32+00:00
senado_iniciativas,senado:leg14:exp:622/000062,ds,https://www.senado.es/web/ficopendataservlet?legis=14&tipoFich=12&tipoEx=622&numEx=000062,,2,,404,2026-02-28T23:59:32+00:00
senado_iniciativas,senado:leg14:exp:624/000002,bocg,https://www.senado.es/web/ficopendataservlet?legis=14&tipoFich=3&tipoEx=624&numEx=000002,,2,,404,2026-02-28T23:59:32+00:00
senado_iniciativas,senado:leg14:exp:624/000006,bocg,https://www.senado.es/legis14/expedientes/624/enmiendas/global_enmiendas_vetos_14_624000006.xml,,2,,404,2026-02-20T11:50:56+00:00
senado_iniciativas,senado:leg14:exp:624/000009,ds,https://www.senado.es/web/ficopendataservlet?legis=14&tipoFich=12&tipoEx=624&numEx=000009,,2,,404,2026-02-28T23:59:32+00:00
senado_iniciativas,senado:leg14:exp:626/000007,ds,https://www.senado.es/web/ficopendataservlet?legis=14&tipoFich=12&tipoEx=626&numEx=000007,,2,,404,2026-02-28T23:59:32+00:00
senado_iniciativas,senado:leg14:exp:626/000008,ds,https://www.senado.es/web/ficopendataservlet?legis=14&tipoFich=12&tipoEx=626&numEx=000008,,2,,404,2026-02-28T23:59:32+00:00
senado_iniciativas,senado:leg15:exp:624/000001,bocg,https://www.senado.es/web/ficopendataservlet?legis=15&tipoFich=3&tipoEx=624&numEx=000001,,2,,404,2026-02-28T23:59:32+00:00
senado_iniciativas,senado:leg15:exp:624/000001,ds,https://www.senado.es/web/actividadparlamentaria/iniciativas/enmiendas/index.html?id1=624&id2=000001&legis=15,,2,,404,2026-02-28T23:44:17+00:00
senado_iniciativas,senado:leg10:exp:610/000072,ds,https://www.senado.es/web/ficopendataservlet?legis=10&tipoFich=12&tipoEx=610&numEx=000072,,1,,404,2026-02-28T22:35:20+00:00
senado_iniciativas,senado:leg10:exp:610/000073,ds,https://www.senado.es/web/ficopendataservlet?legis=10&tipoFich=12&tipoEx=610&numEx=000073,,1,,404,2026-02-28T22:35:20+00:00
senado_iniciativas,senado:leg10:exp:610/000074,ds,https://www.senado.es/web/ficopendataservlet?legis=10&tipoFich=12&tipoEx=610&numEx=000074,,1,,404,2026-02-28T22:35:20+00:00
senado_iniciativas,senado:leg10:exp:610/000075,ds,https://www.senado.es/web/ficopendataservlet?legis=10&tipoFich=12&tipoEx=610&numEx=000075,,1,,404,2026-02-28T22:35:20+00:00
senado_iniciativas,senado:leg10:exp:610/000076,ds,https://www.senado.es/web/ficopendataservlet?legis=10&tipoFich=12&tipoEx=610&numEx=000076,,1,,404,2026-02-28T22:35:20+00:00
senado_iniciativas,senado:leg10:exp:610/000077,ds,https://www.senado.es/web/ficopendataservlet?legis=10&tipoFich=12&tipoEx=610&numEx=000077,,1,,404,2026-02-28T22:35:20+00:00
senado_iniciativas,senado:leg10:exp:610/000078,ds,https://www.senado.es/web/ficopendataservlet?legis=10&tipoFich=12&tipoEx=610&numEx=000078,,1,,404,2026-02-28T22:35:20+00:00
senado_iniciativas,senado:leg10:exp:610/000079,ds,https://www.senado.es/web/ficopendataservlet?legis=10&tipoFich=12&tipoEx=610&numEx=000079,,1,,404,2026-02-28T22:35:20+00:00
senado_iniciativas,senado:leg10:exp:610/000080,ds,https://www.senado.es/web/ficopendataservlet?legis=10&tipoFich=12&tipoEx=610&numEx=000080,,1,,404,2026-02-28T22:35:20+00:00
senado_iniciativas,senado:leg10:exp:610/000081,ds,https://www.senado.es/web/ficopendataservlet?legis=10&tipoFich=12&tipoEx=610&numEx=000081,,1,,404,2026-02-28T22:35:20+00:00
senado_iniciativas,senado:leg10:exp:610/000082,ds,https://www.senado.es/web/ficopendataservlet?legis=10&tipoFich=12&tipoEx=610&numEx=000082,,1,,404,2026-02-28T22:35:20+00:00
senado_iniciativas,senado:leg10:exp:610/000083,ds,https://www.senado.es/web/ficopendataservlet?legis=10&tipoFich=12&tipoEx=610&numEx=000083,,1,,404,2026-02-28T22:35:20+00:00
senado_iniciativas,senado:leg10:exp:610/000084,ds,https://www.senado.es/web/ficopendataservlet?legis=10&tipoFich=12&tipoEx=610&numEx=000084,,1,,404,2026-02-28T22:35:20+00:00
senado_iniciativas,senado:leg10:exp:610/000085,ds,https://www.senado.es/web/ficopendataservlet?legis=10&tipoFich=12&tipoEx=610&numEx=000085,,1,,404,2026-02-28T22:35:20+00:00
senado_iniciativas,senado:leg10:exp:610/000086,ds,https://www.senado.es/web/ficopendataservlet?legis=10&tipoFich=12&tipoEx=610&numEx=000086,,1,,404,2026-02-28T22:35:20+00:00
senado_iniciativas,senado:leg10:exp:610/000087,ds,https://www.senado.es/web/ficopendataservlet?legis=10&tipoFich=12&tipoEx=610&numEx=000087,,1,,404,2026-02-28T22:35:20+00:00
senado_iniciativas,senado:leg10:exp:610/000088,ds,https://www.senado.es/web/ficopendataservlet?legis=10&tipoFich=12&tipoEx=610&numEx=000088,,1,,404,2026-02-28T22:35:20+00:00
senado_iniciativas,senado:leg10:exp:610/000089,ds,https://www.senado.es/web/ficopendataservlet?legis=10&tipoFich=12&tipoEx=610&numEx=000089,,1,,404,2026-02-28T22:35:20+00:00
senado_iniciativas,senado:leg10:exp:610/000090,ds,https://www.senado.es/web/ficopendataservlet?legis=10&tipoFich=12&tipoEx=610&numEx=000090,,1,,404,2026-02-28T22:35:20+00:00
senado_iniciativas,senado:leg10:exp:610/000091,ds,https://www.senado.es/web/ficopendataservlet?legis=10&tipoFich=12&tipoEx=610&numEx=000091,,1,,404,2026-02-28T22:35:20+00:00
senado_iniciativas,senado:leg10:exp:610/000092,ds,https://www.senado.es/web/ficopendataservlet?legis=10&tipoFich=12&tipoEx=610&numEx=000092,,1,,404,2026-02-28T22:35:20+00:00
senado_iniciativas,senado:leg10:exp:610/000093,ds,https://www.senado.es/web/ficopendataservlet?legis=10&tipoFich=12&tipoEx=610&numEx=000093,,1,,404,2026-02-28T22:35:20+00:00
senado_iniciativas,senado:leg10:exp:610/000094,ds,https://www.senado.es/web/ficopendataservlet?legis=10&tipoFich=12&tipoEx=610&numEx=000094,,1,,404,2026-02-28T22:35:20+00:00
senado_iniciativas,senado:leg10:exp:610/000095,ds,https://www.senado.es/web/ficopendataservlet?legis=10&tipoFich=12&tipoEx=610&numEx=000095,,1,,404,2026-02-28T22:35:20+00:00
senado_iniciativas,senado:leg10:exp:610/000096,ds,https://www.senado.es/web/ficopendataservlet?legis=10&tipoFich=12&tipoEx=610&numEx=000096,,1,,404,2026-02-28T22:35:20+00:00
senado_iniciativas,senado:leg10:exp:610/000097,ds,https://www.senado.es/web/ficopendataservlet?legis=10&tipoFich=12&tipoEx=610&numEx=000097,,1,,404,2026-02-28T22:35:20+00:00
senado_iniciativas,senado:leg10:exp:610/000098,ds,https://www.senado.es/web/ficopendataservlet?legis=10&tipoFich=12&tipoEx=610&numEx=000098,,1,,404,2026-02-28T22:35:20+00:00
senado_iniciativas,senado:leg10:exp:610/000099,ds,https://www.senado.es/web/ficopendataservlet?legis=10&tipoFich=12&tipoEx=610&numEx=000099,,1,,404,2026-02-28T22:35:20+00:00
senado_iniciativas,senado:leg10:exp:610/000100,ds,https://www.senado.es/web/ficopendataservlet?legis=10&tipoFich=12&tipoEx=610&numEx=000100,,1,,404,2026-02-28T22:35:20+00:00
senado_iniciativas,senado:leg10:exp:610/000101,ds,https://www.senado.es/web/ficopendataservlet?legis=10&tipoFich=12&tipoEx=610&numEx=000101,,1,,404,2026-02-28T22:35:20+00:00
senado_iniciativas,senado:leg10:exp:610/000102,ds,https://www.senado.es/web/ficopendataservlet?legis=10&tipoFich=12&tipoEx=610&numEx=000102,,1,,404,2026-02-28T22:35:20+00:00
senado_iniciativas,senado:leg10:exp:610/000103,ds,https://www.senado.es/web/ficopendataservlet?legis=10&tipoFich=12&tipoEx=610&numEx=000103,,1,,404,2026-02-28T22:35:20+00:00
senado_iniciativas,senado:leg10:exp:610/000104,ds,https://www.senado.es/web/ficopendataservlet?legis=10&tipoFich=12&tipoEx=610&numEx=000104,,1,,404,2026-02-28T22:35:20+00:00
senado_iniciativas,senado:leg10:exp:610/000105,ds,https://www.senado.es/web/ficopendataservlet?legis=10&tipoFich=12&tipoEx=610&numEx=000105,,1,,404,2026-02-28T22:35:20+00:00
senado_iniciativas,senado:leg10:exp:610/000106,ds,https://www.senado.es/web/ficopendataservlet?legis=10&tipoFich=12&tipoEx=610&numEx=000106,,1,,404,2026-02-28T22:35:20+00:00
senado_iniciativas,senado:leg10:exp:610/000107,ds,https://www.senado.es/web/ficopendataservlet?legis=10&tipoFich=12&tipoEx=610&numEx=000107,,1,,404,2026-02-28T22:35:20+00:00
senado_iniciativas,senado:leg10:exp:610/000108,ds,https://www.senado.es/web/ficopendataservlet?legis=10&tipoFich=12&tipoEx=610&numEx=000108,,1,,404,2026-02-28T22:35:20+00:00
senado_iniciativas,senado:leg10:exp:610/000125,ds,https://www.senado.es/web/ficopendataservlet?legis=10&tipoFich=12&tipoEx=610&numEx=000125,,1,,404,2026-02-28T22:35:20+00:00
senado_iniciativas,senado:leg10:exp:610/000136,ds,https://www.senado.es/web/ficopendataservlet?legis=10&tipoFich=12&tipoEx=610&numEx=000136,,1,,404,2026-02-28T22:35:20+00:00
senado_iniciativas,senado:leg10:exp:610/000148,ds,https://www.senado.es/web/ficopendataservlet?legis=10&tipoFich=12&tipoEx=610&numEx=000148,,1,,404,2026-02-28T22:35:20+00:00
senado_iniciativas,senado:leg10:exp:610/000149,ds,https://www.senado.es/web/ficopendataservlet?legis=10&tipoFich=12&tipoEx=610&numEx=000149,,1,,404,2026-02-28T22:35:20+00:00
senado_iniciativas,senado:leg10:exp:610/000150,ds,https://www.senado.es/web/ficopendataservlet?legis=10&tipoFich=12&tipoEx=610&numEx=000150,,1,,404,2026-02-28T22:35:20+00:00
senado_iniciativas,senado:leg10:exp:610/000151,ds,https://www.senado.es/web/ficopendataservlet?legis=10&tipoFich=12&tipoEx=610&numEx=000151,,1,,404,2026-02-28T22:35:20+00:00
senado_iniciativas,senado:leg10:exp:610/000152,ds,https://www.senado.es/web/ficopendataservlet?legis=10&tipoFich=12&tipoEx=610&numEx=000152,,1,,404,2026-02-28T22:35:20+00:00
senado_iniciativas,senado:leg10:exp:610/000153,ds,https://www.senado.es/web/ficopendataservlet?legis=10&tipoFich=12&tipoEx=610&numEx=000153,,1,,404,2026-02-28T22:35:20+00:00
senado_iniciativas,senado:leg10:exp:610/000154,ds,https://www.senado.es/web/ficopendataservlet?legis=10&tipoFich=12&tipoEx=610&numEx=000154,,1,,404,2026-02-28T22:35:20+00:00
senado_iniciativas,senado:leg10:exp:610/000155,ds,https://www.senado.es/web/ficopendataservlet?legis=10&tipoFich=12&tipoEx=610&numEx=000155,,1,,404,2026-02-28T22:35:20+00:00
senado_iniciativas,senado:leg10:exp:610/000156,ds,https://www.senado.es/web/ficopendataservlet?legis=10&tipoFich=12&tipoEx=610&numEx=000156,,1,,404,2026-02-28T22:35:20+00:00
senado_iniciativas,senado:leg10:exp:610/000157,ds,https://www.senado.es/web/ficopendataservlet?legis=10&tipoFich=12&tipoEx=610&numEx=000157,,1,,404,2026-02-28T22:35:20+00:00
senado_iniciativas,senado:leg10:exp:610/000158,ds,https://www.senado.es/web/ficopendataservlet?legis=10&tipoFich=12&tipoEx=610&numEx=000158,,1,,404,2026-02-28T22:35:20+00:00
senado_iniciativas,senado:leg10:exp:610/000159,ds,https://www.senado.es/web/ficopendataservlet?legis=10&tipoFich=12&tipoEx=610&numEx=000159,,1,,404,2026-02-28T22:35:20+00:00
senado_iniciativas,senado:leg10:exp:610/000160,ds,https://www.senado.es/web/ficopendataservlet?legis=10&tipoFich=12&tipoEx=610&numEx=000160,,1,,404,2026-02-28T22:35:20+00:00
senado_iniciativas,senado:leg10:exp:610/000161,ds,https://www.senado.es/web/ficopendataservlet?legis=10&tipoFich=12&tipoEx=610&numEx=000161,,1,,404,2026-02-28T22:35:20+00:00
senado_iniciativas,senado:leg10:exp:610/000162,ds,https://www.senado.es/web/ficopendataservlet?legis=10&tipoFich=12&tipoEx=610&numEx=000162,,1,,404,2026-02-28T22:35:20+00:00
senado_iniciativas,senado:leg10:exp:610/000163,ds,https://www.senado.es/web/ficopendataservlet?legis=10&tipoFich=12&tipoEx=610&numEx=000163,,1,,404,2026-02-28T22:35:20+00:00
senado_iniciativas,senado:leg10:exp:610/000164,ds,https://www.senado.es/web/ficopendataservlet?legis=10&tipoFich=12&tipoEx=610&numEx=000164,,1,,404,2026-02-28T22:35:20+00:00
senado_iniciativas,senado:leg10:exp:610/000165,ds,https://www.senado.es/web/ficopendataservlet?legis=10&tipoFich=12&tipoEx=610&numEx=000165,,1,,404,2026-02-28T22:35:20+00:00
senado_iniciativas,senado:leg10:exp:610/000166,ds,https://www.senado.es/web/ficopendataservlet?legis=10&tipoFich=12&tipoEx=610&numEx=000166,,1,,404,2026-02-28T22:35:20+00:00
senado_iniciativas,senado:leg10:exp:610/000167,ds,https://www.senado.es/web/ficopendataservlet?legis=10&tipoFich=12&tipoEx=610&numEx=000167,,1,,404,2026-02-28T22:35:20+00:00
senado_iniciativas,senado:leg10:exp:610/000168,ds,https://www.senado.es/web/ficopendataservlet?legis=10&tipoFich=12&tipoEx=610&numEx=000168,,1,,404,2026-02-28T22:35:20+00:00
senado_iniciativas,senado:leg10:exp:610/000169,ds,https://www.senado.es/web/ficopendataservlet?legis=10&tipoFich=12&tipoEx=610&numEx=000169,,1,,404,2026-02-28T22:35:20+00:00
senado_iniciativas,senado:leg10:exp:610/000170,ds,https://www.senado.es/web/ficopendataservlet?legis=10&tipoFich=12&tipoEx=610&numEx=000170,,1,,404,2026-02-28T22:35:20+00:00
senado_iniciativas,senado:leg10:exp:610/000171,ds,https://www.senado.es/web/ficopendataservlet?legis=10&tipoFich=12&tipoEx=610&numEx=000171,,1,,404,2026-02-28T22:35:20+00:00
senado_iniciativas,senado:leg10:exp:610/000172,ds,https://www.senado.es/web/ficopendataservlet?legis=10&tipoFich=12&tipoEx=610&numEx=000172,,1,,404,2026-02-28T22:35:20+00:00
senado_iniciativas,senado:leg10:exp:610/000173,ds,https://www.senado.es/web/ficopendataservlet?legis=10&tipoFich=12&tipoEx=610&numEx=000173,,1,,404,2026-02-28T22:35:20+00:00
senado_iniciativas,senado:leg10:exp:610/000174,ds,https://www.senado.es/web/ficopendataservlet?legis=10&tipoFich=12&tipoEx=610&numEx=000174,,1,,404,2026-02-28T22:35:20+00:00
senado_iniciativas,senado:leg10:exp:610/000175,ds,https://www.senado.es/web/ficopendataservlet?legis=10&tipoFich=12&tipoEx=610&numEx=000175,,1,,404,2026-02-28T22:35:20+00:00
senado_iniciativas,senado:leg10:exp:610/000176,ds,https://www.senado.es/web/ficopendataservlet?legis=10&tipoFich=12&tipoEx=610&numEx=000176,,1,,404,2026-02-28T22:35:20+00:00
senado_iniciativas,senado:leg10:exp:610/000177,ds,https://www.senado.es/web/ficopendataservlet?legis=10&tipoFich=12&tipoEx=610&numEx=000177,,1,,404,2026-02-28T22:35:20+00:00
senado_iniciativas,senado:leg10:exp:610/000178,ds,https://www.senado.es/web/ficopendataservlet?legis=10&tipoFich=12&tipoEx=610&numEx=000178,,1,,404,2026-02-28T22:35:20+00:00
senado_iniciativas,senado:leg10:exp:610/000179,ds,https://www.senado.es/web/ficopendataservlet?legis=10&tipoFich=12&tipoEx=610&numEx=000179,,1,,404,2026-02-28T22:35:20+00:00
senado_iniciativas,senado:leg10:exp:610/000180,ds,https://www.senado.es/web/ficopendataservlet?legis=10&tipoFich=12&tipoEx=610&numEx=000180,,1,,404,2026-02-28T22:35:20+00:00
senado_iniciativas,senado:leg10:exp:610/000181,ds,https://www.senado.es/web/ficopendataservlet?legis=10&tipoFich=12&tipoEx=610&numEx=000181,,1,,404,2026-02-28T22:35:20+00:00
senado_iniciativas,senado:leg10:exp:610/000182,ds,https://www.senado.es/web/ficopendataservlet?legis=10&tipoFich=12&tipoEx=610&numEx=000182,,1,,404,2026-02-28T22:35:20+00:00
senado_iniciativas,senado:leg10:exp:610/000183,ds,https://www.senado.es/web/ficopendataservlet?legis=10&tipoFich=12&tipoEx=610&numEx=000183,,1,,404,2026-02-28T22:35:20+00:00
senado_iniciativas,senado:leg10:exp:610/000184,ds,https://www.senado.es/web/ficopendataservlet?legis=10&tipoFich=12&tipoEx=610&numEx=000184,,1,,404,2026-02-28T22:35:20+00:00
senado_iniciativas,senado:leg10:exp:610/000185,ds,https://www.senado.es/web/ficopendataservlet?legis=10&tipoFich=12&tipoEx=610&numEx=000185,,1,,404,2026-02-28T22:35:20+00:00
senado_iniciativas,senado:leg10:exp:620/000005,ds,https://www.senado.es/web/ficopendataservlet?legis=10&tipoFich=12&tipoEx=620&numEx=000005,,1,,404,2026-02-28T22:35:20+00:00
senado_iniciativas,senado:leg10:exp:622/000001,ds,https://www.senado.es/web/ficopendataservlet?legis=10&tipoFich=12&tipoEx=622&numEx=000001,,1,,404,2026-02-28T22:35:20+00:00
senado_iniciativas,senado:leg10:exp:622/000004,ds,https://www.senado.es/web/ficopendataservlet?legis=10&tipoFich=12&tipoEx=622&numEx=000004,,1,,404,2026-02-28T22:35:20+00:00
