amount_cents,amount_decimal,authority,authority_id,award_key,award_ordinal,capture_path,contract_id,currency,decision_date,entry_sha256,entry_updated_at,lot_id,money_fact_id,source_record_id,source_snapshot_date,source_url,supplier,supplier_id,supplier_id_scheme,title,supplier_source_text,authority_source_text
350637,3506.37,Gerencia del Área de Salud de Cáceres,Q0600413I,https://contrataciondelestado.es/sindicacion/licitacionesPerfilContratante/16928661#0,0,evidence/2eb32d533b439978896e77f1f0e83c050e4281a90b1000f96d54c2c02276c238.xml,CSE/05/1125011970/25/EAM,EUR,2025-01-01,2eb32d533b439978896e77f1f0e83c050e4281a90b1000f96d54c2c02276c238,2025-03-17T09:21:32.852+01:00,,contract_award:00000000000000101423,2aef6cb15ddba8160f5ba3d40d72fb3ebf9b8e6a5a9ba5073474c1efe894a111,2025-03-31,https://contrataciondelestado.es/wps/poc?uri=deeplink%3Adetalle_licitacion&idEvl=1wJ9zJCjYDZVYjgxA4nMUw%3D%3D,IDCQ HOSPITALES Y SANIDAD SLU,B87324844,NIF,Contrato basado en el Acuerdo Marco con varias empresas para la realización de procedimientos quirúrgicos (Paracelso) en el ámbito del Servicio Extremeño de Salud (CSE/99/1123009462/23/AM)-Área de Salud de Cáceres. LOTE 6,IDCQ HOSPITALES Y SANIDAD SLU,Gerencia del Área de Salud de Cáceres
78016529,780165.29,Gerencia Sector Sanitario de Teruel,Q5000442C,https://contrataciondelestado.es/sindicacion/licitacionesPerfilContratante/16761055#0,0,evidence/9e2eb49e0016af43c43772fb4d5c5f684ff2ecefd23c13055934c611bba64364.xml,SAS_TE_2025_HCA_12,EUR,2025-01-01,9e2eb49e0016af43c43772fb4d5c5f684ff2ecefd23c13055934c611bba64364,2025-02-24T09:00:00.000+01:00,,contract_award:00000000000000066505,2f9fa004e458d5d425831148ffc867be2e68c322a8ed05ff369b8748de7f9230,2025-03-31,https://contrataciondelestado.es/wps/poc?uri=deeplink%3Adetalle_licitacion&idEvl=ftJ9JK9ADkFVYjgxA4nMUw%3D%3D,"GAS NATURAL COMERCIALIZADORA, S.A",A61797536,NIF,Suministro de gas natural para los centros de Atención Primaria y Especializada del Sector de Teruel,"GAS NATURAL COMERCIALIZADORA, S.A",Gerencia Sector Sanitario de Teruel
100000,1000,"Jefatura de Unidad de Medios Internos -Área de Compras de la Compañía Española de Seguros de Crédito a la Exportación S.A., S.M.E. (CESCE)",A28264034,https://contrataciondelestado.es/sindicacion/licitacionesPerfilContratante/17319288#0,0,evidence/501b085b0b1ab352b8918f3669b7686095ced765f936393fc215822df87fefa8.xml,F03-2025,EUR,2025-01-01,501b085b0b1ab352b8918f3669b7686095ced765f936393fc215822df87fefa8,2025-05-21T13:05:52.008+02:00,,contract_award:00000000000000194118,37205ccfcfc46d4a865b1c5725374ad3dcf0b538bc1b6ca51cf70942c1e2327c,2025-06-30,https://contrataciondelestado.es/wps/poc?uri=deeplink%3Adetalle_licitacion&idEvl=BoYbXtKaEpGsNfRW6APEDw%3D%3D,CAMARA HISPANO PORTUGUESA,G28263275,NIF,Cuota socio Cámara Hispano Portuguesa 2025, CAMARA HISPANO PORTUGUESA,"Jefatura de Unidad de Medios Internos -Área de Compras de la Compañía Española de Seguros de Crédito a la Exportación S.A., S.M.E. (CESCE)"
807896,8078.96,"Consejo de Administración de Personas y Ciudad, S.A Unipersonal",A53531323,https://contrataciondelestado.es/sindicacion/licitacionesPerfilContratante/17061002#0,0,evidence/5b93d80987a21c7a2c71abd74d8d77bbe73f6f550ab28f244191b21a2f179416.xml,T1_2025_MARZO_LIMPIEZA,EUR,2025-01-01,5b93d80987a21c7a2c71abd74d8d77bbe73f6f550ab28f244191b21a2f179416,2025-04-04T12:55:21.390+02:00,,contract_award:00000000000000130622,4852280c122701fb61368ff252e76a8619a63a9b02d4d14545a9dad1cce16f1c,2025-06-30,https://contrataciondelestado.es/wps/poc?uri=deeplink%3Adetalle_licitacion&idEvl=%2Bm%2FsG03x%2Bw%2BFlFRHfEzEaw%3D%3D,"MUÑOZ BOSCH,S.L.U",B97828446,NIF,Suministro de material de limpieza derivado del contrato marco 3_2023.,"MUÑOZ BOSCH,S.L.U","Consejo de Administración de Personas y Ciudad, S.A Unipersonal"
22126260,221262.6,Gerencia del Área de Salud de Cáceres,Q0600413I,https://contrataciondelestado.es/sindicacion/licitacionesPerfilContratante/16761057#0,0,evidence/29ab3cd96ff317b2b6e94a59ab951b6d956513e37bcd8ac20da19388ab8539c8.xml,CSE/05/1125000662/25/EAM. LOTE 2,EUR,2025-01-01,29ab3cd96ff317b2b6e94a59ab951b6d956513e37bcd8ac20da19388ab8539c8,2025-02-24T09:00:00.000+01:00,,contract_award:00000000000000066506,cfc45d40605dc7cc36f5372559366145305b2d60ffa1b689cc41d01c4e65161c,2025-03-31,https://contrataciondelestado.es/wps/poc?uri=deeplink%3Adetalle_licitacion&idEvl=IMR4yRdBCq43vLk2DU2Ddg%3D%3D,"SOCIEDAD ESTATAL CORREOS Y TELEGRAFOS, S.A. S.M.E.",A83052407,NIF,"Contrato basado en el acuerdo marco para la prestación de servicios postales en la Junta de Extremadura, sus organismos autónomos y otros entes adheridos. Lotes 1 y 2. (expediente: PRAM/2024/0000042130) para el Área de Salud de Cáceres. Lote 2","SOCIEDAD ESTATAL CORREOS Y TELEGRAFOS,  S.A. S.M.E. ",Gerencia del Área de Salud de Cáceres
85082645,850826.45,Gerencia Sector Sanitario de Teruel,Q5000442C,https://contrataciondelestado.es/sindicacion/licitacionesPerfilContratante/16722458#0,0,evidence/c237b262a00ecb583b4a3030d4435b700d7f5d80065d7e9aadeee465bf17de88.xml,SAS_TE_2025_HCA_4,EUR,2025-01-01,c237b262a00ecb583b4a3030d4435b700d7f5d80065d7e9aadeee465bf17de88,2025-02-19T10:07:48.874+01:00,,contract_award:00000000000000063890,dfcac8e4300abcb93481e41d7a287555ba9da5c60271e125743fa8354e8e2d4b,2025-03-31,https://contrataciondelestado.es/wps/poc?uri=deeplink%3Adetalle_licitacion&idEvl=XneYqkMbFtHpxJFXpLZ%2B2A%3D%3D,"ENDESA ENERGÍA, S.A.U.",A81948077,NIF,Suministro de electricidad para los centros de atención especializada y atención primaria del sector de Teruel,"ENDESA ENERGÍA, S.A.U.",Gerencia Sector Sanitario de Teruel
1709094,17090.94,Gerencia del Área de Salud de Cáceres,Q0600413I,https://contrataciondelestado.es/sindicacion/licitacionesPerfilContratante/16743217#0,0,evidence/4f201e0eac395b2bc29238aa0ed03a2f729ae4fb07d4efd76149cc2b6ee495b0.xml,CSE/05/1125000662/25/EAM. LOTE 1,EUR,2025-01-01,4f201e0eac395b2bc29238aa0ed03a2f729ae4fb07d4efd76149cc2b6ee495b0,2025-02-21T13:57:38.452+01:00,,contract_award:00000000000000068162,e55aa304b51ee280567028fbe92a1065e687e6bcbeb3423a11cbb071c40f9b60,2025-03-31,https://contrataciondelestado.es/wps/poc?uri=deeplink%3Adetalle_licitacion&idEvl=aDo2hxwxoqM2wEhQbcAqug%3D%3D,"SOCIEDAD ESTATAL CORREOS Y TELEGRAFOS, S.A. S.M.E.",A83052407,NIF,"Contrato basado en el acuerdo marco para la prestación de servicios postales en la junta de Extremadura, sus organismos autónomos y otros entes adheridos. Lotes 1 y 2 (expediente: PRAM/24/0000042130) para el Área de Salud de Cáceres. Lote 1","SOCIEDAD ESTATAL CORREOS Y TELEGRAFOS,  S.A. S.M.E. ",Gerencia del Área de Salud de Cáceres
6611570,66115.7,Gerencia Sector Sanitario de Teruel,Q5000442C,https://contrataciondelestado.es/sindicacion/licitacionesPerfilContratante/16761185#0,0,evidence/d8d2b47889c99227fd5cb5ba4e98f90d63358f3aff71951d2ff036ff11f00085.xml,SAS_TE_2025_HCA_7,EUR,2025-01-01,d8d2b47889c99227fd5cb5ba4e98f90d63358f3aff71951d2ff036ff11f00085,2025-02-20T12:11:47.767+01:00,,contract_award:00000000000000070745,ff2581c432d337d8855068ce71a0db656370e546b292a0df41c238e12d01da2f,2025-03-31,https://contrataciondelestado.es/wps/poc?uri=deeplink%3Adetalle_licitacion&idEvl=DVfnnIcV7dlWhbmkna2nXQ%3D%3D,"REPSOL COMERCIAL DE PRODUCTOS PETROLÍFEROS, S.A",A80298839,NIF,"Suministro de Gasóleo calefacción (C) para los Centros de Salud de Albarracín, Alfambra, Aliaga, Calamocha, Mosqueruela, Santa Eulalia y Villel","REPSOL COMERCIAL DE PRODUCTOS PETROLÍFEROS, S.A",Gerencia Sector Sanitario de Teruel
4158549,41585.49,Servicio Cántabro de Salud,Q3900738J,https://contrataciondelestado.es/sindicacion/licitacionesPerfilContratante/16416303#0,0,evidence/6d25b54cd28a5ecb022543181183ad0c4be4644abcb0a045144e9162e80dcc54.xml,CB HL AM 2021/110 1P 2 lote 1,EUR,2025-01-02,6d25b54cd28a5ecb022543181183ad0c4be4644abcb0a045144e9162e80dcc54,2025-01-03T09:23:43.627+01:00,,contract_award:00000000000000002764,09349c3825c3f371104adfe2d4a5e8c70f6ae73b3ff2e3c5979f527d93703a01,2025-03-31,https://contrataciondelestado.es/wps/poc?uri=deeplink%3Adetalle_licitacion&idEvl=nT3N8OAeihq7JOCXkOhcDg%3D%3D,GILEAD SCIENCES S.L.,B80754799,NIF,"Contrato basado en el Acuerdo Marco SCS 2021/110 (lote 1), para el suministro de medicamentos antivirales exclusivos en el Hospital Comarcal de Laredo.",GILEAD SCIENCES S.L.,Servicio Cántabro de Salud
3172500,31725,"Consejo de Administración de Promociones e Iniciativas Municipales de Elche, S.A. (PIMESA)",A03475001,https://contrataciondelestado.es/sindicacion/licitacionesPerfilContratante/16921188#0,0,evidence/c0d195fb630211f3d59ca0da3233ffe9385774bb8d1df48e97cbbe35f3f0295a.xml,2023/CSD/191,EUR,2025-01-02,c0d195fb630211f3d59ca0da3233ffe9385774bb8d1df48e97cbbe35f3f0295a,2025-03-12T17:38:00.658+01:00,1,contract_award:00000000000000100221,0c2fd5c708b693a24eee30c5b14d2f24d36b6a2a0562894bdf6ee1fcd9f320ce,2025-03-31,https://contrataciondelestado.es/wps/poc?uri=deeplink%3Adetalle_licitacion&idEvl=p3L2UcfSJp0wYTJJ03sHog%3D%3D,"Repsol Comercial de Productos Petrolíferos, S.A.",A80298839,NIF,"Suministro de combustible de automoción, Gasolina 95 Sin Plomo, para su venta en la Estación de Servicio, ubicada en la Estación de Autobuses de Elche gestionada por PIMESA.","Repsol Comercial de Productos Petrolíferos, S.A.","Consejo de Administración de Promociones e Iniciativas Municipales de Elche, S.A. (PIMESA)"
17350560,173505.6,"Dirección General de Renfe Viajeros Sociedad Mercantil Estatal, S.A.",A86868189,https://contrataciondelestado.es/sindicacion/licitacionesPerfilContratante/16152075#0,0,evidence/63ae0054872aecad017250ae83fe2dc734d834099ea9366eb934831812516060.xml,2024-05191,EUR,2025-01-02,63ae0054872aecad017250ae83fe2dc734d834099ea9366eb934831812516060,2025-01-13T13:02:05.493+01:00,,contract_award:00000000000000011862,1dcc3146cf292caf736ffd754e0e3731401989bcc225d64b7b224162327003b6,2025-03-31,https://contrataciondelestado.es/wps/poc?uri=deeplink%3Adetalle_licitacion&idEvl=mhcJe5wFykyHCIsjvJ3rhQ%3D%3D,COLECTIVO TAXIS GRANOLLER S.C.C.L.,F64008089,NIF,Servicio de desplazamiento de granollers centre a barcelona y otros destinos,COLECTIVO TAXIS GRANOLLER S.C.C.L.,"Dirección General de Renfe Viajeros Sociedad Mercantil Estatal, S.A."
444510,4445.1,Gerencia de MAZ Mútua de Accidentes de Trabajo y Enfermedades Profesionales de la Seguridad Social nº 11,G50005321,https://contrataciondelestado.es/sindicacion/licitacionesPerfilContratante/15762449#3,3,evidence/b69da7ebb20f99805f8402405b494eb9cfd335db0cead59bd75cd58275824a65.xml,2024/A/ASC/0670,EUR,2025-01-02,b69da7ebb20f99805f8402405b494eb9cfd335db0cead59bd75cd58275824a65,2025-02-24T09:00:00.000+01:00,11,contract_award:00000000000000066399,20cb49dcc10bb87804ca8f013f34614a6033fe7bca3eac33cbdbd40c04ce57c7,2025-03-31,https://contrataciondelestado.es/wps/poc?uri=deeplink%3Adetalle_licitacion&idEvl=mnwkWqMfXyh%2FR5QFTlaM4A%3D%3D,RUBEN GIL GARCIA ROJO,***8211**,NIF,Servicio de transporte para traslado de mutualistas beneficiarios de asistencia sanitaria no urgente de MAZ M.C.S.S. Nº 11 para las provincias de Zaragoza y Teruel a través de vehículo convencional no sanitario.,RUBEN GIL GARCIA ROJO,Gerencia de MAZ Mútua de Accidentes de Trabajo y Enfermedades Profesionales de la Seguridad Social nº 11
180138,1801.38,Gerencia de MAZ Mútua de Accidentes de Trabajo y Enfermedades Profesionales de la Seguridad Social nº 11,G50005321,https://contrataciondelestado.es/sindicacion/licitacionesPerfilContratante/15762449#5,5,evidence/b69da7ebb20f99805f8402405b494eb9cfd335db0cead59bd75cd58275824a65.xml,2024/A/ASC/0670,EUR,2025-01-02,b69da7ebb20f99805f8402405b494eb9cfd335db0cead59bd75cd58275824a65,2025-02-24T09:00:00.000+01:00,12,contract_award:00000000000000066401,20cb49dcc10bb87804ca8f013f34614a6033fe7bca3eac33cbdbd40c04ce57c7,2025-03-31,https://contrataciondelestado.es/wps/poc?uri=deeplink%3Adetalle_licitacion&idEvl=mnwkWqMfXyh%2FR5QFTlaM4A%3D%3D,AUTOTAXILOLY,***5429**,NIF,Servicio de transporte para traslado de mutualistas beneficiarios de asistencia sanitaria no urgente de MAZ M.C.S.S. Nº 11 para las provincias de Zaragoza y Teruel a través de vehículo convencional no sanitario.,AUTOTAXILOLY,Gerencia de MAZ Mútua de Accidentes de Trabajo y Enfermedades Profesionales de la Seguridad Social nº 11
131664,1316.64,Gerencia de MAZ Mútua de Accidentes de Trabajo y Enfermedades Profesionales de la Seguridad Social nº 11,G50005321,https://contrataciondelestado.es/sindicacion/licitacionesPerfilContratante/15762449#6,6,evidence/b69da7ebb20f99805f8402405b494eb9cfd335db0cead59bd75cd58275824a65.xml,2024/A/ASC/0670,EUR,2025-01-02,b69da7ebb20f99805f8402405b494eb9cfd335db0cead59bd75cd58275824a65,2025-02-24T09:00:00.000+01:00,13,contract_award:00000000000000066402,20cb49dcc10bb87804ca8f013f34614a6033fe7bca3eac33cbdbd40c04ce57c7,2025-03-31,https://contrataciondelestado.es/wps/poc?uri=deeplink%3Adetalle_licitacion&idEvl=mnwkWqMfXyh%2FR5QFTlaM4A%3D%3D,AUTOTAXILOLY,***5429**,NIF,Servicio de transporte para traslado de mutualistas beneficiarios de asistencia sanitaria no urgente de MAZ M.C.S.S. Nº 11 para las provincias de Zaragoza y Teruel a través de vehículo convencional no sanitario.,AUTOTAXILOLY,Gerencia de MAZ Mútua de Accidentes de Trabajo y Enfermedades Profesionales de la Seguridad Social nº 11
1036420,10364.2,Gerencia de MAZ Mútua de Accidentes de Trabajo y Enfermedades Profesionales de la Seguridad Social nº 11,G50005321,https://contrataciondelestado.es/sindicacion/licitacionesPerfilContratante/15762449#13,13,evidence/b69da7ebb20f99805f8402405b494eb9cfd335db0cead59bd75cd58275824a65.xml,2024/A/ASC/0670,EUR,2025-01-02,b69da7ebb20f99805f8402405b494eb9cfd335db0cead59bd75cd58275824a65,2025-02-24T09:00:00.000+01:00,16,contract_award:00000000000000066409,20cb49dcc10bb87804ca8f013f34614a6033fe7bca3eac33cbdbd40c04ce57c7,2025-03-31,https://contrataciondelestado.es/wps/poc?uri=deeplink%3Adetalle_licitacion&idEvl=mnwkWqMfXyh%2FR5QFTlaM4A%3D%3D,RUBEN GIL GARCIA ROJO,***8211**,NIF,Servicio de transporte para traslado de mutualistas beneficiarios de asistencia sanitaria no urgente de MAZ M.C.S.S. Nº 11 para las provincias de Zaragoza y Teruel a través de vehículo convencional no sanitario.,RUBEN GIL GARCIA ROJO,Gerencia de MAZ Mútua de Accidentes de Trabajo y Enfermedades Profesionales de la Seguridad Social nº 11
641700,6417,Gerencia de MAZ Mútua de Accidentes de Trabajo y Enfermedades Profesionales de la Seguridad Social nº 11,G50005321,https://contrataciondelestado.es/sindicacion/licitacionesPerfilContratante/15762449#20,20,evidence/b69da7ebb20f99805f8402405b494eb9cfd335db0cead59bd75cd58275824a65.xml,2024/A/ASC/0670,EUR,2025-01-02,b69da7ebb20f99805f8402405b494eb9cfd335db0cead59bd75cd58275824a65,2025-02-24T09:00:00.000+01:00,20,contract_award:00000000000000066416,20cb49dcc10bb87804ca8f013f34614a6033fe7bca3eac33cbdbd40c04ce57c7,2025-03-31,https://contrataciondelestado.es/wps/poc?uri=deeplink%3Adetalle_licitacion&idEvl=mnwkWqMfXyh%2FR5QFTlaM4A%3D%3D,RUBEN GIL GARCIA ROJO,***8211**,NIF,Servicio de transporte para traslado de mutualistas beneficiarios de asistencia sanitaria no urgente de MAZ M.C.S.S. Nº 11 para las provincias de Zaragoza y Teruel a través de vehículo convencional no sanitario.,RUBEN GIL GARCIA ROJO,Gerencia de MAZ Mútua de Accidentes de Trabajo y Enfermedades Profesionales de la Seguridad Social nº 11
1736174,17361.74,Gerencia de MAZ Mútua de Accidentes de Trabajo y Enfermedades Profesionales de la Seguridad Social nº 11,G50005321,https://contrataciondelestado.es/sindicacion/licitacionesPerfilContratante/15762449#27,27,evidence/b69da7ebb20f99805f8402405b494eb9cfd335db0cead59bd75cd58275824a65.xml,2024/A/ASC/0670,EUR,2025-01-02,b69da7ebb20f99805f8402405b494eb9cfd335db0cead59bd75cd58275824a65,2025-02-24T09:00:00.000+01:00,26,contract_award:00000000000000066423,20cb49dcc10bb87804ca8f013f34614a6033fe7bca3eac33cbdbd40c04ce57c7,2025-03-31,https://contrataciondelestado.es/wps/poc?uri=deeplink%3Adetalle_licitacion&idEvl=mnwkWqMfXyh%2FR5QFTlaM4A%3D%3D,JAVIER ALPEÑES LUCAS,***5288**,NIF,Servicio de transporte para traslado de mutualistas beneficiarios de asistencia sanitaria no urgente de MAZ M.C.S.S. Nº 11 para las provincias de Zaragoza y Teruel a través de vehículo convencional no sanitario.,JAVIER ALPEÑES LUCAS,Gerencia de MAZ Mútua de Accidentes de Trabajo y Enfermedades Profesionales de la Seguridad Social nº 11
2049998,20499.98,Gerencia de MAZ Mútua de Accidentes de Trabajo y Enfermedades Profesionales de la Seguridad Social nº 11,G50005321,https://contrataciondelestado.es/sindicacion/licitacionesPerfilContratante/15762449#32,32,evidence/b69da7ebb20f99805f8402405b494eb9cfd335db0cead59bd75cd58275824a65.xml,2024/A/ASC/0670,EUR,2025-01-02,b69da7ebb20f99805f8402405b494eb9cfd335db0cead59bd75cd58275824a65,2025-02-24T09:00:00.000+01:00,5,contract_award:00000000000000066428,20cb49dcc10bb87804ca8f013f34614a6033fe7bca3eac33cbdbd40c04ce57c7,2025-03-31,https://contrataciondelestado.es/wps/poc?uri=deeplink%3Adetalle_licitacion&idEvl=mnwkWqMfXyh%2FR5QFTlaM4A%3D%3D,ESTEBAN GERICO TRINIDAD,***4294**,NIF,Servicio de transporte para traslado de mutualistas beneficiarios de asistencia sanitaria no urgente de MAZ M.C.S.S. Nº 11 para las provincias de Zaragoza y Teruel a través de vehículo convencional no sanitario.,ESTEBAN GERICO TRINIDAD,Gerencia de MAZ Mútua de Accidentes de Trabajo y Enfermedades Profesionales de la Seguridad Social nº 11
5951048,59510.48,"Dirección General de Renfe Viajeros Sociedad Mercantil Estatal, S.A.",A86868189,https://contrataciondelestado.es/sindicacion/licitacionesPerfilContratante/16141789#0,0,evidence/4ff28f69c064b5109a2bc3c033b5a45c7978fb721fe1827e267eee992ae1c7d4.xml,2024-04915,EUR,2025-01-02,4ff28f69c064b5109a2bc3c033b5a45c7978fb721fe1827e267eee992ae1c7d4,2025-01-13T13:27:58.159+01:00,,contract_award:00000000000000011591,371566112136652b9009e30411b8c5a44afefa451cf8ddde8ccbc77df541f9cf,2025-03-31,https://contrataciondelestado.es/wps/poc?uri=deeplink%3Adetalle_licitacion&idEvl=tWNnUZAKpRaGCFcHcNGIlQ%3D%3D,ASSOCIACIÓ LO TEU TAXI,G25755729,NIF,Servicio desplazamiento personal operativo entre las estaciones de lleida pirineus-binefar y viceversa,ASSOCIACIÓ LO TEU TAXI,"Dirección General de Renfe Viajeros Sociedad Mercantil Estatal, S.A."
517000,5170,Servicio Cántabro de Salud,Q3900738J,https://contrataciondelestado.es/sindicacion/licitacionesPerfilContratante/16416142#0,0,evidence/51b76a2d9cf4b0ca369641a57c277d8acbeb1a9bad58b6a7d1627834d581d320.xml,CB HL AM 2021/86 2 lote 1,EUR,2025-01-02,51b76a2d9cf4b0ca369641a57c277d8acbeb1a9bad58b6a7d1627834d581d320,2025-01-03T12:46:18.636+01:00,,contract_award:00000000000000002238,3c1c82ea95d7ec1d7ab626303ae99eb43366d4fd076d50613595f565aa3f1a6c,2025-03-31,https://contrataciondelestado.es/wps/poc?uri=deeplink%3Adetalle_licitacion&idEvl=5jf1ICNAgUA%2B1TMyIiZmzw%3D%3D,"Labiana Pharmaceuticals,S.L.U.",B63014856,NIF,"Contrato basado en Acuerdo Marco 2021/86, para el suministro de tiras reactivas de uso profesional y lancetas de uso profesional para la determinación de glucosa en sangre capilar con destino al Hospital de Laredo (lote 1)","Labiana Pharmaceuticals,S.L.U.",Servicio Cántabro de Salud
2000000,20000,Junta de Gobierno del Ayuntamiento de Torredelcampo,P2308600B,https://contrataciondelestado.es/sindicacion/licitacionesPerfilContratante/16246057#0,0,evidence/da8d4bee05d4af8652eeac0c59457a00ef339be4a225c0cd09a8cc40afdd33c4.xml,4354/2024,EUR,2025-01-02,da8d4bee05d4af8652eeac0c59457a00ef339be4a225c0cd09a8cc40afdd33c4,2025-01-07T09:30:33.954+01:00,,contract_award:00000000000000005288,4017562bd0ff6f620394b661e04cd651f618ebb8afd194fd364817b0187f8bb4,2025-03-31,https://contrataciondelestado.es/wps/poc?uri=deeplink%3Adetalle_licitacion&idEvl=5NBfofJ2VscIYE3ZiZ%2BxmQ%3D%3D,IÑAKI BECERRA SL,B20591798,NIF,"Arrendamiento de 4 carrozas, 4 plataformas e iluminación para la Cabalgata de Reyes Magos 2025",IÑAKI BECERRA SL,Junta de Gobierno del Ayuntamiento de Torredelcampo
14700,147,Gerencia de la Empresa Municipal Autobuses de Córdoba S.A. (AUCORSA),A14007074,https://contrataciondelestado.es/sindicacion/licitacionesPerfilContratante/16761867#0,0,evidence/b727066ce2a35dcd751be793c0efb8aed14ed56325b1f91986ba0c94b73ae476.xml,Compra derivada SDA 02/2023-1343,EUR,2025-01-02,b727066ce2a35dcd751be793c0efb8aed14ed56325b1f91986ba0c94b73ae476,2025-02-24T16:11:38.569+01:00,1,contract_award:00000000000000072998,4d5de6737854742af4a9f82b29685ac3ee1ee8d533ac6e1a6e2b4304fa928e7a,2025-03-31,https://contrataciondelestado.es/wps/poc?uri=deeplink%3Adetalle_licitacion&idEvl=R1WF34d6i9YS7pcxhTeWOg%3D%3D,"Grupo Peña Automoción, S.L.U.",B14651046,NIF,"Suministro de 1 Válvula moduladora (original o equivalente con homologación), juegos pastillas frenos y válvula escape","Grupo Peña Automoción, S.L.U.",Gerencia de la Empresa Municipal Autobuses de Córdoba S.A. (AUCORSA)
3816,38.16,Gerencia de la Empresa Municipal Autobuses de Córdoba S.A. (AUCORSA),A14007074,https://contrataciondelestado.es/sindicacion/licitacionesPerfilContratante/16761867#1,1,evidence/b727066ce2a35dcd751be793c0efb8aed14ed56325b1f91986ba0c94b73ae476.xml,Compra derivada SDA 02/2023-1343,EUR,2025-01-02,b727066ce2a35dcd751be793c0efb8aed14ed56325b1f91986ba0c94b73ae476,2025-02-24T16:11:38.569+01:00,1,contract_award:00000000000000072999,4d5de6737854742af4a9f82b29685ac3ee1ee8d533ac6e1a6e2b4304fa928e7a,2025-03-31,https://contrataciondelestado.es/wps/poc?uri=deeplink%3Adetalle_licitacion&idEvl=R1WF34d6i9YS7pcxhTeWOg%3D%3D,EURORECAMBIOS DEL CAMION,B90025560,NIF,"Suministro de 1 Válvula moduladora (original o equivalente con homologación), juegos pastillas frenos y válvula escape",EURORECAMBIOS DEL CAMION,Gerencia de la Empresa Municipal Autobuses de Córdoba S.A. (AUCORSA)
74000,740,Gerencia de la Empresa Municipal Autobuses de Córdoba S.A. (AUCORSA),A14007074,https://contrataciondelestado.es/sindicacion/licitacionesPerfilContratante/16761867#2,2,evidence/b727066ce2a35dcd751be793c0efb8aed14ed56325b1f91986ba0c94b73ae476.xml,Compra derivada SDA 02/2023-1343,EUR,2025-01-02,b727066ce2a35dcd751be793c0efb8aed14ed56325b1f91986ba0c94b73ae476,2025-02-24T16:11:38.569+01:00,1,contract_award:00000000000000073000,4d5de6737854742af4a9f82b29685ac3ee1ee8d533ac6e1a6e2b4304fa928e7a,2025-03-31,https://contrataciondelestado.es/wps/poc?uri=deeplink%3Adetalle_licitacion&idEvl=R1WF34d6i9YS7pcxhTeWOg%3D%3D,"CBM IBÉRICA, S.L.",B85631083,NIF,"Suministro de 1 Válvula moduladora (original o equivalente con homologación), juegos pastillas frenos y válvula escape","CBM IBÉRICA, S.L.",Gerencia de la Empresa Municipal Autobuses de Córdoba S.A. (AUCORSA)
21592002,215920.02,Alcaldia del Ayuntamiento de Cheste,P4611100A,https://contrataciondelestado.es/sindicacion/licitacionesPerfilContratante/16127116#0,0,evidence/7bb68292ee9f52c17782ff8fa5eca8d22c7e4d154837d5be698b908d7cd291ac.xml,6786/2024,EUR,2025-01-02,7bb68292ee9f52c17782ff8fa5eca8d22c7e4d154837d5be698b908d7cd291ac,2025-01-03T09:08:41.273+01:00,,contract_award:00000000000000002816,4e24cd074ee3852447057102931bfe8d928dd300265997209b7c024add6229b7,2025-03-31,https://contrataciondelestado.es/wps/poc?uri=deeplink%3Adetalle_licitacion&idEvl=sq7lFbFrOEFVYjgxA4nMUw%3D%3D,AUCA PROJECTES EDUCATIUS SL,B53741815,NIF,Servicios de enseñanza para adultos y otros Formación Adultos,AUCA PROJECTES EDUCATIUS SL,Alcaldia del Ayuntamiento de Cheste
1726664,17266.64,Servicio Cántabro de Salud,Q3900738J,https://contrataciondelestado.es/sindicacion/licitacionesPerfilContratante/16416238#0,0,evidence/5370428f2196d42e10503c7aeaa2550b12c40fb5057ae971dfc7634758577be7.xml,CB HL AM 2021/110 1P 2 lote 4,EUR,2025-01-02,5370428f2196d42e10503c7aeaa2550b12c40fb5057ae971dfc7634758577be7,2025-01-03T10:25:23.598+01:00,,contract_award:00000000000000002457,55004adfe003a8240414c6e5487f5cecb7efea6b3d4e4cd0af54fe58fb141813,2025-03-31,https://contrataciondelestado.es/wps/poc?uri=deeplink%3Adetalle_licitacion&idEvl=%2FvJEAnFXUwBJ8Trn0ZPzLw%3D%3D,GILEAD SCIENCES S.L.,B80754799,NIF,"Contrato basado en el Acuerdo Marco SCS 2021/110 (lote 4), para el suministro de medicamentos antivirales exclusivos en el Hospital Comarcal de Laredo.",GILEAD SCIENCES S.L.,Servicio Cántabro de Salud
19956441,199564.41,"Dirección General de Renfe Ingeniería y Mantenimiento Sociedad Mercantil Estatal, S.A.",A86868239,https://contrataciondelestado.es/sindicacion/licitacionesPerfilContratante/16436570#0,0,evidence/98fbd56c1f38a4daef76716f8e29f3a59a12bddf9939355ce9fe45d2f8ec41bb.xml,2024-02809,EUR,2025-01-02,98fbd56c1f38a4daef76716f8e29f3a59a12bddf9939355ce9fe45d2f8ec41bb,2025-01-09T10:52:49.339+01:00,,contract_award:00000000000000006101,558dc2870217a5002181aa80b717bcc3cd1a38c621b86defeb2702cf1f90fba8,2025-03-31,https://contrataciondelestado.es/wps/poc?uri=deeplink%3Adetalle_licitacion&idEvl=kiaSQFIfPHyOUi78BmzhOQ%3D%3D,KNORR BREMSE ESPAÑA S.A.,A28125078,NIF,Suministro de materiales con referencia sistemáticos y estratégicos 2024-06,KNORR BREMSE ESPAÑA S.A.,"Dirección General de Renfe Ingeniería y Mantenimiento Sociedad Mercantil Estatal, S.A."
2000667,20006.67,Alcaldía del Ayuntamiento de Tuineje,P3503000F,https://contrataciondelestado.es/sindicacion/licitacionesPerfilContratante/16523182#0,0,evidence/8dd1379c0bd14bb571b0fad920e826ba327981ad00a714a6dde128f4852266a6.xml,4855/2024,EUR,2025-01-02,8dd1379c0bd14bb571b0fad920e826ba327981ad00a714a6dde128f4852266a6,2025-01-21T13:09:49.166+01:00,,contract_award:00000000000000025123,5de3183df4845d223c56c1aadfb497f53ec15fae91f3525b71c9d50e2aad3d21,2025-03-31,https://contrataciondelestado.es/wps/poc?uri=deeplink%3Adetalle_licitacion&idEvl=9yPuKQgj50AeC9GJQOEBkQ%3D%3D,"OCCIDENT GCO, SOCIEDAD ANÓNIMA DE SEGUROS Y REASEGUROS",A28119220,NIF,"Seguro de flotas de vehículos para entidades locales y entes dependientes (lote 11),","OCCIDENT GCO, SOCIEDAD ANÓNIMA DE SEGUROS Y REASEGUROS",Alcaldía del Ayuntamiento de Tuineje
15780000,157800,Concejalía de Hacienda del Ayuntamiento de Benalmádena,P2902500D,https://contrataciondelestado.es/sindicacion/licitacionesPerfilContratante/15724446#0,0,evidence/473f1a99260c350a271831bfe89e6395ad5638af5191ff7879950dcf0506eb68.xml,2024/21178H,EUR,2025-01-02,473f1a99260c350a271831bfe89e6395ad5638af5191ff7879950dcf0506eb68,2025-01-13T09:16:40.140+01:00,1,contract_award:00000000000000008665,65b995d764ca6d6c24b6fa38edf4741fe7b2ae068d543c9b4f45f33b74468b39,2025-03-31,https://contrataciondelestado.es/wps/poc?uri=deeplink%3Adetalle_licitacion&idEvl=mROHdM1%2BjxUzjChw4z%2FXvw%3D%3D,METALURGICA ANDALUZA DE MAQUINARIA DE OBRAS PUBLICAS S.L.U.,B18518928,NIF,Adquisición por lotes de: Tres furgonetas eléctricas cerradas dotadas con equipo de presión eléctrico y un vehículo pik-up motor diésel con plataforma elevadora.,METALURGICA ANDALUZA DE MAQUINARIA DE OBRAS PUBLICAS S.L.U.,Concejalía de Hacienda del Ayuntamiento de Benalmádena
6948000,69480,Concejalía de Hacienda del Ayuntamiento de Benalmádena,P2902500D,https://contrataciondelestado.es/sindicacion/licitacionesPerfilContratante/15724446#1,1,evidence/473f1a99260c350a271831bfe89e6395ad5638af5191ff7879950dcf0506eb68.xml,2024/21178H,EUR,2025-01-02,473f1a99260c350a271831bfe89e6395ad5638af5191ff7879950dcf0506eb68,2025-01-13T09:16:40.140+01:00,2,contract_award:00000000000000008666,65b995d764ca6d6c24b6fa38edf4741fe7b2ae068d543c9b4f45f33b74468b39,2025-03-31,https://contrataciondelestado.es/wps/poc?uri=deeplink%3Adetalle_licitacion&idEvl=mROHdM1%2BjxUzjChw4z%2FXvw%3D%3D,"BILBOTRUCK, S.L",B95734018,NIF,Adquisición por lotes de: Tres furgonetas eléctricas cerradas dotadas con equipo de presión eléctrico y un vehículo pik-up motor diésel con plataforma elevadora.,"BILBOTRUCK, S.L",Concejalía de Hacienda del Ayuntamiento de Benalmádena
1177,11.77,Gerencia de la Empresa Municipal Autobuses de Córdoba S.A. (AUCORSA),A14007074,https://contrataciondelestado.es/sindicacion/licitacionesPerfilContratante/16761789#0,0,evidence/59265e69ca97aeb6b451b8d28838fcc49c82eaa743b2707199572074e9b39377.xml,Compra Derivada SDA 02/2023-1355,EUR,2025-01-02,59265e69ca97aeb6b451b8d28838fcc49c82eaa743b2707199572074e9b39377,2025-02-25T08:12:21.665+01:00,1,contract_award:00000000000000072743,6abc519ae8ce182f66d03a7c03a48fe76f209f7c3b023b76c9d2d0008f74d555,2025-03-31,https://contrataciondelestado.es/wps/poc?uri=deeplink%3Adetalle_licitacion&idEvl=1pHsaJpo2uji0Kd8%2Brcp6w%3D%3D,"Codisa Turismos, S.A.",A14081095,NIF,Suministro juego juntas servodirección eje salida biela mando CITARO,"Codisa Turismos, S.A.",Gerencia de la Empresa Municipal Autobuses de Córdoba S.A. (AUCORSA)
91500,915,Gerencia de la Empresa Municipal Autobuses de Córdoba S.A. (AUCORSA),A14007074,https://contrataciondelestado.es/sindicacion/licitacionesPerfilContratante/16447553#0,0,evidence/172899081f99d6140aee54d02540a5fa5a06d7dec5a2435e08b6ac50a908a171.xml,Compra derivada SDA 01/2023 - 13,EUR,2025-01-02,172899081f99d6140aee54d02540a5fa5a06d7dec5a2435e08b6ac50a908a171,2025-01-13T11:49:17.735+01:00,1,contract_award:00000000000000012284,6bc94ae78d01658fe4c2be5654d6e792661c40581da02c47d6368709d2d86b23,2025-03-31,https://contrataciondelestado.es/wps/poc?uri=deeplink%3Adetalle_licitacion&idEvl=eIW3B%2FZmXd7I8aL3PRS10Q%3D%3D,"DISPROIN LEVANTE, S.L.",B46589420,NIF,Suministro 25 licencias de suscripción anual para la renovación del producto Microsoft Exchange Online (Plan 1),"DISPROIN LEVANTE, S.L.",Gerencia de la Empresa Municipal Autobuses de Córdoba S.A. (AUCORSA)
2357289,23572.89,Pleno del Consorcio de la Zona Franca de Sevilla,Q4100851G,https://contrataciondelestado.es/sindicacion/licitacionesPerfilContratante/16505394#0,0,evidence/b08a35ffde91e3be1fec276f3a9bc082ca7ea4a2c5731d5e9f9f0144b064069b.xml,ZFSvq. 24/2024,EUR,2025-01-02,b08a35ffde91e3be1fec276f3a9bc082ca7ea4a2c5731d5e9f9f0144b064069b,2025-01-20T16:58:49.770+01:00,,contract_award:00000000000000021345,6c1f6ae0c716fd078e9083ae1445aae284b138e2d64b3febc749688f7231a4dc,2025-03-31,https://contrataciondelestado.es/wps/poc?uri=deeplink%3Adetalle_licitacion&idEvl=QfjxBEuSs4ktm4eBPtV6eQ%3D%3D,ELECNOR SERVICIOS Y PROYECTOS S.A.U.,A79486833,NIF,reparación luminarias,ELECNOR SERVICIOS Y PROYECTOS S.A.U.,Pleno del Consorcio de la Zona Franca de Sevilla
7822170,78221.7,"Dirección General de Renfe Ingeniería y Mantenimiento Sociedad Mercantil Estatal, S.A.",A86868239,https://contrataciondelestado.es/sindicacion/licitacionesPerfilContratante/16481768#0,0,evidence/82a4c0cd127e5e2f64b00cdd29de1486796796b68d1d8e08d8b2169e9ae719ef.xml,2024-04320,EUR,2025-01-02,82a4c0cd127e5e2f64b00cdd29de1486796796b68d1d8e08d8b2169e9ae719ef,2025-01-16T11:06:56.635+01:00,,contract_award:00000000000000018541,6ee2ebbb415ec6ae42ada57450c817f4af6c9ea47af447c65e5ab1b3f24b40a1,2025-03-31,https://contrataciondelestado.es/wps/poc?uri=deeplink%3Adetalle_licitacion&idEvl=wioa%2BJrH9FqTylGzYmBF9Q%3D%3D,GUARCONSA S.A.,A78875499,NIF,Suministro de presostatos y limitadores de presión,GUARCONSA S.A.,"Dirección General de Renfe Ingeniería y Mantenimiento Sociedad Mercantil Estatal, S.A."
688534,6885.34,Servicio Cántabro de Salud,Q3900738J,https://contrataciondelestado.es/sindicacion/licitacionesPerfilContratante/16416044#0,0,evidence/a4177f85807c98071954c21c30e3e423dee112468c045bc4e1e3ecae7e4fb03f.xml,CB HL AM 2021/064 2 lote 3,EUR,2025-01-02,a4177f85807c98071954c21c30e3e423dee112468c045bc4e1e3ecae7e4fb03f,2025-01-03T14:22:20.547+01:00,,contract_award:00000000000000006028,709b66f82771aa363ab616e4a44c2c8d9e687a3ad1e1de19993c4a227fb1194a,2025-03-31,https://contrataciondelestado.es/wps/poc?uri=deeplink%3Adetalle_licitacion&idEvl=8vU8efzFHJl9Zh%2FyRJgM8w%3D%3D,"KERN PHARMA, S.L.",B58296773,NIF,"Contrato basado en el AM INGESA 2021/064, para el suministro respetuoso con el medio ambiente de medicamentos biológicos con biosimilares para el Hospital Comarcal de Laredo (lote 3 INFLIXIMAB)","KERN PHARMA, S.L.",Servicio Cántabro de Salud
5406432,54064.32,Alcaldia del Ayuntamiento de Cheste,P4611100A,https://contrataciondelestado.es/sindicacion/licitacionesPerfilContratante/16105907#0,0,evidence/70041730d9f523090d45e3f25c0479be32b34d8869e0b60fc5c5f73265393d5a.xml,6425/2024,EUR,2025-01-02,70041730d9f523090d45e3f25c0479be32b34d8869e0b60fc5c5f73265393d5a,2025-01-03T11:34:21.492+01:00,1,contract_award:00000000000000002344,788065c9f5f004ab6e11fbbae1befdd59e95a5660e92848f3b731868ae0f69f6,2025-03-31,https://contrataciondelestado.es/wps/poc?uri=deeplink%3Adetalle_licitacion&idEvl=lTx%2F%2BEZmPvmGCFcHcNGIlQ%3D%3D,"Mondolimp España Higiene Integral, S.L.",B97539704,NIF,"Servicio de Limpieza de Colegios Públicos: Giner de los Rios, Blasco Ibañez, Ana Lluch","Mondolimp España Higiene Integral, S.L.",Alcaldia del Ayuntamiento de Cheste
3487686,34876.86,Alcaldia del Ayuntamiento de Cheste,P4611100A,https://contrataciondelestado.es/sindicacion/licitacionesPerfilContratante/16105907#1,1,evidence/70041730d9f523090d45e3f25c0479be32b34d8869e0b60fc5c5f73265393d5a.xml,6425/2024,EUR,2025-01-02,70041730d9f523090d45e3f25c0479be32b34d8869e0b60fc5c5f73265393d5a,2025-01-03T11:34:21.492+01:00,2,contract_award:00000000000000002345,788065c9f5f004ab6e11fbbae1befdd59e95a5660e92848f3b731868ae0f69f6,2025-03-31,https://contrataciondelestado.es/wps/poc?uri=deeplink%3Adetalle_licitacion&idEvl=lTx%2F%2BEZmPvmGCFcHcNGIlQ%3D%3D,"Mondolimp España Higiene Integral, S.L.",B97539704,NIF,"Servicio de Limpieza de Colegios Públicos: Giner de los Rios, Blasco Ibañez, Ana Lluch","Mondolimp España Higiene Integral, S.L.",Alcaldia del Ayuntamiento de Cheste
4134619,41346.19,Alcaldia del Ayuntamiento de Cheste,P4611100A,https://contrataciondelestado.es/sindicacion/licitacionesPerfilContratante/16105907#2,2,evidence/70041730d9f523090d45e3f25c0479be32b34d8869e0b60fc5c5f73265393d5a.xml,6425/2024,EUR,2025-01-02,70041730d9f523090d45e3f25c0479be32b34d8869e0b60fc5c5f73265393d5a,2025-01-03T11:34:21.492+01:00,3,contract_award:00000000000000002346,788065c9f5f004ab6e11fbbae1befdd59e95a5660e92848f3b731868ae0f69f6,2025-03-31,https://contrataciondelestado.es/wps/poc?uri=deeplink%3Adetalle_licitacion&idEvl=lTx%2F%2BEZmPvmGCFcHcNGIlQ%3D%3D,"Mondolimp España Higiene Integral, S.L.",B97539704,NIF,"Servicio de Limpieza de Colegios Públicos: Giner de los Rios, Blasco Ibañez, Ana Lluch","Mondolimp España Higiene Integral, S.L.",Alcaldia del Ayuntamiento de Cheste
10095404,100954.04,Dirección General de Racionalización y Centralización de la Contratación-Junta de Contratación Centralizada,S2801213F,https://contrataciondelestado.es/sindicacion/licitacionesPerfilContratante/16416318#0,0,evidence/0cf097fcd9e15b9694c440b641cb5bd22600033cdd1d23347895824336b4068b.xml,CB00001/2025,EUR,2025-01-02,0cf097fcd9e15b9694c440b641cb5bd22600033cdd1d23347895824336b4068b,2025-01-03T08:56:09.751+01:00,2,contract_award:00000000000000002909,7ce6be5115021a3601c8f7dbe00accdb70c552539d5bfe681ed993897ea5f1d8,2025-03-31,https://contrataciondelestado.es/wps/poc?uri=deeplink%3Adetalle_licitacion&idEvl=bbQe%2FG0AZ5YkJPJS%2BPS9vg%3D%3D,"IBERDROLA CLIENTES, S.A.U.",A95758389,NIF,"Contratación del suministro de energía eléctrica en los edificios de la Dirección General de Consumo sitos en C/Príncipe de Vergara, 54 y C/Soto Hidalgo, 3. Código de actual Agrupación de CUPS: 7589 ( Subsecretaria de Derechos Sociales, Consumo y Agenda 2030 )","IBERDROLA CLIENTES, S.A.U.",Dirección General de Racionalización y Centralización de la Contratación-Junta de Contratación Centralizada
3173877,31738.77,Servicio Cántabro de Salud,Q3900738J,https://contrataciondelestado.es/sindicacion/licitacionesPerfilContratante/16416266#0,0,evidence/0876f2bacb696d3df1cd5cf691eda19c2c39f19d5e7b4bdc1aec4fe4e5fe2e11.xml,CB HL AM 2021/110 1P 2 lote 3,EUR,2025-01-02,0876f2bacb696d3df1cd5cf691eda19c2c39f19d5e7b4bdc1aec4fe4e5fe2e11,2025-01-03T10:04:50.934+01:00,,contract_award:00000000000000002518,7d0f3a36f4fa87a304b5144ed5d71bd6f37e59471fe1fe37e3ebed44a1ca673b,2025-03-31,https://contrataciondelestado.es/wps/poc?uri=deeplink%3Adetalle_licitacion&idEvl=tjGNn7qFcQqAAM7L03kM8A%3D%3D,LABORATORIOS VIIV HEALTHCARE SL,B80207442,NIF,"Contrato basado en el Acuerdo Marco SCS 2021/110 (lote 3), para el suministro de medicamentos antivirales exclusivos en el Hospital Comarcal de Laredo.",LABORATORIOS VIIV HEALTHCARE SL,Servicio Cántabro de Salud
9875000,98750,"Dirección General de Renfe Ingeniería y Mantenimiento Sociedad Mercantil Estatal, S.A.",A86868239,https://contrataciondelestado.es/sindicacion/licitacionesPerfilContratante/16430499#0,0,evidence/9bbe3c37ce77624aa7370f5284716ad7167c12fda8cb6ea3a3e535220188a51e.xml,2024-04407,EUR,2025-01-02,9bbe3c37ce77624aa7370f5284716ad7167c12fda8cb6ea3a3e535220188a51e,2025-01-07T09:13:44.923+01:00,,contract_award:00000000000000005356,7f05e9284608fb1acf222de99a30e285a5ffda19b3dc411255d25f4be4739a60,2025-03-31,https://contrataciondelestado.es/wps/poc?uri=deeplink%3Adetalle_licitacion&idEvl=oE6byPZdN4aFlFRHfEzEaw%3D%3D,"ALSTOM TRANSPORTE, S.A.U",A46598363,NIF,Suministro de monitor informacion 06581570 s447,"ALSTOM TRANSPORTE, S.A.U","Dirección General de Renfe Ingeniería y Mantenimiento Sociedad Mercantil Estatal, S.A."
1625216,16252.16,Servicio Cántabro de Salud,Q3900738J,https://contrataciondelestado.es/sindicacion/licitacionesPerfilContratante/16416283#0,0,evidence/53e15dc3f9eed0d01a1d577c6e8718e0758b5853212674075b97c6aee3ca154d.xml,CB HL AM 2021/110 1P 2 lote 2,EUR,2025-01-02,53e15dc3f9eed0d01a1d577c6e8718e0758b5853212674075b97c6aee3ca154d,2025-01-03T09:47:11.629+01:00,,contract_award:00000000000000002599,7f1ae9ec093ed2a1bf2ab43972a0ea004b051b6c38ccfdd97902461dedf35264,2025-03-31,https://contrataciondelestado.es/wps/poc?uri=deeplink%3Adetalle_licitacion&idEvl=GQlV4PEJpc44NavIWzMcHA%3D%3D,JANSSEN CILAG SA,A28925899,NIF,"Contrato basado en el Acuerdo Marco SCS 2021/110 (lote 1), para el suministro de medicamentos antivirales exclusivos en el Hospital Comarcal de Laredo.",JANSSEN CILAG SA,Servicio Cántabro de Salud
368513,3685.13,Servicio Cántabro de Salud,Q3900738J,https://contrataciondelestado.es/sindicacion/licitacionesPerfilContratante/16416034#0,0,evidence/ed8d6f8c50235097a88e29ddee2678e2790b8eef12285b5131535fa574dec604.xml,CB HL AM 2021/064 2 lote 4,EUR,2025-01-02,ed8d6f8c50235097a88e29ddee2678e2790b8eef12285b5131535fa574dec604,2025-01-03T14:43:27.555+01:00,,contract_award:00000000000000006010,7f458f037142999c0075c09e4adae0aba997060f16aad3eafaba4231619034d6,2025-03-31,https://contrataciondelestado.es/wps/poc?uri=deeplink%3Adetalle_licitacion&idEvl=p6zRovNSMZ8l5NjlNci%2BtA%3D%3D,PFIZERSLU,B28089225,NIF,"Contrato basado en el AM INGESA 2021/064, para el suministro respetuoso con el medio ambiente de medicamentos biológicos con biosimilares para el Hospital Comarcal de Laredo (lote 4 RITUXIMAB)",PFIZERSLU,Servicio Cántabro de Salud
420281,4202.81,Servicio Cántabro de Salud,Q3900738J,https://contrataciondelestado.es/sindicacion/licitacionesPerfilContratante/16416067#0,0,evidence/0a4f194a69349a68b5da4f434da46b1dbf91c963ec45e19fc8cff2c053b47586.xml,CB HL AM 2021/064 2 lote 2,EUR,2025-01-02,0a4f194a69349a68b5da4f434da46b1dbf91c963ec45e19fc8cff2c053b47586,2025-01-03T14:01:10.323+01:00,,contract_award:00000000000000002037,8450f16052e0cac324b806c95a6031bbfdbf3bc20a86e861cec12da4ecf631e5,2025-03-31,https://contrataciondelestado.es/wps/poc?uri=deeplink%3Adetalle_licitacion&idEvl=H3AQfNOWjWvjHF5qKI4aaw%3D%3D,PFIZERSLU,B28089225,NIF,"Contrato basado en el AM INGESA 2021/064, para el suministro respetuoso con el medio ambiente de medicamentos biológicos con biosimilares para el Hospital Comarcal de Laredo (lote 2)",PFIZERSLU,Servicio Cántabro de Salud
804528,8045.28,Servicio Cántabro de Salud,Q3900738J,https://contrataciondelestado.es/sindicacion/licitacionesPerfilContratante/16416067#1,1,evidence/0a4f194a69349a68b5da4f434da46b1dbf91c963ec45e19fc8cff2c053b47586.xml,CB HL AM 2021/064 2 lote 2,EUR,2025-01-02,0a4f194a69349a68b5da4f434da46b1dbf91c963ec45e19fc8cff2c053b47586,2025-01-03T14:01:10.323+01:00,,contract_award:00000000000000002038,8450f16052e0cac324b806c95a6031bbfdbf3bc20a86e861cec12da4ecf631e5,2025-03-31,https://contrataciondelestado.es/wps/poc?uri=deeplink%3Adetalle_licitacion&idEvl=H3AQfNOWjWvjHF5qKI4aaw%3D%3D,Sandoz Farmaceutica,A08233801,NIF,"Contrato basado en el AM INGESA 2021/064, para el suministro respetuoso con el medio ambiente de medicamentos biológicos con biosimilares para el Hospital Comarcal de Laredo (lote 2)",Sandoz Farmaceutica,Servicio Cántabro de Salud
171041,1710.41,Servicio Cántabro de Salud,Q3900738J,https://contrataciondelestado.es/sindicacion/licitacionesPerfilContratante/16416122#0,0,evidence/1811552e12ac75ee3c829000514e884bc2f7d64d1773b4788f38ec5f597d02e7.xml,CB HL AM 2021/86 2 lote 2,EUR,2025-01-02,1811552e12ac75ee3c829000514e884bc2f7d64d1773b4788f38ec5f597d02e7,2025-01-03T13:03:02.677+01:00,,contract_award:00000000000000002205,8be50d8cf4c8990bb3bb5009273d1594921f8ef6140d01a63151e3e76efa7c37,2025-03-31,https://contrataciondelestado.es/wps/poc?uri=deeplink%3Adetalle_licitacion&idEvl=FRrQIMBJSR94zIRvjBVCSw%3D%3D,"TEXTIL PLANAS OLIVERAS, SA",A08564502,NIF,"Contrato basado en Acuerdo Marco 2021/86, para el suministro de tiras reactivas de uso profesional y lancetas de uso profesional para la determinación de glucosa en sangre capilar con destino al Hospital de Laredo (lote 2)","TEXTIL PLANAS OLIVERAS, SA",Servicio Cántabro de Salud
11532536,115325.36,"Dirección General de Renfe Ingeniería y Mantenimiento Sociedad Mercantil Estatal, S.A.",A86868239,https://contrataciondelestado.es/sindicacion/licitacionesPerfilContratante/15168957#0,0,evidence/0674ab63911ad12ed7bbbbe4e7284c4e0ce2c9d0dea0bdd4cd10e8d8bf596e5a.xml,2024-02862,EUR,2025-01-02,0674ab63911ad12ed7bbbbe4e7284c4e0ce2c9d0dea0bdd4cd10e8d8bf596e5a,2025-01-13T09:37:23.372+01:00,,contract_award:00000000000000012868,8fc38f7569ea7fa67ef15d0dc01d50980e1f609aa4d6230df431a05f63fc5814,2025-03-31,https://contrataciondelestado.es/wps/poc?uri=deeplink%3Adetalle_licitacion&idEvl=Uq7hbYVu%2FwdxseVhcqrkhw%3D%3D,Zytec Europa S.L.,B85212405,NIF,Suministro de productos quimicos sistemáticos 2024-05,Zytec Europa S.L.,"Dirección General de Renfe Ingeniería y Mantenimiento Sociedad Mercantil Estatal, S.A."
4285220,42852.2,"Dirección General de Renfe Ingeniería y Mantenimiento Sociedad Mercantil Estatal, S.A.",A86868239,https://contrataciondelestado.es/sindicacion/licitacionesPerfilContratante/15168957#1,1,evidence/0674ab63911ad12ed7bbbbe4e7284c4e0ce2c9d0dea0bdd4cd10e8d8bf596e5a.xml,2024-02862,EUR,2025-01-02,0674ab63911ad12ed7bbbbe4e7284c4e0ce2c9d0dea0bdd4cd10e8d8bf596e5a,2025-01-13T09:37:23.372+01:00,,contract_award:00000000000000012869,8fc38f7569ea7fa67ef15d0dc01d50980e1f609aa4d6230df431a05f63fc5814,2025-03-31,https://contrataciondelestado.es/wps/poc?uri=deeplink%3Adetalle_licitacion&idEvl=Uq7hbYVu%2FwdxseVhcqrkhw%3D%3D,"EPIDOR, S.A.",A08189359,NIF,Suministro de productos quimicos sistemáticos 2024-05,"EPIDOR, S.A.","Dirección General de Renfe Ingeniería y Mantenimiento Sociedad Mercantil Estatal, S.A."
6442338,64423.38,"Dirección General de Renfe Ingeniería y Mantenimiento Sociedad Mercantil Estatal, S.A.",A86868239,https://contrataciondelestado.es/sindicacion/licitacionesPerfilContratante/15168957#2,2,evidence/0674ab63911ad12ed7bbbbe4e7284c4e0ce2c9d0dea0bdd4cd10e8d8bf596e5a.xml,2024-02862,EUR,2025-01-02,0674ab63911ad12ed7bbbbe4e7284c4e0ce2c9d0dea0bdd4cd10e8d8bf596e5a,2025-01-13T09:37:23.372+01:00,,contract_award:00000000000000012870,8fc38f7569ea7fa67ef15d0dc01d50980e1f609aa4d6230df431a05f63fc5814,2025-03-31,https://contrataciondelestado.es/wps/poc?uri=deeplink%3Adetalle_licitacion&idEvl=Uq7hbYVu%2FwdxseVhcqrkhw%3D%3D,I2M SOLUCIONES TECNICAS S.L,B86774593,NIF,Suministro de productos quimicos sistemáticos 2024-05,I2M SOLUCIONES TECNICAS S.L ,"Dirección General de Renfe Ingeniería y Mantenimiento Sociedad Mercantil Estatal, S.A."
3036399,30363.99,Servicio Cántabro de Salud,Q3900738J,https://contrataciondelestado.es/sindicacion/licitacionesPerfilContratante/16416094#0,0,evidence/c39e1ff7d7e63b8b08ec9af2f4995f4df4611cdeb9109d72ced2540606e495f6.xml,CB HL AM 2021/064 2 lote 1,EUR,2025-01-02,c39e1ff7d7e63b8b08ec9af2f4995f4df4611cdeb9109d72ced2540606e495f6,2025-01-03T13:38:54.922+01:00,,contract_award:00000000000000002116,8fe2c5ab35292cfcee8cae8998a99d0150540d547e5fbfc4cb70d5e682a7c89a,2025-03-31,https://contrataciondelestado.es/wps/poc?uri=deeplink%3Adetalle_licitacion&idEvl=z2SRe0bNucMadbH3CysQuQ%3D%3D,"FRESENIUS KABI ESPAÑA, S.A.U.",A08130502,NIF,"Contrato basado en el AM INGESA 2021/064, para el suministro respetuoso con el medio ambiente de medicamentos biológicos con biosimilares para el Hospital Comarcal de Laredo (lote 1 ADALIMUMAB)","FRESENIUS KABI ESPAÑA, S.A.U.",Servicio Cántabro de Salud
594586,5945.86,Servicio Cántabro de Salud,Q3900738J,https://contrataciondelestado.es/sindicacion/licitacionesPerfilContratante/16416094#1,1,evidence/c39e1ff7d7e63b8b08ec9af2f4995f4df4611cdeb9109d72ced2540606e495f6.xml,CB HL AM 2021/064 2 lote 1,EUR,2025-01-02,c39e1ff7d7e63b8b08ec9af2f4995f4df4611cdeb9109d72ced2540606e495f6,2025-01-03T13:38:54.922+01:00,,contract_award:00000000000000002117,8fe2c5ab35292cfcee8cae8998a99d0150540d547e5fbfc4cb70d5e682a7c89a,2025-03-31,https://contrataciondelestado.es/wps/poc?uri=deeplink%3Adetalle_licitacion&idEvl=z2SRe0bNucMadbH3CysQuQ%3D%3D,Sandoz Farmaceutica,A08233801,NIF,"Contrato basado en el AM INGESA 2021/064, para el suministro respetuoso con el medio ambiente de medicamentos biológicos con biosimilares para el Hospital Comarcal de Laredo (lote 1 ADALIMUMAB)",Sandoz Farmaceutica,Servicio Cántabro de Salud
625658,6256.58,Servicio Cántabro de Salud,Q3900738J,https://contrataciondelestado.es/sindicacion/licitacionesPerfilContratante/16416094#2,2,evidence/c39e1ff7d7e63b8b08ec9af2f4995f4df4611cdeb9109d72ced2540606e495f6.xml,CB HL AM 2021/064 2 lote 1,EUR,2025-01-02,c39e1ff7d7e63b8b08ec9af2f4995f4df4611cdeb9109d72ced2540606e495f6,2025-01-03T13:38:54.922+01:00,,contract_award:00000000000000002118,8fe2c5ab35292cfcee8cae8998a99d0150540d547e5fbfc4cb70d5e682a7c89a,2025-03-31,https://contrataciondelestado.es/wps/poc?uri=deeplink%3Adetalle_licitacion&idEvl=z2SRe0bNucMadbH3CysQuQ%3D%3D,"AMGEN,S.A.",A59363655,NIF,"Contrato basado en el AM INGESA 2021/064, para el suministro respetuoso con el medio ambiente de medicamentos biológicos con biosimilares para el Hospital Comarcal de Laredo (lote 1 ADALIMUMAB)","AMGEN,S.A.",Servicio Cántabro de Salud
475407,4754.07,Alcaldía del Ayuntamiento de Siero,P3306600B,https://contrataciondelestado.es/sindicacion/licitacionesPerfilContratante/16106422#0,0,evidence/629dc633c221f46b0f6922f7e619b9fc98d1199f285acb48cc88f7744ef07b44.xml,25118S00W,EUR,2025-01-02,629dc633c221f46b0f6922f7e619b9fc98d1199f285acb48cc88f7744ef07b44,2025-01-03T12:55:58.761+01:00,,contract_award:00000000000000002217,907f7a3f2f42ec6ce5208bfdf7f1e38fcb0b65896096d5c4abd7d8402aa388e9,2025-03-31,https://contrataciondelestado.es/wps/poc?uri=deeplink%3Adetalle_licitacion&idEvl=g%2FJdqDK%2F%2FJizz8fXU2i3eQ%3D%3D,"Seidor Tech, S.A.",A33204306,NIF,Renovación de las suscripciones de diversas aplicaciones informáticas de uso general en distintas áreas municipales para el periodo 2025.,"Seidor Tech, S.A.",Alcaldía del Ayuntamiento de Siero 
27407,274.07,Servicio Cántabro de Salud,Q3900738J,https://contrataciondelestado.es/sindicacion/licitacionesPerfilContratante/16430496#0,0,evidence/2d99cff0e40f10bb0eaa1a61d485b242374c11a0a8e6d73d636d47c4c9a1c592.xml,CB HL AM 2021/064 2 lote 10,EUR,2025-01-02,2d99cff0e40f10bb0eaa1a61d485b242374c11a0a8e6d73d636d47c4c9a1c592,2025-01-07T09:17:59.539+01:00,,contract_award:00000000000000005319,9ec121cc97e3b29c35e821594c780af163c04a7982b98768bc09ccea180e9584,2025-03-31,https://contrataciondelestado.es/wps/poc?uri=deeplink%3Adetalle_licitacion&idEvl=GWYF7l6iZbQ36J9Lctlsuw%3D%3D,Sandoz Farmaceutica,A08233801,NIF,"Contrato basado en el AM INGESA 2021/064, para el suministro respetuoso con el medio ambiente de medicamentos biológicos con biosimilares para el Hospital Comarcal de Laredo (lote 10 FILGRASTIM)",Sandoz Farmaceutica,Servicio Cántabro de Salud
186000,1860,"Empresa de Transformación Agraria S.A.,S.M.E., M.P., (TRAGSA)",A28476208,https://contrataciondelestado.es/sindicacion/licitacionesPerfilContratante/16416317#0,0,evidence/30eb1b7689546f369a8b7b126053ea0a5521500741e480752add86ca68ce2eab.xml,TSA0073214-010,EUR,2025-01-02,30eb1b7689546f369a8b7b126053ea0a5521500741e480752add86ca68ce2eab,2025-01-03T09:00:18.894+01:00,,contract_award:00000000000000002861,a896c1737179b90b47d40f25cfc3891d73349d5deb59aa88b9932f79fe20b20f,2025-03-31,https://contrataciondelestado.es/wps/poc?uri=deeplink%3Adetalle_licitacion&idEvl=zosRgs4AmS%2BP66GS%2BONYvQ%3D%3D,"Renta de Maquinaria, S.L.U.",B41117078,NIF,Contrato derivado del Acuerdo Marco para el alquiler de casetas para las obras de TRAGSA en la Comunidad de Madrid.,"Renta de Maquinaria, S.L.U.","Empresa de Transformación Agraria S.A.,S.M.E., M.P., (TRAGSA)"
2557340,25573.4,"Empresa Municipal de la Vivienda y Suelo de Madrid, S.A.",A28740314,https://contrataciondelestado.es/sindicacion/licitacionesPerfilContratante/16416038#0,0,evidence/26310520dff724b91b17e4981bcf6c3c54a5b3eac182b06fce129c0f75b1733b.xml,248/2024,EUR,2025-01-02,26310520dff724b91b17e4981bcf6c3c54a5b3eac182b06fce129c0f75b1733b,2025-01-03T14:33:17.249+01:00,,contract_award:00000000000000006019,a96b02ea135484dcac81667d82f812fab2c56f431127ed4fe91b3602d47576c7,2025-03-31,https://contrataciondelestado.es/wps/poc?uri=deeplink%3Adetalle_licitacion&idEvl=wD15U7CBXcgXhk1FZxEyvw%3D%3D,UTE ACUERDO MARCO EMVS-ALQUILERES (EXP 028/2023),U56226905,NIF,"Reforma de la vivienda situada en calle Tribulete, nº11, Planta Baja, Letra F., Distrito de Centro, Madrid. AM 028/2023.",UTE ACUERDO MARCO EMVS-ALQUILERES (EXP 028/2023),"Empresa Municipal de la Vivienda y Suelo de Madrid, S.A."
5979120,59791.2,"Dirección General de Renfe Ingeniería y Mantenimiento Sociedad Mercantil Estatal, S.A.",A86868239,https://contrataciondelestado.es/sindicacion/licitacionesPerfilContratante/15770840#0,0,evidence/fccbe2dca64260195866d26e4eb20cc4627e30359ed44a58a145f87f5f1dbb3b.xml,2024-04625,EUR,2025-01-02,fccbe2dca64260195866d26e4eb20cc4627e30359ed44a58a145f87f5f1dbb3b,2025-01-02T10:45:32.254+01:00,,contract_award:00000000000000000508,a9cd8bbc5c91d772f17a736cdaf86e6592ad0b8aa680ea5c646f6e340dd04ede,2025-03-31,https://contrataciondelestado.es/wps/poc?uri=deeplink%3Adetalle_licitacion&idEvl=bUdsmsPh3IBPpzdqOdhuWg%3D%3D,I2M SOLUCIONES TECNICAS S.L,B86774593,NIF,Suministro de muelles y resortes sistemáticos 2024-09.,I2M SOLUCIONES TECNICAS S.L ,"Dirección General de Renfe Ingeniería y Mantenimiento Sociedad Mercantil Estatal, S.A."
1840320,18403.2,"Dirección General de Renfe Ingeniería y Mantenimiento Sociedad Mercantil Estatal, S.A.",A86868239,https://contrataciondelestado.es/sindicacion/licitacionesPerfilContratante/15770840#1,1,evidence/fccbe2dca64260195866d26e4eb20cc4627e30359ed44a58a145f87f5f1dbb3b.xml,2024-04625,EUR,2025-01-02,fccbe2dca64260195866d26e4eb20cc4627e30359ed44a58a145f87f5f1dbb3b,2025-01-02T10:45:32.254+01:00,,contract_award:00000000000000000509,a9cd8bbc5c91d772f17a736cdaf86e6592ad0b8aa680ea5c646f6e340dd04ede,2025-03-31,https://contrataciondelestado.es/wps/poc?uri=deeplink%3Adetalle_licitacion&idEvl=bUdsmsPh3IBPpzdqOdhuWg%3D%3D,"THEOS 98, S.L.",B40250466,NIF,Suministro de muelles y resortes sistemáticos 2024-09.,"THEOS 98, S.L.","Dirección General de Renfe Ingeniería y Mantenimiento Sociedad Mercantil Estatal, S.A."
2365000,23650,"Dirección General de Renfe Ingeniería y Mantenimiento Sociedad Mercantil Estatal, S.A.",A86868239,https://contrataciondelestado.es/sindicacion/licitacionesPerfilContratante/15770840#2,2,evidence/fccbe2dca64260195866d26e4eb20cc4627e30359ed44a58a145f87f5f1dbb3b.xml,2024-04625,EUR,2025-01-02,fccbe2dca64260195866d26e4eb20cc4627e30359ed44a58a145f87f5f1dbb3b,2025-01-02T10:45:32.254+01:00,,contract_award:00000000000000000510,a9cd8bbc5c91d772f17a736cdaf86e6592ad0b8aa680ea5c646f6e340dd04ede,2025-03-31,https://contrataciondelestado.es/wps/poc?uri=deeplink%3Adetalle_licitacion&idEvl=bUdsmsPh3IBPpzdqOdhuWg%3D%3D,MECANIZADOS REYMA SL.,B80286784,NIF,Suministro de muelles y resortes sistemáticos 2024-09.,MECANIZADOS REYMA SL.,"Dirección General de Renfe Ingeniería y Mantenimiento Sociedad Mercantil Estatal, S.A."
214900,2149,"Dirección General de Renfe Ingeniería y Mantenimiento Sociedad Mercantil Estatal, S.A.",A86868239,https://contrataciondelestado.es/sindicacion/licitacionesPerfilContratante/15770840#3,3,evidence/fccbe2dca64260195866d26e4eb20cc4627e30359ed44a58a145f87f5f1dbb3b.xml,2024-04625,EUR,2025-01-02,fccbe2dca64260195866d26e4eb20cc4627e30359ed44a58a145f87f5f1dbb3b,2025-01-02T10:45:32.254+01:00,,contract_award:00000000000000000511,a9cd8bbc5c91d772f17a736cdaf86e6592ad0b8aa680ea5c646f6e340dd04ede,2025-03-31,https://contrataciondelestado.es/wps/poc?uri=deeplink%3Adetalle_licitacion&idEvl=bUdsmsPh3IBPpzdqOdhuWg%3D%3D,Zytec Europa S.L.,B85212405,NIF,Suministro de muelles y resortes sistemáticos 2024-09.,Zytec Europa S.L.,"Dirección General de Renfe Ingeniería y Mantenimiento Sociedad Mercantil Estatal, S.A."
5844020,58440.2,"Dirección General de Renfe Ingeniería y Mantenimiento Sociedad Mercantil Estatal, S.A.",A86868239,https://contrataciondelestado.es/sindicacion/licitacionesPerfilContratante/15770840#4,4,evidence/fccbe2dca64260195866d26e4eb20cc4627e30359ed44a58a145f87f5f1dbb3b.xml,2024-04625,EUR,2025-01-02,fccbe2dca64260195866d26e4eb20cc4627e30359ed44a58a145f87f5f1dbb3b,2025-01-02T10:45:32.254+01:00,,contract_award:00000000000000000512,a9cd8bbc5c91d772f17a736cdaf86e6592ad0b8aa680ea5c646f6e340dd04ede,2025-03-31,https://contrataciondelestado.es/wps/poc?uri=deeplink%3Adetalle_licitacion&idEvl=bUdsmsPh3IBPpzdqOdhuWg%3D%3D,ENRIQUE CAT VILA SA,A28585362,NIF,Suministro de muelles y resortes sistemáticos 2024-09.,ENRIQUE CAT VILA SA,"Dirección General de Renfe Ingeniería y Mantenimiento Sociedad Mercantil Estatal, S.A."
300000,3000,"Dirección General de Renfe Ingeniería y Mantenimiento Sociedad Mercantil Estatal, S.A.",A86868239,https://contrataciondelestado.es/sindicacion/licitacionesPerfilContratante/15770840#5,5,evidence/fccbe2dca64260195866d26e4eb20cc4627e30359ed44a58a145f87f5f1dbb3b.xml,2024-04625,EUR,2025-01-02,fccbe2dca64260195866d26e4eb20cc4627e30359ed44a58a145f87f5f1dbb3b,2025-01-02T10:45:32.254+01:00,,contract_award:00000000000000000513,a9cd8bbc5c91d772f17a736cdaf86e6592ad0b8aa680ea5c646f6e340dd04ede,2025-03-31,https://contrataciondelestado.es/wps/poc?uri=deeplink%3Adetalle_licitacion&idEvl=bUdsmsPh3IBPpzdqOdhuWg%3D%3D,FAIVELEY TRANSPORT IBÉRICA SAU,A28163335,NIF,Suministro de muelles y resortes sistemáticos 2024-09.,FAIVELEY TRANSPORT IBÉRICA SAU,"Dirección General de Renfe Ingeniería y Mantenimiento Sociedad Mercantil Estatal, S.A."
1329018,13290.18,"Dirección General de Renfe Ingeniería y Mantenimiento Sociedad Mercantil Estatal, S.A.",A86868239,https://contrataciondelestado.es/sindicacion/licitacionesPerfilContratante/15770840#6,6,evidence/fccbe2dca64260195866d26e4eb20cc4627e30359ed44a58a145f87f5f1dbb3b.xml,2024-04625,EUR,2025-01-02,fccbe2dca64260195866d26e4eb20cc4627e30359ed44a58a145f87f5f1dbb3b,2025-01-02T10:45:32.254+01:00,,contract_award:00000000000000000514,a9cd8bbc5c91d772f17a736cdaf86e6592ad0b8aa680ea5c646f6e340dd04ede,2025-03-31,https://contrataciondelestado.es/wps/poc?uri=deeplink%3Adetalle_licitacion&idEvl=bUdsmsPh3IBPpzdqOdhuWg%3D%3D,"RAIL EQUIP, S.L.",B65932055,NIF,Suministro de muelles y resortes sistemáticos 2024-09.,"RAIL EQUIP, S.L.","Dirección General de Renfe Ingeniería y Mantenimiento Sociedad Mercantil Estatal, S.A."
408000,4080,"Dirección General de Renfe Ingeniería y Mantenimiento Sociedad Mercantil Estatal, S.A.",A86868239,https://contrataciondelestado.es/sindicacion/licitacionesPerfilContratante/15770840#7,7,evidence/fccbe2dca64260195866d26e4eb20cc4627e30359ed44a58a145f87f5f1dbb3b.xml,2024-04625,EUR,2025-01-02,fccbe2dca64260195866d26e4eb20cc4627e30359ed44a58a145f87f5f1dbb3b,2025-01-02T10:45:32.254+01:00,,contract_award:00000000000000000515,a9cd8bbc5c91d772f17a736cdaf86e6592ad0b8aa680ea5c646f6e340dd04ede,2025-03-31,https://contrataciondelestado.es/wps/poc?uri=deeplink%3Adetalle_licitacion&idEvl=bUdsmsPh3IBPpzdqOdhuWg%3D%3D,Repuestos Ferroviarios SL,B87354320,NIF,Suministro de muelles y resortes sistemáticos 2024-09.,Repuestos Ferroviarios SL,"Dirección General de Renfe Ingeniería y Mantenimiento Sociedad Mercantil Estatal, S.A."
5317650,53176.5,"Dirección General de Renfe Ingeniería y Mantenimiento Sociedad Mercantil Estatal, S.A.",A86868239,https://contrataciondelestado.es/sindicacion/licitacionesPerfilContratante/15770840#8,8,evidence/fccbe2dca64260195866d26e4eb20cc4627e30359ed44a58a145f87f5f1dbb3b.xml,2024-04625,EUR,2025-01-02,fccbe2dca64260195866d26e4eb20cc4627e30359ed44a58a145f87f5f1dbb3b,2025-01-02T10:45:32.254+01:00,,contract_award:00000000000000000516,a9cd8bbc5c91d772f17a736cdaf86e6592ad0b8aa680ea5c646f6e340dd04ede,2025-03-31,https://contrataciondelestado.es/wps/poc?uri=deeplink%3Adetalle_licitacion&idEvl=bUdsmsPh3IBPpzdqOdhuWg%3D%3D,"ALCORTA MENDIZABAL Y CIA, S.L.",B20012522,NIF,Suministro de muelles y resortes sistemáticos 2024-09.,"ALCORTA MENDIZABAL Y CIA, S.L.","Dirección General de Renfe Ingeniería y Mantenimiento Sociedad Mercantil Estatal, S.A."
55400,554,Servicio Cántabro de Salud,Q3900738J,https://contrataciondelestado.es/sindicacion/licitacionesPerfilContratante/16492702#0,0,evidence/62620bb62d0d66554154453d62c999c769527cbfa66bc8affe983f982adacdd9.xml,CB HL AM 2020/60 3,EUR,2025-01-02,62620bb62d0d66554154453d62c999c769527cbfa66bc8affe983f982adacdd9,2025-01-17T09:00:43.201+01:00,1,contract_award:00000000000000017258,afe321bb67d65902c1fded695d6bfadb361c0d719f018cbdeb92922437de47ff,2025-03-31,https://contrataciondelestado.es/wps/poc?uri=deeplink%3Adetalle_licitacion&idEvl=GMwST0bM%2B1H%2Fa9DgO%2BoYKQ%3D%3D,"BECTON DICKINSON,S.A.",A50140706,NIF,"Contrato basado en el Acuerdo Marco SCS 2020/60, para el suministro de agujas y jeringas en el Hospital Comarcal de Laredo.","BECTON DICKINSON,S.A.",Servicio Cántabro de Salud
4650121,46501.21,Servicio Cántabro de Salud,Q3900738J,https://contrataciondelestado.es/sindicacion/licitacionesPerfilContratante/16492702#1,1,evidence/62620bb62d0d66554154453d62c999c769527cbfa66bc8affe983f982adacdd9.xml,CB HL AM 2020/60 3,EUR,2025-01-02,62620bb62d0d66554154453d62c999c769527cbfa66bc8affe983f982adacdd9,2025-01-17T09:00:43.201+01:00,11,contract_award:00000000000000017259,afe321bb67d65902c1fded695d6bfadb361c0d719f018cbdeb92922437de47ff,2025-03-31,https://contrataciondelestado.es/wps/poc?uri=deeplink%3Adetalle_licitacion&idEvl=GMwST0bM%2B1H%2Fa9DgO%2BoYKQ%3D%3D,"PALEX MEDICAL, S.A.",A58710740,NIF,"Contrato basado en el Acuerdo Marco SCS 2020/60, para el suministro de agujas y jeringas en el Hospital Comarcal de Laredo.","PALEX MEDICAL, S.A.",Servicio Cántabro de Salud
421332,4213.32,Servicio Cántabro de Salud,Q3900738J,https://contrataciondelestado.es/sindicacion/licitacionesPerfilContratante/16492702#2,2,evidence/62620bb62d0d66554154453d62c999c769527cbfa66bc8affe983f982adacdd9.xml,CB HL AM 2020/60 3,EUR,2025-01-02,62620bb62d0d66554154453d62c999c769527cbfa66bc8affe983f982adacdd9,2025-01-17T09:00:43.201+01:00,12,contract_award:00000000000000017260,afe321bb67d65902c1fded695d6bfadb361c0d719f018cbdeb92922437de47ff,2025-03-31,https://contrataciondelestado.es/wps/poc?uri=deeplink%3Adetalle_licitacion&idEvl=GMwST0bM%2B1H%2Fa9DgO%2BoYKQ%3D%3D,"LAMBRA, S.L.",B79018891,NIF,"Contrato basado en el Acuerdo Marco SCS 2020/60, para el suministro de agujas y jeringas en el Hospital Comarcal de Laredo.","LAMBRA, S.L.",Servicio Cántabro de Salud
53300,533,Servicio Cántabro de Salud,Q3900738J,https://contrataciondelestado.es/sindicacion/licitacionesPerfilContratante/16492702#3,3,evidence/62620bb62d0d66554154453d62c999c769527cbfa66bc8affe983f982adacdd9.xml,CB HL AM 2020/60 3,EUR,2025-01-02,62620bb62d0d66554154453d62c999c769527cbfa66bc8affe983f982adacdd9,2025-01-17T09:00:43.201+01:00,18,contract_award:00000000000000017261,afe321bb67d65902c1fded695d6bfadb361c0d719f018cbdeb92922437de47ff,2025-03-31,https://contrataciondelestado.es/wps/poc?uri=deeplink%3Adetalle_licitacion&idEvl=GMwST0bM%2B1H%2Fa9DgO%2BoYKQ%3D%3D,"BECTON DICKINSON,S.A.",A50140706,NIF,"Contrato basado en el Acuerdo Marco SCS 2020/60, para el suministro de agujas y jeringas en el Hospital Comarcal de Laredo.","BECTON DICKINSON,S.A.",Servicio Cántabro de Salud
151360,1513.6,Servicio Cántabro de Salud,Q3900738J,https://contrataciondelestado.es/sindicacion/licitacionesPerfilContratante/16492702#4,4,evidence/62620bb62d0d66554154453d62c999c769527cbfa66bc8affe983f982adacdd9.xml,CB HL AM 2020/60 3,EUR,2025-01-02,62620bb62d0d66554154453d62c999c769527cbfa66bc8affe983f982adacdd9,2025-01-17T09:00:43.201+01:00,19,contract_award:00000000000000017262,afe321bb67d65902c1fded695d6bfadb361c0d719f018cbdeb92922437de47ff,2025-03-31,https://contrataciondelestado.es/wps/poc?uri=deeplink%3Adetalle_licitacion&idEvl=GMwST0bM%2B1H%2Fa9DgO%2BoYKQ%3D%3D,B. BRAUN MEDICAL S.A.,A08092744,NIF,"Contrato basado en el Acuerdo Marco SCS 2020/60, para el suministro de agujas y jeringas en el Hospital Comarcal de Laredo.",B. BRAUN MEDICAL S.A.,Servicio Cántabro de Salud
553429,5534.29,Servicio Cántabro de Salud,Q3900738J,https://contrataciondelestado.es/sindicacion/licitacionesPerfilContratante/16492702#5,5,evidence/62620bb62d0d66554154453d62c999c769527cbfa66bc8affe983f982adacdd9.xml,CB HL AM 2020/60 3,EUR,2025-01-02,62620bb62d0d66554154453d62c999c769527cbfa66bc8affe983f982adacdd9,2025-01-17T09:00:43.201+01:00,2,contract_award:00000000000000017263,afe321bb67d65902c1fded695d6bfadb361c0d719f018cbdeb92922437de47ff,2025-03-31,https://contrataciondelestado.es/wps/poc?uri=deeplink%3Adetalle_licitacion&idEvl=GMwST0bM%2B1H%2Fa9DgO%2BoYKQ%3D%3D,"Productos Médicos Hospitalarios, S.L.",B30349401,NIF,"Contrato basado en el Acuerdo Marco SCS 2020/60, para el suministro de agujas y jeringas en el Hospital Comarcal de Laredo.","Productos Médicos Hospitalarios, S.L.",Servicio Cántabro de Salud
15360,153.6,Servicio Cántabro de Salud,Q3900738J,https://contrataciondelestado.es/sindicacion/licitacionesPerfilContratante/16492702#6,6,evidence/62620bb62d0d66554154453d62c999c769527cbfa66bc8affe983f982adacdd9.xml,CB HL AM 2020/60 3,EUR,2025-01-02,62620bb62d0d66554154453d62c999c769527cbfa66bc8affe983f982adacdd9,2025-01-17T09:00:43.201+01:00,20,contract_award:00000000000000017264,afe321bb67d65902c1fded695d6bfadb361c0d719f018cbdeb92922437de47ff,2025-03-31,https://contrataciondelestado.es/wps/poc?uri=deeplink%3Adetalle_licitacion&idEvl=GMwST0bM%2B1H%2Fa9DgO%2BoYKQ%3D%3D,B. BRAUN MEDICAL S.A.,A08092744,NIF,"Contrato basado en el Acuerdo Marco SCS 2020/60, para el suministro de agujas y jeringas en el Hospital Comarcal de Laredo.",B. BRAUN MEDICAL S.A.,Servicio Cántabro de Salud
75020,750.2,Servicio Cántabro de Salud,Q3900738J,https://contrataciondelestado.es/sindicacion/licitacionesPerfilContratante/16492702#7,7,evidence/62620bb62d0d66554154453d62c999c769527cbfa66bc8affe983f982adacdd9.xml,CB HL AM 2020/60 3,EUR,2025-01-02,62620bb62d0d66554154453d62c999c769527cbfa66bc8affe983f982adacdd9,2025-01-17T09:00:43.201+01:00,21,contract_award:00000000000000017265,afe321bb67d65902c1fded695d6bfadb361c0d719f018cbdeb92922437de47ff,2025-03-31,https://contrataciondelestado.es/wps/poc?uri=deeplink%3Adetalle_licitacion&idEvl=GMwST0bM%2B1H%2Fa9DgO%2BoYKQ%3D%3D,"TEXTIL PLANAS OLIVERAS, SA",A08564502,NIF,"Contrato basado en el Acuerdo Marco SCS 2020/60, para el suministro de agujas y jeringas en el Hospital Comarcal de Laredo.","TEXTIL PLANAS OLIVERAS, SA",Servicio Cántabro de Salud
21114,211.14,Servicio Cántabro de Salud,Q3900738J,https://contrataciondelestado.es/sindicacion/licitacionesPerfilContratante/16492702#8,8,evidence/62620bb62d0d66554154453d62c999c769527cbfa66bc8affe983f982adacdd9.xml,CB HL AM 2020/60 3,EUR,2025-01-02,62620bb62d0d66554154453d62c999c769527cbfa66bc8affe983f982adacdd9,2025-01-17T09:00:43.201+01:00,24,contract_award:00000000000000017266,afe321bb67d65902c1fded695d6bfadb361c0d719f018cbdeb92922437de47ff,2025-03-31,https://contrataciondelestado.es/wps/poc?uri=deeplink%3Adetalle_licitacion&idEvl=GMwST0bM%2B1H%2Fa9DgO%2BoYKQ%3D%3D,SMITHS MEDICAL ESPAÑA,B83886176,NIF,"Contrato basado en el Acuerdo Marco SCS 2020/60, para el suministro de agujas y jeringas en el Hospital Comarcal de Laredo.",SMITHS MEDICAL ESPAÑA,Servicio Cántabro de Salud
120000,1200,Servicio Cántabro de Salud,Q3900738J,https://contrataciondelestado.es/sindicacion/licitacionesPerfilContratante/16492702#9,9,evidence/62620bb62d0d66554154453d62c999c769527cbfa66bc8affe983f982adacdd9.xml,CB HL AM 2020/60 3,EUR,2025-01-02,62620bb62d0d66554154453d62c999c769527cbfa66bc8affe983f982adacdd9,2025-01-17T09:00:43.201+01:00,25,contract_award:00000000000000017267,afe321bb67d65902c1fded695d6bfadb361c0d719f018cbdeb92922437de47ff,2025-03-31,https://contrataciondelestado.es/wps/poc?uri=deeplink%3Adetalle_licitacion&idEvl=GMwST0bM%2B1H%2Fa9DgO%2BoYKQ%3D%3D,"BECTON DICKINSON,S.A.",A50140706,NIF,"Contrato basado en el Acuerdo Marco SCS 2020/60, para el suministro de agujas y jeringas en el Hospital Comarcal de Laredo.","BECTON DICKINSON,S.A.",Servicio Cántabro de Salud
115140,1151.4,Servicio Cántabro de Salud,Q3900738J,https://contrataciondelestado.es/sindicacion/licitacionesPerfilContratante/16492702#10,10,evidence/62620bb62d0d66554154453d62c999c769527cbfa66bc8affe983f982adacdd9.xml,CB HL AM 2020/60 3,EUR,2025-01-02,62620bb62d0d66554154453d62c999c769527cbfa66bc8affe983f982adacdd9,2025-01-17T09:00:43.201+01:00,4,contract_award:00000000000000017268,afe321bb67d65902c1fded695d6bfadb361c0d719f018cbdeb92922437de47ff,2025-03-31,https://contrataciondelestado.es/wps/poc?uri=deeplink%3Adetalle_licitacion&idEvl=GMwST0bM%2B1H%2Fa9DgO%2BoYKQ%3D%3D,"EMBECTA MEDICAL SPAIN, S.L.U.",B16827057,NIF,"Contrato basado en el Acuerdo Marco SCS 2020/60, para el suministro de agujas y jeringas en el Hospital Comarcal de Laredo.","EMBECTA MEDICAL SPAIN, S.L.U.",Servicio Cántabro de Salud
351750,3517.5,Servicio Cántabro de Salud,Q3900738J,https://contrataciondelestado.es/sindicacion/licitacionesPerfilContratante/16492702#11,11,evidence/62620bb62d0d66554154453d62c999c769527cbfa66bc8affe983f982adacdd9.xml,CB HL AM 2020/60 3,EUR,2025-01-02,62620bb62d0d66554154453d62c999c769527cbfa66bc8affe983f982adacdd9,2025-01-17T09:00:43.201+01:00,6,contract_award:00000000000000017269,afe321bb67d65902c1fded695d6bfadb361c0d719f018cbdeb92922437de47ff,2025-03-31,https://contrataciondelestado.es/wps/poc?uri=deeplink%3Adetalle_licitacion&idEvl=GMwST0bM%2B1H%2Fa9DgO%2BoYKQ%3D%3D,"BECTON DICKINSON,S.A.",A50140706,NIF,"Contrato basado en el Acuerdo Marco SCS 2020/60, para el suministro de agujas y jeringas en el Hospital Comarcal de Laredo.","BECTON DICKINSON,S.A.",Servicio Cántabro de Salud
14568,145.68,Servicio Cántabro de Salud,Q3900738J,https://contrataciondelestado.es/sindicacion/licitacionesPerfilContratante/16492702#12,12,evidence/62620bb62d0d66554154453d62c999c769527cbfa66bc8affe983f982adacdd9.xml,CB HL AM 2020/60 3,EUR,2025-01-02,62620bb62d0d66554154453d62c999c769527cbfa66bc8affe983f982adacdd9,2025-01-17T09:00:43.201+01:00,7,contract_award:00000000000000017270,afe321bb67d65902c1fded695d6bfadb361c0d719f018cbdeb92922437de47ff,2025-03-31,https://contrataciondelestado.es/wps/poc?uri=deeplink%3Adetalle_licitacion&idEvl=GMwST0bM%2B1H%2Fa9DgO%2BoYKQ%3D%3D,BIOMEDICA DIVISION HOSPITLARIA SELECT SLU,B73912479,NIF,"Contrato basado en el Acuerdo Marco SCS 2020/60, para el suministro de agujas y jeringas en el Hospital Comarcal de Laredo.",BIOMEDICA DIVISION HOSPITLARIA SELECT SLU,Servicio Cántabro de Salud
3456,34.56,Servicio Cántabro de Salud,Q3900738J,https://contrataciondelestado.es/sindicacion/licitacionesPerfilContratante/16492702#13,13,evidence/62620bb62d0d66554154453d62c999c769527cbfa66bc8affe983f982adacdd9.xml,CB HL AM 2020/60 3,EUR,2025-01-02,62620bb62d0d66554154453d62c999c769527cbfa66bc8affe983f982adacdd9,2025-01-17T09:00:43.201+01:00,9,contract_award:00000000000000017271,afe321bb67d65902c1fded695d6bfadb361c0d719f018cbdeb92922437de47ff,2025-03-31,https://contrataciondelestado.es/wps/poc?uri=deeplink%3Adetalle_licitacion&idEvl=GMwST0bM%2B1H%2Fa9DgO%2BoYKQ%3D%3D,"VYGON, S.A.U.",A28536480,NIF,"Contrato basado en el Acuerdo Marco SCS 2020/60, para el suministro de agujas y jeringas en el Hospital Comarcal de Laredo.","VYGON, S.A.U.",Servicio Cántabro de Salud
5448464,54484.64,"Dirección General de Renfe Ingeniería y Mantenimiento Sociedad Mercantil Estatal, S.A.",A86868239,https://contrataciondelestado.es/sindicacion/licitacionesPerfilContratante/15701834#0,0,evidence/5290fe5879345a8770abd9c5dc052266bff2a5721fea32136995cb08d04cf7d0.xml,2024-03932,EUR,2025-01-02,5290fe5879345a8770abd9c5dc052266bff2a5721fea32136995cb08d04cf7d0,2025-01-16T11:32:11.079+01:00,,contract_award:00000000000000018464,b1e27d18cd9b83e486cbb46b1fa60d7ef2218d8f8264bf556c3d36de9f4ae12a,2025-03-31,https://contrataciondelestado.es/wps/poc?uri=deeplink%3Adetalle_licitacion&idEvl=VPv3Oxid2JZWhbmkna2nXQ%3D%3D,SKF Española S.A.,A28252260,NIF,Reparacion de rodam.tbu+rueda fonica s599 05800204,SKF Española S.A.,"Dirección General de Renfe Ingeniería y Mantenimiento Sociedad Mercantil Estatal, S.A."
70000,700,Gerencia de la Empresa Municipal Autobuses de Córdoba S.A. (AUCORSA),A14007074,https://contrataciondelestado.es/sindicacion/licitacionesPerfilContratante/16761792#0,0,evidence/0789ae042e1b3e79a1a6ed8f1001e4a55127740a8744a53561942eaefea88667.xml,Compra Derivada SDA 02/2023-1354,EUR,2025-01-02,0789ae042e1b3e79a1a6ed8f1001e4a55127740a8744a53561942eaefea88667,2025-02-25T08:06:01.787+01:00,1,contract_award:00000000000000072757,b7054d921bc510927ee4aadbb58ee0949a2af30c64d66632bb4de7dacc7f6e8e,2025-03-31,https://contrataciondelestado.es/wps/poc?uri=deeplink%3Adetalle_licitacion&idEvl=unbbo8sRcqv10HRJw8TEnQ%3D%3D,"Grupo Peña Automoción, S.L.U.",B14651046,NIF,"Suministro electroválvulas puerta, sensores y juegos placas puertas, válvula distribuidora puerta y varios de la categoría 13","Grupo Peña Automoción, S.L.U.",Gerencia de la Empresa Municipal Autobuses de Córdoba S.A. (AUCORSA)
6993270,69932.7,"Dirección General de Renfe Ingeniería y Mantenimiento Sociedad Mercantil Estatal, S.A.",A86868239,https://contrataciondelestado.es/sindicacion/licitacionesPerfilContratante/16430493#0,0,evidence/c1d499a110bf1ba914a5a7a16a684412617a2d585cfd5844dd57a70390058376.xml,2024-03443,EUR,2025-01-02,c1d499a110bf1ba914a5a7a16a684412617a2d585cfd5844dd57a70390058376,2025-01-07T09:25:31.128+01:00,,contract_award:00000000000000005301,b7f2a1e81f10e893d6e345e900cbedb17ee43c3f68bddbfe9aec18526158df36,2025-03-31,https://contrataciondelestado.es/wps/poc?uri=deeplink%3Adetalle_licitacion&idEvl=G1T4kwc9IS1Vq4S9zvaQpQ%3D%3D,"ALSTOM TRANSPORTE, S.A.U",A46598363,NIF,Suministro de interfonos 06585128 y 06585130,"ALSTOM TRANSPORTE, S.A.U","Dirección General de Renfe Ingeniería y Mantenimiento Sociedad Mercantil Estatal, S.A."
2251420,22514.2,Presidencia del Consorcio para el Servicio de Prevención y Extinción de Incendios y de Salvamento de la Provincia de Valencia,P4600022J,https://contrataciondelestado.es/sindicacion/licitacionesPerfilContratante/16416075#0,0,evidence/64243bb15a391e87b19e38050d64d678e51e8e5829a63d60fdd329f894e9d2f3.xml,2024/CON/S275/00852,EUR,2025-01-02,64243bb15a391e87b19e38050d64d678e51e8e5829a63d60fdd329f894e9d2f3,2025-01-03T13:51:50.482+01:00,,contract_award:00000000000000002091,ba400e2fd63a2132f243be009734eab3ec7636bebf434891166d83130a74b525,2025-03-31,https://contrataciondelestado.es/wps/poc?uri=deeplink%3Adetalle_licitacion&idEvl=%2Fug%2B11f2VkMUqXM96WStVA%3D%3D,STELLANTIS & YOU,A28278026,NIF,Contratación de emergencia de un vehículo tipo furgoneta mixta de carga/pasajeros,STELLANTIS & YOU,Presidencia del Consorcio para el Servicio de Prevención y Extinción de Incendios y de Salvamento de la Provincia de Valencia
11763200,117632,"Dirección General de Renfe Ingeniería y Mantenimiento Sociedad Mercantil Estatal, S.A.",A86868239,https://contrataciondelestado.es/sindicacion/licitacionesPerfilContratante/16481752#0,0,evidence/723dbf54a49c1a823b5d90cedef83c994a3674baf7ae5176213b550d04d6fa56.xml,2024-03268,EUR,2025-01-02,723dbf54a49c1a823b5d90cedef83c994a3674baf7ae5176213b550d04d6fa56,2025-01-16T11:21:27.773+01:00,,contract_award:00000000000000018498,c2d8df0052a872d4f6afe4d87b1e5f3c47135580101061ece69629d9750f256a,2025-03-31,https://contrataciondelestado.es/wps/poc?uri=deeplink%3Adetalle_licitacion&idEvl=LNy3kUF27ZWKeVWTb9Scog%3D%3D,GMF RAILWAY MAINTENANCE SERVIC S.L,B67348011,NIF,"Suministro de faldones, carenados de polieste (desiertas)",GMF RAILWAY MAINTENANCE SERVIC S.L,"Dirección General de Renfe Ingeniería y Mantenimiento Sociedad Mercantil Estatal, S.A."
420000,4200,"Dirección General de Renfe Ingeniería y Mantenimiento Sociedad Mercantil Estatal, S.A.",A86868239,https://contrataciondelestado.es/sindicacion/licitacionesPerfilContratante/16481752#1,1,evidence/723dbf54a49c1a823b5d90cedef83c994a3674baf7ae5176213b550d04d6fa56.xml,2024-03268,EUR,2025-01-02,723dbf54a49c1a823b5d90cedef83c994a3674baf7ae5176213b550d04d6fa56,2025-01-16T11:21:27.773+01:00,,contract_award:00000000000000018499,c2d8df0052a872d4f6afe4d87b1e5f3c47135580101061ece69629d9750f256a,2025-03-31,https://contrataciondelestado.es/wps/poc?uri=deeplink%3Adetalle_licitacion&idEvl=LNy3kUF27ZWKeVWTb9Scog%3D%3D,RAILWAY SPARE PARTS S.L.,B47759816,NIF,"Suministro de faldones, carenados de polieste (desiertas)",RAILWAY SPARE PARTS S.L.,"Dirección General de Renfe Ingeniería y Mantenimiento Sociedad Mercantil Estatal, S.A."
14990,149.9,Presidencia de la Asociación para el Desarrollo Rural de la Comarca de Guadix,G18530501,https://contrataciondelestado.es/sindicacion/licitacionesPerfilContratante/16777168#0,0,evidence/d1a2506547c357d512358eafe919f51d76ef5bcd9b5b62139a293f6c581e0f34.xml,PC-02_2025,EUR,2025-01-02,d1a2506547c357d512358eafe919f51d76ef5bcd9b5b62139a293f6c581e0f34,2025-02-26T12:30:22.911+01:00,,contract_award:00000000000000076325,ced0f7da81affce93b0b967fe93c2120d67ee6ced70b4ec9a51d25800bee4bc5,2025-03-31,https://contrataciondelestado.es/wps/poc?uri=deeplink%3Adetalle_licitacion&idEvl=tJgsX%2FMNKC68ebB%2FXTwy0A%3D%3D,Zoom Video Communications Inc,943185849,OTROS,"Suministro de software para la realización de reuniones telemáticas con grupos de interés, equipo técnico y con los órganos de decisión del GDR de Guadix",Zoom Video Communications Inc,Presidencia de la Asociación para el Desarrollo Rural de la Comarca de Guadix
595500,5955,"Consejo de Administración de Promociones e Iniciativas Municipales de Elche, S.A. (PIMESA)",A03475001,https://contrataciondelestado.es/sindicacion/licitacionesPerfilContratante/16919964#0,0,evidence/34ce0e8451ee504ebf1b55c8ca640dc8c9d22764ad31f4944d45877307e3f0a0.xml,2023/CSD/192,EUR,2025-01-02,34ce0e8451ee504ebf1b55c8ca640dc8c9d22764ad31f4944d45877307e3f0a0,2025-03-14T19:11:12.380+01:00,1,contract_award:00000000000000100590,d116c57efe1b7091c9d373331a149c0932250915b343969e61fbc4845b92dfaa,2025-03-31,https://contrataciondelestado.es/wps/poc?uri=deeplink%3Adetalle_licitacion&idEvl=vff9ym0o4%2B3XOjazN1Dw9Q%3D%3D,"Repsol Comercial de Productos Petrolíferos, S.A.",A80298839,NIF,"Suministro de combustible de automoción, Gasolina 98 Sin Plomo, para su venta en la Estación de Servicio, ubicada en la Estación de Autobuses de Elche gestionada por PIMESA.","Repsol Comercial de Productos Petrolíferos, S.A.","Consejo de Administración de Promociones e Iniciativas Municipales de Elche, S.A. (PIMESA)"
507727,5077.27,Servicio Cántabro de Salud,Q3900738J,https://contrataciondelestado.es/sindicacion/licitacionesPerfilContratante/16416225#0,0,evidence/29d113113103413dd468a1faf487827f020287af6ba7c1317dbd8dd0f7a35e0c.xml,CB HL AM 2021/110 1P 2 lote 6,EUR,2025-01-02,29d113113103413dd468a1faf487827f020287af6ba7c1317dbd8dd0f7a35e0c,2025-01-03T10:42:25.882+01:00,,contract_award:00000000000000002431,d86318e53e9f095bd1b45bc0f46ac39d816b9c93710dc3f0f100b0ec26630ec4,2025-03-31,https://contrataciondelestado.es/wps/poc?uri=deeplink%3Adetalle_licitacion&idEvl=LqecdeoFqqRVq4S9zvaQpQ%3D%3D,LABORATORIOS VIIV HEALTHCARE SL,B80207442,NIF,"Contrato basado en el Acuerdo Marco SCS 2021/110 (lote 6), para el suministro de medicamentos antivirales exclusivos en el Hospital Comarcal de Laredo.",LABORATORIOS VIIV HEALTHCARE SL,Servicio Cántabro de Salud
15235000,152350,"Dirección General de Renfe Ingeniería y Mantenimiento Sociedad Mercantil Estatal, S.A.",A86868239,https://contrataciondelestado.es/sindicacion/licitacionesPerfilContratante/15488492#0,0,evidence/fac4161ccfb1ac0eeab1e21fd6b37a3f6262fa49185c432c1524c1859bb013bd.xml,2024-03262,EUR,2025-01-02,fac4161ccfb1ac0eeab1e21fd6b37a3f6262fa49185c432c1524c1859bb013bd,2025-01-09T17:20:32.897+01:00,,contract_award:00000000000000007563,dac8e201840dc0d138ada8cef7fb5f778dae0f8998ec5f78fb8a867e1b20c9cf,2025-03-31,https://contrataciondelestado.es/wps/poc?uri=deeplink%3Adetalle_licitacion&idEvl=H8Fs%2B6mrKwacCF8sV%2BqtYA%3D%3D,"EPIDOR, S.A.",A08189359,NIF,Suministro de repuestos sistemáticos del fabricante alstom 2024-06,"EPIDOR, S.A.","Dirección General de Renfe Ingeniería y Mantenimiento Sociedad Mercantil Estatal, S.A."
6280000,62800,"Dirección General de Renfe Ingeniería y Mantenimiento Sociedad Mercantil Estatal, S.A.",A86868239,https://contrataciondelestado.es/sindicacion/licitacionesPerfilContratante/15488492#1,1,evidence/fac4161ccfb1ac0eeab1e21fd6b37a3f6262fa49185c432c1524c1859bb013bd.xml,2024-03262,EUR,2025-01-02,fac4161ccfb1ac0eeab1e21fd6b37a3f6262fa49185c432c1524c1859bb013bd,2025-01-09T17:20:32.897+01:00,,contract_award:00000000000000007564,dac8e201840dc0d138ada8cef7fb5f778dae0f8998ec5f78fb8a867e1b20c9cf,2025-03-31,https://contrataciondelestado.es/wps/poc?uri=deeplink%3Adetalle_licitacion&idEvl=H8Fs%2B6mrKwacCF8sV%2BqtYA%3D%3D,MECANIZADOS REYMA SL.,B80286784,NIF,Suministro de repuestos sistemáticos del fabricante alstom 2024-06,MECANIZADOS REYMA SL.,"Dirección General de Renfe Ingeniería y Mantenimiento Sociedad Mercantil Estatal, S.A."
873600,8736,"Dirección General de Renfe Ingeniería y Mantenimiento Sociedad Mercantil Estatal, S.A.",A86868239,https://contrataciondelestado.es/sindicacion/licitacionesPerfilContratante/15488492#2,2,evidence/fac4161ccfb1ac0eeab1e21fd6b37a3f6262fa49185c432c1524c1859bb013bd.xml,2024-03262,EUR,2025-01-02,fac4161ccfb1ac0eeab1e21fd6b37a3f6262fa49185c432c1524c1859bb013bd,2025-01-09T17:20:32.897+01:00,,contract_award:00000000000000007565,dac8e201840dc0d138ada8cef7fb5f778dae0f8998ec5f78fb8a867e1b20c9cf,2025-03-31,https://contrataciondelestado.es/wps/poc?uri=deeplink%3Adetalle_licitacion&idEvl=H8Fs%2B6mrKwacCF8sV%2BqtYA%3D%3D,"RAILWAY SPARE PARTS, S.L.",B47759816,NIF,Suministro de repuestos sistemáticos del fabricante alstom 2024-06,"RAILWAY SPARE PARTS, S.L.","Dirección General de Renfe Ingeniería y Mantenimiento Sociedad Mercantil Estatal, S.A."
1050292,10502.92,Servicio Cántabro de Salud,Q3900738J,https://contrataciondelestado.es/sindicacion/licitacionesPerfilContratante/16430504#0,0,evidence/50a8af2c7a73b64a2abd0961f90f647cb65beb04fed0dcd2dde0ee20854522c6.xml,CB HL AM 2021/064 2 lote 9,EUR,2025-01-02,50a8af2c7a73b64a2abd0961f90f647cb65beb04fed0dcd2dde0ee20854522c6,2025-01-07T08:54:05.203+01:00,,contract_award:00000000000000005390,e5faf492c2a89b0b2e8fd0ab679b474a2b2d1f3d6041ea4c95fbac5f6454cf31,2025-03-31,https://contrataciondelestado.es/wps/poc?uri=deeplink%3Adetalle_licitacion&idEvl=5q6mN6Ra6uTE6P%2FuLemXRw%3D%3D,Sandoz Farmaceutica,A08233801,NIF,"Contrato basado en el AM INGESA 2021/064, para el suministro respetuoso con el medio ambiente de medicamentos biológicos con biosimilares para el Hospital Comarcal de Laredo (lote 9 EPOETINA ALFA)",Sandoz Farmaceutica,Servicio Cántabro de Salud
6240000,62400,"Dirección General de Renfe Ingeniería y Mantenimiento Sociedad Mercantil Estatal, S.A.",A86868239,https://contrataciondelestado.es/sindicacion/licitacionesPerfilContratante/16459227#0,0,evidence/f4e9506860c81a41aec5357489e24a0b94e209cda2f06c7db42570dcffc49d19.xml,2024-04362,EUR,2025-01-02,f4e9506860c81a41aec5357489e24a0b94e209cda2f06c7db42570dcffc49d19,2025-01-14T09:42:38.329+01:00,,contract_award:00000000000000010149,e81458c3f0629212c35b813d69015a62f75d2c100c70b642ec4259fba7ca84dc,2025-03-31,https://contrataciondelestado.es/wps/poc?uri=deeplink%3Adetalle_licitacion&idEvl=CXJvsf08SQ8S7pcxhTeWOg%3D%3D,RALENTIZADORES TRANSFORMACION S.A.,A82380023,NIF,Suministro de disco de freno s334 04500034,RALENTIZADORES TRANSFORMACION S.A.,"Dirección General de Renfe Ingeniería y Mantenimiento Sociedad Mercantil Estatal, S.A."
142080,1420.8,Gerencia de la Empresa Municipal Autobuses de Córdoba S.A. (AUCORSA),A14007074,https://contrataciondelestado.es/sindicacion/licitacionesPerfilContratante/16761857#0,0,evidence/cc2fbcc85d6eca08efa1ede42d561a4ed12f740f010c0c2bd5624bd9bb4dc5ab.xml,Compra derivada SDA 02/2023-1344,EUR,2025-01-02,cc2fbcc85d6eca08efa1ede42d561a4ed12f740f010c0c2bd5624bd9bb4dc5ab,2025-02-24T16:40:41.692+01:00,1,contract_award:00000000000000072970,f316dca3b0100c516f52433f56be72a76edef6bf044e6b2320ffed20fb12511b,2025-03-31,https://contrataciondelestado.es/wps/poc?uri=deeplink%3Adetalle_licitacion&idEvl=sczC9dwmmCHgL1BHd3qjQA%3D%3D,"Codisa Turismos, S.A.",A14081095,NIF,"Suministro electroválvula puerta, motor accionamiento puerta central y varios cat-13","Codisa Turismos, S.A.",Gerencia de la Empresa Municipal Autobuses de Córdoba S.A. (AUCORSA)
159420,1594.2,Gerencia de la Empresa Municipal Autobuses de Córdoba S.A. (AUCORSA),A14007074,https://contrataciondelestado.es/sindicacion/licitacionesPerfilContratante/16761857#1,1,evidence/cc2fbcc85d6eca08efa1ede42d561a4ed12f740f010c0c2bd5624bd9bb4dc5ab.xml,Compra derivada SDA 02/2023-1344,EUR,2025-01-02,cc2fbcc85d6eca08efa1ede42d561a4ed12f740f010c0c2bd5624bd9bb4dc5ab,2025-02-24T16:40:41.692+01:00,1,contract_award:00000000000000072971,f316dca3b0100c516f52433f56be72a76edef6bf044e6b2320ffed20fb12511b,2025-03-31,https://contrataciondelestado.es/wps/poc?uri=deeplink%3Adetalle_licitacion&idEvl=sczC9dwmmCHgL1BHd3qjQA%3D%3D,"Grupo Peña Automoción, S.L.U.",B14651046,NIF,"Suministro electroválvula puerta, motor accionamiento puerta central y varios cat-13","Grupo Peña Automoción, S.L.U.",Gerencia de la Empresa Municipal Autobuses de Córdoba S.A. (AUCORSA)
29070,290.7,Gerencia de la Empresa Municipal Autobuses de Córdoba S.A. (AUCORSA),A14007074,https://contrataciondelestado.es/sindicacion/licitacionesPerfilContratante/16761857#2,2,evidence/cc2fbcc85d6eca08efa1ede42d561a4ed12f740f010c0c2bd5624bd9bb4dc5ab.xml,Compra derivada SDA 02/2023-1344,EUR,2025-01-02,cc2fbcc85d6eca08efa1ede42d561a4ed12f740f010c0c2bd5624bd9bb4dc5ab,2025-02-24T16:40:41.692+01:00,1,contract_award:00000000000000072972,f316dca3b0100c516f52433f56be72a76edef6bf044e6b2320ffed20fb12511b,2025-03-31,https://contrataciondelestado.es/wps/poc?uri=deeplink%3Adetalle_licitacion&idEvl=sczC9dwmmCHgL1BHd3qjQA%3D%3D,Atlas Bus S.L.,B27739879,NIF,"Suministro electroválvula puerta, motor accionamiento puerta central y varios cat-13",Atlas Bus S.L.,Gerencia de la Empresa Municipal Autobuses de Córdoba S.A. (AUCORSA)
110666,1106.66,Gerencia de la Empresa Municipal Autobuses de Córdoba S.A. (AUCORSA),A14007074,https://contrataciondelestado.es/sindicacion/licitacionesPerfilContratante/16761857#3,3,evidence/cc2fbcc85d6eca08efa1ede42d561a4ed12f740f010c0c2bd5624bd9bb4dc5ab.xml,Compra derivada SDA 02/2023-1344,EUR,2025-01-02,cc2fbcc85d6eca08efa1ede42d561a4ed12f740f010c0c2bd5624bd9bb4dc5ab,2025-02-24T16:40:41.692+01:00,1,contract_award:00000000000000072973,f316dca3b0100c516f52433f56be72a76edef6bf044e6b2320ffed20fb12511b,2025-03-31,https://contrataciondelestado.es/wps/poc?uri=deeplink%3Adetalle_licitacion&idEvl=sczC9dwmmCHgL1BHd3qjQA%3D%3D,"CBM IBÉRICA, S.L.",B85631083,NIF,"Suministro electroválvula puerta, motor accionamiento puerta central y varios cat-13","CBM IBÉRICA, S.L.",Gerencia de la Empresa Municipal Autobuses de Córdoba S.A. (AUCORSA)
10400000,104000,"Dirección General de IBERMUTUA, Mutua Colaboradora con la Seguridad Social nº 274",G81939217,https://contrataciondelestado.es/sindicacion/licitacionesPerfilContratante/16118739#0,0,evidence/90cc92dd8f3c7378ee8d6957cf0850e260fa7d09ddd13de50b65e90a0b0b35ab.xml,CG-2025/2801/0008,EUR,2025-01-02,90cc92dd8f3c7378ee8d6957cf0850e260fa7d09ddd13de50b65e90a0b0b35ab,2025-01-02T09:56:52.254+01:00,,contract_award:00000000000000000661,f6f972be3f863d8eb744f5472ff2a022c6b195db591cdf99008a6fdf584a2b03,2025-03-31,https://contrataciondelestado.es/wps/poc?uri=deeplink%3Adetalle_licitacion&idEvl=ZDmJS2HIiOPLIx6q1oPaMg%3D%3D,TROMP MEDICAL S.L.U.,B02902989,NIF,Suministro e instalación de un equipo de rayos x para el centro de Vigo de IBERMUTUA,TROMP MEDICAL S.L.U.,"Dirección General de IBERMUTUA, Mutua Colaboradora con la Seguridad Social nº 274"
200000,2000,Junta de Gobierno del Ayuntamiento de León,P2409100A,https://contrataciondelestado.es/sindicacion/licitacionesPerfilContratante/16176049#0,0,evidence/c502a3e9b9635cee7b3904c794e18e52da0a291e790d9a33ceb888a6f5a0c29d.xml,CON2024131,EUR,2025-01-03,c502a3e9b9635cee7b3904c794e18e52da0a291e790d9a33ceb888a6f5a0c29d,2025-01-20T12:58:54.706+01:00,1,contract_award:00000000000000022026,00f26c90f14f57e578a106c75116ddc99c09d5618f064c230b43469b0d74336a,2025-03-31,https://contrataciondelestado.es/wps/poc?uri=deeplink%3Adetalle_licitacion&idEvl=PJM5t%2B57dvXIGlsa0Wad%2Bw%3D%3D,"PELUQUERIAS VALLINA, S.L.",B33045188,NIF,Servicio de caracterización cabalgata Reyes Magos,"PELUQUERIAS VALLINA, S.L. ",Junta de Gobierno del Ayuntamiento de León
4560000,45600,Departamento de Salud La Fe. Dirección Económica-Gerencia,S4611001A,https://contrataciondelestado.es/sindicacion/licitacionesPerfilContratante/15226814#0,0,evidence/a0ce384442601bff41a074c0b2256fa3cc292b96adb7fd205e462cfae67993e8.xml,959/2024,EUR,2025-01-03,a0ce384442601bff41a074c0b2256fa3cc292b96adb7fd205e462cfae67993e8,2025-02-06T13:13:01.285+01:00,,contract_award:00000000000000048649,02f502a274fe6c15ac53fa24873278bc87d76d462234e3d2de426444704204ab,2025-03-31,https://contrataciondelestado.es/wps/poc?uri=deeplink%3Adetalle_licitacion&idEvl=Tp%2Fosp%2FqsMMadbH3CysQuQ%3D%3D,BECTON DICKINSON DISPENSING SPAIN SLU,B92465343,NIF,mantenimiento de los Robots de Almacenamiento y Dispensación de Medicamentos BD-ROWA del Hospital Universitari i Politècnic La Fe,BECTON DICKINSON DISPENSING SPAIN SLU,Departamento de Salud La Fe. Dirección Económica-Gerencia
4529462,45294.62,Alcaldía del Ayuntamiento de Genovés,P4613400C,https://contrataciondelestado.es/sindicacion/licitacionesPerfilContratante/17403218#0,0,evidence/995d751a467bef55a980ceedfb0c7eb6afe1385ea64489d693d2f8c433bbba6c.xml,1021/2024,EUR,2025-01-03,995d751a467bef55a980ceedfb0c7eb6afe1385ea64489d693d2f8c433bbba6c,2025-06-03T12:15:35.783+02:00,,contract_award:00000000000000217699,03af702b09d32cd7f0a9fb1851fccb93d1c7e36b3c119657c95309970039c7a8,2025-06-30,https://contrataciondelestado.es/wps/poc?uri=deeplink%3Adetalle_licitacion&idEvl=ykLaF9UwWfTLIx6q1oPaMg%3D%3D,"GAS NATURAL COMERCIALIZADORA, S.A.",A61797536,OTROS,Contrato basado en el acuerdo marco para el suministro de gas a través de la Central de Contratación de la Diputación de València (AM 7/23CSI).,"GAS NATURAL COMERCIALIZADORA, S.A.",Alcaldía del Ayuntamiento de Genovés
5490000,54900,Alcaldía del Ayuntamiento de Ayerbe,P2204900A,https://contrataciondelestado.es/sindicacion/licitacionesPerfilContratante/16245767#0,0,evidence/1a5a3dd8531ef56d7225cb166fabc0ca7ecaa429e962f7d658f83d667f54d146.xml,1404530M,EUR,2025-01-03,1a5a3dd8531ef56d7225cb166fabc0ca7ecaa429e962f7d658f83d667f54d146,2025-01-16T11:04:38.942+01:00,,contract_award:00000000000000018550,0952eafc3541ac75b9b702dbc10787c0760ca8c6eec40f0e0bba98ab95df8d50,2025-03-31,https://contrataciondelestado.es/wps/poc?uri=deeplink%3Adetalle_licitacion&idEvl=xZlMok8zZBCcCF8sV%2BqtYA%3D%3D,SERVICIOS ELECTRICOS SyB S.L.,B22410120,NIF,Acondicionamiento interior de piso en planta PRIMERA DERECHA en vivienda municipal sita en Avenida Estación núm 10 de Ayerbe (Huesca),SERVICIOS ELECTRICOS SyB S.L.,Alcaldía del Ayuntamiento de Ayerbe
51898000,518980,"Dirección General de la Mutual Midat Cyclops, Mutua Colaboradora con la Seguridad Social, nº 1",G64172513,https://contrataciondelestado.es/sindicacion/licitacionesPerfilContratante/15047882#1,1,evidence/0a7cdcd5e2ccb3b024c2e600a71fa3d724bb8c7209775c6b99e4083f22ca33b8.xml,N202400337,EUR,2025-01-03,0a7cdcd5e2ccb3b024c2e600a71fa3d724bb8c7209775c6b99e4083f22ca33b8,2025-02-19T09:08:35.321+01:00,,contract_award:00000000000000064266,156a8c02e0b80d05dde5b2f918edec7eec40edf10392969003f95f43ce4a26dc,2025-03-31,https://contrataciondelestado.es/wps/poc?uri=deeplink%3Adetalle_licitacion&idEvl=BJlJa5zWGqs7u6%2B%2FR7DUoA%3D%3D,UTE COVISAM IDM,306984,UTE,Las obras de adecuación de un local situado en Avenida de Vigo N.º 59 para Mutual Cyclops,UTE COVISAM IDM,"Dirección General de la Mutual Midat Cyclops, Mutua Colaboradora con la Seguridad Social, nº 1"
4800000,48000,Presidencia del Cabildo Insular de La Gomera,P3800004H,https://contrataciondelestado.es/sindicacion/licitacionesPerfilContratante/16245691#0,0,evidence/96f8ccd5a9040faa6d0e48268275236103ee3899d2ea7860e162d1f602ceca01.xml,3731/2024,EUR,2025-01-03,96f8ccd5a9040faa6d0e48268275236103ee3899d2ea7860e162d1f602ceca01,2025-01-07T09:18:01.521+01:00,,contract_award:00000000000000005318,16f6949f5fa9308132e414ed45263b4760072df596e32f33a4901cac276fdd38,2025-03-31,https://contrataciondelestado.es/wps/poc?uri=deeplink%3Adetalle_licitacion&idEvl=BPpVDHLq9hDyoM4us5k4vw%3D%3D,FORMAS NIVARIA S.L.,B76512656,NIF,dar continuidad a los servicios mínimos de promoción de la autonomía mientras se procede a adjudicar y formalizar el contrato referente al nuevo expediente tramitado de este servicio,FORMAS NIVARIA S.L.,Presidencia del Cabildo Insular de La Gomera
7566020,75660.2,Alcaldía del Ayuntamiento de Altura,P1201200A,https://contrataciondelestado.es/sindicacion/licitacionesPerfilContratante/16246265#0,0,evidence/8003ccfc328982e0223f77cd704a2c9835075e4a4a4e9de42c6a63a357f7e20c.xml,1383/2024,EUR,2025-01-03,8003ccfc328982e0223f77cd704a2c9835075e4a4a4e9de42c6a63a357f7e20c,2025-01-08T12:28:25.277+01:00,,contract_award:00000000000000003742,1f8224caf4a34ad201a6b7bd9b64ffd3c23cee8eaa74684666b7d1a65154ad52,2025-03-31,https://contrataciondelestado.es/wps/poc?uri=deeplink%3Adetalle_licitacion&idEvl=JjE0kfvJUIE%2B1TMyIiZmzw%3D%3D,PROMOCIONES Y CONSTRUCCIONES GARMIFE SL,B12514824,NIF,Vallado e iluminación de parcela municipal para parque accesible,PROMOCIONES Y CONSTRUCCIONES GARMIFE SL,Alcaldía del Ayuntamiento de Altura
11625000,116250,Dirección General de Atención Humanitaria y del Sistema de Acogida de Protección Internacional,S2801449F,https://contrataciondelestado.es/sindicacion/licitacionesPerfilContratante/17525833#0,0,evidence/1168f4cb821140a2a9187b1c538538cea0011cde240fe33e1ae0f0967127fb90.xml,2025EMC00301,EUR,2025-01-03,1168f4cb821140a2a9187b1c538538cea0011cde240fe33e1ae0f0967127fb90,2025-06-23T13:31:54.668+02:00,,contract_award:00000000000000250694,26829eee7f661aa11db9ddc5d8f2f597dd2d483719a0b3050bdbdccf15baa8d2,2025-06-30,https://contrataciondelestado.es/wps/poc?uri=deeplink%3Adetalle_licitacion&idEvl=mv%2B%2FnxQ1WaPi0Kd8%2Brcp6w%3D%3D,COMISIÓN ESPAÑOLA DE AYUDA AL REFUGIADO,G28651529,NIF,Prestación de servicios relativos a 50 plazas,COMISIÓN ESPAÑOLA DE AYUDA AL REFUGIADO,Dirección General de Atención Humanitaria y del Sistema de Acogida de Protección Internacional
6950000,69500,Intendente de San Fernando,S1115005I,https://contrataciondelestado.es/sindicacion/licitacionesPerfilContratante/16164903#0,0,evidence/fc285d4d531622c5b535021f306fd86349ae8bb162b1cdbeef5dfdbde7d4e73b.xml,2024/AR43U/00002743E,EUR,2025-01-03,fc285d4d531622c5b535021f306fd86349ae8bb162b1cdbeef5dfdbde7d4e73b,2025-06-06T17:37:02.003+02:00,,contract_award:00000000000000228751,36c5e4935e3323e55fd2d0c3c8fd5842002c565aaaed1a8a931be828a0353094,2025-06-30,https://contrataciondelestado.es/wps/poc?uri=deeplink%3Adetalle_licitacion&idEvl=IuAjNMlipbDs%2BnLj3vAg5A%3D%3D,AUTOBUSES RICO S.A.,A11028313,NIF,T.A. 2025 - PAN3 - Contratación del servicio de transporte de personal por carretera para atender demandas de BUIs apoyados por PAN3,AUTOBUSES RICO S.A.,Intendente de San Fernando
19890,198.9,Gerencia de la Empresa Municipal Autobuses de Córdoba S.A. (AUCORSA),A14007074,https://contrataciondelestado.es/sindicacion/licitacionesPerfilContratante/16761814#0,0,evidence/78c40c645a8c8f0ccf2d7dbcbe41071d07f5c0e030b043eb9cd25daef0b820a8.xml,Compra Derivada SDA 02/2023-1350,EUR,2025-01-03,78c40c645a8c8f0ccf2d7dbcbe41071d07f5c0e030b043eb9cd25daef0b820a8,2025-02-25T07:29:53.987+01:00,1,contract_award:00000000000000072840,39a6705800c82419cdafd44b129c76592617de18ce57cf65f50bbef3a61f90fb,2025-03-31,https://contrataciondelestado.es/wps/poc?uri=deeplink%3Adetalle_licitacion&idEvl=E0DZSlmcREKAAM7L03kM8A%3D%3D,"Codisa Turismos, S.A.",A14081095,NIF,"Suministro Toberas salida aire, bisagras varias y martillos emergencia","Codisa Turismos, S.A.",Gerencia de la Empresa Municipal Autobuses de Córdoba S.A. (AUCORSA)
39274,392.74,Gerencia de la Empresa Municipal Autobuses de Córdoba S.A. (AUCORSA),A14007074,https://contrataciondelestado.es/sindicacion/licitacionesPerfilContratante/16761814#1,1,evidence/78c40c645a8c8f0ccf2d7dbcbe41071d07f5c0e030b043eb9cd25daef0b820a8.xml,Compra Derivada SDA 02/2023-1350,EUR,2025-01-03,78c40c645a8c8f0ccf2d7dbcbe41071d07f5c0e030b043eb9cd25daef0b820a8,2025-02-25T07:29:53.987+01:00,1,contract_award:00000000000000072841,39a6705800c82419cdafd44b129c76592617de18ce57cf65f50bbef3a61f90fb,2025-03-31,https://contrataciondelestado.es/wps/poc?uri=deeplink%3Adetalle_licitacion&idEvl=E0DZSlmcREKAAM7L03kM8A%3D%3D,"CBM IBÉRICA, S.L.",B85631083,NIF,"Suministro Toberas salida aire, bisagras varias y martillos emergencia","CBM IBÉRICA, S.L.",Gerencia de la Empresa Municipal Autobuses de Córdoba S.A. (AUCORSA)
7762590,77625.9,"Dirección General de Renfe Viajeros Sociedad Mercantil Estatal, S.A.",A86868189,https://contrataciondelestado.es/sindicacion/licitacionesPerfilContratante/16425380#0,0,evidence/f679ac3c226d21bd3e88e0b5627e03f02b65b2a55fc1d727c84c8ce7c90724e3.xml,2024-05799,EUR,2025-01-03,f679ac3c226d21bd3e88e0b5627e03f02b65b2a55fc1d727c84c8ce7c90724e3,2025-01-07T10:52:24.127+01:00,,contract_award:00000000000000004979,3c9a676f7a30e82adf66354c31dd8a6a2a74a16677967b3699bd1301c49c9f9d,2025-03-31,https://contrataciondelestado.es/wps/poc?uri=deeplink%3Adetalle_licitacion&idEvl=Rr6Ir8SYJaAeIBJRHQiPkQ%3D%3D,CIBES LIFT IBERICA S.L.,B87216925,NIF,Servcio para la modernización de tres plataformas de elevación en la estacion de cercanías de utrera por nueva normativa,CIBES LIFT IBERICA S.L.,"Dirección General de Renfe Viajeros Sociedad Mercantil Estatal, S.A."
389441,3894.41,Gerencia del Hospital Intermutual de Levante,G46052924,https://contrataciondelestado.es/sindicacion/licitacionesPerfilContratante/16416100#0,0,evidence/608a8f178c6229d747c4b0875ec5f8c4c547796fdd16e1f87856008dfbb52750.xml,HIL/2023/01/F/003-13,EUR,2025-01-03,608a8f178c6229d747c4b0875ec5f8c4c547796fdd16e1f87856008dfbb52750,2025-01-03T13:32:13.131+01:00,1,contract_award:00000000000000002133,3d88d6942fbbca6d13351082b296ac02a6ce6749e6b9fc0cfb97d6a33983731e,2025-03-31,https://contrataciondelestado.es/wps/poc?uri=deeplink%3Adetalle_licitacion&idEvl=o3M5zfR%2B9xV9Zh%2FyRJgM8w%3D%3D,ESPERANZA CUELLO SUMINISTROS DE OFICINA S.L.,B97408728,NIF,Adquisición de material de oficina,ESPERANZA CUELLO SUMINISTROS DE OFICINA S.L.,Gerencia del Hospital Intermutual de Levante
33324,333.24,Gerencia de la Empresa Municipal Autobuses de Córdoba S.A. (AUCORSA),A14007074,https://contrataciondelestado.es/sindicacion/licitacionesPerfilContratante/16761812#0,0,evidence/7fe45f444799cf64522928a286ad5a82fd268e8a02eba3ab9e8e959eb766c2f4.xml,Compra Derivada SDA 02/2023-1351,EUR,2025-01-03,7fe45f444799cf64522928a286ad5a82fd268e8a02eba3ab9e8e959eb766c2f4,2025-02-25T07:37:49.565+01:00,1,contract_award:00000000000000072834,44481eb5db648c683a1049282d63e095193842c8edc43f54d9f34db785c8bb21,2025-03-31,https://contrataciondelestado.es/wps/poc?uri=deeplink%3Adetalle_licitacion&idEvl=ndgqwGFTyhsaF6cS8TCh%2FA%3D%3D,"CBM IBÉRICA, S.L.",B85631083,NIF,"Suministro silentblocks soporte delanteros, izquierdo y derecho motor IVECO","CBM IBÉRICA, S.L.",Gerencia de la Empresa Municipal Autobuses de Córdoba S.A. (AUCORSA)
26360,263.6,Alcaldía del Ayuntamiento de Torremolinos,P2910300I,https://contrataciondelestado.es/sindicacion/licitacionesPerfilContratante/16436545#0,0,evidence/460ddb5d2f8b06d5f844d02062d19088924d19b32f6ba92970097f9442a7508d.xml,24171/2024,EUR,2025-01-03,460ddb5d2f8b06d5f844d02062d19088924d19b32f6ba92970097f9442a7508d,2025-01-09T13:18:12.770+01:00,,contract_award:00000000000000007640,4a1b26e04d035621c6017486738b8fdadc8089ba6b8edb8af5f5ff32d7e03aee,2025-03-31,https://contrataciondelestado.es/wps/poc?uri=deeplink%3Adetalle_licitacion&idEvl=ysUCKlUnodKGCFcHcNGIlQ%3D%3D,TREBOLUZ S.L,B18298679,OTROS,Suministro de material eléctrico para mantenimiento Casa Consistorial,TREBOLUZ S.L,Alcaldía del Ayuntamiento de Torremolinos
9122132,91221.32,Consejo de Administración de la Empresa Municipal de Aguas de Gijón SA,A33604729,https://contrataciondelestado.es/sindicacion/licitacionesPerfilContratante/16430441#0,0,evidence/9722a9217449c12b9fee5a8282f4ec940cd95344db5db5df951ab584fef11c1b.xml,CB00008/1164Z/2024,EUR,2025-01-03,9722a9217449c12b9fee5a8282f4ec940cd95344db5db5df951ab584fef11c1b,2025-01-08T08:45:32.537+01:00,,contract_award:00000000000000004299,5ea89d98b956a7df768bce968265daf60cd98ecebeb5561bde75b7944363cf86,2025-03-31,https://contrataciondelestado.es/wps/poc?uri=deeplink%3Adetalle_licitacion&idEvl=MGxqqxzhX%2B%2FXOjazN1Dw9Q%3D%3D,"OBRAS GENERALES DEL NORTE, S.A.",A33208505,NIF,Contrato basado para la realización de las obras de ampliación de las redes de abastecimiento y saneamiento en el entorno del camino de Las Salvias (Somió - Gijón),"OBRAS GENERALES DEL NORTE, S.A.",Consejo de Administración de la Empresa Municipal de Aguas de Gijón SA
2263477,22634.77,Consejo Rector del Patronato Municipal de Deportes de La Rinconada,P9108102F,https://contrataciondelestado.es/sindicacion/licitacionesPerfilContratante/16208336#0,0,evidence/8e979d027bc724ac0090acc54bb440d5a5d719cccb9a849a9af83fd21957f052.xml,401/2024,EUR,2025-01-03,8e979d027bc724ac0090acc54bb440d5a5d719cccb9a849a9af83fd21957f052,2025-03-31T11:04:02.511+02:00,1,contract_award:00000000000000118958,6111b7b3ddfa2f8f2955296b9d82854ffbe3e8f203a6b5eb95e1c54c4098fe58,2025-03-31,https://contrataciondelestado.es/wps/poc?uri=deeplink%3Adetalle_licitacion&idEvl=yRQK4iGaGeNQFSeKCRun4Q%3D%3D,"REVESAN REHABILITACIONES Y CONSTRUCCIONES, S.L",B90187014,NIF,Obras de acondicionamiento redes de aguas de riego en instalaciones deportivas municipales de La Rinconada.,"REVESAN REHABILITACIONES Y CONSTRUCCIONES, S.L",Consejo Rector del Patronato Municipal de Deportes de La Rinconada
1499555,14995.55,Gerencia de Atención Primaria del Área de Salud de Gran Canaria,Q8555011I,https://contrataciondelestado.es/sindicacion/licitacionesPerfilContratante/16416073#0,0,evidence/5f6ede8ed52549c535d8bf07077429b848522295af01bd86ef5bd288f8343e0f.xml,60/24/SD/GE/C9/0064,EUR,2025-01-03,5f6ede8ed52549c535d8bf07077429b848522295af01bd86ef5bd288f8343e0f,2025-01-03T13:52:31.078+01:00,1,contract_award:00000000000000002089,624a9d10b52c96b65c269a60c89450f6eaf70ba5628b7305924fad16a8701609,2025-03-31,https://contrataciondelestado.es/wps/poc?uri=deeplink%3Adetalle_licitacion&idEvl=TgNOWKDMVhv%2Fa9DgO%2BoYKQ%3D%3D,"Textil Planas Oliveras, S.A.",A08564502,NIF,Compresa rectilínea cosida o remallada 4 telas,"Textil Planas Oliveras, S.A.",Gerencia de Atención Primaria del Área de Salud de Gran Canaria
101400,1014,Gerencia de la Empresa Municipal Autobuses de Córdoba S.A. (AUCORSA),A14007074,https://contrataciondelestado.es/sindicacion/licitacionesPerfilContratante/16761835#0,0,evidence/df25db389e5bd1db58b794aef1de1c992d9995dc4c2b9bc1f02d0a5a4e118138.xml,Compra Derivada SDA 02/2023-1348,EUR,2025-01-03,df25db389e5bd1db58b794aef1de1c992d9995dc4c2b9bc1f02d0a5a4e118138,2025-02-24T19:28:17.624+01:00,1,contract_award:00000000000000072922,6d451aea07f2ee86ce31e4efb81a41d227a0048b339417c6f33540115b64dc87,2025-03-31,https://contrataciondelestado.es/wps/poc?uri=deeplink%3Adetalle_licitacion&idEvl=RMrimna0%2BTxQFSeKCRun4Q%3D%3D,"CBM IBÉRICA, S.L.",B85631083,NIF,Suministro consola mando climatizador y juegos reparación rodamiento embrague polea compresor,"CBM IBÉRICA, S.L.",Gerencia de la Empresa Municipal Autobuses de Córdoba S.A. (AUCORSA)
1259076,12590.76,Hulleras del Norte S.A.,A28185684,https://contrataciondelestado.es/sindicacion/licitacionesPerfilContratante/15770629#0,0,evidence/501976c4b9e79368146fe0b1c8c924ddccfd536008ec722163675bc5e1d48339.xml,C-4350-24/D-3601,EUR,2025-01-03,501976c4b9e79368146fe0b1c8c924ddccfd536008ec722163675bc5e1d48339,2025-01-03T11:31:47.445+01:00,,contract_award:00000000000000002355,74a6313b7ceeca98ddb7697466caf5310365ebab9ebbbc464dbe5dba21a1ed4f,2025-03-31,https://contrataciondelestado.es/wps/poc?uri=deeplink%3Adetalle_licitacion&idEvl=Dx8gyUIKNTY%2FbjW6njtWLw%3D%3D,"SAFETY KLEEN ESPAÑA, S.A.",A78099660,NIF,Mantenimiento y servicio integral de equipos de limpieza y desengrase de piezas de taller. Dpto. de Medio Ambiente,"SAFETY KLEEN ESPAÑA, S.A.",Hulleras del Norte S.A.
743628,7436.28,"Dirección General de Renfe Viajeros Sociedad Mercantil Estatal, S.A.",A86868189,https://contrataciondelestado.es/sindicacion/licitacionesPerfilContratante/16440011#0,0,evidence/6e0e1853ef68ac2f0c749abb83ce2e225519b0273fecdd730fa0c29ec3847455.xml,2024-05560,EUR,2025-01-03,6e0e1853ef68ac2f0c749abb83ce2e225519b0273fecdd730fa0c29ec3847455,2025-01-10T11:26:55.175+01:00,,contract_award:00000000000000006910,7b7e695625d846b99d53664940a0aaa027388e64af92f089b709a5244cf39c5c,2025-03-31,https://contrataciondelestado.es/wps/poc?uri=deeplink%3Adetalle_licitacion&idEvl=BtxzdpS75J710HRJw8TEnQ%3D%3D,CLECE S.A.,A80364243,NIF,"Servicio limpieza trenes, locomotoras, dependencias y estaciones zona este",CLECE S.A.,"Dirección General de Renfe Viajeros Sociedad Mercantil Estatal, S.A."
2299300,22993,"Dirección General de Renfe Viajeros Sociedad Mercantil Estatal, S.A.",A86868189,https://contrataciondelestado.es/sindicacion/licitacionesPerfilContratante/16436543#0,0,evidence/7e664d1b224add8012a9c4d151ed25793caa480729161d70af9e9d7946dc401a.xml,2024-05072,EUR,2025-01-03,7e664d1b224add8012a9c4d151ed25793caa480729161d70af9e9d7946dc401a,2025-01-09T13:18:46.322+01:00,,contract_award:00000000000000007638,8a01e43353b7d2af1a133be485dc640bbb9510b532d5f576767d55ce01fa7c8f,2025-03-31,https://contrataciondelestado.es/wps/poc?uri=deeplink%3Adetalle_licitacion&idEvl=8WQ1ifcy6OeOUi78BmzhOQ%3D%3D,TRANSVIA S.L.,B46036398,NIF,Servicio de desplazamiento de personal operativo en alcoi de la gerencia de área de servicio público este,TRANSVIA S.L.,"Dirección General de Renfe Viajeros Sociedad Mercantil Estatal, S.A."
