link_key,fragment_id,norm_id,boe_id_context,delegated_institution_label,designated_role_title,query,query_variant,search_url,candidate_rank,candidate_score,candidate_boe_id,candidate_doc_url,candidate_publication_date,candidate_department,candidate_title,candidate_person_hint,match_institution,match_role
delegated_enforcement_v1|es:boe-a-1994-8985:fragment:articulo:bloque-procedimental-sancionador|Ministerio competente en trafico|DGT|Unidad sancionadora DGT|https://www.boe.es/buscar/act.php?id=BOE-A-1994-8985,es:boe-a-1994-8985:fragment:articulo:bloque-procedimental-sancionador,es:boe-a-1994-8985,BOE-A-1994-8985,DGT,Subdireccion de Gestion de Sanciones,nombramiento Dirección General de Tráfico,2,https://www.boe.es/buscar/boe.php?campo[1]=TITULOS&dato[1]=nombramiento%20Direcci%C3%B3n%20General%20de%20Tr%C3%A1fico&accion=Buscar&sort_field[0]=FPU&sort_order[0]=desc,1,29,BOE-A-2003-23115,https://www.boe.es/buscar/doc.php?id=BOE-A-2003-23115,17/12/2003,Ministerio del Interior,"Orden INT/3514/2003, de 5 de diciembre, por la que se dispone el nombramiento de don Mariano Fernández Fernández como Subdirector General de Normativa y Recursos de la Dirección General de Tráfico.",Mariano Fernández Fernández,1,0
delegated_enforcement_v1|es:boe-a-1994-8985:fragment:articulo:bloque-procedimental-sancionador|Ministerio competente en trafico|DGT|Unidad sancionadora DGT|https://www.boe.es/buscar/act.php?id=BOE-A-1994-8985,es:boe-a-1994-8985:fragment:articulo:bloque-procedimental-sancionador,es:boe-a-1994-8985,BOE-A-1994-8985,DGT,Subdireccion de Gestion de Sanciones,nombramiento Dirección General de Tráfico,2,https://www.boe.es/buscar/boe.php?campo[1]=TITULOS&dato[1]=nombramiento%20Direcci%C3%B3n%20General%20de%20Tr%C3%A1fico&accion=Buscar&sort_field[0]=FPU&sort_order[0]=desc,2,28,BOE-A-1997-2771,https://www.boe.es/buscar/doc.php?id=BOE-A-1997-2771,08/02/1997,Ministerio del Interior,Orden de 24 de enero de 1997 por la que se dispone el nombramiento de don Ventura Hernando Barberán como Subdirector general de Legislación y Recursos de la Dirección General de Tráfico.,Ventura Hernando Barberán,1,0
delegated_enforcement_v1|es:boe-a-1994-8985:fragment:articulo:bloque-procedimental-sancionador|Ministerio competente en trafico|DGT|Unidad sancionadora DGT|https://www.boe.es/buscar/act.php?id=BOE-A-1994-8985,es:boe-a-1994-8985:fragment:articulo:bloque-procedimental-sancionador,es:boe-a-1994-8985,BOE-A-1994-8985,DGT,Subdireccion de Gestion de Sanciones,nombramiento Dirección General de Tráfico,2,https://www.boe.es/buscar/boe.php?campo[1]=TITULOS&dato[1]=nombramiento%20Direcci%C3%B3n%20General%20de%20Tr%C3%A1fico&accion=Buscar&sort_field[0]=FPU&sort_order[0]=desc,3,27,BOE-A-1996-25171,https://www.boe.es/buscar/doc.php?id=BOE-A-1996-25171,13/11/1996,Ministerio del Interior,"Orden de 29 de octubre de 1996 por la que se dispone el nombramiento de doña Enriqueta Zepeda Aguilar, como Secretaría general, de la Dirección General de Tráfico.",Enriqueta Zepeda Aguilar,1,0
delegated_enforcement_v1|es:boe-a-1994-8985:fragment:articulo:bloque-procedimental-sancionador|Ministerio competente en trafico|DGT|Unidad sancionadora DGT|https://www.boe.es/buscar/act.php?id=BOE-A-1994-8985,es:boe-a-1994-8985:fragment:articulo:bloque-procedimental-sancionador,es:boe-a-1994-8985,BOE-A-1994-8985,DGT,Subdireccion de Gestion de Sanciones,nombramiento Dirección General de Tráfico,2,https://www.boe.es/buscar/boe.php?campo[1]=TITULOS&dato[1]=nombramiento%20Direcci%C3%B3n%20General%20de%20Tr%C3%A1fico&accion=Buscar&sort_field[0]=FPU&sort_order[0]=desc,4,26,BOE-A-1990-16923,https://www.boe.es/buscar/doc.php?id=BOE-A-1990-16923,17/07/1990,Ministerio del Interior,"Resolución de 1 de julio de 1990, de la Subsecretaría, por la que se hace público el nombramiento, por el sistema de libre designación, del funcionario don Eduardo Berzosa Alonso-Martínez para el puesto de trabajo de Subdirector general adjunto de Personal de la Dirección General de Tráfico.",,1,0
delegated_enforcement_v1|es:boe-a-1994-8985:fragment:articulo:bloque-procedimental-sancionador|Ministerio competente en trafico|DGT|Unidad sancionadora DGT|https://www.boe.es/buscar/act.php?id=BOE-A-1994-8985,es:boe-a-1994-8985:fragment:articulo:bloque-procedimental-sancionador,es:boe-a-1994-8985,BOE-A-1994-8985,DGT,Subdireccion de Gestion de Sanciones,nombramiento Dirección General de Tráfico,2,https://www.boe.es/buscar/boe.php?campo[1]=TITULOS&dato[1]=nombramiento%20Direcci%C3%B3n%20General%20de%20Tr%C3%A1fico&accion=Buscar&sort_field[0]=FPU&sort_order[0]=desc,5,25,BOE-A-1985-13094,https://www.boe.es/buscar/doc.php?id=BOE-A-1985-13094,05/07/1985,"Ministerio de Transportes, Turismo y Comunicaciones","Orden de 28 de junio de 1985 por la que se dispone el nombramiento como Subdirector general de Tráfico Marítimo, en la Dirección General de la Marina Mercante, de don Miguel Hernández Hernández.",Miguel Hernández Hernández,1,0
delegated_enforcement_v1|es:boe-a-1994-8985:fragment:articulo:bloque-procedimental-sancionador|Ministerio competente en trafico|DGT|Unidad sancionadora DGT|https://www.boe.es/buscar/act.php?id=BOE-A-1994-8985,es:boe-a-1994-8985:fragment:articulo:bloque-procedimental-sancionador,es:boe-a-1994-8985,BOE-A-1994-8985,DGT,Subdireccion de Gestion de Sanciones,nombramiento Dirección General de Tráfico,2,https://www.boe.es/buscar/boe.php?campo[1]=TITULOS&dato[1]=nombramiento%20Direcci%C3%B3n%20General%20de%20Tr%C3%A1fico&accion=Buscar&sort_field[0]=FPU&sort_order[0]=desc,6,24,BOE-A-1983-28146,https://www.boe.es/buscar/doc.php?id=BOE-A-1983-28146,26/10/1983,Ministerio del Interior,Orden de 13 de octubre de 1983 por la que se dispone el nombramiento de don Miguel María Muñoz Medina como Subdirector general de Circulación y Seguridad Vial de la Dirección General de Tráfico.,Miguel María Muñoz Medina,1,0
delegated_enforcement_v1|es:boe-a-1994-8985:fragment:articulo:bloque-procedimental-sancionador|Ministerio competente en trafico|DGT|Unidad sancionadora DGT|https://www.boe.es/buscar/act.php?id=BOE-A-1994-8985,es:boe-a-1994-8985:fragment:articulo:bloque-procedimental-sancionador,es:boe-a-1994-8985,BOE-A-1994-8985,DGT,Subdireccion de Gestion de Sanciones,nombramiento Dirección General de Tráfico,2,https://www.boe.es/buscar/boe.php?campo[1]=TITULOS&dato[1]=nombramiento%20Direcci%C3%B3n%20General%20de%20Tr%C3%A1fico&accion=Buscar&sort_field[0]=FPU&sort_order[0]=desc,7,23,BOE-A-1983-26523,https://www.boe.es/buscar/doc.php?id=BOE-A-1983-26523,06/10/1983,Ministerio del Interior,Orden de 29 de septiembre de 1983 por la que se dispone el nombramiento de doña María Isabel Herrarte del Alamo como Subdirectora general de Servicios de la Dirección General de Tráfico.,María Isabel Herrarte del Alamo,1,0
delegated_enforcement_v1|es:boe-a-1994-8985:fragment:articulo:bloque-procedimental-sancionador|Ministerio competente en trafico|DGT|Unidad sancionadora DGT|https://www.boe.es/buscar/act.php?id=BOE-A-1994-8985,es:boe-a-1994-8985:fragment:articulo:bloque-procedimental-sancionador,es:boe-a-1994-8985,BOE-A-1994-8985,DGT,Subdireccion de Gestion de Sanciones,nombramiento Dirección General de Tráfico,2,https://www.boe.es/buscar/boe.php?campo[1]=TITULOS&dato[1]=nombramiento%20Direcci%C3%B3n%20General%20de%20Tr%C3%A1fico&accion=Buscar&sort_field[0]=FPU&sort_order[0]=desc,8,22,BOE-A-1976-22164,https://www.boe.es/buscar/doc.php?id=BOE-A-1976-22164,05/11/1976,Ministerio de Comercio,Orden de 30 de septiembre de 1976 sobre nombramiento de Subdirector general de Tráfico Marítimo de la Dirección General de Navegación a don José María Moréu Curbera.,,1,0
delegated_enforcement_v1|es:boe-a-2000-15060:fragment:articulo:bloque-de-tipificacion-laboral|Ministerio de Trabajo|Inspeccion de Trabajo y Seguridad Social||https://www.boe.es/buscar/act.php?id=BOE-A-2000-15060,es:boe-a-2000-15060:fragment:articulo:bloque-de-tipificacion-laboral,es:boe-a-2000-15060,BOE-A-2000-15060,Inspeccion de Trabajo y Seguridad Social,Jefatura de Inspeccion,nombramiento Inspección de Trabajo y Seguridad Social,2,https://www.boe.es/buscar/boe.php?campo[1]=TITULOS&dato[1]=nombramiento%20Inspecci%C3%B3n%20de%20Trabajo%20y%20Seguridad%20Social&accion=Buscar&sort_field[0]=FPU&sort_order[0]=desc,1,29,BOE-A-2001-17717,https://www.boe.es/buscar/doc.php?id=BOE-A-2001-17717,19/09/2001,Ministerio de Trabajo y Asuntos Sociales,"Orden de 6 de septiembre de 2001 por la que se dispone el nombramiento, por el procedimiento de libre designación, de don Jaime Garicano Rojas como Subdirector general de Asuntos Generales de la Dirección General de la Inspección de Trabajo y Seguridad Social.",Jaime Garicano Rojas,1,0
delegated_enforcement_v1|es:boe-a-2000-15060:fragment:articulo:bloque-de-tipificacion-laboral|Ministerio de Trabajo|Inspeccion de Trabajo y Seguridad Social||https://www.boe.es/buscar/act.php?id=BOE-A-2000-15060,es:boe-a-2000-15060:fragment:articulo:bloque-de-tipificacion-laboral,es:boe-a-2000-15060,BOE-A-2000-15060,Inspeccion de Trabajo y Seguridad Social,Jefatura de Inspeccion,nombramiento Inspección de Trabajo y Seguridad Social,2,https://www.boe.es/buscar/boe.php?campo[1]=TITULOS&dato[1]=nombramiento%20Inspecci%C3%B3n%20de%20Trabajo%20y%20Seguridad%20Social&accion=Buscar&sort_field[0]=FPU&sort_order[0]=desc,2,28,BOE-A-1987-15212,https://www.boe.es/buscar/doc.php?id=BOE-A-1987-15212,02/07/1987,Ministerio de Trabajo y Seguridad Social,Orden de 24 de junio de 1987 por la que se dispone el nombramiento de don Angel Allue Buiza como Subdirector general de Coordinación y Planificación de la Dirección General de la Inspección de Trabajo y Seguridad Social.,Angel Allue Buiza,1,0
delegated_enforcement_v1|es:boe-a-2000-15060:fragment:articulo:bloque-de-tipificacion-laboral|Ministerio de Trabajo|Inspeccion de Trabajo y Seguridad Social||https://www.boe.es/buscar/act.php?id=BOE-A-2000-15060,es:boe-a-2000-15060:fragment:articulo:bloque-de-tipificacion-laboral,es:boe-a-2000-15060,BOE-A-2000-15060,Inspeccion de Trabajo y Seguridad Social,Jefatura de Inspeccion,nombramiento Inspección de Trabajo y Seguridad Social,2,https://www.boe.es/buscar/boe.php?campo[1]=TITULOS&dato[1]=nombramiento%20Inspecci%C3%B3n%20de%20Trabajo%20y%20Seguridad%20Social&accion=Buscar&sort_field[0]=FPU&sort_order[0]=desc,3,27,BOE-A-1985-12316,https://www.boe.es/buscar/doc.php?id=BOE-A-1985-12316,27/06/1985,Ministerio de Trabajo y Seguridad Social,Orden de 3 de junio de 1985 por la que se dispone el nombramiento de don Urbano Martín Alonso como Subdirector general de Coordinación y Planificación en la Dirección General de la Inspección de Trabajo y Seguridad Social.,Urbano Martín Alonso,1,0
delegated_enforcement_v1|es:boe-a-2000-15060:fragment:articulo:bloque-de-tipificacion-laboral|Ministerio de Trabajo|Inspeccion de Trabajo y Seguridad Social||https://www.boe.es/buscar/act.php?id=BOE-A-2000-15060,es:boe-a-2000-15060:fragment:articulo:bloque-de-tipificacion-laboral,es:boe-a-2000-15060,BOE-A-2000-15060,Inspeccion de Trabajo y Seguridad Social,Jefatura de Inspeccion,nombramiento Inspección de Trabajo y Seguridad Social,2,https://www.boe.es/buscar/boe.php?campo[1]=TITULOS&dato[1]=nombramiento%20Inspecci%C3%B3n%20de%20Trabajo%20y%20Seguridad%20Social&accion=Buscar&sort_field[0]=FPU&sort_order[0]=desc,4,26,BOE-A-1985-11137,https://www.boe.es/buscar/doc.php?id=BOE-A-1985-11137,14/06/1985,Ministerio de Trabajo y Seguridad Social,"Orden de 23 de mayo de 1985 por la que se dispone el nombramiento de don Alejandro Mulas García, como Subdirector general de Inspección de Relaciones Laborales y Seguridad e Higiene en la Dirección General de la Inspección de Trabajo y Seguridad Social.",Alejandro Mulas García,1,0
delegated_enforcement_v1|es:boe-a-2000-15060:fragment:articulo:bloque-de-tipificacion-laboral|Ministerio de Trabajo|Inspeccion de Trabajo y Seguridad Social||https://www.boe.es/buscar/act.php?id=BOE-A-2000-15060,es:boe-a-2000-15060:fragment:articulo:bloque-de-tipificacion-laboral,es:boe-a-2000-15060,BOE-A-2000-15060,Inspeccion de Trabajo y Seguridad Social,Jefatura de Inspeccion,nombramiento Inspección de Trabajo y Seguridad Social,2,https://www.boe.es/buscar/boe.php?campo[1]=TITULOS&dato[1]=nombramiento%20Inspecci%C3%B3n%20de%20Trabajo%20y%20Seguridad%20Social&accion=Buscar&sort_field[0]=FPU&sort_order[0]=desc,5,25,BOE-A-1984-27292,https://www.boe.es/buscar/doc.php?id=BOE-A-1984-27292,15/12/1984,Ministerio de Trabajo y Seguridad Social,"Real Decreto 2206/1984, de 12 de diciembre, por el que se dispone el nombramiento de don Juan Ignacio Moltó García como Director general de Inspección de Trabajo y Seguridad Social.",Juan Ignacio Moltó García,1,0
delegated_enforcement_v1|es:boe-a-2003-23186:fragment:articulo:bloque-sancionador-principal|Ministerio de Hacienda|AEAT|Delegaciones AEAT|https://www.boe.es/buscar/act.php?id=BOE-A-2003-23186,es:boe-a-2003-23186:fragment:articulo:bloque-sancionador-principal,es:boe-a-2003-23186,BOE-A-2003-23186,AEAT,Delegacion Especial,nombramiento Delegacion Especial Agencia Estatal de Administración Tributaria,1,https://www.boe.es/buscar/boe.php?campo[1]=TITULOS&dato[1]=nombramiento%20Delegacion%20Especial%20Agencia%20Estatal%20de%20Administraci%C3%B3n%20Tributaria&accion=Buscar&sort_field[0]=FPU&sort_order[0]=desc,1,49,BOE-A-2007-12769,https://www.boe.es/buscar/doc.php?id=BOE-A-2007-12769,30/06/2007,Ministerio de Economía y Hacienda,"Resolución de 21 de junio de 2007, de la Presidencia de la Agencia Estatal de Administración Tributaria, por la que se dispone el nombramiento como Delegado Ejecutivo de la Delegación Especial de Andalucía, Ceuta y Melilla de don José Alberto García Valera.",José Alberto García Valera,1,1
delegated_enforcement_v1|es:boe-a-2003-23186:fragment:articulo:bloque-sancionador-principal|Ministerio de Hacienda|AEAT|Delegaciones AEAT|https://www.boe.es/buscar/act.php?id=BOE-A-2003-23186,es:boe-a-2003-23186:fragment:articulo:bloque-sancionador-principal,es:boe-a-2003-23186,BOE-A-2003-23186,AEAT,Delegacion Especial,nombramiento Delegacion Especial Agencia Estatal de Administración Tributaria,1,https://www.boe.es/buscar/boe.php?campo[1]=TITULOS&dato[1]=nombramiento%20Delegacion%20Especial%20Agencia%20Estatal%20de%20Administraci%C3%B3n%20Tributaria&accion=Buscar&sort_field[0]=FPU&sort_order[0]=desc,2,48,BOE-A-2006-2465,https://www.boe.es/buscar/doc.php?id=BOE-A-2006-2465,14/02/2006,Ministerio de Economía y Hacienda,"Resolución de 8 de febrero de 2006, de la Presidencia de la Agencia Estatal de Administración Tributaria, por la que se dispone el nombramiento de don Jesús Manuel Andradas Heranz, como Delegado de Planificación y Control de la Delegación Especial de la Agencia Estatal de Administración Tributaria de Madrid.",Jesús Manuel Andradas Heranz,1,1
delegated_enforcement_v1|es:boe-a-2003-23186:fragment:articulo:bloque-sancionador-principal|Ministerio de Hacienda|AEAT|Delegaciones AEAT|https://www.boe.es/buscar/act.php?id=BOE-A-2003-23186,es:boe-a-2003-23186:fragment:articulo:bloque-sancionador-principal,es:boe-a-2003-23186,BOE-A-2003-23186,AEAT,Delegacion Especial,nombramiento Delegacion Especial Agencia Estatal de Administración Tributaria,1,https://www.boe.es/buscar/boe.php?campo[1]=TITULOS&dato[1]=nombramiento%20Delegacion%20Especial%20Agencia%20Estatal%20de%20Administraci%C3%B3n%20Tributaria&accion=Buscar&sort_field[0]=FPU&sort_order[0]=desc,3,47,BOE-A-2004-9367,https://www.boe.es/buscar/doc.php?id=BOE-A-2004-9367,20/05/2004,Ministerio de Economía y Hacienda,"Resolución de 14 de mayo de 2004, de la Presidencia de la Agencia Estatal de Administración Tributaria, por la que se dispone el nombramiento como Delegado Especial Adjunto Ejecutivo en la Delegación Especial de la Agencia Estatal de Administración Tributaria en Madrid de don Manuel Trillo Álvarez.",Manuel Trillo Álvarez,1,1
delegated_enforcement_v1|es:boe-a-2003-23186:fragment:articulo:bloque-sancionador-principal|Ministerio de Hacienda|AEAT|Delegaciones AEAT|https://www.boe.es/buscar/act.php?id=BOE-A-2003-23186,es:boe-a-2003-23186:fragment:articulo:bloque-sancionador-principal,es:boe-a-2003-23186,BOE-A-2003-23186,AEAT,Delegacion Especial,nombramiento Delegacion Especial Agencia Estatal de Administración Tributaria,1,https://www.boe.es/buscar/boe.php?campo[1]=TITULOS&dato[1]=nombramiento%20Delegacion%20Especial%20Agencia%20Estatal%20de%20Administraci%C3%B3n%20Tributaria&accion=Buscar&sort_field[0]=FPU&sort_order[0]=desc,4,46,BOE-A-2000-9987,https://www.boe.es/buscar/doc.php?id=BOE-A-2000-9987,30/05/2000,Ministerio de Hacienda,"Resolución de 22 de mayo de 2000, de la Agencia Estatal de Administración Tributaria, por la que se dispone el nombramiento de don Manuel Trigo Portela como Delegado especial adjunto de Planificación y Control en la Delegación Especial de la Agencia Estatal de Administración Tributaria en Madrid.",Manuel Trigo Portela,1,1
delegated_enforcement_v1|es:boe-a-2003-23186:fragment:articulo:bloque-sancionador-principal|Ministerio de Hacienda|AEAT|Delegaciones AEAT|https://www.boe.es/buscar/act.php?id=BOE-A-2003-23186,es:boe-a-2003-23186:fragment:articulo:bloque-sancionador-principal,es:boe-a-2003-23186,BOE-A-2003-23186,AEAT,Delegacion Especial,nombramiento Delegacion Especial Agencia Estatal de Administración Tributaria,1,https://www.boe.es/buscar/boe.php?campo[1]=TITULOS&dato[1]=nombramiento%20Delegacion%20Especial%20Agencia%20Estatal%20de%20Administraci%C3%B3n%20Tributaria&accion=Buscar&sort_field[0]=FPU&sort_order[0]=desc,5,45,BOE-A-1999-7873,https://www.boe.es/buscar/doc.php?id=BOE-A-1999-7873,08/04/1999,Ministerio de Economía y Hacienda,"Resolución de 18 de marzo de 1999, de la Agencia Estatal de Administración Tributaria, por la que se dispone el nombramiento de don Eduardo Córdoba Ocaña como Delegado especial adjunto ejecutivo en la Delegación Especial de la Agencia Estatal de Administración Tributaria en Madrid.",Eduardo Córdoba Ocaña,1,1
delegated_enforcement_v1|es:boe-a-2003-23186:fragment:articulo:bloque-sancionador-principal|Ministerio de Hacienda|AEAT|Delegaciones AEAT|https://www.boe.es/buscar/act.php?id=BOE-A-2003-23186,es:boe-a-2003-23186:fragment:articulo:bloque-sancionador-principal,es:boe-a-2003-23186,BOE-A-2003-23186,AEAT,Delegacion Especial,nombramiento Delegacion Especial Agencia Estatal de Administración Tributaria,1,https://www.boe.es/buscar/boe.php?campo[1]=TITULOS&dato[1]=nombramiento%20Delegacion%20Especial%20Agencia%20Estatal%20de%20Administraci%C3%B3n%20Tributaria&accion=Buscar&sort_field[0]=FPU&sort_order[0]=desc,6,44,BOE-A-1999-7874,https://www.boe.es/buscar/doc.php?id=BOE-A-1999-7874,08/04/1999,Ministerio de Economía y Hacienda,"Resolución de 18 de marzo de 1999, de la Agencia Estatal de Administración Tributaria, por la que se dispone el nombramiento de don Juan Daniel Salido del Pozo como Delegado especial adjunto de Planificación y Control en la Delegación Especial de la Agencia Estatal de Administración Tributaria en Madrid.",Juan Daniel Salido del Pozo,1,1
delegated_enforcement_v1|es:boe-a-2003-23186:fragment:articulo:bloque-sancionador-principal|Ministerio de Hacienda|AEAT|Delegaciones AEAT|https://www.boe.es/buscar/act.php?id=BOE-A-2003-23186,es:boe-a-2003-23186:fragment:articulo:bloque-sancionador-principal,es:boe-a-2003-23186,BOE-A-2003-23186,AEAT,Delegacion Especial,nombramiento Delegacion Especial Agencia Estatal de Administración Tributaria,1,https://www.boe.es/buscar/boe.php?campo[1]=TITULOS&dato[1]=nombramiento%20Delegacion%20Especial%20Agencia%20Estatal%20de%20Administraci%C3%B3n%20Tributaria&accion=Buscar&sort_field[0]=FPU&sort_order[0]=desc,7,43,BOE-A-1999-7877,https://www.boe.es/buscar/doc.php?id=BOE-A-1999-7877,08/04/1999,Ministerio de Economía y Hacienda,"Resolución de 18 de marzo de 1999, de la Agencia Estatal de Administración Tributaria, por la que se dispone el nombramiento de don Antonio Monill Serra como Delegado especial adjunto en la Delegación Especial de la Agencia Estatal de Administración Tributaria en Cataluña.",Antonio Monill Serra,1,1
delegated_enforcement_v1|es:boe-a-2003-23186:fragment:articulo:bloque-sancionador-principal|Ministerio de Hacienda|AEAT|Delegaciones AEAT|https://www.boe.es/buscar/act.php?id=BOE-A-2003-23186,es:boe-a-2003-23186:fragment:articulo:bloque-sancionador-principal,es:boe-a-2003-23186,BOE-A-2003-23186,AEAT,Delegacion Especial,nombramiento Delegacion Especial Agencia Estatal de Administración Tributaria,1,https://www.boe.es/buscar/boe.php?campo[1]=TITULOS&dato[1]=nombramiento%20Delegacion%20Especial%20Agencia%20Estatal%20de%20Administraci%C3%B3n%20Tributaria&accion=Buscar&sort_field[0]=FPU&sort_order[0]=desc,8,42,BOE-A-1999-7878,https://www.boe.es/buscar/doc.php?id=BOE-A-1999-7878,08/04/1999,Ministerio de Economía y Hacienda,"Resolución de 18 de marzo de 1999, de la Agencia Estatal de Administración Tributaria, por la que se dispone el nombramiento de don Inocente Altozano Ferragut como Delegado especial adjunto en la Delegación Especial de la Agencia Estatal de Administración Tributaria en Valencia.",Inocente Altozano Ferragut,1,1
delegated_enforcement_v1|es:boe-a-2003-23186:fragment:articulo:bloque-sancionador-principal|Ministerio de Hacienda|AEAT|Delegaciones AEAT|https://www.boe.es/buscar/act.php?id=BOE-A-2003-23186,es:boe-a-2003-23186:fragment:articulo:bloque-sancionador-principal,es:boe-a-2003-23186,BOE-A-2003-23186,AEAT,Delegacion Especial,nombramiento Delegacion Especial Agencia Estatal de Administración Tributaria,1,https://www.boe.es/buscar/boe.php?campo[1]=TITULOS&dato[1]=nombramiento%20Delegacion%20Especial%20Agencia%20Estatal%20de%20Administraci%C3%B3n%20Tributaria&accion=Buscar&sort_field[0]=FPU&sort_order[0]=desc,9,41,BOE-A-1998-21461,https://www.boe.es/buscar/doc.php?id=BOE-A-1998-21461,11/09/1998,Ministerio de Economía y Hacienda,"Resolución de 4 de septiembre de 1998, de la Agencia Estatal de Administración Tributaria, por la que se dispone el nombramiento de doña Yolanda González Carballeira como Delegada Especial adjunta para los Servicios en la Delegación Especial de la Agencia Estatal de Administración Tributaria en Madrid.",Yolanda González Carballeira,1,1
delegated_enforcement_v1|es:boe-a-2003-23186:fragment:articulo:bloque-sancionador-principal|Ministerio de Hacienda|AEAT|Delegaciones AEAT|https://www.boe.es/buscar/act.php?id=BOE-A-2003-23186,es:boe-a-2003-23186:fragment:articulo:bloque-sancionador-principal,es:boe-a-2003-23186,BOE-A-2003-23186,AEAT,Delegacion Especial,nombramiento Delegacion Especial Agencia Estatal de Administración Tributaria,1,https://www.boe.es/buscar/boe.php?campo[1]=TITULOS&dato[1]=nombramiento%20Delegacion%20Especial%20Agencia%20Estatal%20de%20Administraci%C3%B3n%20Tributaria&accion=Buscar&sort_field[0]=FPU&sort_order[0]=desc,10,40,BOE-A-1997-24693,https://www.boe.es/buscar/doc.php?id=BOE-A-1997-24693,19/11/1997,Ministerio de Economía y Hacienda,"Resolución de 12 de noviembre de 1997, de la Agencia Estatal de Administración Tributaria, por la que se dispone el nombramiento de doña Ana María Naveira Naveira como Delegada Especial de la Delegación Especial de la Agencia Estatal de Administración Tributaria de Madrid.",Ana María Naveira Naveira,1,1
delegated_enforcement_v1|es:boe-a-2003-23186:fragment:articulo:bloque-sancionador-principal|Ministerio de Hacienda|AEAT|Delegaciones AEAT|https://www.boe.es/buscar/act.php?id=BOE-A-2003-23186,es:boe-a-2003-23186:fragment:articulo:bloque-sancionador-principal,es:boe-a-2003-23186,BOE-A-2003-23186,AEAT,Delegacion Especial,nombramiento Delegacion Especial Agencia Estatal de Administración Tributaria,1,https://www.boe.es/buscar/boe.php?campo[1]=TITULOS&dato[1]=nombramiento%20Delegacion%20Especial%20Agencia%20Estatal%20de%20Administraci%C3%B3n%20Tributaria&accion=Buscar&sort_field[0]=FPU&sort_order[0]=desc,11,40,BOE-A-1997-17834,https://www.boe.es/buscar/doc.php?id=BOE-A-1997-17834,07/08/1997,Ministerio de Economía y Hacienda,"Resolución de 30 de julio de 1997, de la Agencia Estatal de Administración Tributaria, por la que se dispone el nombramiento de don Juan Daniel Salido del Pozo como Delegado especial adjunto para las Administraciones en la Delegación Especial de la Agencia Estatal de Administración Tributaria en Madrid.",Juan Daniel Salido del Pozo,1,1
delegated_enforcement_v1|es:boe-a-2003-23186:fragment:articulo:bloque-sancionador-principal|Ministerio de Hacienda|AEAT|Delegaciones AEAT|https://www.boe.es/buscar/act.php?id=BOE-A-2003-23186,es:boe-a-2003-23186:fragment:articulo:bloque-sancionador-principal,es:boe-a-2003-23186,BOE-A-2003-23186,AEAT,Delegacion Especial,nombramiento Delegacion Especial Agencia Estatal de Administración Tributaria,1,https://www.boe.es/buscar/boe.php?campo[1]=TITULOS&dato[1]=nombramiento%20Delegacion%20Especial%20Agencia%20Estatal%20de%20Administraci%C3%B3n%20Tributaria&accion=Buscar&sort_field[0]=FPU&sort_order[0]=desc,12,40,BOE-A-1996-17115,https://www.boe.es/buscar/doc.php?id=BOE-A-1996-17115,26/07/1996,Ministerio de Economía y Hacienda,"Resolución de 22 de julio de 1996, de la Agencia Estatal de Administración Tributaria, por la que se dispone el nombramiento de doña María Soledad Fernández Doctor, como Delegada Especial Adjunta para las Administraciones en la Delegación Especial de la Agencia Estatal de Administración Tributaria en Madrid.",María Soledad Fernández Doctor,1,1
delegated_enforcement_v1|es:boe-a-2003-23186:fragment:articulo:bloque-sancionador-principal|Ministerio de Hacienda|AEAT|Delegaciones AEAT|https://www.boe.es/buscar/act.php?id=BOE-A-2003-23186,es:boe-a-2003-23186:fragment:articulo:bloque-sancionador-principal,es:boe-a-2003-23186,BOE-A-2003-23186,AEAT,Delegacion Especial,nombramiento Delegacion Especial Agencia Estatal de Administración Tributaria,1,https://www.boe.es/buscar/boe.php?campo[1]=TITULOS&dato[1]=nombramiento%20Delegacion%20Especial%20Agencia%20Estatal%20de%20Administraci%C3%B3n%20Tributaria&accion=Buscar&sort_field[0]=FPU&sort_order[0]=desc,13,40,BOE-A-1995-18276,https://www.boe.es/buscar/doc.php?id=BOE-A-1995-18276,28/07/1995,Ministerio de Economía y Hacienda,"Resolución de 25 de julio de 1995, de la Agencia Estatal de Administración Tributaria, por la que se dispone el nombramiento de don Julio Gutiérrez Díez como Delegado especial adjunto para las dependencias en la Delegación Especial de la Agencia Estatal de Administración Tributaria en Madrid.",Julio Gutiérrez Díez,1,1
delegated_enforcement_v1|es:boe-a-2003-23186:fragment:articulo:bloque-sancionador-principal|Ministerio de Hacienda|AEAT|Delegaciones AEAT|https://www.boe.es/buscar/act.php?id=BOE-A-2003-23186,es:boe-a-2003-23186:fragment:articulo:bloque-sancionador-principal,es:boe-a-2003-23186,BOE-A-2003-23186,AEAT,Delegacion Especial,nombramiento Delegacion Especial Agencia Estatal de Administración Tributaria,1,https://www.boe.es/buscar/boe.php?campo[1]=TITULOS&dato[1]=nombramiento%20Delegacion%20Especial%20Agencia%20Estatal%20de%20Administraci%C3%B3n%20Tributaria&accion=Buscar&sort_field[0]=FPU&sort_order[0]=desc,14,40,BOE-A-1995-18277,https://www.boe.es/buscar/doc.php?id=BOE-A-1995-18277,28/07/1995,Ministerio de Economía y Hacienda,"Resolución de 25 de julio de 1995, de la Agencia Estatal de Administración Tributaria, por la que se dispone el nombramiento de don Iván José Gómez Guzmán como Delegado especial adjunto para los Servicios en la Delegación Especial de la Agencia Estatal de Administración Tributaria en Madrid.",Iván José Gómez Guzmán,1,1
delegated_enforcement_v1|es:boe-a-2003-23186:fragment:articulo:bloque-sancionador-principal|Ministerio de Hacienda|AEAT|Delegaciones AEAT|https://www.boe.es/buscar/act.php?id=BOE-A-2003-23186,es:boe-a-2003-23186:fragment:articulo:bloque-sancionador-principal,es:boe-a-2003-23186,BOE-A-2003-23186,AEAT,Delegacion Especial,nombramiento Delegacion Especial Agencia Estatal de Administración Tributaria,1,https://www.boe.es/buscar/boe.php?campo[1]=TITULOS&dato[1]=nombramiento%20Delegacion%20Especial%20Agencia%20Estatal%20de%20Administraci%C3%B3n%20Tributaria&accion=Buscar&sort_field[0]=FPU&sort_order[0]=desc,15,40,BOE-A-1995-18278,https://www.boe.es/buscar/doc.php?id=BOE-A-1995-18278,28/07/1995,Ministerio de Economía y Hacienda,"Resolución de 25 de julio de 1995, de la Agencia Estatal de Administración Tributaria, por la que se dispone el nombramiento de don Julián Pombo Garzón como Delegado especial adjunto para las Administraciones en la Delegación Especial de la Agencia Estatal de Administración Tributaria en Madrid.",Julián Pombo Garzón,1,1
delegated_enforcement_v1|es:boe-a-2003-23186:fragment:articulo:bloque-sancionador-principal|Ministerio de Hacienda|AEAT|Delegaciones AEAT|https://www.boe.es/buscar/act.php?id=BOE-A-2003-23186,es:boe-a-2003-23186:fragment:articulo:bloque-sancionador-principal,es:boe-a-2003-23186,BOE-A-2003-23186,AEAT,Delegacion Especial,nombramiento Agencia Estatal de Administración Tributaria,2,https://www.boe.es/buscar/boe.php?campo[1]=TITULOS&dato[1]=nombramiento%20Agencia%20Estatal%20de%20Administraci%C3%B3n%20Tributaria&accion=Buscar&sort_field[0]=FPU&sort_order[0]=desc,19,40,BOE-A-2008-9782,https://www.boe.es/buscar/doc.php?id=BOE-A-2008-9782,06/06/2008,Ministerio de Economía y Hacienda,"Resolución de 4 de junio de 2008, de la Presidencia de la Agencia Estatal de Administración Tributaria, por la que se dispone el nombramiento como Delegado Especial de la Agencia Estatal de Administración Tributaria de Galicia de don Luis Antonio Pazos Franco.",Luis Antonio Pazos Franco,1,1
delegated_enforcement_v1|es:boe-a-2003-23186:fragment:articulo:bloque-sancionador-principal|Ministerio de Hacienda|AEAT|Delegaciones AEAT|https://www.boe.es/buscar/act.php?id=BOE-A-2003-23186,es:boe-a-2003-23186:fragment:articulo:bloque-sancionador-principal,es:boe-a-2003-23186,BOE-A-2003-23186,AEAT,Delegacion Especial,nombramiento Agencia Estatal de Administración Tributaria,2,https://www.boe.es/buscar/boe.php?campo[1]=TITULOS&dato[1]=nombramiento%20Agencia%20Estatal%20de%20Administraci%C3%B3n%20Tributaria&accion=Buscar&sort_field[0]=FPU&sort_order[0]=desc,22,40,BOE-A-2007-21930,https://www.boe.es/buscar/doc.php?id=BOE-A-2007-21930,20/12/2007,Ministerio de Economía y Hacienda,"Resolución de 12 de diciembre de 2007, de la Presidencia de la Agencia Estatal de Administración Tributaria, por la que se dispone el nombramiento como Delegada Especial de la Agencia en Aragón de doña Nuria Pozuelo Antoni.",Nuria Pozuelo Antoni,1,1
delegated_enforcement_v1|es:boe-a-2003-23186:fragment:articulo:bloque-sancionador-principal|Ministerio de Hacienda|AEAT|Delegaciones AEAT|https://www.boe.es/buscar/act.php?id=BOE-A-2003-23186,es:boe-a-2003-23186:fragment:articulo:bloque-sancionador-principal,es:boe-a-2003-23186,BOE-A-2003-23186,AEAT,Delegacion Especial,nombramiento Agencia Estatal de Administración Tributaria,2,https://www.boe.es/buscar/boe.php?campo[1]=TITULOS&dato[1]=nombramiento%20Agencia%20Estatal%20de%20Administraci%C3%B3n%20Tributaria&accion=Buscar&sort_field[0]=FPU&sort_order[0]=desc,16,20,BOE-A-2024-12397,https://www.boe.es/buscar/doc.php?id=BOE-A-2024-12397,19/06/2024,Ministerio de Hacienda,"Resolución de 12 de junio de 2024, de la Presidencia de la Agencia Estatal de Administración Tributaria, por la que se renueva el nombramiento de vocales de la Comisión Consultiva de Ética.",,1,0
delegated_enforcement_v1|es:boe-a-2003-23186:fragment:articulo:bloque-sancionador-principal|Ministerio de Hacienda|AEAT|Delegaciones AEAT|https://www.boe.es/buscar/act.php?id=BOE-A-2003-23186,es:boe-a-2003-23186:fragment:articulo:bloque-sancionador-principal,es:boe-a-2003-23186,BOE-A-2003-23186,AEAT,Delegacion Especial,nombramiento Agencia Estatal de Administración Tributaria,2,https://www.boe.es/buscar/boe.php?campo[1]=TITULOS&dato[1]=nombramiento%20Agencia%20Estatal%20de%20Administraci%C3%B3n%20Tributaria&accion=Buscar&sort_field[0]=FPU&sort_order[0]=desc,17,20,BOE-A-2010-5072,https://www.boe.es/buscar/doc.php?id=BOE-A-2010-5072,27/03/2010,Ministerio de Economía y Hacienda,"Resolución de 17 de marzo de 2010, de la Presidencia de la Agencia Estatal de Administración Tributaria, por la que se delega el ejercicio de las competencias para el nombramiento y cese de los representantes de la Agencia Estatal de Administración Tributaria en las Comisiones o grupos de trabajo del Consejo Superior para la Dirección y Coordinación de la Gestión Tributaria, así como para el nombramiento y cese de los representantes y sus sustitutos de la Agencia en los Consejos Territoriales para la Dirección y Coordinación de la Gestión Tributaria.",,1,0
delegated_enforcement_v1|es:boe-a-2003-23186:fragment:articulo:bloque-sancionador-principal|Ministerio de Hacienda|AEAT|Delegaciones AEAT|https://www.boe.es/buscar/act.php?id=BOE-A-2003-23186,es:boe-a-2003-23186:fragment:articulo:bloque-sancionador-principal,es:boe-a-2003-23186,BOE-A-2003-23186,AEAT,Delegacion Especial,nombramiento Agencia Estatal de Administración Tributaria,2,https://www.boe.es/buscar/boe.php?campo[1]=TITULOS&dato[1]=nombramiento%20Agencia%20Estatal%20de%20Administraci%C3%B3n%20Tributaria&accion=Buscar&sort_field[0]=FPU&sort_order[0]=desc,18,20,BOE-A-2008-9974,https://www.boe.es/buscar/doc.php?id=BOE-A-2008-9974,11/06/2008,Ministerio de Economía y Hacienda,"Resolución de 10 de junio de 2008, de la Presidencia de la Agencia Estatal de Administración Tributaria, por la que se dispone el nombramiento como Director del Servicio de Auditoría Interna de la Agencia Estatal de Administración Tributaria, de don Tomás Merola Macanás.",Tomás Merola Macanás,1,0
delegated_enforcement_v1|es:boe-a-2003-23186:fragment:articulo:bloque-sancionador-principal|Ministerio de Hacienda|AEAT|Delegaciones AEAT|https://www.boe.es/buscar/act.php?id=BOE-A-2003-23186,es:boe-a-2003-23186:fragment:articulo:bloque-sancionador-principal,es:boe-a-2003-23186,BOE-A-2003-23186,AEAT,Delegacion Especial,nombramiento Agencia Estatal de Administración Tributaria,2,https://www.boe.es/buscar/boe.php?campo[1]=TITULOS&dato[1]=nombramiento%20Agencia%20Estatal%20de%20Administraci%C3%B3n%20Tributaria&accion=Buscar&sort_field[0]=FPU&sort_order[0]=desc,20,20,BOE-A-2008-8196,https://www.boe.es/buscar/doc.php?id=BOE-A-2008-8196,09/05/2008,Ministerio de Economía y Hacienda,"Resolución de 29 de abril de 2008, de la Presidencia de la Agencia Estatal de Administración Tributaria, por la que se dispone el nombramiento como Secretario Técnico Permanente de la Comisión Mixta de Coordinación de la Gestión Tributaria y Director Adjunto del Departamento de Organización, Planificación y Relaciones Institucionales de don Gaspar Caballo Mingo.",Gaspar Caballo Mingo,1,0
delegated_enforcement_v1|es:boe-a-2003-23186:fragment:articulo:bloque-sancionador-principal|Ministerio de Hacienda|AEAT|Delegaciones AEAT|https://www.boe.es/buscar/act.php?id=BOE-A-2003-23186,es:boe-a-2003-23186:fragment:articulo:bloque-sancionador-principal,es:boe-a-2003-23186,BOE-A-2003-23186,AEAT,Delegacion Especial,nombramiento Agencia Estatal de Administración Tributaria,2,https://www.boe.es/buscar/boe.php?campo[1]=TITULOS&dato[1]=nombramiento%20Agencia%20Estatal%20de%20Administraci%C3%B3n%20Tributaria&accion=Buscar&sort_field[0]=FPU&sort_order[0]=desc,21,20,BOE-A-2008-1343,https://www.boe.es/buscar/doc.php?id=BOE-A-2008-1343,25/01/2008,Ministerio de Economía y Hacienda,"Resolución de 22 de enero de 2008, de la Presidencia de la Agencia Estatal de Administración Tributaria, por la que se dispone el nombramiento de don Luciano Alfonso Losada Suárez como Delegado de la Agencia Estatal de Administración Tributaria en Tarragona.",Luciano Alfonso Losada Suárez,1,0
delegated_enforcement_v1|es:boe-a-2003-23186:fragment:articulo:bloque-sancionador-principal|Ministerio de Hacienda|AEAT|Delegaciones AEAT|https://www.boe.es/buscar/act.php?id=BOE-A-2003-23186,es:boe-a-2003-23186:fragment:articulo:bloque-sancionador-principal,es:boe-a-2003-23186,BOE-A-2003-23186,AEAT,Delegacion Especial,nombramiento Agencia Estatal de Administración Tributaria,2,https://www.boe.es/buscar/boe.php?campo[1]=TITULOS&dato[1]=nombramiento%20Agencia%20Estatal%20de%20Administraci%C3%B3n%20Tributaria&accion=Buscar&sort_field[0]=FPU&sort_order[0]=desc,23,20,BOE-A-2007-21931,https://www.boe.es/buscar/doc.php?id=BOE-A-2007-21931,20/12/2007,Ministerio de Economía y Hacienda,"Resolución de 12 de diciembre de 2007, de la Presidencia de la Agencia Estatal de Administración Tributaria, por la que se dispone el nombramiento como Delegado de la Agencia en Ávila de don Juan José Fernández Sánchez.",Juan José Fernández Sánchez,1,0
delegated_enforcement_v1|es:boe-a-2003-23186:fragment:articulo:bloque-sancionador-principal|Ministerio de Hacienda|AEAT|Delegaciones AEAT|https://www.boe.es/buscar/act.php?id=BOE-A-2003-23186,es:boe-a-2003-23186:fragment:articulo:bloque-sancionador-principal,es:boe-a-2003-23186,BOE-A-2003-23186,AEAT,Delegacion Especial,nombramiento Agencia Estatal de Administración Tributaria,2,https://www.boe.es/buscar/boe.php?campo[1]=TITULOS&dato[1]=nombramiento%20Agencia%20Estatal%20de%20Administraci%C3%B3n%20Tributaria&accion=Buscar&sort_field[0]=FPU&sort_order[0]=desc,24,20,BOE-A-2007-21932,https://www.boe.es/buscar/doc.php?id=BOE-A-2007-21932,20/12/2007,Ministerio de Economía y Hacienda,"Resolución de 12 de diciembre de 2007, de la Presidencia de la Agencia Estatal de Administración Tributaria, por la que se dispone el nombramiento como Subdirector General de Información y Asistencia Tributaria en el Departamento de Gestión y Tributaria de don Francisco Luis Via Ozalla.",Francisco Luis Via Ozalla,1,0
delegated_enforcement_v1|es:boe-a-2003-23186:fragment:articulo:bloque-sancionador-principal|Ministerio de Hacienda|AEAT|Delegaciones AEAT|https://www.boe.es/buscar/act.php?id=BOE-A-2003-23186,es:boe-a-2003-23186:fragment:articulo:bloque-sancionador-principal,es:boe-a-2003-23186,BOE-A-2003-23186,AEAT,Delegacion Especial,nombramiento Agencia Estatal de Administración Tributaria,2,https://www.boe.es/buscar/boe.php?campo[1]=TITULOS&dato[1]=nombramiento%20Agencia%20Estatal%20de%20Administraci%C3%B3n%20Tributaria&accion=Buscar&sort_field[0]=FPU&sort_order[0]=desc,25,20,BOE-A-2007-17354,https://www.boe.es/buscar/doc.php?id=BOE-A-2007-17354,04/10/2007,Ministerio de Economía y Hacienda,"Resolución de 26 de septiembre de 2007, de la Presidencia de la Agencia Estatal de Administración Tributaria, por la que se dispone el nombramiento de don Domingo Javier Molina Moscoso como Subdirector General de Aplicaciones en el Departamento de Informática Tributaria.",Domingo Javier Molina Moscoso,1,0
delegated_enforcement_v1|es:boe-a-2003-23514:fragment:articulo:bloque-de-infracciones-tributarias|Ministerio de Hacienda|AEAT|Agencia Estatal de Administracion Tributaria|https://www.boe.es/buscar/act.php?id=BOE-A-2003-23514,es:boe-a-2003-23514:fragment:articulo:bloque-de-infracciones-tributarias,es:boe-a-2003-23514,BOE-A-2003-23514,AEAT,Direccion General de la AEAT,nombramiento Agencia Estatal de Administración Tributaria,2,https://www.boe.es/buscar/boe.php?campo[1]=TITULOS&dato[1]=nombramiento%20Agencia%20Estatal%20de%20Administraci%C3%B3n%20Tributaria&accion=Buscar&sort_field[0]=FPU&sort_order[0]=desc,9,41,BOE-A-2007-21932,https://www.boe.es/buscar/doc.php?id=BOE-A-2007-21932,20/12/2007,Ministerio de Economía y Hacienda,"Resolución de 12 de diciembre de 2007, de la Presidencia de la Agencia Estatal de Administración Tributaria, por la que se dispone el nombramiento como Subdirector General de Información y Asistencia Tributaria en el Departamento de Gestión y Tributaria de don Francisco Luis Via Ozalla.",Francisco Luis Via Ozalla,1,1
delegated_enforcement_v1|es:boe-a-2003-23514:fragment:articulo:bloque-de-infracciones-tributarias|Ministerio de Hacienda|AEAT|Agencia Estatal de Administracion Tributaria|https://www.boe.es/buscar/act.php?id=BOE-A-2003-23514,es:boe-a-2003-23514:fragment:articulo:bloque-de-infracciones-tributarias,es:boe-a-2003-23514,BOE-A-2003-23514,AEAT,Direccion General de la AEAT,nombramiento Agencia Estatal de Administración Tributaria,2,https://www.boe.es/buscar/boe.php?campo[1]=TITULOS&dato[1]=nombramiento%20Agencia%20Estatal%20de%20Administraci%C3%B3n%20Tributaria&accion=Buscar&sort_field[0]=FPU&sort_order[0]=desc,10,40,BOE-A-2007-17354,https://www.boe.es/buscar/doc.php?id=BOE-A-2007-17354,04/10/2007,Ministerio de Economía y Hacienda,"Resolución de 26 de septiembre de 2007, de la Presidencia de la Agencia Estatal de Administración Tributaria, por la que se dispone el nombramiento de don Domingo Javier Molina Moscoso como Subdirector General de Aplicaciones en el Departamento de Informática Tributaria.",Domingo Javier Molina Moscoso,1,1
delegated_enforcement_v1|es:boe-a-2003-23514:fragment:articulo:bloque-de-infracciones-tributarias|Ministerio de Hacienda|AEAT|Agencia Estatal de Administracion Tributaria|https://www.boe.es/buscar/act.php?id=BOE-A-2003-23514,es:boe-a-2003-23514:fragment:articulo:bloque-de-infracciones-tributarias,es:boe-a-2003-23514,BOE-A-2003-23514,AEAT,Direccion General de la AEAT,nombramiento Agencia Estatal de Administración Tributaria,2,https://www.boe.es/buscar/boe.php?campo[1]=TITULOS&dato[1]=nombramiento%20Agencia%20Estatal%20de%20Administraci%C3%B3n%20Tributaria&accion=Buscar&sort_field[0]=FPU&sort_order[0]=desc,11,40,BOE-A-2007-14895,https://www.boe.es/buscar/doc.php?id=BOE-A-2007-14895,04/08/2007,Ministerio de Economía y Hacienda,"Resolución de 27 de julio de 2007, de la Presidencia de la Agencia Estatal de Administración Tributaria, por la que se dispone el nombramiento de doña María Consuelo Sánchez García como Subdirectora General de Organización y Planificación en el Departamento de Recaudación.",María Consuelo Sánchez García,1,1
delegated_enforcement_v1|es:boe-a-2003-23514:fragment:articulo:bloque-de-infracciones-tributarias|Ministerio de Hacienda|AEAT|Agencia Estatal de Administracion Tributaria|https://www.boe.es/buscar/act.php?id=BOE-A-2003-23514,es:boe-a-2003-23514:fragment:articulo:bloque-de-infracciones-tributarias,es:boe-a-2003-23514,BOE-A-2003-23514,AEAT,Direccion General de la AEAT,nombramiento Agencia Estatal de Administración Tributaria,2,https://www.boe.es/buscar/boe.php?campo[1]=TITULOS&dato[1]=nombramiento%20Agencia%20Estatal%20de%20Administraci%C3%B3n%20Tributaria&accion=Buscar&sort_field[0]=FPU&sort_order[0]=desc,14,40,BOE-A-2007-7488,https://www.boe.es/buscar/doc.php?id=BOE-A-2007-7488,10/04/2007,Ministerio de Economía y Hacienda,"Corrección de errores de la Resolución de 20 de marzo de 2007, de la Presidencia de la Agencia Estatal de Administración Tributaria, por la que se dispone el nombramiento como Subdirector General de Planificación y Programación en el Departamento de Organización, Planificación y Relaciones Institucionales de don Antonio Francisco Ansón Latorre.",Antonio Francisco Ansón Latorre,1,1
delegated_enforcement_v1|es:boe-a-2003-23514:fragment:articulo:bloque-de-infracciones-tributarias|Ministerio de Hacienda|AEAT|Agencia Estatal de Administracion Tributaria|https://www.boe.es/buscar/act.php?id=BOE-A-2003-23514,es:boe-a-2003-23514:fragment:articulo:bloque-de-infracciones-tributarias,es:boe-a-2003-23514,BOE-A-2003-23514,AEAT,Direccion General de la AEAT,nombramiento Agencia Estatal de Administración Tributaria,2,https://www.boe.es/buscar/boe.php?campo[1]=TITULOS&dato[1]=nombramiento%20Agencia%20Estatal%20de%20Administraci%C3%B3n%20Tributaria&accion=Buscar&sort_field[0]=FPU&sort_order[0]=desc,15,40,BOE-A-2007-6343,https://www.boe.es/buscar/doc.php?id=BOE-A-2007-6343,26/03/2007,Ministerio de Economía y Hacienda,"Resolución de 20 de marzo de 2007, de la Presidencia de la Agencia Estatal de Administración Tributaria, por la que se dispone el nombramiento como Subdirector General de Planificación y Programación en el Departamento de Organización, Planificación y Relaciones Internacionales de don Antonio Francisco Ansón Latorre.",Antonio Francisco Ansón Latorre,1,1
delegated_enforcement_v1|es:boe-a-2003-23514:fragment:articulo:bloque-de-infracciones-tributarias|Ministerio de Hacienda|AEAT|Agencia Estatal de Administracion Tributaria|https://www.boe.es/buscar/act.php?id=BOE-A-2003-23514,es:boe-a-2003-23514:fragment:articulo:bloque-de-infracciones-tributarias,es:boe-a-2003-23514,BOE-A-2003-23514,AEAT,Direccion General de la AEAT,nombramiento Agencia Estatal de Administración Tributaria,2,https://www.boe.es/buscar/boe.php?campo[1]=TITULOS&dato[1]=nombramiento%20Agencia%20Estatal%20de%20Administraci%C3%B3n%20Tributaria&accion=Buscar&sort_field[0]=FPU&sort_order[0]=desc,17,40,BOE-A-2006-18149,https://www.boe.es/buscar/doc.php?id=BOE-A-2006-18149,18/10/2006,Ministerio de Economía y Hacienda,"Resolución de 10 de octubre de 2006, de la Presidencia de la Agencia Estatal de Administración Tributaria, por la que se dispone el nombramiento como Subdirector General de Gestión Administrativa de Personal del Departamento de Recursos Humanos y Administración Económica de don Salvador Martínez Arroyo.",Salvador Martínez Arroyo,1,1
delegated_enforcement_v1|es:boe-a-2003-23514:fragment:articulo:bloque-de-infracciones-tributarias|Ministerio de Hacienda|AEAT|Agencia Estatal de Administracion Tributaria|https://www.boe.es/buscar/act.php?id=BOE-A-2003-23514,es:boe-a-2003-23514:fragment:articulo:bloque-de-infracciones-tributarias,es:boe-a-2003-23514,BOE-A-2003-23514,AEAT,Direccion General de la AEAT,nombramiento Agencia Estatal de Administración Tributaria,2,https://www.boe.es/buscar/boe.php?campo[1]=TITULOS&dato[1]=nombramiento%20Agencia%20Estatal%20de%20Administraci%C3%B3n%20Tributaria&accion=Buscar&sort_field[0]=FPU&sort_order[0]=desc,18,40,BOE-A-2006-18150,https://www.boe.es/buscar/doc.php?id=BOE-A-2006-18150,18/10/2006,Ministerio de Economía y Hacienda,"Resolución de 10 de octubre de 2006, de la Presidencia de la Agencia Estatal de Administración Tributaria, por la que se dispone el nombramiento como Subdirector General de Relaciones Laborales del Departamento de Recursos Humanos y Administración Económica de don Magín Méndez Rodríguez.",Magín Méndez Rodríguez,1,1
delegated_enforcement_v1|es:boe-a-2003-23514:fragment:articulo:bloque-de-infracciones-tributarias|Ministerio de Hacienda|AEAT|Agencia Estatal de Administracion Tributaria|https://www.boe.es/buscar/act.php?id=BOE-A-2003-23514,es:boe-a-2003-23514:fragment:articulo:bloque-de-infracciones-tributarias,es:boe-a-2003-23514,BOE-A-2003-23514,AEAT,Direccion General de la AEAT,nombramiento Agencia Estatal de Administración Tributaria,2,https://www.boe.es/buscar/boe.php?campo[1]=TITULOS&dato[1]=nombramiento%20Agencia%20Estatal%20de%20Administraci%C3%B3n%20Tributaria&accion=Buscar&sort_field[0]=FPU&sort_order[0]=desc,1,29,BOE-A-2024-12397,https://www.boe.es/buscar/doc.php?id=BOE-A-2024-12397,19/06/2024,Ministerio de Hacienda,"Resolución de 12 de junio de 2024, de la Presidencia de la Agencia Estatal de Administración Tributaria, por la que se renueva el nombramiento de vocales de la Comisión Consultiva de Ética.",,1,0
delegated_enforcement_v1|es:boe-a-2003-23514:fragment:articulo:bloque-de-infracciones-tributarias|Ministerio de Hacienda|AEAT|Agencia Estatal de Administracion Tributaria|https://www.boe.es/buscar/act.php?id=BOE-A-2003-23514,es:boe-a-2003-23514:fragment:articulo:bloque-de-infracciones-tributarias,es:boe-a-2003-23514,BOE-A-2003-23514,AEAT,Direccion General de la AEAT,nombramiento Agencia Estatal de Administración Tributaria,2,https://www.boe.es/buscar/boe.php?campo[1]=TITULOS&dato[1]=nombramiento%20Agencia%20Estatal%20de%20Administraci%C3%B3n%20Tributaria&accion=Buscar&sort_field[0]=FPU&sort_order[0]=desc,2,28,BOE-A-2010-5072,https://www.boe.es/buscar/doc.php?id=BOE-A-2010-5072,27/03/2010,Ministerio de Economía y Hacienda,"Resolución de 17 de marzo de 2010, de la Presidencia de la Agencia Estatal de Administración Tributaria, por la que se delega el ejercicio de las competencias para el nombramiento y cese de los representantes de la Agencia Estatal de Administración Tributaria en las Comisiones o grupos de trabajo del Consejo Superior para la Dirección y Coordinación de la Gestión Tributaria, así como para el nombramiento y cese de los representantes y sus sustitutos de la Agencia en los Consejos Territoriales para la Dirección y Coordinación de la Gestión Tributaria.",,1,0
delegated_enforcement_v1|es:boe-a-2003-23514:fragment:articulo:bloque-de-infracciones-tributarias|Ministerio de Hacienda|AEAT|Agencia Estatal de Administracion Tributaria|https://www.boe.es/buscar/act.php?id=BOE-A-2003-23514,es:boe-a-2003-23514:fragment:articulo:bloque-de-infracciones-tributarias,es:boe-a-2003-23514,BOE-A-2003-23514,AEAT,Direccion General de la AEAT,nombramiento Agencia Estatal de Administración Tributaria,2,https://www.boe.es/buscar/boe.php?campo[1]=TITULOS&dato[1]=nombramiento%20Agencia%20Estatal%20de%20Administraci%C3%B3n%20Tributaria&accion=Buscar&sort_field[0]=FPU&sort_order[0]=desc,3,27,BOE-A-2008-9974,https://www.boe.es/buscar/doc.php?id=BOE-A-2008-9974,11/06/2008,Ministerio de Economía y Hacienda,"Resolución de 10 de junio de 2008, de la Presidencia de la Agencia Estatal de Administración Tributaria, por la que se dispone el nombramiento como Director del Servicio de Auditoría Interna de la Agencia Estatal de Administración Tributaria, de don Tomás Merola Macanás.",Tomás Merola Macanás,1,0
delegated_enforcement_v1|es:boe-a-2003-23514:fragment:articulo:bloque-de-infracciones-tributarias|Ministerio de Hacienda|AEAT|Agencia Estatal de Administracion Tributaria|https://www.boe.es/buscar/act.php?id=BOE-A-2003-23514,es:boe-a-2003-23514:fragment:articulo:bloque-de-infracciones-tributarias,es:boe-a-2003-23514,BOE-A-2003-23514,AEAT,Direccion General de la AEAT,nombramiento Agencia Estatal de Administración Tributaria,2,https://www.boe.es/buscar/boe.php?campo[1]=TITULOS&dato[1]=nombramiento%20Agencia%20Estatal%20de%20Administraci%C3%B3n%20Tributaria&accion=Buscar&sort_field[0]=FPU&sort_order[0]=desc,4,26,BOE-A-2008-9782,https://www.boe.es/buscar/doc.php?id=BOE-A-2008-9782,06/06/2008,Ministerio de Economía y Hacienda,"Resolución de 4 de junio de 2008, de la Presidencia de la Agencia Estatal de Administración Tributaria, por la que se dispone el nombramiento como Delegado Especial de la Agencia Estatal de Administración Tributaria de Galicia de don Luis Antonio Pazos Franco.",Luis Antonio Pazos Franco,1,0
delegated_enforcement_v1|es:boe-a-2003-23514:fragment:articulo:bloque-de-infracciones-tributarias|Ministerio de Hacienda|AEAT|Agencia Estatal de Administracion Tributaria|https://www.boe.es/buscar/act.php?id=BOE-A-2003-23514,es:boe-a-2003-23514:fragment:articulo:bloque-de-infracciones-tributarias,es:boe-a-2003-23514,BOE-A-2003-23514,AEAT,Direccion General de la AEAT,nombramiento Agencia Estatal de Administración Tributaria,2,https://www.boe.es/buscar/boe.php?campo[1]=TITULOS&dato[1]=nombramiento%20Agencia%20Estatal%20de%20Administraci%C3%B3n%20Tributaria&accion=Buscar&sort_field[0]=FPU&sort_order[0]=desc,5,25,BOE-A-2008-8196,https://www.boe.es/buscar/doc.php?id=BOE-A-2008-8196,09/05/2008,Ministerio de Economía y Hacienda,"Resolución de 29 de abril de 2008, de la Presidencia de la Agencia Estatal de Administración Tributaria, por la que se dispone el nombramiento como Secretario Técnico Permanente de la Comisión Mixta de Coordinación de la Gestión Tributaria y Director Adjunto del Departamento de Organización, Planificación y Relaciones Institucionales de don Gaspar Caballo Mingo.",Gaspar Caballo Mingo,1,0
delegated_enforcement_v1|es:boe-a-2003-23514:fragment:articulo:bloque-de-infracciones-tributarias|Ministerio de Hacienda|AEAT|Agencia Estatal de Administracion Tributaria|https://www.boe.es/buscar/act.php?id=BOE-A-2003-23514,es:boe-a-2003-23514:fragment:articulo:bloque-de-infracciones-tributarias,es:boe-a-2003-23514,BOE-A-2003-23514,AEAT,Direccion General de la AEAT,nombramiento Agencia Estatal de Administración Tributaria,2,https://www.boe.es/buscar/boe.php?campo[1]=TITULOS&dato[1]=nombramiento%20Agencia%20Estatal%20de%20Administraci%C3%B3n%20Tributaria&accion=Buscar&sort_field[0]=FPU&sort_order[0]=desc,6,24,BOE-A-2008-1343,https://www.boe.es/buscar/doc.php?id=BOE-A-2008-1343,25/01/2008,Ministerio de Economía y Hacienda,"Resolución de 22 de enero de 2008, de la Presidencia de la Agencia Estatal de Administración Tributaria, por la que se dispone el nombramiento de don Luciano Alfonso Losada Suárez como Delegado de la Agencia Estatal de Administración Tributaria en Tarragona.",Luciano Alfonso Losada Suárez,1,0
delegated_enforcement_v1|es:boe-a-2003-23514:fragment:articulo:bloque-de-infracciones-tributarias|Ministerio de Hacienda|AEAT|Agencia Estatal de Administracion Tributaria|https://www.boe.es/buscar/act.php?id=BOE-A-2003-23514,es:boe-a-2003-23514:fragment:articulo:bloque-de-infracciones-tributarias,es:boe-a-2003-23514,BOE-A-2003-23514,AEAT,Direccion General de la AEAT,nombramiento Agencia Estatal de Administración Tributaria,2,https://www.boe.es/buscar/boe.php?campo[1]=TITULOS&dato[1]=nombramiento%20Agencia%20Estatal%20de%20Administraci%C3%B3n%20Tributaria&accion=Buscar&sort_field[0]=FPU&sort_order[0]=desc,7,23,BOE-A-2007-21930,https://www.boe.es/buscar/doc.php?id=BOE-A-2007-21930,20/12/2007,Ministerio de Economía y Hacienda,"Resolución de 12 de diciembre de 2007, de la Presidencia de la Agencia Estatal de Administración Tributaria, por la que se dispone el nombramiento como Delegada Especial de la Agencia en Aragón de doña Nuria Pozuelo Antoni.",Nuria Pozuelo Antoni,1,0
delegated_enforcement_v1|es:boe-a-2003-23514:fragment:articulo:bloque-de-infracciones-tributarias|Ministerio de Hacienda|AEAT|Agencia Estatal de Administracion Tributaria|https://www.boe.es/buscar/act.php?id=BOE-A-2003-23514,es:boe-a-2003-23514:fragment:articulo:bloque-de-infracciones-tributarias,es:boe-a-2003-23514,BOE-A-2003-23514,AEAT,Direccion General de la AEAT,nombramiento Agencia Estatal de Administración Tributaria,2,https://www.boe.es/buscar/boe.php?campo[1]=TITULOS&dato[1]=nombramiento%20Agencia%20Estatal%20de%20Administraci%C3%B3n%20Tributaria&accion=Buscar&sort_field[0]=FPU&sort_order[0]=desc,8,22,BOE-A-2007-21931,https://www.boe.es/buscar/doc.php?id=BOE-A-2007-21931,20/12/2007,Ministerio de Economía y Hacienda,"Resolución de 12 de diciembre de 2007, de la Presidencia de la Agencia Estatal de Administración Tributaria, por la que se dispone el nombramiento como Delegado de la Agencia en Ávila de don Juan José Fernández Sánchez.",Juan José Fernández Sánchez,1,0
delegated_enforcement_v1|es:boe-a-2003-23514:fragment:articulo:bloque-de-infracciones-tributarias|Ministerio de Hacienda|AEAT|Agencia Estatal de Administracion Tributaria|https://www.boe.es/buscar/act.php?id=BOE-A-2003-23514,es:boe-a-2003-23514:fragment:articulo:bloque-de-infracciones-tributarias,es:boe-a-2003-23514,BOE-A-2003-23514,AEAT,Direccion General de la AEAT,nombramiento Agencia Estatal de Administración Tributaria,2,https://www.boe.es/buscar/boe.php?campo[1]=TITULOS&dato[1]=nombramiento%20Agencia%20Estatal%20de%20Administraci%C3%B3n%20Tributaria&accion=Buscar&sort_field[0]=FPU&sort_order[0]=desc,12,20,BOE-A-2007-12768,https://www.boe.es/buscar/doc.php?id=BOE-A-2007-12768,30/06/2007,Ministerio de Economía y Hacienda,"Resolución de 21 de junio de 2007, de la Agencia Estatal de Administración Tributaria, por la que se dispone el nombramiento como Delegado Especial de Canarias de don José Luis Rodríguez Díaz.",José Luis Rodríguez Díaz,1,0
delegated_enforcement_v1|es:boe-a-2003-23514:fragment:articulo:bloque-de-infracciones-tributarias|Ministerio de Hacienda|AEAT|Agencia Estatal de Administracion Tributaria|https://www.boe.es/buscar/act.php?id=BOE-A-2003-23514,es:boe-a-2003-23514:fragment:articulo:bloque-de-infracciones-tributarias,es:boe-a-2003-23514,BOE-A-2003-23514,AEAT,Direccion General de la AEAT,nombramiento Agencia Estatal de Administración Tributaria,2,https://www.boe.es/buscar/boe.php?campo[1]=TITULOS&dato[1]=nombramiento%20Agencia%20Estatal%20de%20Administraci%C3%B3n%20Tributaria&accion=Buscar&sort_field[0]=FPU&sort_order[0]=desc,13,20,BOE-A-2007-12769,https://www.boe.es/buscar/doc.php?id=BOE-A-2007-12769,30/06/2007,Ministerio de Economía y Hacienda,"Resolución de 21 de junio de 2007, de la Presidencia de la Agencia Estatal de Administración Tributaria, por la que se dispone el nombramiento como Delegado Ejecutivo de la Delegación Especial de Andalucía, Ceuta y Melilla de don José Alberto García Valera.",José Alberto García Valera,1,0
delegated_enforcement_v1|es:boe-a-2003-23514:fragment:articulo:bloque-de-infracciones-tributarias|Ministerio de Hacienda|AEAT|Agencia Estatal de Administracion Tributaria|https://www.boe.es/buscar/act.php?id=BOE-A-2003-23514,es:boe-a-2003-23514:fragment:articulo:bloque-de-infracciones-tributarias,es:boe-a-2003-23514,BOE-A-2003-23514,AEAT,Direccion General de la AEAT,nombramiento Agencia Estatal de Administración Tributaria,2,https://www.boe.es/buscar/boe.php?campo[1]=TITULOS&dato[1]=nombramiento%20Agencia%20Estatal%20de%20Administraci%C3%B3n%20Tributaria&accion=Buscar&sort_field[0]=FPU&sort_order[0]=desc,16,20,BOE-A-2007-1227,https://www.boe.es/buscar/doc.php?id=BOE-A-2007-1227,20/01/2007,Ministerio de Economía y Hacienda,"Resolución de 16 de enero de 2007, de la Agencia Estatal de Administración Tributaria, por la que se dispone el nombramiento como Delegado Central Adjunto de la Delegación Central de Grandes Contribuyentes de don Valentín González Pérez.",Valentín González Pérez,1,0
delegated_enforcement_v1|es:boe-a-2003-23514:fragment:articulo:bloque-de-infracciones-tributarias|Ministerio de Hacienda|AEAT|Agencia Estatal de Administracion Tributaria|https://www.boe.es/buscar/act.php?id=BOE-A-2003-23514,es:boe-a-2003-23514:fragment:articulo:bloque-de-infracciones-tributarias,es:boe-a-2003-23514,BOE-A-2003-23514,AEAT,Direccion General de la AEAT,nombramiento Agencia Estatal de Administración Tributaria,2,https://www.boe.es/buscar/boe.php?campo[1]=TITULOS&dato[1]=nombramiento%20Agencia%20Estatal%20de%20Administraci%C3%B3n%20Tributaria&accion=Buscar&sort_field[0]=FPU&sort_order[0]=desc,19,20,BOE-A-2006-13670,https://www.boe.es/buscar/doc.php?id=BOE-A-2006-13670,28/07/2006,Ministerio de Economía y Hacienda,"Resolución de 27 de julio de 2006, de la Agencia Estatal de Administración Tributaria, por la que se dispone el nombramiento de doña Marta Álvarez Morato, como Delegada de la Agencia Estatal de Administración Tributaria de Málaga.",Marta Álvarez Morato,1,0
delegated_enforcement_v1|es:boe-a-2003-23514:fragment:articulo:bloque-de-infracciones-tributarias|Ministerio de Hacienda|AEAT|Agencia Estatal de Administracion Tributaria|https://www.boe.es/buscar/act.php?id=BOE-A-2003-23514,es:boe-a-2003-23514:fragment:articulo:bloque-de-infracciones-tributarias,es:boe-a-2003-23514,BOE-A-2003-23514,AEAT,Direccion General de la AEAT,nombramiento Agencia Estatal de Administración Tributaria,2,https://www.boe.es/buscar/boe.php?campo[1]=TITULOS&dato[1]=nombramiento%20Agencia%20Estatal%20de%20Administraci%C3%B3n%20Tributaria&accion=Buscar&sort_field[0]=FPU&sort_order[0]=desc,20,20,BOE-A-2006-13671,https://www.boe.es/buscar/doc.php?id=BOE-A-2006-13671,28/07/2006,Ministerio de Economía y Hacienda,"Resolución de 27 de julio de 2006, de la Agencia Estatal de Administración Tributaria, por la que se dispone el nombramiento de doña Olga Bobadilla Pérez, como Delegada de la Agencia Estatal de Administración Tributaria de Vigo.",Olga Bobadilla Pérez,1,0
delegated_enforcement_v1|es:boe-a-2003-23514:fragment:articulo:bloque-de-infracciones-tributarias|Ministerio de Hacienda|AEAT|Agencia Estatal de Administracion Tributaria|https://www.boe.es/buscar/act.php?id=BOE-A-2003-23514,es:boe-a-2003-23514:fragment:articulo:bloque-de-infracciones-tributarias,es:boe-a-2003-23514,BOE-A-2003-23514,AEAT,Direccion General de la AEAT,nombramiento Agencia Estatal de Administración Tributaria,2,https://www.boe.es/buscar/boe.php?campo[1]=TITULOS&dato[1]=nombramiento%20Agencia%20Estatal%20de%20Administraci%C3%B3n%20Tributaria&accion=Buscar&sort_field[0]=FPU&sort_order[0]=desc,21,20,BOE-A-2006-13672,https://www.boe.es/buscar/doc.php?id=BOE-A-2006-13672,28/07/2006,Ministerio de Economía y Hacienda,"Resolución de 27 de julio de 2006, de la Agencia Estatal de Administración Tributaria, por la que se dispone el nombramiento de don Juan Pedro de Gracia Guindo, como Delegado de la Agencia Estatal de Administración Tributaria de Huelva.",Juan Pedro de Gracia Guindo,1,0
delegated_enforcement_v1|es:boe-a-2003-23514:fragment:articulo:bloque-de-infracciones-tributarias|Ministerio de Hacienda|AEAT|Agencia Estatal de Administracion Tributaria|https://www.boe.es/buscar/act.php?id=BOE-A-2003-23514,es:boe-a-2003-23514:fragment:articulo:bloque-de-infracciones-tributarias,es:boe-a-2003-23514,BOE-A-2003-23514,AEAT,Direccion General de la AEAT,nombramiento Agencia Estatal de Administración Tributaria,2,https://www.boe.es/buscar/boe.php?campo[1]=TITULOS&dato[1]=nombramiento%20Agencia%20Estatal%20de%20Administraci%C3%B3n%20Tributaria&accion=Buscar&sort_field[0]=FPU&sort_order[0]=desc,22,20,BOE-A-2006-13673,https://www.boe.es/buscar/doc.php?id=BOE-A-2006-13673,28/07/2006,Ministerio de Economía y Hacienda,"Resolución de 27 de julio de 2006, de la Agencia Estatal de Administración Tributaria, por la que se dispone el nombramiento de don Miguel Ángel Orti Vallejo, como Delegado de la Agencia Estatal de Administración Tributaria de Córdoba.",Miguel Ángel Orti Vallejo,1,0
delegated_enforcement_v1|es:boe-a-2003-23514:fragment:articulo:bloque-de-infracciones-tributarias|Ministerio de Hacienda|AEAT|Agencia Estatal de Administracion Tributaria|https://www.boe.es/buscar/act.php?id=BOE-A-2003-23514,es:boe-a-2003-23514:fragment:articulo:bloque-de-infracciones-tributarias,es:boe-a-2003-23514,BOE-A-2003-23514,AEAT,Direccion General de la AEAT,nombramiento Agencia Estatal de Administración Tributaria,2,https://www.boe.es/buscar/boe.php?campo[1]=TITULOS&dato[1]=nombramiento%20Agencia%20Estatal%20de%20Administraci%C3%B3n%20Tributaria&accion=Buscar&sort_field[0]=FPU&sort_order[0]=desc,23,20,BOE-A-2006-13674,https://www.boe.es/buscar/doc.php?id=BOE-A-2006-13674,28/07/2006,Ministerio de Economía y Hacienda,"Resolución de 27 de julio de 2006, de la Agencia Estatal de Administración Tributaria, por la que se dispone el nombramiento de doña Victorina Pérez Pérez, como Delegada de la Agencia Estatal de Administración Tributaria de Ávila.",Victorina Pérez Pérez,1,0
delegated_enforcement_v1|es:boe-a-2003-23514:fragment:articulo:bloque-de-infracciones-tributarias|Ministerio de Hacienda|AEAT|Agencia Estatal de Administracion Tributaria|https://www.boe.es/buscar/act.php?id=BOE-A-2003-23514,es:boe-a-2003-23514:fragment:articulo:bloque-de-infracciones-tributarias,es:boe-a-2003-23514,BOE-A-2003-23514,AEAT,Direccion General de la AEAT,nombramiento Agencia Estatal de Administración Tributaria,2,https://www.boe.es/buscar/boe.php?campo[1]=TITULOS&dato[1]=nombramiento%20Agencia%20Estatal%20de%20Administraci%C3%B3n%20Tributaria&accion=Buscar&sort_field[0]=FPU&sort_order[0]=desc,24,20,BOE-A-2006-13675,https://www.boe.es/buscar/doc.php?id=BOE-A-2006-13675,28/07/2006,Ministerio de Economía y Hacienda,"Resolución de 27 de julio de 2006, de la Agencia Estatal de Administración Tributaria, por la que se dispone el nombramiento de don Francisco Ruiz Bocanegra, como Delegado de la Agencia Estatal de Administración Tributaria de Granada.",Francisco Ruiz Bocanegra,1,0
delegated_enforcement_v1|es:boe-a-2003-23514:fragment:articulo:bloque-de-infracciones-tributarias|Ministerio de Hacienda|AEAT|Agencia Estatal de Administracion Tributaria|https://www.boe.es/buscar/act.php?id=BOE-A-2003-23514,es:boe-a-2003-23514:fragment:articulo:bloque-de-infracciones-tributarias,es:boe-a-2003-23514,BOE-A-2003-23514,AEAT,Direccion General de la AEAT,nombramiento Agencia Estatal de Administración Tributaria,2,https://www.boe.es/buscar/boe.php?campo[1]=TITULOS&dato[1]=nombramiento%20Agencia%20Estatal%20de%20Administraci%C3%B3n%20Tributaria&accion=Buscar&sort_field[0]=FPU&sort_order[0]=desc,25,20,BOE-A-2006-11416,https://www.boe.es/buscar/doc.php?id=BOE-A-2006-11416,27/06/2006,Ministerio de Economía y Hacienda,"Resolución de 23 de junio de 2006, de la Presidencia de la Agencia Estatal de Administración Tributaria, por la que se dispone el nombramiento de doña Sara Ugarte Alonso-Vega, como Directora del Departamento de Recursos Humanos y Administración Económica.",Sara Ugarte Alonso-Vega,1,0
delegated_enforcement_v1|es:boe-a-2004-18398:fragment:articulo:bloque-procedimental-y-de-graduacion|Ministerio de Hacienda|AEAT||https://www.boe.es/buscar/act.php?id=BOE-A-2004-18398,es:boe-a-2004-18398:fragment:articulo:bloque-procedimental-y-de-graduacion,es:boe-a-2004-18398,BOE-A-2004-18398,AEAT,Unidad procedimental sancionadora,nombramiento Agencia Estatal de Administración Tributaria,2,https://www.boe.es/buscar/boe.php?campo[1]=TITULOS&dato[1]=nombramiento%20Agencia%20Estatal%20de%20Administraci%C3%B3n%20Tributaria&accion=Buscar&sort_field[0]=FPU&sort_order[0]=desc,1,29,BOE-A-2024-12397,https://www.boe.es/buscar/doc.php?id=BOE-A-2024-12397,19/06/2024,Ministerio de Hacienda,"Resolución de 12 de junio de 2024, de la Presidencia de la Agencia Estatal de Administración Tributaria, por la que se renueva el nombramiento de vocales de la Comisión Consultiva de Ética.",,1,0
delegated_enforcement_v1|es:boe-a-2004-18398:fragment:articulo:bloque-procedimental-y-de-graduacion|Ministerio de Hacienda|AEAT||https://www.boe.es/buscar/act.php?id=BOE-A-2004-18398,es:boe-a-2004-18398:fragment:articulo:bloque-procedimental-y-de-graduacion,es:boe-a-2004-18398,BOE-A-2004-18398,AEAT,Unidad procedimental sancionadora,nombramiento Agencia Estatal de Administración Tributaria,2,https://www.boe.es/buscar/boe.php?campo[1]=TITULOS&dato[1]=nombramiento%20Agencia%20Estatal%20de%20Administraci%C3%B3n%20Tributaria&accion=Buscar&sort_field[0]=FPU&sort_order[0]=desc,2,28,BOE-A-2010-5072,https://www.boe.es/buscar/doc.php?id=BOE-A-2010-5072,27/03/2010,Ministerio de Economía y Hacienda,"Resolución de 17 de marzo de 2010, de la Presidencia de la Agencia Estatal de Administración Tributaria, por la que se delega el ejercicio de las competencias para el nombramiento y cese de los representantes de la Agencia Estatal de Administración Tributaria en las Comisiones o grupos de trabajo del Consejo Superior para la Dirección y Coordinación de la Gestión Tributaria, así como para el nombramiento y cese de los representantes y sus sustitutos de la Agencia en los Consejos Territoriales para la Dirección y Coordinación de la Gestión Tributaria.",,1,0
delegated_enforcement_v1|es:boe-a-2004-18398:fragment:articulo:bloque-procedimental-y-de-graduacion|Ministerio de Hacienda|AEAT||https://www.boe.es/buscar/act.php?id=BOE-A-2004-18398,es:boe-a-2004-18398:fragment:articulo:bloque-procedimental-y-de-graduacion,es:boe-a-2004-18398,BOE-A-2004-18398,AEAT,Unidad procedimental sancionadora,nombramiento Agencia Estatal de Administración Tributaria,2,https://www.boe.es/buscar/boe.php?campo[1]=TITULOS&dato[1]=nombramiento%20Agencia%20Estatal%20de%20Administraci%C3%B3n%20Tributaria&accion=Buscar&sort_field[0]=FPU&sort_order[0]=desc,3,27,BOE-A-2008-9974,https://www.boe.es/buscar/doc.php?id=BOE-A-2008-9974,11/06/2008,Ministerio de Economía y Hacienda,"Resolución de 10 de junio de 2008, de la Presidencia de la Agencia Estatal de Administración Tributaria, por la que se dispone el nombramiento como Director del Servicio de Auditoría Interna de la Agencia Estatal de Administración Tributaria, de don Tomás Merola Macanás.",Tomás Merola Macanás,1,0
delegated_enforcement_v1|es:boe-a-2004-18398:fragment:articulo:bloque-procedimental-y-de-graduacion|Ministerio de Hacienda|AEAT||https://www.boe.es/buscar/act.php?id=BOE-A-2004-18398,es:boe-a-2004-18398:fragment:articulo:bloque-procedimental-y-de-graduacion,es:boe-a-2004-18398,BOE-A-2004-18398,AEAT,Unidad procedimental sancionadora,nombramiento Agencia Estatal de Administración Tributaria,2,https://www.boe.es/buscar/boe.php?campo[1]=TITULOS&dato[1]=nombramiento%20Agencia%20Estatal%20de%20Administraci%C3%B3n%20Tributaria&accion=Buscar&sort_field[0]=FPU&sort_order[0]=desc,4,26,BOE-A-2008-9782,https://www.boe.es/buscar/doc.php?id=BOE-A-2008-9782,06/06/2008,Ministerio de Economía y Hacienda,"Resolución de 4 de junio de 2008, de la Presidencia de la Agencia Estatal de Administración Tributaria, por la que se dispone el nombramiento como Delegado Especial de la Agencia Estatal de Administración Tributaria de Galicia de don Luis Antonio Pazos Franco.",Luis Antonio Pazos Franco,1,0
delegated_enforcement_v1|es:boe-a-2004-18398:fragment:articulo:bloque-procedimental-y-de-graduacion|Ministerio de Hacienda|AEAT||https://www.boe.es/buscar/act.php?id=BOE-A-2004-18398,es:boe-a-2004-18398:fragment:articulo:bloque-procedimental-y-de-graduacion,es:boe-a-2004-18398,BOE-A-2004-18398,AEAT,Unidad procedimental sancionadora,nombramiento Agencia Estatal de Administración Tributaria,2,https://www.boe.es/buscar/boe.php?campo[1]=TITULOS&dato[1]=nombramiento%20Agencia%20Estatal%20de%20Administraci%C3%B3n%20Tributaria&accion=Buscar&sort_field[0]=FPU&sort_order[0]=desc,5,25,BOE-A-2008-8196,https://www.boe.es/buscar/doc.php?id=BOE-A-2008-8196,09/05/2008,Ministerio de Economía y Hacienda,"Resolución de 29 de abril de 2008, de la Presidencia de la Agencia Estatal de Administración Tributaria, por la que se dispone el nombramiento como Secretario Técnico Permanente de la Comisión Mixta de Coordinación de la Gestión Tributaria y Director Adjunto del Departamento de Organización, Planificación y Relaciones Institucionales de don Gaspar Caballo Mingo.",Gaspar Caballo Mingo,1,0
delegated_enforcement_v1|es:boe-a-2004-18398:fragment:articulo:bloque-procedimental-y-de-graduacion|Ministerio de Hacienda|AEAT||https://www.boe.es/buscar/act.php?id=BOE-A-2004-18398,es:boe-a-2004-18398:fragment:articulo:bloque-procedimental-y-de-graduacion,es:boe-a-2004-18398,BOE-A-2004-18398,AEAT,Unidad procedimental sancionadora,nombramiento Agencia Estatal de Administración Tributaria,2,https://www.boe.es/buscar/boe.php?campo[1]=TITULOS&dato[1]=nombramiento%20Agencia%20Estatal%20de%20Administraci%C3%B3n%20Tributaria&accion=Buscar&sort_field[0]=FPU&sort_order[0]=desc,6,24,BOE-A-2008-1343,https://www.boe.es/buscar/doc.php?id=BOE-A-2008-1343,25/01/2008,Ministerio de Economía y Hacienda,"Resolución de 22 de enero de 2008, de la Presidencia de la Agencia Estatal de Administración Tributaria, por la que se dispone el nombramiento de don Luciano Alfonso Losada Suárez como Delegado de la Agencia Estatal de Administración Tributaria en Tarragona.",Luciano Alfonso Losada Suárez,1,0
delegated_enforcement_v1|es:boe-a-2004-18398:fragment:articulo:bloque-procedimental-y-de-graduacion|Ministerio de Hacienda|AEAT||https://www.boe.es/buscar/act.php?id=BOE-A-2004-18398,es:boe-a-2004-18398:fragment:articulo:bloque-procedimental-y-de-graduacion,es:boe-a-2004-18398,BOE-A-2004-18398,AEAT,Unidad procedimental sancionadora,nombramiento Agencia Estatal de Administración Tributaria,2,https://www.boe.es/buscar/boe.php?campo[1]=TITULOS&dato[1]=nombramiento%20Agencia%20Estatal%20de%20Administraci%C3%B3n%20Tributaria&accion=Buscar&sort_field[0]=FPU&sort_order[0]=desc,7,23,BOE-A-2007-21930,https://www.boe.es/buscar/doc.php?id=BOE-A-2007-21930,20/12/2007,Ministerio de Economía y Hacienda,"Resolución de 12 de diciembre de 2007, de la Presidencia de la Agencia Estatal de Administración Tributaria, por la que se dispone el nombramiento como Delegada Especial de la Agencia en Aragón de doña Nuria Pozuelo Antoni.",Nuria Pozuelo Antoni,1,0
delegated_enforcement_v1|es:boe-a-2004-18398:fragment:articulo:bloque-procedimental-y-de-graduacion|Ministerio de Hacienda|AEAT||https://www.boe.es/buscar/act.php?id=BOE-A-2004-18398,es:boe-a-2004-18398:fragment:articulo:bloque-procedimental-y-de-graduacion,es:boe-a-2004-18398,BOE-A-2004-18398,AEAT,Unidad procedimental sancionadora,nombramiento Agencia Estatal de Administración Tributaria,2,https://www.boe.es/buscar/boe.php?campo[1]=TITULOS&dato[1]=nombramiento%20Agencia%20Estatal%20de%20Administraci%C3%B3n%20Tributaria&accion=Buscar&sort_field[0]=FPU&sort_order[0]=desc,8,22,BOE-A-2007-21931,https://www.boe.es/buscar/doc.php?id=BOE-A-2007-21931,20/12/2007,Ministerio de Economía y Hacienda,"Resolución de 12 de diciembre de 2007, de la Presidencia de la Agencia Estatal de Administración Tributaria, por la que se dispone el nombramiento como Delegado de la Agencia en Ávila de don Juan José Fernández Sánchez.",Juan José Fernández Sánchez,1,0
delegated_enforcement_v1|es:boe-a-2004-18398:fragment:articulo:bloque-procedimental-y-de-graduacion|Ministerio de Hacienda|AEAT||https://www.boe.es/buscar/act.php?id=BOE-A-2004-18398,es:boe-a-2004-18398:fragment:articulo:bloque-procedimental-y-de-graduacion,es:boe-a-2004-18398,BOE-A-2004-18398,AEAT,Unidad procedimental sancionadora,nombramiento Agencia Estatal de Administración Tributaria,2,https://www.boe.es/buscar/boe.php?campo[1]=TITULOS&dato[1]=nombramiento%20Agencia%20Estatal%20de%20Administraci%C3%B3n%20Tributaria&accion=Buscar&sort_field[0]=FPU&sort_order[0]=desc,9,21,BOE-A-2007-21932,https://www.boe.es/buscar/doc.php?id=BOE-A-2007-21932,20/12/2007,Ministerio de Economía y Hacienda,"Resolución de 12 de diciembre de 2007, de la Presidencia de la Agencia Estatal de Administración Tributaria, por la que se dispone el nombramiento como Subdirector General de Información y Asistencia Tributaria en el Departamento de Gestión y Tributaria de don Francisco Luis Via Ozalla.",Francisco Luis Via Ozalla,1,0
delegated_enforcement_v1|es:boe-a-2004-18398:fragment:articulo:bloque-procedimental-y-de-graduacion|Ministerio de Hacienda|AEAT||https://www.boe.es/buscar/act.php?id=BOE-A-2004-18398,es:boe-a-2004-18398:fragment:articulo:bloque-procedimental-y-de-graduacion,es:boe-a-2004-18398,BOE-A-2004-18398,AEAT,Unidad procedimental sancionadora,nombramiento Agencia Estatal de Administración Tributaria,2,https://www.boe.es/buscar/boe.php?campo[1]=TITULOS&dato[1]=nombramiento%20Agencia%20Estatal%20de%20Administraci%C3%B3n%20Tributaria&accion=Buscar&sort_field[0]=FPU&sort_order[0]=desc,10,20,BOE-A-2007-17354,https://www.boe.es/buscar/doc.php?id=BOE-A-2007-17354,04/10/2007,Ministerio de Economía y Hacienda,"Resolución de 26 de septiembre de 2007, de la Presidencia de la Agencia Estatal de Administración Tributaria, por la que se dispone el nombramiento de don Domingo Javier Molina Moscoso como Subdirector General de Aplicaciones en el Departamento de Informática Tributaria.",Domingo Javier Molina Moscoso,1,0
delegated_enforcement_v1|es:boe-a-2004-18398:fragment:articulo:bloque-procedimental-y-de-graduacion|Ministerio de Hacienda|AEAT||https://www.boe.es/buscar/act.php?id=BOE-A-2004-18398,es:boe-a-2004-18398:fragment:articulo:bloque-procedimental-y-de-graduacion,es:boe-a-2004-18398,BOE-A-2004-18398,AEAT,Unidad procedimental sancionadora,nombramiento Agencia Estatal de Administración Tributaria,2,https://www.boe.es/buscar/boe.php?campo[1]=TITULOS&dato[1]=nombramiento%20Agencia%20Estatal%20de%20Administraci%C3%B3n%20Tributaria&accion=Buscar&sort_field[0]=FPU&sort_order[0]=desc,11,20,BOE-A-2007-14895,https://www.boe.es/buscar/doc.php?id=BOE-A-2007-14895,04/08/2007,Ministerio de Economía y Hacienda,"Resolución de 27 de julio de 2007, de la Presidencia de la Agencia Estatal de Administración Tributaria, por la que se dispone el nombramiento de doña María Consuelo Sánchez García como Subdirectora General de Organización y Planificación en el Departamento de Recaudación.",María Consuelo Sánchez García,1,0
delegated_enforcement_v1|es:boe-a-2004-18398:fragment:articulo:bloque-procedimental-y-de-graduacion|Ministerio de Hacienda|AEAT||https://www.boe.es/buscar/act.php?id=BOE-A-2004-18398,es:boe-a-2004-18398:fragment:articulo:bloque-procedimental-y-de-graduacion,es:boe-a-2004-18398,BOE-A-2004-18398,AEAT,Unidad procedimental sancionadora,nombramiento Agencia Estatal de Administración Tributaria,2,https://www.boe.es/buscar/boe.php?campo[1]=TITULOS&dato[1]=nombramiento%20Agencia%20Estatal%20de%20Administraci%C3%B3n%20Tributaria&accion=Buscar&sort_field[0]=FPU&sort_order[0]=desc,12,20,BOE-A-2007-12768,https://www.boe.es/buscar/doc.php?id=BOE-A-2007-12768,30/06/2007,Ministerio de Economía y Hacienda,"Resolución de 21 de junio de 2007, de la Agencia Estatal de Administración Tributaria, por la que se dispone el nombramiento como Delegado Especial de Canarias de don José Luis Rodríguez Díaz.",José Luis Rodríguez Díaz,1,0
delegated_enforcement_v1|es:boe-a-2004-18398:fragment:articulo:bloque-procedimental-y-de-graduacion|Ministerio de Hacienda|AEAT||https://www.boe.es/buscar/act.php?id=BOE-A-2004-18398,es:boe-a-2004-18398:fragment:articulo:bloque-procedimental-y-de-graduacion,es:boe-a-2004-18398,BOE-A-2004-18398,AEAT,Unidad procedimental sancionadora,nombramiento Agencia Estatal de Administración Tributaria,2,https://www.boe.es/buscar/boe.php?campo[1]=TITULOS&dato[1]=nombramiento%20Agencia%20Estatal%20de%20Administraci%C3%B3n%20Tributaria&accion=Buscar&sort_field[0]=FPU&sort_order[0]=desc,13,20,BOE-A-2007-12769,https://www.boe.es/buscar/doc.php?id=BOE-A-2007-12769,30/06/2007,Ministerio de Economía y Hacienda,"Resolución de 21 de junio de 2007, de la Presidencia de la Agencia Estatal de Administración Tributaria, por la que se dispone el nombramiento como Delegado Ejecutivo de la Delegación Especial de Andalucía, Ceuta y Melilla de don José Alberto García Valera.",José Alberto García Valera,1,0
delegated_enforcement_v1|es:boe-a-2004-18398:fragment:articulo:bloque-procedimental-y-de-graduacion|Ministerio de Hacienda|AEAT||https://www.boe.es/buscar/act.php?id=BOE-A-2004-18398,es:boe-a-2004-18398:fragment:articulo:bloque-procedimental-y-de-graduacion,es:boe-a-2004-18398,BOE-A-2004-18398,AEAT,Unidad procedimental sancionadora,nombramiento Agencia Estatal de Administración Tributaria,2,https://www.boe.es/buscar/boe.php?campo[1]=TITULOS&dato[1]=nombramiento%20Agencia%20Estatal%20de%20Administraci%C3%B3n%20Tributaria&accion=Buscar&sort_field[0]=FPU&sort_order[0]=desc,14,20,BOE-A-2007-7488,https://www.boe.es/buscar/doc.php?id=BOE-A-2007-7488,10/04/2007,Ministerio de Economía y Hacienda,"Corrección de errores de la Resolución de 20 de marzo de 2007, de la Presidencia de la Agencia Estatal de Administración Tributaria, por la que se dispone el nombramiento como Subdirector General de Planificación y Programación en el Departamento de Organización, Planificación y Relaciones Institucionales de don Antonio Francisco Ansón Latorre.",Antonio Francisco Ansón Latorre,1,0
delegated_enforcement_v1|es:boe-a-2004-18398:fragment:articulo:bloque-procedimental-y-de-graduacion|Ministerio de Hacienda|AEAT||https://www.boe.es/buscar/act.php?id=BOE-A-2004-18398,es:boe-a-2004-18398:fragment:articulo:bloque-procedimental-y-de-graduacion,es:boe-a-2004-18398,BOE-A-2004-18398,AEAT,Unidad procedimental sancionadora,nombramiento Agencia Estatal de Administración Tributaria,2,https://www.boe.es/buscar/boe.php?campo[1]=TITULOS&dato[1]=nombramiento%20Agencia%20Estatal%20de%20Administraci%C3%B3n%20Tributaria&accion=Buscar&sort_field[0]=FPU&sort_order[0]=desc,15,20,BOE-A-2007-6343,https://www.boe.es/buscar/doc.php?id=BOE-A-2007-6343,26/03/2007,Ministerio de Economía y Hacienda,"Resolución de 20 de marzo de 2007, de la Presidencia de la Agencia Estatal de Administración Tributaria, por la que se dispone el nombramiento como Subdirector General de Planificación y Programación en el Departamento de Organización, Planificación y Relaciones Internacionales de don Antonio Francisco Ansón Latorre.",Antonio Francisco Ansón Latorre,1,0
delegated_enforcement_v1|es:boe-a-2004-18398:fragment:articulo:bloque-procedimental-y-de-graduacion|Ministerio de Hacienda|AEAT||https://www.boe.es/buscar/act.php?id=BOE-A-2004-18398,es:boe-a-2004-18398:fragment:articulo:bloque-procedimental-y-de-graduacion,es:boe-a-2004-18398,BOE-A-2004-18398,AEAT,Unidad procedimental sancionadora,nombramiento Agencia Estatal de Administración Tributaria,2,https://www.boe.es/buscar/boe.php?campo[1]=TITULOS&dato[1]=nombramiento%20Agencia%20Estatal%20de%20Administraci%C3%B3n%20Tributaria&accion=Buscar&sort_field[0]=FPU&sort_order[0]=desc,16,20,BOE-A-2007-1227,https://www.boe.es/buscar/doc.php?id=BOE-A-2007-1227,20/01/2007,Ministerio de Economía y Hacienda,"Resolución de 16 de enero de 2007, de la Agencia Estatal de Administración Tributaria, por la que se dispone el nombramiento como Delegado Central Adjunto de la Delegación Central de Grandes Contribuyentes de don Valentín González Pérez.",Valentín González Pérez,1,0
delegated_enforcement_v1|es:boe-a-2004-18398:fragment:articulo:bloque-procedimental-y-de-graduacion|Ministerio de Hacienda|AEAT||https://www.boe.es/buscar/act.php?id=BOE-A-2004-18398,es:boe-a-2004-18398:fragment:articulo:bloque-procedimental-y-de-graduacion,es:boe-a-2004-18398,BOE-A-2004-18398,AEAT,Unidad procedimental sancionadora,nombramiento Agencia Estatal de Administración Tributaria,2,https://www.boe.es/buscar/boe.php?campo[1]=TITULOS&dato[1]=nombramiento%20Agencia%20Estatal%20de%20Administraci%C3%B3n%20Tributaria&accion=Buscar&sort_field[0]=FPU&sort_order[0]=desc,17,20,BOE-A-2006-18149,https://www.boe.es/buscar/doc.php?id=BOE-A-2006-18149,18/10/2006,Ministerio de Economía y Hacienda,"Resolución de 10 de octubre de 2006, de la Presidencia de la Agencia Estatal de Administración Tributaria, por la que se dispone el nombramiento como Subdirector General de Gestión Administrativa de Personal del Departamento de Recursos Humanos y Administración Económica de don Salvador Martínez Arroyo.",Salvador Martínez Arroyo,1,0
delegated_enforcement_v1|es:boe-a-2004-18398:fragment:articulo:bloque-procedimental-y-de-graduacion|Ministerio de Hacienda|AEAT||https://www.boe.es/buscar/act.php?id=BOE-A-2004-18398,es:boe-a-2004-18398:fragment:articulo:bloque-procedimental-y-de-graduacion,es:boe-a-2004-18398,BOE-A-2004-18398,AEAT,Unidad procedimental sancionadora,nombramiento Agencia Estatal de Administración Tributaria,2,https://www.boe.es/buscar/boe.php?campo[1]=TITULOS&dato[1]=nombramiento%20Agencia%20Estatal%20de%20Administraci%C3%B3n%20Tributaria&accion=Buscar&sort_field[0]=FPU&sort_order[0]=desc,18,20,BOE-A-2006-18150,https://www.boe.es/buscar/doc.php?id=BOE-A-2006-18150,18/10/2006,Ministerio de Economía y Hacienda,"Resolución de 10 de octubre de 2006, de la Presidencia de la Agencia Estatal de Administración Tributaria, por la que se dispone el nombramiento como Subdirector General de Relaciones Laborales del Departamento de Recursos Humanos y Administración Económica de don Magín Méndez Rodríguez.",Magín Méndez Rodríguez,1,0
delegated_enforcement_v1|es:boe-a-2004-18398:fragment:articulo:bloque-procedimental-y-de-graduacion|Ministerio de Hacienda|AEAT||https://www.boe.es/buscar/act.php?id=BOE-A-2004-18398,es:boe-a-2004-18398:fragment:articulo:bloque-procedimental-y-de-graduacion,es:boe-a-2004-18398,BOE-A-2004-18398,AEAT,Unidad procedimental sancionadora,nombramiento Agencia Estatal de Administración Tributaria,2,https://www.boe.es/buscar/boe.php?campo[1]=TITULOS&dato[1]=nombramiento%20Agencia%20Estatal%20de%20Administraci%C3%B3n%20Tributaria&accion=Buscar&sort_field[0]=FPU&sort_order[0]=desc,19,20,BOE-A-2006-13670,https://www.boe.es/buscar/doc.php?id=BOE-A-2006-13670,28/07/2006,Ministerio de Economía y Hacienda,"Resolución de 27 de julio de 2006, de la Agencia Estatal de Administración Tributaria, por la que se dispone el nombramiento de doña Marta Álvarez Morato, como Delegada de la Agencia Estatal de Administración Tributaria de Málaga.",Marta Álvarez Morato,1,0
delegated_enforcement_v1|es:boe-a-2004-18398:fragment:articulo:bloque-procedimental-y-de-graduacion|Ministerio de Hacienda|AEAT||https://www.boe.es/buscar/act.php?id=BOE-A-2004-18398,es:boe-a-2004-18398:fragment:articulo:bloque-procedimental-y-de-graduacion,es:boe-a-2004-18398,BOE-A-2004-18398,AEAT,Unidad procedimental sancionadora,nombramiento Agencia Estatal de Administración Tributaria,2,https://www.boe.es/buscar/boe.php?campo[1]=TITULOS&dato[1]=nombramiento%20Agencia%20Estatal%20de%20Administraci%C3%B3n%20Tributaria&accion=Buscar&sort_field[0]=FPU&sort_order[0]=desc,20,20,BOE-A-2006-13671,https://www.boe.es/buscar/doc.php?id=BOE-A-2006-13671,28/07/2006,Ministerio de Economía y Hacienda,"Resolución de 27 de julio de 2006, de la Agencia Estatal de Administración Tributaria, por la que se dispone el nombramiento de doña Olga Bobadilla Pérez, como Delegada de la Agencia Estatal de Administración Tributaria de Vigo.",Olga Bobadilla Pérez,1,0
delegated_enforcement_v1|es:boe-a-2004-18398:fragment:articulo:bloque-procedimental-y-de-graduacion|Ministerio de Hacienda|AEAT||https://www.boe.es/buscar/act.php?id=BOE-A-2004-18398,es:boe-a-2004-18398:fragment:articulo:bloque-procedimental-y-de-graduacion,es:boe-a-2004-18398,BOE-A-2004-18398,AEAT,Unidad procedimental sancionadora,nombramiento Agencia Estatal de Administración Tributaria,2,https://www.boe.es/buscar/boe.php?campo[1]=TITULOS&dato[1]=nombramiento%20Agencia%20Estatal%20de%20Administraci%C3%B3n%20Tributaria&accion=Buscar&sort_field[0]=FPU&sort_order[0]=desc,21,20,BOE-A-2006-13672,https://www.boe.es/buscar/doc.php?id=BOE-A-2006-13672,28/07/2006,Ministerio de Economía y Hacienda,"Resolución de 27 de julio de 2006, de la Agencia Estatal de Administración Tributaria, por la que se dispone el nombramiento de don Juan Pedro de Gracia Guindo, como Delegado de la Agencia Estatal de Administración Tributaria de Huelva.",Juan Pedro de Gracia Guindo,1,0
delegated_enforcement_v1|es:boe-a-2004-18398:fragment:articulo:bloque-procedimental-y-de-graduacion|Ministerio de Hacienda|AEAT||https://www.boe.es/buscar/act.php?id=BOE-A-2004-18398,es:boe-a-2004-18398:fragment:articulo:bloque-procedimental-y-de-graduacion,es:boe-a-2004-18398,BOE-A-2004-18398,AEAT,Unidad procedimental sancionadora,nombramiento Agencia Estatal de Administración Tributaria,2,https://www.boe.es/buscar/boe.php?campo[1]=TITULOS&dato[1]=nombramiento%20Agencia%20Estatal%20de%20Administraci%C3%B3n%20Tributaria&accion=Buscar&sort_field[0]=FPU&sort_order[0]=desc,22,20,BOE-A-2006-13673,https://www.boe.es/buscar/doc.php?id=BOE-A-2006-13673,28/07/2006,Ministerio de Economía y Hacienda,"Resolución de 27 de julio de 2006, de la Agencia Estatal de Administración Tributaria, por la que se dispone el nombramiento de don Miguel Ángel Orti Vallejo, como Delegado de la Agencia Estatal de Administración Tributaria de Córdoba.",Miguel Ángel Orti Vallejo,1,0
delegated_enforcement_v1|es:boe-a-2004-18398:fragment:articulo:bloque-procedimental-y-de-graduacion|Ministerio de Hacienda|AEAT||https://www.boe.es/buscar/act.php?id=BOE-A-2004-18398,es:boe-a-2004-18398:fragment:articulo:bloque-procedimental-y-de-graduacion,es:boe-a-2004-18398,BOE-A-2004-18398,AEAT,Unidad procedimental sancionadora,nombramiento Agencia Estatal de Administración Tributaria,2,https://www.boe.es/buscar/boe.php?campo[1]=TITULOS&dato[1]=nombramiento%20Agencia%20Estatal%20de%20Administraci%C3%B3n%20Tributaria&accion=Buscar&sort_field[0]=FPU&sort_order[0]=desc,23,20,BOE-A-2006-13674,https://www.boe.es/buscar/doc.php?id=BOE-A-2006-13674,28/07/2006,Ministerio de Economía y Hacienda,"Resolución de 27 de julio de 2006, de la Agencia Estatal de Administración Tributaria, por la que se dispone el nombramiento de doña Victorina Pérez Pérez, como Delegada de la Agencia Estatal de Administración Tributaria de Ávila.",Victorina Pérez Pérez,1,0
delegated_enforcement_v1|es:boe-a-2004-18398:fragment:articulo:bloque-procedimental-y-de-graduacion|Ministerio de Hacienda|AEAT||https://www.boe.es/buscar/act.php?id=BOE-A-2004-18398,es:boe-a-2004-18398:fragment:articulo:bloque-procedimental-y-de-graduacion,es:boe-a-2004-18398,BOE-A-2004-18398,AEAT,Unidad procedimental sancionadora,nombramiento Agencia Estatal de Administración Tributaria,2,https://www.boe.es/buscar/boe.php?campo[1]=TITULOS&dato[1]=nombramiento%20Agencia%20Estatal%20de%20Administraci%C3%B3n%20Tributaria&accion=Buscar&sort_field[0]=FPU&sort_order[0]=desc,24,20,BOE-A-2006-13675,https://www.boe.es/buscar/doc.php?id=BOE-A-2006-13675,28/07/2006,Ministerio de Economía y Hacienda,"Resolución de 27 de julio de 2006, de la Agencia Estatal de Administración Tributaria, por la que se dispone el nombramiento de don Francisco Ruiz Bocanegra, como Delegado de la Agencia Estatal de Administración Tributaria de Granada.",Francisco Ruiz Bocanegra,1,0
delegated_enforcement_v1|es:boe-a-2004-18398:fragment:articulo:bloque-procedimental-y-de-graduacion|Ministerio de Hacienda|AEAT||https://www.boe.es/buscar/act.php?id=BOE-A-2004-18398,es:boe-a-2004-18398:fragment:articulo:bloque-procedimental-y-de-graduacion,es:boe-a-2004-18398,BOE-A-2004-18398,AEAT,Unidad procedimental sancionadora,nombramiento Agencia Estatal de Administración Tributaria,2,https://www.boe.es/buscar/boe.php?campo[1]=TITULOS&dato[1]=nombramiento%20Agencia%20Estatal%20de%20Administraci%C3%B3n%20Tributaria&accion=Buscar&sort_field[0]=FPU&sort_order[0]=desc,25,20,BOE-A-2006-11416,https://www.boe.es/buscar/doc.php?id=BOE-A-2006-11416,27/06/2006,Ministerio de Economía y Hacienda,"Resolución de 23 de junio de 2006, de la Presidencia de la Agencia Estatal de Administración Tributaria, por la que se dispone el nombramiento de doña Sara Ugarte Alonso-Vega, como Directora del Departamento de Recursos Humanos y Administración Económica.",Sara Ugarte Alonso-Vega,1,0
delegated_enforcement_v1|es:boe-a-2015-11722:fragment:articulo:bloque-sancionador-principal|Ministerio competente en trafico|DGT|Direccion General de Trafico|https://www.boe.es/buscar/act.php?id=BOE-A-2015-11722,es:boe-a-2015-11722:fragment:articulo:bloque-sancionador-principal,es:boe-a-2015-11722,BOE-A-2015-11722,DGT,Direccion General,nombramiento Direccion General Dirección General de Tráfico,1,https://www.boe.es/buscar/boe.php?campo[1]=TITULOS&dato[1]=nombramiento%20Direccion%20General%20Direcci%C3%B3n%20General%20de%20Tr%C3%A1fico&accion=Buscar&sort_field[0]=FPU&sort_order[0]=desc,1,49,BOE-A-2003-23115,https://www.boe.es/buscar/doc.php?id=BOE-A-2003-23115,17/12/2003,Ministerio del Interior,"Orden INT/3514/2003, de 5 de diciembre, por la que se dispone el nombramiento de don Mariano Fernández Fernández como Subdirector General de Normativa y Recursos de la Dirección General de Tráfico.",Mariano Fernández Fernández,1,1
delegated_enforcement_v1|es:boe-a-2015-11722:fragment:articulo:bloque-sancionador-principal|Ministerio competente en trafico|DGT|Direccion General de Trafico|https://www.boe.es/buscar/act.php?id=BOE-A-2015-11722,es:boe-a-2015-11722:fragment:articulo:bloque-sancionador-principal,es:boe-a-2015-11722,BOE-A-2015-11722,DGT,Direccion General,nombramiento Direccion General Dirección General de Tráfico,1,https://www.boe.es/buscar/boe.php?campo[1]=TITULOS&dato[1]=nombramiento%20Direccion%20General%20Direcci%C3%B3n%20General%20de%20Tr%C3%A1fico&accion=Buscar&sort_field[0]=FPU&sort_order[0]=desc,2,48,BOE-A-1997-2771,https://www.boe.es/buscar/doc.php?id=BOE-A-1997-2771,08/02/1997,Ministerio del Interior,Orden de 24 de enero de 1997 por la que se dispone el nombramiento de don Ventura Hernando Barberán como Subdirector general de Legislación y Recursos de la Dirección General de Tráfico.,Ventura Hernando Barberán,1,1
delegated_enforcement_v1|es:boe-a-2015-11722:fragment:articulo:bloque-sancionador-principal|Ministerio competente en trafico|DGT|Direccion General de Trafico|https://www.boe.es/buscar/act.php?id=BOE-A-2015-11722,es:boe-a-2015-11722:fragment:articulo:bloque-sancionador-principal,es:boe-a-2015-11722,BOE-A-2015-11722,DGT,Direccion General,nombramiento Direccion General Dirección General de Tráfico,1,https://www.boe.es/buscar/boe.php?campo[1]=TITULOS&dato[1]=nombramiento%20Direccion%20General%20Direcci%C3%B3n%20General%20de%20Tr%C3%A1fico&accion=Buscar&sort_field[0]=FPU&sort_order[0]=desc,3,47,BOE-A-1996-25171,https://www.boe.es/buscar/doc.php?id=BOE-A-1996-25171,13/11/1996,Ministerio del Interior,"Orden de 29 de octubre de 1996 por la que se dispone el nombramiento de doña Enriqueta Zepeda Aguilar, como Secretaría general, de la Dirección General de Tráfico.",Enriqueta Zepeda Aguilar,1,1
delegated_enforcement_v1|es:boe-a-2015-11722:fragment:articulo:bloque-sancionador-principal|Ministerio competente en trafico|DGT|Direccion General de Trafico|https://www.boe.es/buscar/act.php?id=BOE-A-2015-11722,es:boe-a-2015-11722:fragment:articulo:bloque-sancionador-principal,es:boe-a-2015-11722,BOE-A-2015-11722,DGT,Direccion General,nombramiento Direccion General Dirección General de Tráfico,1,https://www.boe.es/buscar/boe.php?campo[1]=TITULOS&dato[1]=nombramiento%20Direccion%20General%20Direcci%C3%B3n%20General%20de%20Tr%C3%A1fico&accion=Buscar&sort_field[0]=FPU&sort_order[0]=desc,4,46,BOE-A-1990-16923,https://www.boe.es/buscar/doc.php?id=BOE-A-1990-16923,17/07/1990,Ministerio del Interior,"Resolución de 1 de julio de 1990, de la Subsecretaría, por la que se hace público el nombramiento, por el sistema de libre designación, del funcionario don Eduardo Berzosa Alonso-Martínez para el puesto de trabajo de Subdirector general adjunto de Personal de la Dirección General de Tráfico.",,1,1
delegated_enforcement_v1|es:boe-a-2015-11722:fragment:articulo:bloque-sancionador-principal|Ministerio competente en trafico|DGT|Direccion General de Trafico|https://www.boe.es/buscar/act.php?id=BOE-A-2015-11722,es:boe-a-2015-11722:fragment:articulo:bloque-sancionador-principal,es:boe-a-2015-11722,BOE-A-2015-11722,DGT,Direccion General,nombramiento Direccion General Dirección General de Tráfico,1,https://www.boe.es/buscar/boe.php?campo[1]=TITULOS&dato[1]=nombramiento%20Direccion%20General%20Direcci%C3%B3n%20General%20de%20Tr%C3%A1fico&accion=Buscar&sort_field[0]=FPU&sort_order[0]=desc,5,45,BOE-A-1985-13094,https://www.boe.es/buscar/doc.php?id=BOE-A-1985-13094,05/07/1985,"Ministerio de Transportes, Turismo y Comunicaciones","Orden de 28 de junio de 1985 por la que se dispone el nombramiento como Subdirector general de Tráfico Marítimo, en la Dirección General de la Marina Mercante, de don Miguel Hernández Hernández.",Miguel Hernández Hernández,1,1
delegated_enforcement_v1|es:boe-a-2015-11722:fragment:articulo:bloque-sancionador-principal|Ministerio competente en trafico|DGT|Direccion General de Trafico|https://www.boe.es/buscar/act.php?id=BOE-A-2015-11722,es:boe-a-2015-11722:fragment:articulo:bloque-sancionador-principal,es:boe-a-2015-11722,BOE-A-2015-11722,DGT,Direccion General,nombramiento Direccion General Dirección General de Tráfico,1,https://www.boe.es/buscar/boe.php?campo[1]=TITULOS&dato[1]=nombramiento%20Direccion%20General%20Direcci%C3%B3n%20General%20de%20Tr%C3%A1fico&accion=Buscar&sort_field[0]=FPU&sort_order[0]=desc,6,44,BOE-A-1983-28146,https://www.boe.es/buscar/doc.php?id=BOE-A-1983-28146,26/10/1983,Ministerio del Interior,Orden de 13 de octubre de 1983 por la que se dispone el nombramiento de don Miguel María Muñoz Medina como Subdirector general de Circulación y Seguridad Vial de la Dirección General de Tráfico.,Miguel María Muñoz Medina,1,1
delegated_enforcement_v1|es:boe-a-2015-11722:fragment:articulo:bloque-sancionador-principal|Ministerio competente en trafico|DGT|Direccion General de Trafico|https://www.boe.es/buscar/act.php?id=BOE-A-2015-11722,es:boe-a-2015-11722:fragment:articulo:bloque-sancionador-principal,es:boe-a-2015-11722,BOE-A-2015-11722,DGT,Direccion General,nombramiento Direccion General Dirección General de Tráfico,1,https://www.boe.es/buscar/boe.php?campo[1]=TITULOS&dato[1]=nombramiento%20Direccion%20General%20Direcci%C3%B3n%20General%20de%20Tr%C3%A1fico&accion=Buscar&sort_field[0]=FPU&sort_order[0]=desc,7,43,BOE-A-1983-26523,https://www.boe.es/buscar/doc.php?id=BOE-A-1983-26523,06/10/1983,Ministerio del Interior,Orden de 29 de septiembre de 1983 por la que se dispone el nombramiento de doña María Isabel Herrarte del Alamo como Subdirectora general de Servicios de la Dirección General de Tráfico.,María Isabel Herrarte del Alamo,1,1
delegated_enforcement_v1|es:boe-a-2015-11722:fragment:articulo:bloque-sancionador-principal|Ministerio competente en trafico|DGT|Direccion General de Trafico|https://www.boe.es/buscar/act.php?id=BOE-A-2015-11722,es:boe-a-2015-11722:fragment:articulo:bloque-sancionador-principal,es:boe-a-2015-11722,BOE-A-2015-11722,DGT,Direccion General,nombramiento Direccion General Dirección General de Tráfico,1,https://www.boe.es/buscar/boe.php?campo[1]=TITULOS&dato[1]=nombramiento%20Direccion%20General%20Direcci%C3%B3n%20General%20de%20Tr%C3%A1fico&accion=Buscar&sort_field[0]=FPU&sort_order[0]=desc,8,42,BOE-A-1976-22164,https://www.boe.es/buscar/doc.php?id=BOE-A-1976-22164,05/11/1976,Ministerio de Comercio,Orden de 30 de septiembre de 1976 sobre nombramiento de Subdirector general de Tráfico Marítimo de la Dirección General de Navegación a don José María Moréu Curbera.,,1,1
delegated_enforcement_v1|es:boe-a-2015-11722:fragment:articulo:bloque-sancionador-principal|Ministerio competente en trafico|DGT|Direccion General de Trafico|https://www.boe.es/buscar/act.php?id=BOE-A-2015-11722,es:boe-a-2015-11722:fragment:articulo:bloque-sancionador-principal,es:boe-a-2015-11722,BOE-A-2015-11722,DGT,Direccion General,nombramiento Direccion General,5,https://www.boe.es/buscar/boe.php?campo[1]=TITULOS&dato[1]=nombramiento%20Direccion%20General&accion=Buscar&sort_field[0]=FPU&sort_order[0]=desc,9,41,BOE-A-2026-1523,https://www.boe.es/buscar/doc.php?id=BOE-A-2026-1523,22/01/2026,"Ministerio de la Presidencia, Justicia y Relaciones con las Cortes","Resolución de 7 de octubre de 2025, de la Dirección General de Seguridad Jurídica y Fe Pública, en el recurso interpuesto contra la nota de calificación extendida por la registradora mercantil y de bienes muebles de Valladolid, por la que se suspende la inscripción de sendos autos de declaración de concurso y nombramiento de administrador concursal y de conclusión, disolución de sociedad, cancelación de hoja registral y cese de administradora concursal.",,1,1
delegated_enforcement_v1|es:boe-a-2015-11722:fragment:articulo:bloque-sancionador-principal|Ministerio competente en trafico|DGT|Direccion General de Trafico|https://www.boe.es/buscar/act.php?id=BOE-A-2015-11722,es:boe-a-2015-11722:fragment:articulo:bloque-sancionador-principal,es:boe-a-2015-11722,BOE-A-2015-11722,DGT,Direccion General,nombramiento Direccion General,5,https://www.boe.es/buscar/boe.php?campo[1]=TITULOS&dato[1]=nombramiento%20Direccion%20General&accion=Buscar&sort_field[0]=FPU&sort_order[0]=desc,10,40,BOE-A-2025-15383,https://www.boe.es/buscar/doc.php?id=BOE-A-2025-15383,24/07/2025,"Ministerio de la Presidencia, Justicia y Relaciones con las Cortes","Resolución de 26 de junio de 2025, de la Dirección General de Seguridad Jurídica y Fe Pública, en el recurso interpuesto contra la nota de calificación del registrador mercantil XXIII de Madrid, por la que se califica negativamente una escritura de declaración de unipersonalidad, aprobación de nuevos estatutos, cese de administradores, nombramiento de administrador y apoderamientos.",,1,1
delegated_enforcement_v1|es:boe-a-2015-11722:fragment:articulo:bloque-sancionador-principal|Ministerio competente en trafico|DGT|Direccion General de Trafico|https://www.boe.es/buscar/act.php?id=BOE-A-2015-11722,es:boe-a-2015-11722:fragment:articulo:bloque-sancionador-principal,es:boe-a-2015-11722,BOE-A-2015-11722,DGT,Direccion General,nombramiento Direccion General,5,https://www.boe.es/buscar/boe.php?campo[1]=TITULOS&dato[1]=nombramiento%20Direccion%20General&accion=Buscar&sort_field[0]=FPU&sort_order[0]=desc,11,40,BOE-A-2025-13509,https://www.boe.es/buscar/doc.php?id=BOE-A-2025-13509,02/07/2025,"Ministerio de la Presidencia, Justicia y Relaciones con las Cortes","Resolución de 3 de junio de 2025, de la Dirección General de Seguridad Jurídica y Fe Pública, en el recurso interpuesto contra la negativa del registrador mercantil y de bienes muebles I de Santa Cruz de Tenerife, a la inscripción del cese de un administrador mancomunado y el nombramiento de otro de una sociedad mercantil.",,1,1
delegated_enforcement_v1|es:boe-a-2015-11722:fragment:articulo:bloque-sancionador-principal|Ministerio competente en trafico|DGT|Direccion General de Trafico|https://www.boe.es/buscar/act.php?id=BOE-A-2015-11722,es:boe-a-2015-11722:fragment:articulo:bloque-sancionador-principal,es:boe-a-2015-11722,BOE-A-2015-11722,DGT,Direccion General,nombramiento Direccion General,5,https://www.boe.es/buscar/boe.php?campo[1]=TITULOS&dato[1]=nombramiento%20Direccion%20General&accion=Buscar&sort_field[0]=FPU&sort_order[0]=desc,12,40,BOE-A-2024-14696,https://www.boe.es/buscar/doc.php?id=BOE-A-2024-14696,17/07/2024,"Ministerio de la Presidencia, Justicia y Relaciones con las Cortes","Resolución de 25 de junio de 2024, de la Dirección General de Seguridad Jurídica y Fe Pública, en el recurso interpuesto contra la nota de calificación extendida por la registradora mercantil y de bienes muebles de Valladolid, por la que se suspende la inscripción de unos acuerdos de cese y nombramiento de administrador adoptados en una junta general celebrada en segunda convocatoria.",,1,1
delegated_enforcement_v1|es:boe-a-2015-11722:fragment:articulo:bloque-sancionador-principal|Ministerio competente en trafico|DGT|Direccion General de Trafico|https://www.boe.es/buscar/act.php?id=BOE-A-2015-11722,es:boe-a-2015-11722:fragment:articulo:bloque-sancionador-principal,es:boe-a-2015-11722,BOE-A-2015-11722,DGT,Direccion General,nombramiento Direccion General,5,https://www.boe.es/buscar/boe.php?campo[1]=TITULOS&dato[1]=nombramiento%20Direccion%20General&accion=Buscar&sort_field[0]=FPU&sort_order[0]=desc,13,40,BOE-A-2024-13791,https://www.boe.es/buscar/doc.php?id=BOE-A-2024-13791,05/07/2024,"Ministerio de la Presidencia, Justicia y Relaciones con las Cortes","Resolución de 28 de mayo de 2024, de la Dirección General de Seguridad Jurídica y Fe Pública, en el recurso interpuesto contra la nota de calificación del registrador Mercantil XIII de Madrid, por la que se rechaza la solicitud de inscripción de nombramiento de administrador único de una sociedad.",,1,1
delegated_enforcement_v1|es:boe-a-2015-11722:fragment:articulo:bloque-sancionador-principal|Ministerio competente en trafico|DGT|Direccion General de Trafico|https://www.boe.es/buscar/act.php?id=BOE-A-2015-11722,es:boe-a-2015-11722:fragment:articulo:bloque-sancionador-principal,es:boe-a-2015-11722,BOE-A-2015-11722,DGT,Direccion General,nombramiento Direccion General,5,https://www.boe.es/buscar/boe.php?campo[1]=TITULOS&dato[1]=nombramiento%20Direccion%20General&accion=Buscar&sort_field[0]=FPU&sort_order[0]=desc,14,40,BOE-A-2024-9797,https://www.boe.es/buscar/doc.php?id=BOE-A-2024-9797,15/05/2024,"Ministerio de la Presidencia, Justicia y Relaciones con las Cortes","Resolución de 24 de abril de 2024, de la Dirección General de Seguridad Jurídica y Fe Pública, en el recurso interpuesto contra la negativa del registrador mercantil y de bienes muebles III de Barcelona a inscribir un acuerdo de nombramiento de auditor de cuentas.",,1,1
delegated_enforcement_v1|es:boe-a-2015-11722:fragment:articulo:bloque-sancionador-principal|Ministerio competente en trafico|DGT|Direccion General de Trafico|https://www.boe.es/buscar/act.php?id=BOE-A-2015-11722,es:boe-a-2015-11722:fragment:articulo:bloque-sancionador-principal,es:boe-a-2015-11722,BOE-A-2015-11722,DGT,Direccion General,nombramiento Direccion General,5,https://www.boe.es/buscar/boe.php?campo[1]=TITULOS&dato[1]=nombramiento%20Direccion%20General&accion=Buscar&sort_field[0]=FPU&sort_order[0]=desc,15,40,BOE-A-2024-7182,https://www.boe.es/buscar/doc.php?id=BOE-A-2024-7182,11/04/2024,"Ministerio de la Presidencia, Justicia y Relaciones con las Cortes","Resolución de 19 de marzo de 2024, de la Dirección General de Seguridad Jurídica y Fe Pública, en el recurso interpuesto contra la negativa del registrador mercantil y de bienes muebles II de Palma de Mallorca a inscribir la escritura de cese y nombramiento de administrador único de una sociedad.",,1,1
delegated_enforcement_v1|es:boe-a-2015-11722:fragment:articulo:bloque-sancionador-principal|Ministerio competente en trafico|DGT|Direccion General de Trafico|https://www.boe.es/buscar/act.php?id=BOE-A-2015-11722,es:boe-a-2015-11722:fragment:articulo:bloque-sancionador-principal,es:boe-a-2015-11722,BOE-A-2015-11722,DGT,Direccion General,nombramiento Direccion General,5,https://www.boe.es/buscar/boe.php?campo[1]=TITULOS&dato[1]=nombramiento%20Direccion%20General&accion=Buscar&sort_field[0]=FPU&sort_order[0]=desc,16,40,BOE-A-2024-5454,https://www.boe.es/buscar/doc.php?id=BOE-A-2024-5454,19/03/2024,"Ministerio de la Presidencia, Justicia y Relaciones con las Cortes","Resolución de 19 de febrero de 2024, de la Dirección General de Seguridad Jurídica y Fe Pública, en el recurso interpuesto contra la negativa de la registradora mercantil XVII de Madrid a inscribir el nombramiento de administrador único de una sociedad que se encontraba en concurso en fase de liquidación.",,1,1
delegated_enforcement_v1|es:boe-a-2015-11722:fragment:articulo:bloque-sancionador-principal|Ministerio competente en trafico|DGT|Direccion General de Trafico|https://www.boe.es/buscar/act.php?id=BOE-A-2015-11722,es:boe-a-2015-11722:fragment:articulo:bloque-sancionador-principal,es:boe-a-2015-11722,BOE-A-2015-11722,DGT,Direccion General,nombramiento Direccion General,5,https://www.boe.es/buscar/boe.php?campo[1]=TITULOS&dato[1]=nombramiento%20Direccion%20General&accion=Buscar&sort_field[0]=FPU&sort_order[0]=desc,17,40,BOE-A-2024-5029,https://www.boe.es/buscar/doc.php?id=BOE-A-2024-5029,14/03/2024,"Ministerio de la Presidencia, Justicia y Relaciones con las Cortes","Resolución de 12 de febrero de 2024, de la Dirección General de Seguridad Jurídica y Fe Pública, en el recurso interpuesto contra las notas de calificación del registrador mercantil XXII de Madrid y el registrador mercantil XXIII de Madrid, por las que se suspende la toma de razón de una escritura de elevación a público de nombramiento de administrador y de un certificado de no aprobación de las cuentas anuales de una sociedad.",,1,1
delegated_enforcement_v1|es:boe-a-2015-11722:fragment:articulo:bloque-sancionador-principal|Ministerio competente en trafico|DGT|Direccion General de Trafico|https://www.boe.es/buscar/act.php?id=BOE-A-2015-11722,es:boe-a-2015-11722:fragment:articulo:bloque-sancionador-principal,es:boe-a-2015-11722,BOE-A-2015-11722,DGT,Direccion General,nombramiento Direccion General,5,https://www.boe.es/buscar/boe.php?campo[1]=TITULOS&dato[1]=nombramiento%20Direccion%20General&accion=Buscar&sort_field[0]=FPU&sort_order[0]=desc,18,40,BOE-A-2023-25714,https://www.boe.es/buscar/doc.php?id=BOE-A-2023-25714,19/12/2023,"Ministerio de la Presidencia, Justicia y Relaciones con las Cortes","Resolución de 27 de noviembre de 2023, de la Dirección General de Seguridad Jurídica y Fe Pública, en el recurso interpuesto contra la negativa del registrador mercantil accidental de Eivissa a inscribir el nombramiento de administradora mancomunada de una sociedad.",,1,1
delegated_enforcement_v1|es:boe-a-2015-11722:fragment:articulo:bloque-sancionador-principal|Ministerio competente en trafico|DGT|Direccion General de Trafico|https://www.boe.es/buscar/act.php?id=BOE-A-2015-11722,es:boe-a-2015-11722:fragment:articulo:bloque-sancionador-principal,es:boe-a-2015-11722,BOE-A-2015-11722,DGT,Direccion General,nombramiento Direccion General,5,https://www.boe.es/buscar/boe.php?campo[1]=TITULOS&dato[1]=nombramiento%20Direccion%20General&accion=Buscar&sort_field[0]=FPU&sort_order[0]=desc,19,40,BOE-A-2023-25720,https://www.boe.es/buscar/doc.php?id=BOE-A-2023-25720,19/12/2023,"Ministerio de la Presidencia, Justicia y Relaciones con las Cortes","Resolución de 28 de noviembre de 2023, de la Dirección General de Seguridad Jurídica y Fe Pública, en el recurso interpuesto contra la nota de calificación extendida por el registrador mercantil XIII de Madrid, por la que rechaza la cancelación parcial de una inscripción de nombramiento de auditor.",,1,1
delegated_enforcement_v1|es:boe-a-2015-11722:fragment:articulo:bloque-sancionador-principal|Ministerio competente en trafico|DGT|Direccion General de Trafico|https://www.boe.es/buscar/act.php?id=BOE-A-2015-11722,es:boe-a-2015-11722:fragment:articulo:bloque-sancionador-principal,es:boe-a-2015-11722,BOE-A-2015-11722,DGT,Direccion General,nombramiento Direccion General,5,https://www.boe.es/buscar/boe.php?campo[1]=TITULOS&dato[1]=nombramiento%20Direccion%20General&accion=Buscar&sort_field[0]=FPU&sort_order[0]=desc,20,40,BOE-A-2023-24746,https://www.boe.es/buscar/doc.php?id=BOE-A-2023-24746,04/12/2023,Ministerio de Justicia,"Resolución de 15 de noviembre de 2023, de la Dirección General de Seguridad Jurídica y Fe Pública, en el recurso interpuesto contra la negativa del registrador mercantil accidental de Eivissa a inscribir el nombramiento de administradora mancomunada de una sociedad.",,1,1
delegated_enforcement_v1|es:boe-a-2015-11722:fragment:articulo:bloque-sancionador-principal|Ministerio competente en trafico|DGT|Direccion General de Trafico|https://www.boe.es/buscar/act.php?id=BOE-A-2015-11722,es:boe-a-2015-11722:fragment:articulo:bloque-sancionador-principal,es:boe-a-2015-11722,BOE-A-2015-11722,DGT,Direccion General,nombramiento Direccion General,5,https://www.boe.es/buscar/boe.php?campo[1]=TITULOS&dato[1]=nombramiento%20Direccion%20General&accion=Buscar&sort_field[0]=FPU&sort_order[0]=desc,21,40,BOE-A-2023-22343,https://www.boe.es/buscar/doc.php?id=BOE-A-2023-22343,01/11/2023,Ministerio de Justicia,"Resolución de 25 de septiembre de 2023, de la Dirección General de Seguridad Jurídica y Fe Pública, en el recurso interpuesto contra la negativa del registrador mercantil y de bienes muebles XII de Barcelona a inscribir un acuerdo de nombramiento de auditor de cuentas.",,1,1
delegated_enforcement_v1|es:boe-a-2015-11722:fragment:articulo:bloque-sancionador-principal|Ministerio competente en trafico|DGT|Direccion General de Trafico|https://www.boe.es/buscar/act.php?id=BOE-A-2015-11722,es:boe-a-2015-11722:fragment:articulo:bloque-sancionador-principal,es:boe-a-2015-11722,BOE-A-2015-11722,DGT,Direccion General,nombramiento Direccion General,5,https://www.boe.es/buscar/boe.php?campo[1]=TITULOS&dato[1]=nombramiento%20Direccion%20General&accion=Buscar&sort_field[0]=FPU&sort_order[0]=desc,22,40,BOE-A-2023-19659,https://www.boe.es/buscar/doc.php?id=BOE-A-2023-19659,19/09/2023,Ministerio del Interior,"Resolución de 11 de septiembre de 2023, de la Dirección General de la Policía, por la que se deja sin efecto el nombramiento como policía alumna de la opositora doña Isabel María Abolafia Caracuel.",,1,1
delegated_enforcement_v1|es:boe-a-2015-11722:fragment:articulo:bloque-sancionador-principal|Ministerio competente en trafico|DGT|Direccion General de Trafico|https://www.boe.es/buscar/act.php?id=BOE-A-2015-11722,es:boe-a-2015-11722:fragment:articulo:bloque-sancionador-principal,es:boe-a-2015-11722,BOE-A-2015-11722,DGT,Direccion General,nombramiento Direccion General,5,https://www.boe.es/buscar/boe.php?campo[1]=TITULOS&dato[1]=nombramiento%20Direccion%20General&accion=Buscar&sort_field[0]=FPU&sort_order[0]=desc,23,40,BOE-A-2023-13003,https://www.boe.es/buscar/doc.php?id=BOE-A-2023-13003,01/06/2023,Ministerio de Justicia,"Resolución de 11 de mayo de 2023, de la Dirección General de Seguridad Jurídica y Fe Pública, en el recurso interpuesto contra la calificación negativa emitida por el registrador mercantil XXI de Madrid, por la que se deniega la inscripción de la revocación del nombramiento de auditor de cuentas de una compañía por no expresar el correspondiente acuerdo la «justa causa» en que se fundamenta tal decisión.",,1,1
delegated_enforcement_v1|es:boe-a-2015-11722:fragment:articulo:bloque-sancionador-principal|Ministerio competente en trafico|DGT|Direccion General de Trafico|https://www.boe.es/buscar/act.php?id=BOE-A-2015-11722,es:boe-a-2015-11722:fragment:articulo:bloque-sancionador-principal,es:boe-a-2015-11722,BOE-A-2015-11722,DGT,Direccion General,nombramiento Direccion General,5,https://www.boe.es/buscar/boe.php?campo[1]=TITULOS&dato[1]=nombramiento%20Direccion%20General&accion=Buscar&sort_field[0]=FPU&sort_order[0]=desc,24,40,BOE-A-2023-12594,https://www.boe.es/buscar/doc.php?id=BOE-A-2023-12594,29/05/2023,Ministerio de Justicia,"Resolución de 8 de mayo de 2023, de la Dirección General de Seguridad Jurídica y Fe Pública, en el recurso interpuesto contra la calificación negativa emitida por el registrador mercantil XIV de Madrid, por la que se deniega la inscripción de una escritura en la que se eleva a público el nombramiento de administrador único de una compañía, a causa de tener la hoja cerrada por falta de depósito de las cuentas anuales.",,1,1
delegated_enforcement_v1|es:boe-a-2015-11722:fragment:articulo:bloque-sancionador-principal|Ministerio competente en trafico|DGT|Direccion General de Trafico|https://www.boe.es/buscar/act.php?id=BOE-A-2015-11722,es:boe-a-2015-11722:fragment:articulo:bloque-sancionador-principal,es:boe-a-2015-11722,BOE-A-2015-11722,DGT,Direccion General,nombramiento Direccion General,5,https://www.boe.es/buscar/boe.php?campo[1]=TITULOS&dato[1]=nombramiento%20Direccion%20General&accion=Buscar&sort_field[0]=FPU&sort_order[0]=desc,25,40,BOE-A-2023-3950,https://www.boe.es/buscar/doc.php?id=BOE-A-2023-3950,14/02/2023,Ministerio de Justicia,"Resolución de 23 de enero de 2023, de la Dirección General de Seguridad Jurídica y Fe Pública, en el recurso interpuesto contra la negativa del registrador mercantil y de bienes muebles I de Las Palmas de Gran Canaria a inscribir una escritura de nombramiento de administradores de una sociedad.",,1,1
delegated_enforcement_v1|es:boe-a-2015-11724:fragment:articulo:bloque-de-infracciones-y-sanciones|Ministerio de Trabajo|Inspeccion de Trabajo y Seguridad Social|Organismo Estatal ITSS|https://www.boe.es/buscar/act.php?id=BOE-A-2015-11724,es:boe-a-2015-11724:fragment:articulo:bloque-de-infracciones-y-sanciones,es:boe-a-2015-11724,BOE-A-2015-11724,Inspeccion de Trabajo y Seguridad Social,Direccion del Organismo Estatal ITSS,nombramiento Inspección de Trabajo y Seguridad Social,2,https://www.boe.es/buscar/boe.php?campo[1]=TITULOS&dato[1]=nombramiento%20Inspecci%C3%B3n%20de%20Trabajo%20y%20Seguridad%20Social&accion=Buscar&sort_field[0]=FPU&sort_order[0]=desc,1,29,BOE-A-2001-17717,https://www.boe.es/buscar/doc.php?id=BOE-A-2001-17717,19/09/2001,Ministerio de Trabajo y Asuntos Sociales,"Orden de 6 de septiembre de 2001 por la que se dispone el nombramiento, por el procedimiento de libre designación, de don Jaime Garicano Rojas como Subdirector general de Asuntos Generales de la Dirección General de la Inspección de Trabajo y Seguridad Social.",Jaime Garicano Rojas,1,0
delegated_enforcement_v1|es:boe-a-2015-11724:fragment:articulo:bloque-de-infracciones-y-sanciones|Ministerio de Trabajo|Inspeccion de Trabajo y Seguridad Social|Organismo Estatal ITSS|https://www.boe.es/buscar/act.php?id=BOE-A-2015-11724,es:boe-a-2015-11724:fragment:articulo:bloque-de-infracciones-y-sanciones,es:boe-a-2015-11724,BOE-A-2015-11724,Inspeccion de Trabajo y Seguridad Social,Direccion del Organismo Estatal ITSS,nombramiento Inspección de Trabajo y Seguridad Social,2,https://www.boe.es/buscar/boe.php?campo[1]=TITULOS&dato[1]=nombramiento%20Inspecci%C3%B3n%20de%20Trabajo%20y%20Seguridad%20Social&accion=Buscar&sort_field[0]=FPU&sort_order[0]=desc,2,28,BOE-A-1987-15212,https://www.boe.es/buscar/doc.php?id=BOE-A-1987-15212,02/07/1987,Ministerio de Trabajo y Seguridad Social,Orden de 24 de junio de 1987 por la que se dispone el nombramiento de don Angel Allue Buiza como Subdirector general de Coordinación y Planificación de la Dirección General de la Inspección de Trabajo y Seguridad Social.,Angel Allue Buiza,1,0
delegated_enforcement_v1|es:boe-a-2015-11724:fragment:articulo:bloque-de-infracciones-y-sanciones|Ministerio de Trabajo|Inspeccion de Trabajo y Seguridad Social|Organismo Estatal ITSS|https://www.boe.es/buscar/act.php?id=BOE-A-2015-11724,es:boe-a-2015-11724:fragment:articulo:bloque-de-infracciones-y-sanciones,es:boe-a-2015-11724,BOE-A-2015-11724,Inspeccion de Trabajo y Seguridad Social,Direccion del Organismo Estatal ITSS,nombramiento Inspección de Trabajo y Seguridad Social,2,https://www.boe.es/buscar/boe.php?campo[1]=TITULOS&dato[1]=nombramiento%20Inspecci%C3%B3n%20de%20Trabajo%20y%20Seguridad%20Social&accion=Buscar&sort_field[0]=FPU&sort_order[0]=desc,3,27,BOE-A-1985-12316,https://www.boe.es/buscar/doc.php?id=BOE-A-1985-12316,27/06/1985,Ministerio de Trabajo y Seguridad Social,Orden de 3 de junio de 1985 por la que se dispone el nombramiento de don Urbano Martín Alonso como Subdirector general de Coordinación y Planificación en la Dirección General de la Inspección de Trabajo y Seguridad Social.,Urbano Martín Alonso,1,0
delegated_enforcement_v1|es:boe-a-2015-11724:fragment:articulo:bloque-de-infracciones-y-sanciones|Ministerio de Trabajo|Inspeccion de Trabajo y Seguridad Social|Organismo Estatal ITSS|https://www.boe.es/buscar/act.php?id=BOE-A-2015-11724,es:boe-a-2015-11724:fragment:articulo:bloque-de-infracciones-y-sanciones,es:boe-a-2015-11724,BOE-A-2015-11724,Inspeccion de Trabajo y Seguridad Social,Direccion del Organismo Estatal ITSS,nombramiento Inspección de Trabajo y Seguridad Social,2,https://www.boe.es/buscar/boe.php?campo[1]=TITULOS&dato[1]=nombramiento%20Inspecci%C3%B3n%20de%20Trabajo%20y%20Seguridad%20Social&accion=Buscar&sort_field[0]=FPU&sort_order[0]=desc,4,26,BOE-A-1985-11137,https://www.boe.es/buscar/doc.php?id=BOE-A-1985-11137,14/06/1985,Ministerio de Trabajo y Seguridad Social,"Orden de 23 de mayo de 1985 por la que se dispone el nombramiento de don Alejandro Mulas García, como Subdirector general de Inspección de Relaciones Laborales y Seguridad e Higiene en la Dirección General de la Inspección de Trabajo y Seguridad Social.",Alejandro Mulas García,1,0
delegated_enforcement_v1|es:boe-a-2015-11724:fragment:articulo:bloque-de-infracciones-y-sanciones|Ministerio de Trabajo|Inspeccion de Trabajo y Seguridad Social|Organismo Estatal ITSS|https://www.boe.es/buscar/act.php?id=BOE-A-2015-11724,es:boe-a-2015-11724:fragment:articulo:bloque-de-infracciones-y-sanciones,es:boe-a-2015-11724,BOE-A-2015-11724,Inspeccion de Trabajo y Seguridad Social,Direccion del Organismo Estatal ITSS,nombramiento Inspección de Trabajo y Seguridad Social,2,https://www.boe.es/buscar/boe.php?campo[1]=TITULOS&dato[1]=nombramiento%20Inspecci%C3%B3n%20de%20Trabajo%20y%20Seguridad%20Social&accion=Buscar&sort_field[0]=FPU&sort_order[0]=desc,5,25,BOE-A-1984-27292,https://www.boe.es/buscar/doc.php?id=BOE-A-1984-27292,15/12/1984,Ministerio de Trabajo y Seguridad Social,"Real Decreto 2206/1984, de 12 de diciembre, por el que se dispone el nombramiento de don Juan Ignacio Moltó García como Director general de Inspección de Trabajo y Seguridad Social.",Juan Ignacio Moltó García,1,0
delegated_enforcement_v1|es:boe-a-2015-3442:fragment:articulo:bloque-sancionador-principal|Ministerio del Interior|Delegaciones/Subdelegaciones del Gobierno|Delegaciones del Gobierno|https://www.boe.es/buscar/act.php?id=BOE-A-2015-3442,es:boe-a-2015-3442:fragment:articulo:bloque-sancionador-principal,es:boe-a-2015-3442,BOE-A-2015-3442,Delegaciones/Subdelegaciones del Gobierno,Autoridad gubernativa,nombramiento Delegación del Gobierno,2,https://www.boe.es/buscar/boe.php?campo[1]=TITULOS&dato[1]=nombramiento%20Delegaci%C3%B3n%20del%20Gobierno&accion=Buscar&sort_field[0]=FPU&sort_order[0]=desc,1,29,BOE-A-2008-12065,https://www.boe.es/buscar/doc.php?id=BOE-A-2008-12065,15/07/2008,Ministerio de Administraciones Públicas,"Resolución de 16 de junio de 2008, de la Delegación del Gobierno en la Comunidad Autónoma de las Illes Balears, por la que se dispone el nombramiento de doña Sofía del Carmen Hernanz Costa como Directora Insular de la Administración General del Estado en Ibiza-Formentera.",Sofía del Carmen Hernanz Costa,1,0
delegated_enforcement_v1|es:boe-a-2015-3442:fragment:articulo:bloque-sancionador-principal|Ministerio del Interior|Delegaciones/Subdelegaciones del Gobierno|Delegaciones del Gobierno|https://www.boe.es/buscar/act.php?id=BOE-A-2015-3442,es:boe-a-2015-3442:fragment:articulo:bloque-sancionador-principal,es:boe-a-2015-3442,BOE-A-2015-3442,Delegaciones/Subdelegaciones del Gobierno,Autoridad gubernativa,nombramiento Delegación del Gobierno,2,https://www.boe.es/buscar/boe.php?campo[1]=TITULOS&dato[1]=nombramiento%20Delegaci%C3%B3n%20del%20Gobierno&accion=Buscar&sort_field[0]=FPU&sort_order[0]=desc,2,28,BOE-A-2008-11993,https://www.boe.es/buscar/doc.php?id=BOE-A-2008-11993,14/07/2008,Ministerio de Administraciones Públicas,"Resolución de 9 de julio de 2008, de la Delegación del Gobierno en la Comunidad Autónoma de Castilla-La Mancha por la que se dispone el nombramiento de don Julio Magdalena Calvo como Subdelegado del Gobierno en Cuenca.",Julio Magdalena Calvo,1,0
delegated_enforcement_v1|es:boe-a-2015-3442:fragment:articulo:bloque-sancionador-principal|Ministerio del Interior|Delegaciones/Subdelegaciones del Gobierno|Delegaciones del Gobierno|https://www.boe.es/buscar/act.php?id=BOE-A-2015-3442,es:boe-a-2015-3442:fragment:articulo:bloque-sancionador-principal,es:boe-a-2015-3442,BOE-A-2015-3442,Delegaciones/Subdelegaciones del Gobierno,Autoridad gubernativa,nombramiento Delegación del Gobierno,2,https://www.boe.es/buscar/boe.php?campo[1]=TITULOS&dato[1]=nombramiento%20Delegaci%C3%B3n%20del%20Gobierno&accion=Buscar&sort_field[0]=FPU&sort_order[0]=desc,3,27,BOE-A-2008-11994,https://www.boe.es/buscar/doc.php?id=BOE-A-2008-11994,14/07/2008,Ministerio de Administraciones Públicas,"Resolución de 9 de julio de 2008, de la Delegación del Gobierno en la Comunidad Autónoma de Castilla-La Mancha por la que se dispone el nombramiento de doña Araceli Muñoz de Pedro como Subdelegada del Gobierno en Guadalajara.",Araceli Muñoz de Pedro,1,0
delegated_enforcement_v1|es:boe-a-2015-3442:fragment:articulo:bloque-sancionador-principal|Ministerio del Interior|Delegaciones/Subdelegaciones del Gobierno|Delegaciones del Gobierno|https://www.boe.es/buscar/act.php?id=BOE-A-2015-3442,es:boe-a-2015-3442:fragment:articulo:bloque-sancionador-principal,es:boe-a-2015-3442,BOE-A-2015-3442,Delegaciones/Subdelegaciones del Gobierno,Autoridad gubernativa,nombramiento Delegación del Gobierno,2,https://www.boe.es/buscar/boe.php?campo[1]=TITULOS&dato[1]=nombramiento%20Delegaci%C3%B3n%20del%20Gobierno&accion=Buscar&sort_field[0]=FPU&sort_order[0]=desc,4,26,BOE-A-2008-2128,https://www.boe.es/buscar/doc.php?id=BOE-A-2008-2128,07/02/2008,Ministerio de Administraciones Públicas,"Resolución de 30 de noviembre de 2007, de la Delegación del Gobierno en Canarias, por la que se dispone el nombramiento como Subdelegado del Gobierno en Santa Cruz de Tenerife de don José Antonio Batista Medina.",José Antonio Batista Medina,1,0
delegated_enforcement_v1|es:boe-a-2015-3442:fragment:articulo:bloque-sancionador-principal|Ministerio del Interior|Delegaciones/Subdelegaciones del Gobierno|Delegaciones del Gobierno|https://www.boe.es/buscar/act.php?id=BOE-A-2015-3442,es:boe-a-2015-3442:fragment:articulo:bloque-sancionador-principal,es:boe-a-2015-3442,BOE-A-2015-3442,Delegaciones/Subdelegaciones del Gobierno,Autoridad gubernativa,nombramiento Delegación del Gobierno,2,https://www.boe.es/buscar/boe.php?campo[1]=TITULOS&dato[1]=nombramiento%20Delegaci%C3%B3n%20del%20Gobierno&accion=Buscar&sort_field[0]=FPU&sort_order[0]=desc,5,25,BOE-A-2008-1638,https://www.boe.es/buscar/doc.php?id=BOE-A-2008-1638,31/01/2008,Ministerio de Administraciones Públicas,"Resolución de 11 enero de 2008, de la Delegación del Gobierno en Castilla y León, por la que se dispone el nombramiento como Subdelegada del Gobierno en Zamora de doña M. Josefa Chicote Alonso.",M,1,0
delegated_enforcement_v1|es:boe-a-2015-3442:fragment:articulo:bloque-sancionador-principal|Ministerio del Interior|Delegaciones/Subdelegaciones del Gobierno|Delegaciones del Gobierno|https://www.boe.es/buscar/act.php?id=BOE-A-2015-3442,es:boe-a-2015-3442:fragment:articulo:bloque-sancionador-principal,es:boe-a-2015-3442,BOE-A-2015-3442,Delegaciones/Subdelegaciones del Gobierno,Autoridad gubernativa,nombramiento Delegación del Gobierno,2,https://www.boe.es/buscar/boe.php?campo[1]=TITULOS&dato[1]=nombramiento%20Delegaci%C3%B3n%20del%20Gobierno&accion=Buscar&sort_field[0]=FPU&sort_order[0]=desc,6,24,BOE-A-2008-1639,https://www.boe.es/buscar/doc.php?id=BOE-A-2008-1639,31/01/2008,Ministerio de Administraciones Públicas,"Resolución de 11 enero de 2008, de la Delegación del Gobierno en Castilla y León, por la que se dispone el nombramiento como Subdelegado del Gobierno en Palencia de don Raúl Ruiz Cortés.",Raúl Ruiz Cortés,1,0
delegated_enforcement_v1|es:boe-a-2015-3442:fragment:articulo:bloque-sancionador-principal|Ministerio del Interior|Delegaciones/Subdelegaciones del Gobierno|Delegaciones del Gobierno|https://www.boe.es/buscar/act.php?id=BOE-A-2015-3442,es:boe-a-2015-3442:fragment:articulo:bloque-sancionador-principal,es:boe-a-2015-3442,BOE-A-2015-3442,Delegaciones/Subdelegaciones del Gobierno,Autoridad gubernativa,nombramiento Delegación del Gobierno,2,https://www.boe.es/buscar/boe.php?campo[1]=TITULOS&dato[1]=nombramiento%20Delegaci%C3%B3n%20del%20Gobierno&accion=Buscar&sort_field[0]=FPU&sort_order[0]=desc,7,23,BOE-A-2007-18255,https://www.boe.es/buscar/doc.php?id=BOE-A-2007-18255,19/10/2007,Ministerio de Administraciones Públicas,"Resolución de 1 de octubre de 2007, de la Delegación del Gobierno en Cataluña, por la que se dispone el nombramiento de doña María Montserrat García Llovera como Subdelegada del Gobierno en Barcelona.",María Montserrat García Llovera,1,0
delegated_enforcement_v1|es:boe-a-2015-3442:fragment:articulo:bloque-sancionador-principal|Ministerio del Interior|Delegaciones/Subdelegaciones del Gobierno|Delegaciones del Gobierno|https://www.boe.es/buscar/act.php?id=BOE-A-2015-3442,es:boe-a-2015-3442:fragment:articulo:bloque-sancionador-principal,es:boe-a-2015-3442,BOE-A-2015-3442,Delegaciones/Subdelegaciones del Gobierno,Autoridad gubernativa,nombramiento Delegación del Gobierno,2,https://www.boe.es/buscar/boe.php?campo[1]=TITULOS&dato[1]=nombramiento%20Delegaci%C3%B3n%20del%20Gobierno&accion=Buscar&sort_field[0]=FPU&sort_order[0]=desc,8,22,BOE-A-2007-17216,https://www.boe.es/buscar/doc.php?id=BOE-A-2007-17216,02/10/2007,Ministerio de Administraciones Públicas,"Resolución de 5 de septiembre de 2007, de la Delegación del Gobierno en Canarias, por la que se dispone el nombramiento como Director Insular de la Administración General del Estado en Fuerteventura, de don Eustaquio Juan Santana Gil.",Eustaquio Juan Santana Gil,1,0
delegated_enforcement_v1|es:boe-a-2015-3442:fragment:articulo:bloque-sancionador-principal|Ministerio del Interior|Delegaciones/Subdelegaciones del Gobierno|Delegaciones del Gobierno|https://www.boe.es/buscar/act.php?id=BOE-A-2015-3442,es:boe-a-2015-3442:fragment:articulo:bloque-sancionador-principal,es:boe-a-2015-3442,BOE-A-2015-3442,Delegaciones/Subdelegaciones del Gobierno,Autoridad gubernativa,nombramiento Delegación del Gobierno,2,https://www.boe.es/buscar/boe.php?campo[1]=TITULOS&dato[1]=nombramiento%20Delegaci%C3%B3n%20del%20Gobierno&accion=Buscar&sort_field[0]=FPU&sort_order[0]=desc,9,21,BOE-A-2007-16015,https://www.boe.es/buscar/doc.php?id=BOE-A-2007-16015,06/09/2007,Ministerio de Administraciones Públicas,"Resolución de 8 de agosto de 2007, de la Delegación del Gobierno en Canarias, por la que se dispone el nombramiento de don Carmelo García Déniz, como Director Insular de la Administración General del Estado en Lanzarote.",Carmelo García Déniz,1,0
delegated_enforcement_v1|es:boe-a-2015-3442:fragment:articulo:bloque-sancionador-principal|Ministerio del Interior|Delegaciones/Subdelegaciones del Gobierno|Delegaciones del Gobierno|https://www.boe.es/buscar/act.php?id=BOE-A-2015-3442,es:boe-a-2015-3442:fragment:articulo:bloque-sancionador-principal,es:boe-a-2015-3442,BOE-A-2015-3442,Delegaciones/Subdelegaciones del Gobierno,Autoridad gubernativa,nombramiento Delegación del Gobierno,2,https://www.boe.es/buscar/boe.php?campo[1]=TITULOS&dato[1]=nombramiento%20Delegaci%C3%B3n%20del%20Gobierno&accion=Buscar&sort_field[0]=FPU&sort_order[0]=desc,10,20,BOE-A-2007-15989,https://www.boe.es/buscar/doc.php?id=BOE-A-2007-15989,05/09/2007,Ministerio de Administraciones Públicas,"Resolución de 23 de julio de 2007, de la Delegación del Gobierno en la Comunitat Valenciana, por la que se dispone el nombramiento como Subdelegada del Gobierno en Alicante de doña Encarnación Llinares Cuesta.",Encarnación Llinares Cuesta,1,0
delegated_enforcement_v1|es:boe-a-2015-3442:fragment:articulo:bloque-sancionador-principal|Ministerio del Interior|Delegaciones/Subdelegaciones del Gobierno|Delegaciones del Gobierno|https://www.boe.es/buscar/act.php?id=BOE-A-2015-3442,es:boe-a-2015-3442:fragment:articulo:bloque-sancionador-principal,es:boe-a-2015-3442,BOE-A-2015-3442,Delegaciones/Subdelegaciones del Gobierno,Autoridad gubernativa,nombramiento Delegación del Gobierno,2,https://www.boe.es/buscar/boe.php?campo[1]=TITULOS&dato[1]=nombramiento%20Delegaci%C3%B3n%20del%20Gobierno&accion=Buscar&sort_field[0]=FPU&sort_order[0]=desc,11,20,BOE-A-2007-15990,https://www.boe.es/buscar/doc.php?id=BOE-A-2007-15990,05/09/2007,Ministerio de Administraciones Públicas,"Resolución de 23 de julio de 2007, de la Delegación del Gobierno en la Comunitat Valenciana, por la que se dispone el nombramiento como Subdelegado del Gobierno en Castellón de don Antonio Miguel Lorenzo Gorriz.",Antonio Miguel Lorenzo Gorriz,1,0
delegated_enforcement_v1|es:boe-a-2015-3442:fragment:articulo:bloque-sancionador-principal|Ministerio del Interior|Delegaciones/Subdelegaciones del Gobierno|Delegaciones del Gobierno|https://www.boe.es/buscar/act.php?id=BOE-A-2015-3442,es:boe-a-2015-3442:fragment:articulo:bloque-sancionador-principal,es:boe-a-2015-3442,BOE-A-2015-3442,Delegaciones/Subdelegaciones del Gobierno,Autoridad gubernativa,nombramiento Delegación del Gobierno,2,https://www.boe.es/buscar/boe.php?campo[1]=TITULOS&dato[1]=nombramiento%20Delegaci%C3%B3n%20del%20Gobierno&accion=Buscar&sort_field[0]=FPU&sort_order[0]=desc,12,20,BOE-A-2007-13493,https://www.boe.es/buscar/doc.php?id=BOE-A-2007-13493,13/07/2007,Ministerio de Administraciones Públicas,"Resolución de 28 de junio de 2007, de la Delegación del Gobierno en Galicia, por la que se dispone el nombramiento como Subdelegado del Gobierno en A Coruña de don José Manuel Pose Mesura.",José Manuel Pose Mesura,1,0
delegated_enforcement_v1|es:boe-a-2015-3442:fragment:articulo:bloque-sancionador-principal|Ministerio del Interior|Delegaciones/Subdelegaciones del Gobierno|Delegaciones del Gobierno|https://www.boe.es/buscar/act.php?id=BOE-A-2015-3442,es:boe-a-2015-3442:fragment:articulo:bloque-sancionador-principal,es:boe-a-2015-3442,BOE-A-2015-3442,Delegaciones/Subdelegaciones del Gobierno,Autoridad gubernativa,nombramiento Delegación del Gobierno,2,https://www.boe.es/buscar/boe.php?campo[1]=TITULOS&dato[1]=nombramiento%20Delegaci%C3%B3n%20del%20Gobierno&accion=Buscar&sort_field[0]=FPU&sort_order[0]=desc,13,20,BOE-A-2007-13422,https://www.boe.es/buscar/doc.php?id=BOE-A-2007-13422,12/07/2007,Ministerio de Administraciones Públicas,"Resolución de 21 de junio de 2007, de la Delegación del Gobierno en la Comunidad de Madrid, por la que se dispone el nombramiento de don Javier García Fernández como Subdelegado del Gobierno en Madrid.",Javier García Fernández,1,0
delegated_enforcement_v1|es:boe-a-2015-3442:fragment:articulo:bloque-sancionador-principal|Ministerio del Interior|Delegaciones/Subdelegaciones del Gobierno|Delegaciones del Gobierno|https://www.boe.es/buscar/act.php?id=BOE-A-2015-3442,es:boe-a-2015-3442:fragment:articulo:bloque-sancionador-principal,es:boe-a-2015-3442,BOE-A-2015-3442,Delegaciones/Subdelegaciones del Gobierno,Autoridad gubernativa,nombramiento Delegación del Gobierno,2,https://www.boe.es/buscar/boe.php?campo[1]=TITULOS&dato[1]=nombramiento%20Delegaci%C3%B3n%20del%20Gobierno&accion=Buscar&sort_field[0]=FPU&sort_order[0]=desc,14,20,BOE-A-2007-9834,https://www.boe.es/buscar/doc.php?id=BOE-A-2007-9834,15/05/2007,Ministerio de Administraciones Públicas,"Resolución de 11 de mayo de 2007, de la Delegación del Gobierno en Canarias, por la que se dispone el nombramiento de doña Laura María Martín Pérez como Subdelegada del Gobierno en Las Palmas.",Laura María Martín Pérez,1,0
delegated_enforcement_v1|es:boe-a-2015-3442:fragment:articulo:bloque-sancionador-principal|Ministerio del Interior|Delegaciones/Subdelegaciones del Gobierno|Delegaciones del Gobierno|https://www.boe.es/buscar/act.php?id=BOE-A-2015-3442,es:boe-a-2015-3442:fragment:articulo:bloque-sancionador-principal,es:boe-a-2015-3442,BOE-A-2015-3442,Delegaciones/Subdelegaciones del Gobierno,Autoridad gubernativa,nombramiento Delegación del Gobierno,2,https://www.boe.es/buscar/boe.php?campo[1]=TITULOS&dato[1]=nombramiento%20Delegaci%C3%B3n%20del%20Gobierno&accion=Buscar&sort_field[0]=FPU&sort_order[0]=desc,15,20,BOE-A-2005-12625,https://www.boe.es/buscar/doc.php?id=BOE-A-2005-12625,22/07/2005,Ministerio de Administraciones Públicas,"Resolución de 23 de junio de 2005, de la Delegación del Gobierno en la Comunidad Autónoma de Canarias, por la que se dispone el nombramiento de don José Antonio Batista Medina como Director Insular de la Administración General del Estado en La Palma.",José Antonio Batista Medina,1,0
delegated_enforcement_v1|es:boe-a-2015-3442:fragment:articulo:bloque-sancionador-principal|Ministerio del Interior|Delegaciones/Subdelegaciones del Gobierno|Delegaciones del Gobierno|https://www.boe.es/buscar/act.php?id=BOE-A-2015-3442,es:boe-a-2015-3442:fragment:articulo:bloque-sancionador-principal,es:boe-a-2015-3442,BOE-A-2015-3442,Delegaciones/Subdelegaciones del Gobierno,Autoridad gubernativa,nombramiento Delegación del Gobierno,2,https://www.boe.es/buscar/boe.php?campo[1]=TITULOS&dato[1]=nombramiento%20Delegaci%C3%B3n%20del%20Gobierno&accion=Buscar&sort_field[0]=FPU&sort_order[0]=desc,16,20,BOE-A-2005-12190,https://www.boe.es/buscar/doc.php?id=BOE-A-2005-12190,15/07/2005,Ministerio de Administraciones Públicas,"Resolución de 21 de junio de 2005, de la Delegación del Gobierno en la Comunidad Autónoma de las Illes Balears, por la que se dispone del nombramiento de don Javier Tejero Isla como Director Insular de la Administración General del Estado en Menorca.",Javier Tejero Isla,1,0
delegated_enforcement_v1|es:boe-a-2015-3442:fragment:articulo:bloque-sancionador-principal|Ministerio del Interior|Delegaciones/Subdelegaciones del Gobierno|Delegaciones del Gobierno|https://www.boe.es/buscar/act.php?id=BOE-A-2015-3442,es:boe-a-2015-3442:fragment:articulo:bloque-sancionador-principal,es:boe-a-2015-3442,BOE-A-2015-3442,Delegaciones/Subdelegaciones del Gobierno,Autoridad gubernativa,nombramiento Delegación del Gobierno,2,https://www.boe.es/buscar/boe.php?campo[1]=TITULOS&dato[1]=nombramiento%20Delegaci%C3%B3n%20del%20Gobierno&accion=Buscar&sort_field[0]=FPU&sort_order[0]=desc,17,20,BOE-A-2005-957,https://www.boe.es/buscar/doc.php?id=BOE-A-2005-957,19/01/2005,Ministerio de Administraciones Públicas,"Resolución de 23 de diciembre de 2004, de la Delegación del Gobierno en Castilla y León, por la que se dispone el nombramiento de don Germán Andrés Marcos como Subdelegado del Gobierno en Soria.",Germán Andrés Marcos,1,0
delegated_enforcement_v1|es:boe-a-2015-3442:fragment:articulo:bloque-sancionador-principal|Ministerio del Interior|Delegaciones/Subdelegaciones del Gobierno|Delegaciones del Gobierno|https://www.boe.es/buscar/act.php?id=BOE-A-2015-3442,es:boe-a-2015-3442:fragment:articulo:bloque-sancionador-principal,es:boe-a-2015-3442,BOE-A-2015-3442,Delegaciones/Subdelegaciones del Gobierno,Autoridad gubernativa,nombramiento Delegación del Gobierno,2,https://www.boe.es/buscar/boe.php?campo[1]=TITULOS&dato[1]=nombramiento%20Delegaci%C3%B3n%20del%20Gobierno&accion=Buscar&sort_field[0]=FPU&sort_order[0]=desc,18,20,BOE-A-2004-15997,https://www.boe.es/buscar/doc.php?id=BOE-A-2004-15997,11/09/2004,Ministerio de Administraciones Públicas,"Resolución de 2 de agosto de 2004, de la Delegación del Gobierno en Illes Balears, por la que se dispone el nombramiento de don José Manuel Bar Cendón como Director Insular de la Administración General del Estado en Ibiza-Formentera.",José Manuel Bar Cendón,1,0
delegated_enforcement_v1|es:boe-a-2015-3442:fragment:articulo:bloque-sancionador-principal|Ministerio del Interior|Delegaciones/Subdelegaciones del Gobierno|Delegaciones del Gobierno|https://www.boe.es/buscar/act.php?id=BOE-A-2015-3442,es:boe-a-2015-3442:fragment:articulo:bloque-sancionador-principal,es:boe-a-2015-3442,BOE-A-2015-3442,Delegaciones/Subdelegaciones del Gobierno,Autoridad gubernativa,nombramiento Delegación del Gobierno,2,https://www.boe.es/buscar/boe.php?campo[1]=TITULOS&dato[1]=nombramiento%20Delegaci%C3%B3n%20del%20Gobierno&accion=Buscar&sort_field[0]=FPU&sort_order[0]=desc,19,20,BOE-A-2004-15998,https://www.boe.es/buscar/doc.php?id=BOE-A-2004-15998,11/09/2004,Ministerio de Administraciones Públicas,"Resolución de 3 de agosto de 2004, de la Delegación del Gobierno en Illes Balears, por la que se dispone el nombramiento de don Marc Pons Pons, como Director Insular de la Administración General del Estado en Menorca.",Marc Pons Pons,1,0
delegated_enforcement_v1|es:boe-a-2015-3442:fragment:articulo:bloque-sancionador-principal|Ministerio del Interior|Delegaciones/Subdelegaciones del Gobierno|Delegaciones del Gobierno|https://www.boe.es/buscar/act.php?id=BOE-A-2015-3442,es:boe-a-2015-3442:fragment:articulo:bloque-sancionador-principal,es:boe-a-2015-3442,BOE-A-2015-3442,Delegaciones/Subdelegaciones del Gobierno,Autoridad gubernativa,nombramiento Delegación del Gobierno,2,https://www.boe.es/buscar/boe.php?campo[1]=TITULOS&dato[1]=nombramiento%20Delegaci%C3%B3n%20del%20Gobierno&accion=Buscar&sort_field[0]=FPU&sort_order[0]=desc,20,20,BOE-A-2004-15999,https://www.boe.es/buscar/doc.php?id=BOE-A-2004-15999,11/09/2004,Ministerio de Administraciones Públicas,"Resolución de 19 de agosto de 2004, de la Delegación del Gobierno en Canarias, por la que se dispone el nombramiento de don Antonio Padrón Casañas, como Director Insular de la Administración General del Estado en El Hierro.",Antonio Padrón Casañas,1,0
delegated_enforcement_v1|es:boe-a-2015-3442:fragment:articulo:bloque-sancionador-principal|Ministerio del Interior|Delegaciones/Subdelegaciones del Gobierno|Delegaciones del Gobierno|https://www.boe.es/buscar/act.php?id=BOE-A-2015-3442,es:boe-a-2015-3442:fragment:articulo:bloque-sancionador-principal,es:boe-a-2015-3442,BOE-A-2015-3442,Delegaciones/Subdelegaciones del Gobierno,Autoridad gubernativa,nombramiento Delegación del Gobierno,2,https://www.boe.es/buscar/boe.php?campo[1]=TITULOS&dato[1]=nombramiento%20Delegaci%C3%B3n%20del%20Gobierno&accion=Buscar&sort_field[0]=FPU&sort_order[0]=desc,21,20,BOE-A-2004-14610,https://www.boe.es/buscar/doc.php?id=BOE-A-2004-14610,06/08/2004,Ministerio de Administraciones Públicas,"Resolución de 21 de julio de 2004, de la Delegación del Gobierno en Canarias, por la que se dispone el nombramiento de doña Rita Díaz Hernández, como Directora Insular de la Administración General del Estado en Fuerteventura.",Rita Díaz Hernández,1,0
delegated_enforcement_v1|es:boe-a-2015-3442:fragment:articulo:bloque-sancionador-principal|Ministerio del Interior|Delegaciones/Subdelegaciones del Gobierno|Delegaciones del Gobierno|https://www.boe.es/buscar/act.php?id=BOE-A-2015-3442,es:boe-a-2015-3442:fragment:articulo:bloque-sancionador-principal,es:boe-a-2015-3442,BOE-A-2015-3442,Delegaciones/Subdelegaciones del Gobierno,Autoridad gubernativa,nombramiento Delegación del Gobierno,2,https://www.boe.es/buscar/boe.php?campo[1]=TITULOS&dato[1]=nombramiento%20Delegaci%C3%B3n%20del%20Gobierno&accion=Buscar&sort_field[0]=FPU&sort_order[0]=desc,22,20,BOE-A-2004-14611,https://www.boe.es/buscar/doc.php?id=BOE-A-2004-14611,06/08/2004,Ministerio de Administraciones Públicas,"Resolución de 21 de julio de 2004, de la Delegación del Gobierno en Canarias, por la que se dispone el nombramiento de doña Pilar Hernández Herrera como Directora Insular de la Administración General del Estado en La Gomera.",Pilar Hernández Herrera,1,0
delegated_enforcement_v1|es:boe-a-2015-3442:fragment:articulo:bloque-sancionador-principal|Ministerio del Interior|Delegaciones/Subdelegaciones del Gobierno|Delegaciones del Gobierno|https://www.boe.es/buscar/act.php?id=BOE-A-2015-3442,es:boe-a-2015-3442:fragment:articulo:bloque-sancionador-principal,es:boe-a-2015-3442,BOE-A-2015-3442,Delegaciones/Subdelegaciones del Gobierno,Autoridad gubernativa,nombramiento Delegación del Gobierno,2,https://www.boe.es/buscar/boe.php?campo[1]=TITULOS&dato[1]=nombramiento%20Delegaci%C3%B3n%20del%20Gobierno&accion=Buscar&sort_field[0]=FPU&sort_order[0]=desc,23,20,BOE-A-2004-14612,https://www.boe.es/buscar/doc.php?id=BOE-A-2004-14612,06/08/2004,Ministerio de Administraciones Públicas,"Resolución de 21 de julio de 2004, de la Delegación del Gobierno en Canarias, por la que se dispone el nombramiento de don José Imeldo Concepción Acosta como Director Insular de la Administración General del Estado en La Palma.",José Imeldo Concepción Acosta,1,0
delegated_enforcement_v1|es:boe-a-2015-3442:fragment:articulo:bloque-sancionador-principal|Ministerio del Interior|Delegaciones/Subdelegaciones del Gobierno|Delegaciones del Gobierno|https://www.boe.es/buscar/act.php?id=BOE-A-2015-3442,es:boe-a-2015-3442:fragment:articulo:bloque-sancionador-principal,es:boe-a-2015-3442,BOE-A-2015-3442,Delegaciones/Subdelegaciones del Gobierno,Autoridad gubernativa,nombramiento Delegación del Gobierno,2,https://www.boe.es/buscar/boe.php?campo[1]=TITULOS&dato[1]=nombramiento%20Delegaci%C3%B3n%20del%20Gobierno&accion=Buscar&sort_field[0]=FPU&sort_order[0]=desc,24,20,BOE-A-2004-14613,https://www.boe.es/buscar/doc.php?id=BOE-A-2004-14613,06/08/2004,Ministerio de Administraciones Públicas,"Resolución de 21 de julio de 2004, de la Delegación del Gobierno en Canarias, por la que se dispone el nombramiento de don Marcial Martín Bermúdez, como Director Insular de la Administración General del Estado en Lanzarote.",Marcial Martín Bermúdez,1,0
delegated_enforcement_v1|es:boe-a-2015-3442:fragment:articulo:bloque-sancionador-principal|Ministerio del Interior|Delegaciones/Subdelegaciones del Gobierno|Delegaciones del Gobierno|https://www.boe.es/buscar/act.php?id=BOE-A-2015-3442,es:boe-a-2015-3442:fragment:articulo:bloque-sancionador-principal,es:boe-a-2015-3442,BOE-A-2015-3442,Delegaciones/Subdelegaciones del Gobierno,Autoridad gubernativa,nombramiento Delegación del Gobierno,2,https://www.boe.es/buscar/boe.php?campo[1]=TITULOS&dato[1]=nombramiento%20Delegaci%C3%B3n%20del%20Gobierno&accion=Buscar&sort_field[0]=FPU&sort_order[0]=desc,25,20,BOE-A-2004-13384,https://www.boe.es/buscar/doc.php?id=BOE-A-2004-13384,17/07/2004,Ministerio de Administraciones Públicas,"Resolución de 5 de julio de 2004, de la Delegación del Gobierno en Cataluña, por la que se dispone el nombramiento de don Joan Abelló i Alfonso, como Subdelegado del Gobierno en Tarragona.",Joan Abelló i Alfonso,1,0
