review_item_id,priority_rank,priority_score,review_batch_id,priority_reason,topic_id,topic_label,boja_id,fragment_id,date,organisation,type,action_kind,review_status,impact_status,responsibility_status,candidate_direction,claim_status,evidence_tier,evidence_excerpt,review_hint,review_questions,source_url,detail_url,source_locator
boja-impact-review-disposition-2025-251-2-vivienda-f01,1,74,boja-impact-review-batch-001,accion=modifica_norma:40; tema=vivienda:18; fecha=31/12/2025:16; total=74,vivienda,Vivienda,disposition.2025.251.2,disposition-2025-251-2-vivienda-f01,31/12/2025,Presidencia,Leyes,modifica_norma,reviewed_legal_change_only,legal_change_documented_outcome_pending,official_publisher_observed,unknown,reviewed_boja_legal_change_no_merit_claim,tier_1_primary,"Por lo que se refiere al impuesto sobre transmisiones patrimoniales y actos jurídicos documentados, se modifica la regulación del tipo reducido en la modalidad de transmisiones patrimoniales onerosas para la adquisición de viviendas para su reventa...","Identificar norma modificada, direccion material del cambio y organo responsable.","legal_change: Que norma, plan, ayuda o regla cambia este fragmento? | citizen_direction: La direccion ciudadana es mejora, recorte, redistribucion, restriccion o sin efecto claro? | responsible_actor: Que organo, persona o partido puede atribuirse con fuente primaria? | impact_evidence_gap: Que presupuesto, ejecucion u outcome falta para validar impacto real?",https://juntadeandalucia.es/eboja/2025/251/BOJA25-251-00087-17435-01_00331032.pdf,https://datos.juntadeandalucia.es/api/v0/boja/disposition.2025.251.2,disposition.2025.251.2::body::1
boja-impact-review-disposition-2025-251-1-empleo-f01,2,73,boja-impact-review-batch-001,accion=deroga_norma:42; tema=empleo:15; fecha=31/12/2025:16; total=73,empleo,Empleo,disposition.2025.251.1,disposition-2025-251-1-empleo-f01,31/12/2025,Presidencia,Leyes,deroga_norma,reviewed_legal_change_only,legal_change_documented_outcome_pending,official_publisher_observed,unknown,reviewed_boja_legal_change_no_merit_claim,tier_1_primary,"El régimen jurídico de estos bienes estaba regulado en el capítulo II del Decreto-ley 16/2020, de 16 de junio, por el que, con carácter extraordinario y urgente, se establecen medidas en materia de empleo, así como...","Identificar norma derogada, efecto real y quien impulso o aprobo la derogacion.","legal_change: Que norma, plan, ayuda o regla cambia este fragmento? | citizen_direction: La direccion ciudadana es mejora, recorte, redistribucion, restriccion o sin efecto claro? | responsible_actor: Que organo, persona o partido puede atribuirse con fuente primaria? | impact_evidence_gap: Que presupuesto, ejecucion u outcome falta para validar impacto real?",https://juntadeandalucia.es/eboja/2025/251/BOJA25-251-00107-17440-01_00331037.pdf,https://datos.juntadeandalucia.es/api/v0/boja/disposition.2025.251.1,disposition.2025.251.1::body::1
boja-impact-review-disposition-2026-86-3-fiscalidad-f01,3,71,boja-impact-review-batch-001,accion=modifica_norma:40; tema=fiscalidad:13; fecha=07/05/2026:18; total=71,fiscalidad,Fiscalidad,disposition.2026.86.3,disposition-2026-86-3-fiscalidad-f01,07/05/2026,Parlamento de Andalucía,Resoluciones,modifica_norma,reviewed_legal_change_only,legal_change_documented_outcome_pending,official_publisher_observed,unknown,reviewed_boja_legal_change_no_merit_claim,tier_1_primary,"Resolución de 28 de abril de 2026, de la Secretaría General del Parlamento de Andalucía, por la que se ordena la publicación del acuerdo de convalidación del Decreto-ley 4/2026, de 15 de abril, por el que...","Identificar norma modificada, direccion material del cambio y organo responsable.","legal_change: Que norma, plan, ayuda o regla cambia este fragmento? | citizen_direction: La direccion ciudadana es mejora, recorte, redistribucion, restriccion o sin efecto claro? | responsible_actor: Que organo, persona o partido puede atribuirse con fuente primaria? | impact_evidence_gap: Que presupuesto, ejecucion u outcome falta para validar impacto real?",https://juntadeandalucia.es/eboja/2026/86/BOJA26-086-00001-5967-01_00337203.pdf,https://datos.juntadeandalucia.es/api/v0/boja/disposition.2026.86.3,disposition.2026.86.3::summaryNoHtml::1
boja-impact-review-disposition-2026-86-3-fiscalidad-f02,4,71,boja-impact-review-batch-001,accion=modifica_norma:40; tema=fiscalidad:13; fecha=07/05/2026:18; total=71,fiscalidad,Fiscalidad,disposition.2026.86.3,disposition-2026-86-3-fiscalidad-f02,07/05/2026,Parlamento de Andalucía,Resoluciones,modifica_norma,needs_human_review,unreviewed,actor_not_attributed,unknown,impact_review_queue_only_no_public_claim,tier_1_primary,"La Diputación Permanente del Parlamento de Andalucía, en sesión celebrada el día 28 de abril de 2026, de conformidad con lo dispuesto en el artículo 110.2 del Estatuto de Autonomía para Andalucía, y en el apartado...","Identificar norma modificada, direccion material del cambio y organo responsable.","legal_change: Que norma, plan, ayuda o regla cambia este fragmento? | citizen_direction: La direccion ciudadana es mejora, recorte, redistribucion, restriccion o sin efecto claro? | responsible_actor: Que organo, persona o partido puede atribuirse con fuente primaria? | impact_evidence_gap: Que presupuesto, ejecucion u outcome falta para validar impacto real?",https://juntadeandalucia.es/eboja/2026/86/BOJA26-086-00001-5967-01_00337203.pdf,https://datos.juntadeandalucia.es/api/v0/boja/disposition.2026.86.3,disposition.2026.86.3::bodyNoHtml::2
boja-impact-review-disposition-2026-74-1-fiscalidad-f01,5,71,boja-impact-review-batch-001,accion=modifica_norma:40; tema=fiscalidad:13; fecha=20/04/2026:18; total=71,fiscalidad,Fiscalidad,disposition.2026.74.1,disposition-2026-74-1-fiscalidad-f01,20/04/2026,"Consejería de Sanidad, Presidencia y Emergencias",Decretos-leyes,modifica_norma,reviewed_legal_change_only,legal_change_documented_outcome_pending,official_publisher_observed,unknown,reviewed_boja_legal_change_no_merit_claim,tier_1_primary,"Decreto-ley 4/2026, de 15 de abril, por el que se modifica el Decreto-ley 1/2026, de 25 de febrero, por el que se adoptan con carácter urgente medidas de apoyo fiscal por los daños producidos por el...","Identificar norma modificada, direccion material del cambio y organo responsable.","legal_change: Que norma, plan, ayuda o regla cambia este fragmento? | citizen_direction: La direccion ciudadana es mejora, recorte, redistribucion, restriccion o sin efecto claro? | responsible_actor: Que organo, persona o partido puede atribuirse con fuente primaria? | impact_evidence_gap: Que presupuesto, ejecucion u outcome falta para validar impacto real?",https://juntadeandalucia.es/eboja/2026/74/BOJA26-074-00004-5173-01_00336410.pdf,https://datos.juntadeandalucia.es/api/v0/boja/disposition.2026.74.1,disposition.2026.74.1::summaryNoHtml::1
boja-impact-review-disposition-2026-74-1-fiscalidad-f02,6,71,boja-impact-review-batch-001,accion=modifica_norma:40; tema=fiscalidad:13; fecha=20/04/2026:18; total=71,fiscalidad,Fiscalidad,disposition.2026.74.1,disposition-2026-74-1-fiscalidad-f02,20/04/2026,"Consejería de Sanidad, Presidencia y Emergencias",Decretos-leyes,modifica_norma,needs_human_review,unreviewed,actor_not_attributed,unknown,impact_review_queue_only_no_public_claim,tier_1_primary,"Modificación del Decreto-ley 1/2026, de 25 de febrero, por el que se adoptan con carácter urgente medidas de apoyo fiscal por los daños producidos por el impacto de borrascas en la Comunidad Autónoma de Andalucía, y...","Identificar norma modificada, direccion material del cambio y organo responsable.","legal_change: Que norma, plan, ayuda o regla cambia este fragmento? | citizen_direction: La direccion ciudadana es mejora, recorte, redistribucion, restriccion o sin efecto claro? | responsible_actor: Que organo, persona o partido puede atribuirse con fuente primaria? | impact_evidence_gap: Que presupuesto, ejecucion u outcome falta para validar impacto real?",https://juntadeandalucia.es/eboja/2026/74/BOJA26-074-00004-5173-01_00336410.pdf,https://datos.juntadeandalucia.es/api/v0/boja/disposition.2026.74.1,disposition.2026.74.1::body::2
boja-impact-review-disposition-2025-251-2-campo-agua-f01,7,71,boja-impact-review-batch-001,accion=modifica_norma:40; tema=campo_agua:15; fecha=31/12/2025:16; total=71,campo_agua,Campo y agua,disposition.2025.251.2,disposition-2025-251-2-campo-agua-f01,31/12/2025,Presidencia,Leyes,modifica_norma,reviewed_legal_change_only,legal_change_documented_outcome_pending,official_publisher_observed,unknown,reviewed_boja_legal_change_no_merit_claim,tier_1_primary,"En particular, se modifican el artículo 67 y la disposición adicional decimoctava, con el fin de clarificar el régimen de reclamaciones frente a los cánones autonómicos sobre el agua y de adaptarlo a la Jurisprudencia del...","Identificar norma modificada, direccion material del cambio y organo responsable.","legal_change: Que norma, plan, ayuda o regla cambia este fragmento? | citizen_direction: La direccion ciudadana es mejora, recorte, redistribucion, restriccion o sin efecto claro? | responsible_actor: Que organo, persona o partido puede atribuirse con fuente primaria? | impact_evidence_gap: Que presupuesto, ejecucion u outcome falta para validar impacto real?",https://juntadeandalucia.es/eboja/2025/251/BOJA25-251-00087-17435-01_00331032.pdf,https://datos.juntadeandalucia.es/api/v0/boja/disposition.2025.251.2,disposition.2025.251.2::body::1
boja-impact-review-disposition-2025-251-2-campo-agua-f02,8,71,boja-impact-review-batch-001,accion=modifica_norma:40; tema=campo_agua:15; fecha=31/12/2025:16; total=71,campo_agua,Campo y agua,disposition.2025.251.2,disposition-2025-251-2-campo-agua-f02,31/12/2025,Presidencia,Leyes,modifica_norma,reviewed_legal_change_only,legal_change_documented_outcome_pending,official_publisher_observed,unknown,reviewed_boja_legal_change_no_merit_claim,tier_1_primary,"La Ley 9/2010, de 30 de julio, de Aguas de Andalucía, se modifica en los siguientes términos:","Identificar norma modificada, direccion material del cambio y organo responsable.","legal_change: Que norma, plan, ayuda o regla cambia este fragmento? | citizen_direction: La direccion ciudadana es mejora, recorte, redistribucion, restriccion o sin efecto claro? | responsible_actor: Que organo, persona o partido puede atribuirse con fuente primaria? | impact_evidence_gap: Que presupuesto, ejecucion u outcome falta para validar impacto real?",https://juntadeandalucia.es/eboja/2025/251/BOJA25-251-00087-17435-01_00331032.pdf,https://datos.juntadeandalucia.es/api/v0/boja/disposition.2025.251.2,disposition.2025.251.2::body::2
boja-impact-review-disposition-2025-251-2-empleo-f01,9,71,boja-impact-review-batch-001,accion=modifica_norma:40; tema=empleo:15; fecha=31/12/2025:16; total=71,empleo,Empleo,disposition.2025.251.2,disposition-2025-251-2-empleo-f01,31/12/2025,Presidencia,Leyes,modifica_norma,reviewed_legal_change_only,legal_change_documented_outcome_pending,official_publisher_observed,unknown,reviewed_boja_legal_change_no_merit_claim,tier_1_primary,El órgano directivo competente en materia de provisión de puestos de trabajo de la Consejería competente en materia de administración pública podrá aprobar los expedientes de modificación de plantilla presupuestaria que se requieran en la ejecución...,"Identificar norma modificada, direccion material del cambio y organo responsable.","legal_change: Que norma, plan, ayuda o regla cambia este fragmento? | citizen_direction: La direccion ciudadana es mejora, recorte, redistribucion, restriccion o sin efecto claro? | responsible_actor: Que organo, persona o partido puede atribuirse con fuente primaria? | impact_evidence_gap: Que presupuesto, ejecucion u outcome falta para validar impacto real?",https://juntadeandalucia.es/eboja/2025/251/BOJA25-251-00087-17435-01_00331032.pdf,https://datos.juntadeandalucia.es/api/v0/boja/disposition.2025.251.2,disposition.2025.251.2::body::1
boja-impact-review-disposition-2025-251-2-empleo-f02,10,71,boja-impact-review-batch-001,accion=modifica_norma:40; tema=empleo:15; fecha=31/12/2025:16; total=71,empleo,Empleo,disposition.2025.251.2,disposition-2025-251-2-empleo-f02,31/12/2025,Presidencia,Leyes,modifica_norma,needs_human_review,unreviewed,actor_not_attributed,unknown,impact_review_queue_only_no_public_claim,tier_1_primary,Corresponde a la Consejería competente en materia de sector público instrumental aprobar los expedientes de modificación de plantilla presupuestaria derivados de la oferta de empleo público del personal laboral no incluido en el VI Convenio Colectivo...,"Identificar norma modificada, direccion material del cambio y organo responsable.","legal_change: Que norma, plan, ayuda o regla cambia este fragmento? | citizen_direction: La direccion ciudadana es mejora, recorte, redistribucion, restriccion o sin efecto claro? | responsible_actor: Que organo, persona o partido puede atribuirse con fuente primaria? | impact_evidence_gap: Que presupuesto, ejecucion u outcome falta para validar impacto real?",https://juntadeandalucia.es/eboja/2025/251/BOJA25-251-00087-17435-01_00331032.pdf,https://datos.juntadeandalucia.es/api/v0/boja/disposition.2025.251.2,disposition.2025.251.2::body::2
boja-impact-review-disposition-2026-55-1-energia-clima-f01,11,69,boja-impact-review-batch-001,accion=modifica_norma:40; tema=energia_clima:12; fecha=20/03/2026:17; total=69,energia_clima,Energia y clima,disposition.2026.55.1,disposition-2026-55-1-energia-clima-f01,20/03/2026,Presidencia,Leyes,modifica_norma,needs_human_review,unreviewed,actor_not_attributed,unknown,impact_review_queue_only_no_public_claim,tier_1_primary,"En los supuestos contemplados en el artículo 56.1.c), cuando las actividades estén sometidas a autorización ambiental integrada, autorización ambiental unificada, o modificación sustancial de dichos instrumentos de prevención ambiental, la evaluación del impacto en la salud...","Identificar norma modificada, direccion material del cambio y organo responsable.","legal_change: Que norma, plan, ayuda o regla cambia este fragmento? | citizen_direction: La direccion ciudadana es mejora, recorte, redistribucion, restriccion o sin efecto claro? | responsible_actor: Que organo, persona o partido puede atribuirse con fuente primaria? | impact_evidence_gap: Que presupuesto, ejecucion u outcome falta para validar impacto real?",https://juntadeandalucia.es/eboja/2026/55/BOJA26-055-00151-3749-01_00334970.pdf,https://datos.juntadeandalucia.es/api/v0/boja/disposition.2026.55.1,disposition.2026.55.1::body::1
boja-impact-review-disposition-2025-251-2-cultura-patrimonio-f01,12,69,boja-impact-review-batch-001,accion=modifica_norma:40; tema=cultura_patrimonio:13; fecha=31/12/2025:16; total=69,cultura_patrimonio,Cultura y patrimonio,disposition.2025.251.2,disposition-2025-251-2-cultura-patrimonio-f01,31/12/2025,Presidencia,Leyes,modifica_norma,needs_human_review,unreviewed,actor_not_attributed,unknown,impact_review_queue_only_no_public_claim,tier_1_primary,"La efectiva integración del patrimonio del Fondo de Cartera JESSICA en el Fondo se producirá antes del 31 de marzo de 2026, una vez que la Consejería competente en materia de Hacienda lleve a cabo las...","Identificar norma modificada, direccion material del cambio y organo responsable.","legal_change: Que norma, plan, ayuda o regla cambia este fragmento? | citizen_direction: La direccion ciudadana es mejora, recorte, redistribucion, restriccion o sin efecto claro? | responsible_actor: Que organo, persona o partido puede atribuirse con fuente primaria? | impact_evidence_gap: Que presupuesto, ejecucion u outcome falta para validar impacto real?",https://juntadeandalucia.es/eboja/2025/251/BOJA25-251-00087-17435-01_00331032.pdf,https://datos.juntadeandalucia.es/api/v0/boja/disposition.2025.251.2,disposition.2025.251.2::body::1
boja-impact-review-disposition-2025-251-1-fiscalidad-f02,13,69,boja-impact-review-batch-002,accion=modifica_norma:40; tema=fiscalidad:13; fecha=31/12/2025:16; total=69,fiscalidad,Fiscalidad,disposition.2025.251.1,disposition-2025-251-1-fiscalidad-f02,31/12/2025,Presidencia,Leyes,modifica_norma,needs_human_review,unreviewed,actor_not_attributed,unknown,impact_review_queue_only_no_public_claim,tier_1_primary,"El artículo 5.1 del texto refundido de la Ley General de la Hacienda Pública de la Junta de Andalucía, aprobado por Decreto Legislativo 1/2010, de 2 de marzo, queda redactado en los siguientes términos:","Identificar norma modificada, direccion material del cambio y organo responsable.","legal_change: Que norma, plan, ayuda o regla cambia este fragmento? | citizen_direction: La direccion ciudadana es mejora, recorte, redistribucion, restriccion o sin efecto claro? | responsible_actor: Que organo, persona o partido puede atribuirse con fuente primaria? | impact_evidence_gap: Que presupuesto, ejecucion u outcome falta para validar impacto real?",https://juntadeandalucia.es/eboja/2025/251/BOJA25-251-00107-17440-01_00331037.pdf,https://datos.juntadeandalucia.es/api/v0/boja/disposition.2025.251.1,disposition.2025.251.1::body::2
boja-impact-review-disposition-2025-251-2-fiscalidad-f01,14,69,boja-impact-review-batch-002,accion=modifica_norma:40; tema=fiscalidad:13; fecha=31/12/2025:16; total=69,fiscalidad,Fiscalidad,disposition.2025.251.2,disposition-2025-251-2-fiscalidad-f01,31/12/2025,Presidencia,Leyes,modifica_norma,needs_human_review,unreviewed,actor_not_attributed,unknown,impact_review_queue_only_no_public_claim,tier_1_primary,"La disposición final novena introduce diversas modificaciones en la Ley 5/2021, de 20 de octubre, de Tributos Cedidos de la Comunidad Autónoma de Andalucía, que afectan al impuesto sobre la renta de las personas físicas, al...","Identificar norma modificada, direccion material del cambio y organo responsable.","legal_change: Que norma, plan, ayuda o regla cambia este fragmento? | citizen_direction: La direccion ciudadana es mejora, recorte, redistribucion, restriccion o sin efecto claro? | responsible_actor: Que organo, persona o partido puede atribuirse con fuente primaria? | impact_evidence_gap: Que presupuesto, ejecucion u outcome falta para validar impacto real?",https://juntadeandalucia.es/eboja/2025/251/BOJA25-251-00087-17435-01_00331032.pdf,https://datos.juntadeandalucia.es/api/v0/boja/disposition.2025.251.2,disposition.2025.251.2::body::1
boja-impact-review-disposition-2025-251-2-fiscalidad-f02,15,69,boja-impact-review-batch-002,accion=modifica_norma:40; tema=fiscalidad:13; fecha=31/12/2025:16; total=69,fiscalidad,Fiscalidad,disposition.2025.251.2,disposition-2025-251-2-fiscalidad-f02,31/12/2025,Presidencia,Leyes,modifica_norma,needs_human_review,unreviewed,actor_not_attributed,unknown,impact_review_queue_only_no_public_claim,tier_1_primary,"En relación con el impuesto sobre sucesiones y donaciones, en la modalidad de donaciones, se introduce una modificación en la regulación de la bonificación de la cuota tributaria aplicable a los Grupos I y II, con...","Identificar norma modificada, direccion material del cambio y organo responsable.","legal_change: Que norma, plan, ayuda o regla cambia este fragmento? | citizen_direction: La direccion ciudadana es mejora, recorte, redistribucion, restriccion o sin efecto claro? | responsible_actor: Que organo, persona o partido puede atribuirse con fuente primaria? | impact_evidence_gap: Que presupuesto, ejecucion u outcome falta para validar impacto real?",https://juntadeandalucia.es/eboja/2025/251/BOJA25-251-00087-17435-01_00331032.pdf,https://datos.juntadeandalucia.es/api/v0/boja/disposition.2025.251.2,disposition.2025.251.2::body::2
boja-impact-review-disposition-2025-251-2-sanidad-f01,16,68,boja-impact-review-batch-002,accion=regula:34; tema=sanidad:18; fecha=31/12/2025:16; total=68,sanidad,Sanidad,disposition.2025.251.2,disposition-2025-251-2-sanidad-f01,31/12/2025,Presidencia,Leyes,regula,needs_human_review,unreviewed,actor_not_attributed,unknown,impact_review_queue_only_no_public_claim,tier_1_primary,"Los artículos 8, 9, 10 y 11, como en ejercicios anteriores, regulan de forma diferenciada el régimen presupuestario de la sanidad, de la educación, del sistema de atención social y de las entidades instrumentales del sector...","Revisar obligaciones, beneficiarios, restricciones y organo competente.","legal_change: Que norma, plan, ayuda o regla cambia este fragmento? | citizen_direction: La direccion ciudadana es mejora, recorte, redistribucion, restriccion o sin efecto claro? | responsible_actor: Que organo, persona o partido puede atribuirse con fuente primaria? | impact_evidence_gap: Que presupuesto, ejecucion u outcome falta para validar impacto real?",https://juntadeandalucia.es/eboja/2025/251/BOJA25-251-00087-17435-01_00331032.pdf,https://datos.juntadeandalucia.es/api/v0/boja/disposition.2025.251.2,disposition.2025.251.2::body::1
boja-impact-review-disposition-2025-251-2-sanidad-f02,17,68,boja-impact-review-batch-002,accion=regula:34; tema=sanidad:18; fecha=31/12/2025:16; total=68,sanidad,Sanidad,disposition.2025.251.2,disposition-2025-251-2-sanidad-f02,31/12/2025,Presidencia,Leyes,regula,needs_human_review,unreviewed,actor_not_attributed,unknown,impact_review_queue_only_no_public_claim,tier_1_primary,"Además, en este título, a los efectos previstos en el artículo 49 bis de la Ley 21/2007, de 18 de diciembre, de Régimen Jurídico y Económico de los Puertos de Andalucía, se establecen en el artículo...","Revisar obligaciones, beneficiarios, restricciones y organo competente.","legal_change: Que norma, plan, ayuda o regla cambia este fragmento? | citizen_direction: La direccion ciudadana es mejora, recorte, redistribucion, restriccion o sin efecto claro? | responsible_actor: Que organo, persona o partido puede atribuirse con fuente primaria? | impact_evidence_gap: Que presupuesto, ejecucion u outcome falta para validar impacto real?",https://juntadeandalucia.es/eboja/2025/251/BOJA25-251-00087-17435-01_00331032.pdf,https://datos.juntadeandalucia.es/api/v0/boja/disposition.2025.251.2,disposition.2025.251.2::body::2
boja-impact-review-disposition-2025-251-3-sanidad-f01,18,68,boja-impact-review-batch-002,accion=regula:34; tema=sanidad:18; fecha=31/12/2025:16; total=68,sanidad,Sanidad,disposition.2025.251.3,disposition-2025-251-3-sanidad-f01,31/12/2025,"Consejería de Sanidad, Presidencia y Emergencias",Acuerdos del Consejo de Gobierno,regula,needs_human_review,unreviewed,actor_not_attributed,unknown,impact_review_queue_only_no_public_claim,tier_1_primary,"El artículo 55.2 del Estatuto de Autonomía para Andalucía establece que a la Comunidad Autónoma de Andalucía le corresponde la competencia compartida en materia de sanidad interior y, en particular, la ordenación, planificación, determinación, regulación y...","Revisar obligaciones, beneficiarios, restricciones y organo competente.","legal_change: Que norma, plan, ayuda o regla cambia este fragmento? | citizen_direction: La direccion ciudadana es mejora, recorte, redistribucion, restriccion o sin efecto claro? | responsible_actor: Que organo, persona o partido puede atribuirse con fuente primaria? | impact_evidence_gap: Que presupuesto, ejecucion u outcome falta para validar impacto real?",https://juntadeandalucia.es/eboja/2025/251/BOJA25-251-00004-17485-01_00331082.pdf,https://datos.juntadeandalucia.es/api/v0/boja/disposition.2025.251.3,disposition.2025.251.3::body::1
boja-impact-review-disposition-2025-251-3-sanidad-f02,19,68,boja-impact-review-batch-002,accion=regula:34; tema=sanidad:18; fecha=31/12/2025:16; total=68,sanidad,Sanidad,disposition.2025.251.3,disposition-2025-251-3-sanidad-f02,31/12/2025,"Consejería de Sanidad, Presidencia y Emergencias",Acuerdos del Consejo de Gobierno,regula,needs_human_review,unreviewed,actor_not_attributed,unknown,impact_review_queue_only_no_public_claim,tier_1_primary,"Decreto 168/2025, de 5 de noviembre, por el que se establece la estructura orgánica de la Consejería de Sanidad, Presidencia y Emergencias establece que corresponde a la Consejería de Sanidad, Presidencia y Emergencias las competencias en...","Revisar obligaciones, beneficiarios, restricciones y organo competente.","legal_change: Que norma, plan, ayuda o regla cambia este fragmento? | citizen_direction: La direccion ciudadana es mejora, recorte, redistribucion, restriccion o sin efecto claro? | responsible_actor: Que organo, persona o partido puede atribuirse con fuente primaria? | impact_evidence_gap: Que presupuesto, ejecucion u outcome falta para validar impacto real?",https://juntadeandalucia.es/eboja/2025/251/BOJA25-251-00004-17485-01_00331082.pdf,https://datos.juntadeandalucia.es/api/v0/boja/disposition.2025.251.3,disposition.2025.251.3::body::2
boja-impact-review-disposition-2025-251-2-seguridad-libertades-f01,20,68,boja-impact-review-batch-002,accion=modifica_norma:40; tema=seguridad_libertades:12; fecha=31/12/2025:16; total=68,seguridad_libertades,Seguridad y libertades,disposition.2025.251.2,disposition-2025-251-2-seguridad-libertades-f01,31/12/2025,Presidencia,Leyes,modifica_norma,needs_human_review,unreviewed,actor_not_attributed,unknown,impact_review_queue_only_no_public_claim,tier_1_primary,"Asimismo, se modifica el artículo 24 bis a los efectos de dotar de mayor seguridad jurídica a los procedimientos de liquidación y de baja de las deudas inferiores a la cuantía que se fije en la...","Identificar norma modificada, direccion material del cambio y organo responsable.","legal_change: Que norma, plan, ayuda o regla cambia este fragmento? | citizen_direction: La direccion ciudadana es mejora, recorte, redistribucion, restriccion o sin efecto claro? | responsible_actor: Que organo, persona o partido puede atribuirse con fuente primaria? | impact_evidence_gap: Que presupuesto, ejecucion u outcome falta para validar impacto real?",https://juntadeandalucia.es/eboja/2025/251/BOJA25-251-00087-17435-01_00331032.pdf,https://datos.juntadeandalucia.es/api/v0/boja/disposition.2025.251.2,disposition.2025.251.2::body::1
boja-impact-review-disposition-2025-251-2-transparencia-corrupcion-f02,21,68,boja-impact-review-batch-002,accion=modifica_norma:40; tema=transparencia_corrupcion:12; fecha=31/12/2025:16; total=68,transparencia_corrupcion,Transparencia y corrupcion,disposition.2025.251.2,disposition-2025-251-2-transparencia-corrupcion-f02,31/12/2025,Presidencia,Leyes,modifica_norma,reviewed_legal_change_only,legal_change_documented_outcome_pending,official_publisher_observed,unknown,reviewed_boja_legal_change_no_merit_claim,tier_1_primary,"La disposición final octava modifica el artículo 32 de la Ley 2/2021, de 18 de junio, de lucha contra el fraude y la corrupción en Andalucía y protección de la persona denunciante, para clarificar el régimen...","Identificar norma modificada, direccion material del cambio y organo responsable.","legal_change: Que norma, plan, ayuda o regla cambia este fragmento? | citizen_direction: La direccion ciudadana es mejora, recorte, redistribucion, restriccion o sin efecto claro? | responsible_actor: Que organo, persona o partido puede atribuirse con fuente primaria? | impact_evidence_gap: Que presupuesto, ejecucion u outcome falta para validar impacto real?",https://juntadeandalucia.es/eboja/2025/251/BOJA25-251-00087-17435-01_00331032.pdf,https://datos.juntadeandalucia.es/api/v0/boja/disposition.2025.251.2,disposition.2025.251.2::body::2
boja-impact-review-disposition-2024-252-3-campo-agua-f01,22,67,boja-impact-review-batch-002,accion=modifica_norma:40; tema=campo_agua:15; fecha=31/12/2024:12; total=67,campo_agua,Campo y agua,disposition.2024.252.3,disposition-2024-252-3-campo-agua-f01,31/12/2024,"Consejería de Agricultura, Pesca, Agua y Desarrollo Rural",Órdenes,modifica_norma,needs_human_review,unreviewed,actor_not_attributed,unknown,impact_review_queue_only_no_public_claim,tier_1_primary,"Por lo anteriormente expuesto, considerando oportuno proceder a convocar las ayudas para el año 2025, y en virtud de la competencia que me confiere el Decreto 157/2022, de 9 de agosto, por el que se establece...","Identificar norma modificada, direccion material del cambio y organo responsable.","legal_change: Que norma, plan, ayuda o regla cambia este fragmento? | citizen_direction: La direccion ciudadana es mejora, recorte, redistribucion, restriccion o sin efecto claro? | responsible_actor: Que organo, persona o partido puede atribuirse con fuente primaria? | impact_evidence_gap: Que presupuesto, ejecucion u outcome falta para validar impacto real?",https://juntadeandalucia.es/eboja/2024/252/BOJA24-252-00034-56448-01_00313398.pdf,https://datos.juntadeandalucia.es/api/v0/boja/disposition.2024.252.3,disposition.2024.252.3::body::1
boja-impact-review-disposition-2025-251-2-educacion-f01,23,66,boja-impact-review-batch-002,accion=regula:34; tema=educacion:16; fecha=31/12/2025:16; total=66,educacion,Educacion,disposition.2025.251.2,disposition-2025-251-2-educacion-f01,31/12/2025,Presidencia,Leyes,regula,needs_human_review,unreviewed,actor_not_attributed,unknown,impact_review_queue_only_no_public_claim,tier_1_primary,"A efectos del cálculo correspondiente, se tomará el número máximo de estudiantes por unidad fijado para Bachillerato en el artículo 16 del Real Decreto 132/2010, de 12 de febrero, por el que se establecen los requisitos...","Revisar obligaciones, beneficiarios, restricciones y organo competente.","legal_change: Que norma, plan, ayuda o regla cambia este fragmento? | citizen_direction: La direccion ciudadana es mejora, recorte, redistribucion, restriccion o sin efecto claro? | responsible_actor: Que organo, persona o partido puede atribuirse con fuente primaria? | impact_evidence_gap: Que presupuesto, ejecucion u outcome falta para validar impacto real?",https://juntadeandalucia.es/eboja/2025/251/BOJA25-251-00087-17435-01_00331032.pdf,https://datos.juntadeandalucia.es/api/v0/boja/disposition.2025.251.2,disposition.2025.251.2::body::1
boja-impact-review-disposition-2025-251-2-educacion-f02,24,66,boja-impact-review-batch-002,accion=regula:34; tema=educacion:16; fecha=31/12/2025:16; total=66,educacion,Educacion,disposition.2025.251.2,disposition-2025-251-2-educacion-f02,31/12/2025,Presidencia,Leyes,regula,needs_human_review,unreviewed,actor_not_attributed,unknown,impact_review_queue_only_no_public_claim,tier_1_primary,"Los artículos 8, 9, 10 y 11, como en ejercicios anteriores, regulan de forma diferenciada el régimen presupuestario de la sanidad, de la educación, del sistema de atención social y de las entidades instrumentales del sector...","Revisar obligaciones, beneficiarios, restricciones y organo competente.","legal_change: Que norma, plan, ayuda o regla cambia este fragmento? | citizen_direction: La direccion ciudadana es mejora, recorte, redistribucion, restriccion o sin efecto claro? | responsible_actor: Que organo, persona o partido puede atribuirse con fuente primaria? | impact_evidence_gap: Que presupuesto, ejecucion u outcome falta para validar impacto real?",https://juntadeandalucia.es/eboja/2025/251/BOJA25-251-00087-17435-01_00331032.pdf,https://datos.juntadeandalucia.es/api/v0/boja/disposition.2025.251.2,disposition.2025.251.2::body::2
boja-impact-review-disposition-2026-65-1-cultura-patrimonio-f01,25,65,boja-impact-review-batch-003,accion=regula:34; tema=cultura_patrimonio:13; fecha=07/04/2026:18; total=65,cultura_patrimonio,Cultura y patrimonio,disposition.2026.65.1,disposition-2026-65-1-cultura-patrimonio-f01,07/04/2026,Presidencia,Leyes,regula,reviewed_legal_change_only,legal_change_documented_outcome_pending,official_publisher_observed,unknown,reviewed_boja_legal_change_no_merit_claim,tier_1_primary,"Gozarán de la protección que la presente ley establece para los bienes de interés cultural los inmuebles de titularidad de la Comunidad Autónoma destinados a la instalación de archivos, bibliotecas, centros de documentación, museos, colecciones museográficas...","Revisar obligaciones, beneficiarios, restricciones y organo competente.","legal_change: Que norma, plan, ayuda o regla cambia este fragmento? | citizen_direction: La direccion ciudadana es mejora, recorte, redistribucion, restriccion o sin efecto claro? | responsible_actor: Que organo, persona o partido puede atribuirse con fuente primaria? | impact_evidence_gap: Que presupuesto, ejecucion u outcome falta para validar impacto real?",https://juntadeandalucia.es/eboja/2026/65/BOJA26-065-00093-4443-01_00335678.pdf,https://datos.juntadeandalucia.es/api/v0/boja/disposition.2026.65.1,disposition.2026.65.1::body::1
boja-impact-review-disposition-2026-65-1-cultura-patrimonio-f02,26,65,boja-impact-review-batch-003,accion=regula:34; tema=cultura_patrimonio:13; fecha=07/04/2026:18; total=65,cultura_patrimonio,Cultura y patrimonio,disposition.2026.65.1,disposition-2026-65-1-cultura-patrimonio-f02,07/04/2026,Presidencia,Leyes,regula,needs_human_review,unreviewed,actor_not_attributed,unknown,impact_review_queue_only_no_public_claim,tier_1_primary,"a) Las personas titulares o poseedoras de bienes integrantes del patrimonio documental, bibliográfico y audiovisual de Andalucía inscritos en el Registro General del Patrimonio Cultural de Andalucía facilitarán la inspección de los mismos por parte de...","Revisar obligaciones, beneficiarios, restricciones y organo competente.","legal_change: Que norma, plan, ayuda o regla cambia este fragmento? | citizen_direction: La direccion ciudadana es mejora, recorte, redistribucion, restriccion o sin efecto claro? | responsible_actor: Que organo, persona o partido puede atribuirse con fuente primaria? | impact_evidence_gap: Que presupuesto, ejecucion u outcome falta para validar impacto real?",https://juntadeandalucia.es/eboja/2026/65/BOJA26-065-00093-4443-01_00335678.pdf,https://datos.juntadeandalucia.es/api/v0/boja/disposition.2026.65.1,disposition.2026.65.1::body::2
boja-impact-review-disposition-2025-251-6-campo-agua-f01,27,65,boja-impact-review-batch-003,accion=regula:34; tema=campo_agua:15; fecha=31/12/2025:16; total=65,campo_agua,Campo y agua,disposition.2025.251.6,disposition-2025-251-6-campo-agua-f01,31/12/2025,Consejería de Sostenibilidad y Medio Ambiente,Decretos,regula,needs_human_review,unreviewed,actor_not_attributed,unknown,impact_review_queue_only_no_public_claim,tier_1_primary,"El artículo 57.1.e) del Estatuto de Autonomía para Andalucía reconoce a nuestra Comunidad Autónoma, sin perjuicio de lo dispuesto en el artículo 149.1.23.ª de la Constitución, la competencia exclusiva en materia de «Delimitación, regulación, ordenación y...","Revisar obligaciones, beneficiarios, restricciones y organo competente.","legal_change: Que norma, plan, ayuda o regla cambia este fragmento? | citizen_direction: La direccion ciudadana es mejora, recorte, redistribucion, restriccion o sin efecto claro? | responsible_actor: Que organo, persona o partido puede atribuirse con fuente primaria? | impact_evidence_gap: Que presupuesto, ejecucion u outcome falta para validar impacto real?",https://juntadeandalucia.es/eboja/2025/251/BOJA25-251-00154-17456-01_00331053.pdf,https://datos.juntadeandalucia.es/api/v0/boja/disposition.2025.251.6,disposition.2025.251.6::body::1
boja-impact-review-disposition-2025-251-1-empleo-f02,28,65,boja-impact-review-batch-003,accion=regula:34; tema=empleo:15; fecha=31/12/2025:16; total=65,empleo,Empleo,disposition.2025.251.1,disposition-2025-251-1-empleo-f02,31/12/2025,Presidencia,Leyes,regula,needs_human_review,unreviewed,actor_not_attributed,unknown,impact_review_queue_only_no_public_claim,tier_1_primary,"f) El capítulo II y la disposición adicional única del Decreto-ley 16/2020, de 16 de junio, por el que, con carácter extraordinario y urgente, se establecen medidas en materia de empleo, así como para la gestión...","Revisar obligaciones, beneficiarios, restricciones y organo competente.","legal_change: Que norma, plan, ayuda o regla cambia este fragmento? | citizen_direction: La direccion ciudadana es mejora, recorte, redistribucion, restriccion o sin efecto claro? | responsible_actor: Que organo, persona o partido puede atribuirse con fuente primaria? | impact_evidence_gap: Que presupuesto, ejecucion u outcome falta para validar impacto real?",https://juntadeandalucia.es/eboja/2025/251/BOJA25-251-00107-17440-01_00331037.pdf,https://datos.juntadeandalucia.es/api/v0/boja/disposition.2025.251.1,disposition.2025.251.1::body::2
boja-impact-review-disposition-2026-203802-1-fiscalidad-f02,29,64,boja-impact-review-batch-003,accion=regula:34; tema=fiscalidad:13; fecha=25/02/2026:17; total=64,fiscalidad,Fiscalidad,disposition.2026.203802.1,disposition-2026-203802-1-fiscalidad-f02,25/02/2026,"Consejería de Sanidad, Presidencia y Emergencias",Decretos-leyes,regula,needs_human_review,unreviewed,actor_not_attributed,unknown,impact_review_queue_only_no_public_claim,tier_1_primary,"En el ámbito del Impuesto sobre Transmisiones Patrimoniales y Actos Jurídicos Documentados, el Capítulo I del Decreto-ley establece tipos de gravamen reducidos en las modalidades de transmisiones patrimoniales onerosas y actos jurídicos documentados con el fin...","Revisar obligaciones, beneficiarios, restricciones y organo competente.","legal_change: Que norma, plan, ayuda o regla cambia este fragmento? | citizen_direction: La direccion ciudadana es mejora, recorte, redistribucion, restriccion o sin efecto claro? | responsible_actor: Que organo, persona o partido puede atribuirse con fuente primaria? | impact_evidence_gap: Que presupuesto, ejecucion u outcome falta para validar impacto real?",https://juntadeandalucia.es/eboja/2026/203802/BOJA26-203802-00019-2764-01_00333986.pdf,https://datos.juntadeandalucia.es/api/v0/boja/disposition.2026.203802.1,disposition.2026.203802.1::body::2
boja-impact-review-disposition-2025-251-1-vivienda-f01,30,64,boja-impact-review-batch-003,accion=convoca_ayuda:30; tema=vivienda:18; fecha=31/12/2025:16; total=64,vivienda,Vivienda,disposition.2025.251.1,disposition-2025-251-1-vivienda-f01,31/12/2025,Presidencia,Leyes,convoca_ayuda,needs_human_review,unreviewed,actor_not_attributed,unknown,impact_review_queue_only_no_public_claim,tier_1_primary,"f) El ejercicio de las potestades administrativas que le sean atribuidas o delegadas por la Consejería competente en materia de vivienda y ordenación del territorio relacionadas con su objeto y, en particular, la potestad sancionadora, así...","Enlazar convocatoria con presupuesto, beneficiarios, resoluciones y ejecucion.","legal_change: Que norma, plan, ayuda o regla cambia este fragmento? | citizen_direction: La direccion ciudadana es mejora, recorte, redistribucion, restriccion o sin efecto claro? | responsible_actor: Que organo, persona o partido puede atribuirse con fuente primaria? | impact_evidence_gap: Que presupuesto, ejecucion u outcome falta para validar impacto real?",https://juntadeandalucia.es/eboja/2025/251/BOJA25-251-00107-17440-01_00331037.pdf,https://datos.juntadeandalucia.es/api/v0/boja/disposition.2025.251.1,disposition.2025.251.1::body::1
boja-impact-review-disposition-2026-55-1-energia-clima-f02,31,63,boja-impact-review-batch-003,accion=regula:34; tema=energia_clima:12; fecha=20/03/2026:17; total=63,energia_clima,Energia y clima,disposition.2026.55.1,disposition-2026-55-1-energia-clima-f02,20/03/2026,Presidencia,Leyes,regula,reviewed_legal_change_only,legal_change_documented_outcome_pending,official_publisher_observed,unknown,reviewed_boja_legal_change_no_merit_claim,tier_1_primary,"En ese sentido, la ley establece los principios y fines de la política ambiental de la Junta de Andalucía y se constituye en la piedra angular del ordenamiento jurídico de la Comunidad Autónoma de Andalucía en...","Revisar obligaciones, beneficiarios, restricciones y organo competente.","legal_change: Que norma, plan, ayuda o regla cambia este fragmento? | citizen_direction: La direccion ciudadana es mejora, recorte, redistribucion, restriccion o sin efecto claro? | responsible_actor: Que organo, persona o partido puede atribuirse con fuente primaria? | impact_evidence_gap: Que presupuesto, ejecucion u outcome falta para validar impacto real?",https://juntadeandalucia.es/eboja/2026/55/BOJA26-055-00151-3749-01_00334970.pdf,https://datos.juntadeandalucia.es/api/v0/boja/disposition.2026.55.1,disposition.2026.55.1::body::2
boja-impact-review-disposition-2026-45-1-educacion-f01,32,63,boja-impact-review-batch-003,accion=convoca_ayuda:30; tema=educacion:16; fecha=06/03/2026:17; total=63,educacion,Educacion,disposition.2026.45.1,disposition-2026-45-1-educacion-f01,06/03/2026,Presidencia,Leyes,convoca_ayuda,reviewed_legal_change_only,legal_change_documented_outcome_pending,official_publisher_observed,unknown,reviewed_boja_legal_change_no_merit_claim,tier_1_primary,"También se exige una experiencia contrastada en la educación universitaria a las personas promotoras, acreditar una solvencia económico-financiera para abordar el proyecto de creación de la nueva universidad y destinar un mínimo del tres por ciento...","Enlazar convocatoria con presupuesto, beneficiarios, resoluciones y ejecucion.","legal_change: Que norma, plan, ayuda o regla cambia este fragmento? | citizen_direction: La direccion ciudadana es mejora, recorte, redistribucion, restriccion o sin efecto claro? | responsible_actor: Que organo, persona o partido puede atribuirse con fuente primaria? | impact_evidence_gap: Que presupuesto, ejecucion u outcome falta para validar impacto real?",https://juntadeandalucia.es/eboja/2026/45/BOJA26-045-00092-3059-01_00334281.pdf,https://datos.juntadeandalucia.es/api/v0/boja/disposition.2026.45.1,disposition.2026.45.1::body::1
boja-impact-review-disposition-2025-251-1-cultura-patrimonio-f02,33,63,boja-impact-review-batch-003,accion=regula:34; tema=cultura_patrimonio:13; fecha=31/12/2025:16; total=63,cultura_patrimonio,Cultura y patrimonio,disposition.2025.251.1,disposition-2025-251-1-cultura-patrimonio-f02,31/12/2025,Presidencia,Leyes,regula,needs_human_review,unreviewed,actor_not_attributed,unknown,impact_review_queue_only_no_public_claim,tier_1_primary,"La presente ley tiene por objeto establecer, de conformidad con lo dispuesto en el artículo 188.2 del Estatuto de Autonomía para Andalucía, el régimen jurídico de los bienes y derechos que integran el Patrimonio de la...","Revisar obligaciones, beneficiarios, restricciones y organo competente.","legal_change: Que norma, plan, ayuda o regla cambia este fragmento? | citizen_direction: La direccion ciudadana es mejora, recorte, redistribucion, restriccion o sin efecto claro? | responsible_actor: Que organo, persona o partido puede atribuirse con fuente primaria? | impact_evidence_gap: Que presupuesto, ejecucion u outcome falta para validar impacto real?",https://juntadeandalucia.es/eboja/2025/251/BOJA25-251-00107-17440-01_00331037.pdf,https://datos.juntadeandalucia.es/api/v0/boja/disposition.2025.251.1,disposition.2025.251.1::body::2
boja-impact-review-disposition-2025-251-2-cultura-patrimonio-f02,34,63,boja-impact-review-batch-003,accion=regula:34; tema=cultura_patrimonio:13; fecha=31/12/2025:16; total=63,cultura_patrimonio,Cultura y patrimonio,disposition.2025.251.2,disposition-2025-251-2-cultura-patrimonio-f02,31/12/2025,Presidencia,Leyes,regula,needs_human_review,unreviewed,actor_not_attributed,unknown,impact_review_queue_only_no_public_claim,tier_1_primary,"a) Los relativos a vacunaciones, desparasitación y demás tratamientos que resulten obligatorios conforme a lo dispuesto en el artículo 3 de la Orden de la Consejería de Agricultura y Pesca, de 19 de abril de 2010...","Revisar obligaciones, beneficiarios, restricciones y organo competente.","legal_change: Que norma, plan, ayuda o regla cambia este fragmento? | citizen_direction: La direccion ciudadana es mejora, recorte, redistribucion, restriccion o sin efecto claro? | responsible_actor: Que organo, persona o partido puede atribuirse con fuente primaria? | impact_evidence_gap: Que presupuesto, ejecucion u outcome falta para validar impacto real?",https://juntadeandalucia.es/eboja/2025/251/BOJA25-251-00087-17435-01_00331032.pdf,https://datos.juntadeandalucia.es/api/v0/boja/disposition.2025.251.2,disposition.2025.251.2::body::2
boja-impact-review-disposition-2025-146-2-vivienda-f02,35,63,boja-impact-review-batch-003,accion=convoca_ayuda:30; tema=vivienda:18; fecha=31/07/2025:15; total=63,vivienda,Vivienda,disposition.2025.146.2,disposition-2025-146-2-vivienda-f02,31/07/2025,"Consejería de Inclusión Social, Juventud, Familias e Igualdad",Órdenes,convoca_ayuda,needs_human_review,unreviewed,actor_not_attributed,unknown,impact_review_queue_only_no_public_claim,tier_1_primary,"Orden de 28 de julio de 2025, por la que se regulan y convocan para el año 2025 los Premios Andalucía + Social en el ámbito de los Servicios Sociales de Andalucía.","Enlazar convocatoria con presupuesto, beneficiarios, resoluciones y ejecucion.","legal_change: Que norma, plan, ayuda o regla cambia este fragmento? | citizen_direction: La direccion ciudadana es mejora, recorte, redistribucion, restriccion o sin efecto claro? | responsible_actor: Que organo, persona o partido puede atribuirse con fuente primaria? | impact_evidence_gap: Que presupuesto, ejecucion u outcome falta para validar impacto real?",https://juntadeandalucia.es/eboja/2025/146/BOJA25-146-00014-10777-01_00324375.pdf,https://datos.juntadeandalucia.es/api/v0/boja/disposition.2025.146.2,disposition.2025.146.2::summaryNoHtml::2
boja-impact-review-disposition-2025-251-1-energia-clima-f01,36,62,boja-impact-review-batch-003,accion=regula:34; tema=energia_clima:12; fecha=31/12/2025:16; total=62,energia_clima,Energia y clima,disposition.2025.251.1,disposition-2025-251-1-energia-clima-f01,31/12/2025,Presidencia,Leyes,regula,needs_human_review,unreviewed,actor_not_attributed,unknown,impact_review_queue_only_no_public_claim,tier_1_primary,"Los fondos carentes de personalidad jurídica se regulan en la normativa autonómica por el texto refundido de la Ley General de la Hacienda Pública de la Junta de Andalucía, el Decreto-ley 1/2018, de 27 de marzo...","Revisar obligaciones, beneficiarios, restricciones y organo competente.","legal_change: Que norma, plan, ayuda o regla cambia este fragmento? | citizen_direction: La direccion ciudadana es mejora, recorte, redistribucion, restriccion o sin efecto claro? | responsible_actor: Que organo, persona o partido puede atribuirse con fuente primaria? | impact_evidence_gap: Que presupuesto, ejecucion u outcome falta para validar impacto real?",https://juntadeandalucia.es/eboja/2025/251/BOJA25-251-00107-17440-01_00331037.pdf,https://datos.juntadeandalucia.es/api/v0/boja/disposition.2025.251.1,disposition.2025.251.1::body::1
boja-impact-review-disposition-2025-251-2-energia-clima-f01,37,62,boja-impact-review-batch-004,accion=regula:34; tema=energia_clima:12; fecha=31/12/2025:16; total=62,energia_clima,Energia y clima,disposition.2025.251.2,disposition-2025-251-2-energia-clima-f01,31/12/2025,Presidencia,Leyes,regula,needs_human_review,unreviewed,actor_not_attributed,unknown,impact_review_queue_only_no_public_claim,tier_1_primary,"Durante el ejercicio 2026, y sin perjuicio de lo establecido en el artículo 32.4 para los avales, las operaciones financieras de activo a que se refiere el artículo 2 de la Orden de la Consejería de...","Revisar obligaciones, beneficiarios, restricciones y organo competente.","legal_change: Que norma, plan, ayuda o regla cambia este fragmento? | citizen_direction: La direccion ciudadana es mejora, recorte, redistribucion, restriccion o sin efecto claro? | responsible_actor: Que organo, persona o partido puede atribuirse con fuente primaria? | impact_evidence_gap: Que presupuesto, ejecucion u outcome falta para validar impacto real?",https://juntadeandalucia.es/eboja/2025/251/BOJA25-251-00087-17435-01_00331032.pdf,https://datos.juntadeandalucia.es/api/v0/boja/disposition.2025.251.2,disposition.2025.251.2::body::1
boja-impact-review-disposition-2025-251-1-seguridad-libertades-f01,38,62,boja-impact-review-batch-004,accion=regula:34; tema=seguridad_libertades:12; fecha=31/12/2025:16; total=62,seguridad_libertades,Seguridad y libertades,disposition.2025.251.1,disposition-2025-251-1-seguridad-libertades-f01,31/12/2025,Presidencia,Leyes,regula,needs_human_review,unreviewed,actor_not_attributed,unknown,impact_review_queue_only_no_public_claim,tier_1_primary,"La presente ley se aprueba de acuerdo con los principios de buena regulación que se establecen en el artículo 129 de la Ley 39/2015, de 1 de octubre, del Procedimiento Administrativo Común de las Administraciones Públicas...","Revisar obligaciones, beneficiarios, restricciones y organo competente.","legal_change: Que norma, plan, ayuda o regla cambia este fragmento? | citizen_direction: La direccion ciudadana es mejora, recorte, redistribucion, restriccion o sin efecto claro? | responsible_actor: Que organo, persona o partido puede atribuirse con fuente primaria? | impact_evidence_gap: Que presupuesto, ejecucion u outcome falta para validar impacto real?",https://juntadeandalucia.es/eboja/2025/251/BOJA25-251-00107-17440-01_00331037.pdf,https://datos.juntadeandalucia.es/api/v0/boja/disposition.2025.251.1,disposition.2025.251.1::body::1
boja-impact-review-disposition-2025-251-1-seguridad-libertades-f02,39,62,boja-impact-review-batch-004,accion=regula:34; tema=seguridad_libertades:12; fecha=31/12/2025:16; total=62,seguridad_libertades,Seguridad y libertades,disposition.2025.251.1,disposition-2025-251-1-seguridad-libertades-f02,31/12/2025,Presidencia,Leyes,regula,needs_human_review,unreviewed,actor_not_attributed,unknown,impact_review_queue_only_no_public_claim,tier_1_primary,"III La presente ley se aprueba de acuerdo con los principios de buena regulación que se establecen en el artículo 129 de la Ley 39/2015, de 1 de octubre, del Procedimiento Administrativo Común de las Administraciones...","Revisar obligaciones, beneficiarios, restricciones y organo competente.","legal_change: Que norma, plan, ayuda o regla cambia este fragmento? | citizen_direction: La direccion ciudadana es mejora, recorte, redistribucion, restriccion o sin efecto claro? | responsible_actor: Que organo, persona o partido puede atribuirse con fuente primaria? | impact_evidence_gap: Que presupuesto, ejecucion u outcome falta para validar impacto real?",https://juntadeandalucia.es/eboja/2025/251/BOJA25-251-00107-17440-01_00331037.pdf,https://datos.juntadeandalucia.es/api/v0/boja/disposition.2025.251.1,disposition.2025.251.1::bodyNoHtml::2
boja-impact-review-disposition-2025-251-2-seguridad-libertades-f02,40,62,boja-impact-review-batch-004,accion=regula:34; tema=seguridad_libertades:12; fecha=31/12/2025:16; total=62,seguridad_libertades,Seguridad y libertades,disposition.2025.251.2,disposition-2025-251-2-seguridad-libertades-f02,31/12/2025,Presidencia,Leyes,regula,needs_human_review,unreviewed,actor_not_attributed,unknown,impact_review_queue_only_no_public_claim,tier_1_primary,"La presente ley se aprueba de acuerdo con los principios de buena regulación, según los cuales, en el ejercicio de la iniciativa legislativa y la potestad reglamentaria, las Administraciones públicas actuarán de acuerdo con los principios...","Revisar obligaciones, beneficiarios, restricciones y organo competente.","legal_change: Que norma, plan, ayuda o regla cambia este fragmento? | citizen_direction: La direccion ciudadana es mejora, recorte, redistribucion, restriccion o sin efecto claro? | responsible_actor: Que organo, persona o partido puede atribuirse con fuente primaria? | impact_evidence_gap: Que presupuesto, ejecucion u outcome falta para validar impacto real?",https://juntadeandalucia.es/eboja/2025/251/BOJA25-251-00087-17435-01_00331032.pdf,https://datos.juntadeandalucia.es/api/v0/boja/disposition.2025.251.2,disposition.2025.251.2::body::2
boja-impact-review-disposition-2025-251-6-seguridad-libertades-f01,41,62,boja-impact-review-batch-004,accion=regula:34; tema=seguridad_libertades:12; fecha=31/12/2025:16; total=62,seguridad_libertades,Seguridad y libertades,disposition.2025.251.6,disposition-2025-251-6-seguridad-libertades-f01,31/12/2025,Consejería de Sostenibilidad y Medio Ambiente,Decretos,regula,needs_human_review,unreviewed,actor_not_attributed,unknown,impact_review_queue_only_no_public_claim,tier_1_primary,"Este decreto establece una regulación clara y precisa, no utiliza conceptos indeterminados que resten seguridad jurídica a los operadores, pues utiliza conceptos jurídicos que ya vienen definidos en la legislación vigente.","Revisar obligaciones, beneficiarios, restricciones y organo competente.","legal_change: Que norma, plan, ayuda o regla cambia este fragmento? | citizen_direction: La direccion ciudadana es mejora, recorte, redistribucion, restriccion o sin efecto claro? | responsible_actor: Que organo, persona o partido puede atribuirse con fuente primaria? | impact_evidence_gap: Que presupuesto, ejecucion u outcome falta para validar impacto real?",https://juntadeandalucia.es/eboja/2025/251/BOJA25-251-00154-17456-01_00331053.pdf,https://datos.juntadeandalucia.es/api/v0/boja/disposition.2025.251.6,disposition.2025.251.6::body::1
boja-impact-review-disposition-2025-251-1-transparencia-corrupcion-f01,42,62,boja-impact-review-batch-004,accion=regula:34; tema=transparencia_corrupcion:12; fecha=31/12/2025:16; total=62,transparencia_corrupcion,Transparencia y corrupcion,disposition.2025.251.1,disposition-2025-251-1-transparencia-corrupcion-f01,31/12/2025,Presidencia,Leyes,regula,needs_human_review,unreviewed,actor_not_attributed,unknown,impact_review_queue_only_no_public_claim,tier_1_primary,"La presente ley se aprueba de acuerdo con los principios de buena regulación que se establecen en el artículo 129 de la Ley 39/2015, de 1 de octubre, del Procedimiento Administrativo Común de las Administraciones Públicas...","Revisar obligaciones, beneficiarios, restricciones y organo competente.","legal_change: Que norma, plan, ayuda o regla cambia este fragmento? | citizen_direction: La direccion ciudadana es mejora, recorte, redistribucion, restriccion o sin efecto claro? | responsible_actor: Que organo, persona o partido puede atribuirse con fuente primaria? | impact_evidence_gap: Que presupuesto, ejecucion u outcome falta para validar impacto real?",https://juntadeandalucia.es/eboja/2025/251/BOJA25-251-00107-17440-01_00331037.pdf,https://datos.juntadeandalucia.es/api/v0/boja/disposition.2025.251.1,disposition.2025.251.1::body::1
boja-impact-review-disposition-2025-251-1-transparencia-corrupcion-f02,43,62,boja-impact-review-batch-004,accion=regula:34; tema=transparencia_corrupcion:12; fecha=31/12/2025:16; total=62,transparencia_corrupcion,Transparencia y corrupcion,disposition.2025.251.1,disposition-2025-251-1-transparencia-corrupcion-f02,31/12/2025,Presidencia,Leyes,regula,needs_human_review,unreviewed,actor_not_attributed,unknown,impact_review_queue_only_no_public_claim,tier_1_primary,"III La presente ley se aprueba de acuerdo con los principios de buena regulación que se establecen en el artículo 129 de la Ley 39/2015, de 1 de octubre, del Procedimiento Administrativo Común de las Administraciones...","Revisar obligaciones, beneficiarios, restricciones y organo competente.","legal_change: Que norma, plan, ayuda o regla cambia este fragmento? | citizen_direction: La direccion ciudadana es mejora, recorte, redistribucion, restriccion o sin efecto claro? | responsible_actor: Que organo, persona o partido puede atribuirse con fuente primaria? | impact_evidence_gap: Que presupuesto, ejecucion u outcome falta para validar impacto real?",https://juntadeandalucia.es/eboja/2025/251/BOJA25-251-00107-17440-01_00331037.pdf,https://datos.juntadeandalucia.es/api/v0/boja/disposition.2025.251.1,disposition.2025.251.1::bodyNoHtml::2
boja-impact-review-disposition-2025-251-2-transparencia-corrupcion-f01,44,62,boja-impact-review-batch-004,accion=regula:34; tema=transparencia_corrupcion:12; fecha=31/12/2025:16; total=62,transparencia_corrupcion,Transparencia y corrupcion,disposition.2025.251.2,disposition-2025-251-2-transparencia-corrupcion-f01,31/12/2025,Presidencia,Leyes,regula,needs_human_review,unreviewed,actor_not_attributed,unknown,impact_review_queue_only_no_public_claim,tier_1_primary,"La presente ley se aprueba de acuerdo con los principios de buena regulación, según los cuales, en el ejercicio de la iniciativa legislativa y la potestad reglamentaria, las Administraciones públicas actuarán de acuerdo con los principios...","Revisar obligaciones, beneficiarios, restricciones y organo competente.","legal_change: Que norma, plan, ayuda o regla cambia este fragmento? | citizen_direction: La direccion ciudadana es mejora, recorte, redistribucion, restriccion o sin efecto claro? | responsible_actor: Que organo, persona o partido puede atribuirse con fuente primaria? | impact_evidence_gap: Que presupuesto, ejecucion u outcome falta para validar impacto real?",https://juntadeandalucia.es/eboja/2025/251/BOJA25-251-00087-17435-01_00331032.pdf,https://datos.juntadeandalucia.es/api/v0/boja/disposition.2025.251.2,disposition.2025.251.2::body::1
boja-impact-review-disposition-2025-251-6-transparencia-corrupcion-f01,45,62,boja-impact-review-batch-004,accion=regula:34; tema=transparencia_corrupcion:12; fecha=31/12/2025:16; total=62,transparencia_corrupcion,Transparencia y corrupcion,disposition.2025.251.6,disposition-2025-251-6-transparencia-corrupcion-f01,31/12/2025,Consejería de Sostenibilidad y Medio Ambiente,Decretos,regula,needs_human_review,unreviewed,actor_not_attributed,unknown,impact_review_queue_only_no_public_claim,tier_1_primary,"Conforme al principio de transparencia, en la elaboración del decreto se han seguido todos los procesos de participación y audiencia que establece la normativa vigente.","Revisar obligaciones, beneficiarios, restricciones y organo competente.","legal_change: Que norma, plan, ayuda o regla cambia este fragmento? | citizen_direction: La direccion ciudadana es mejora, recorte, redistribucion, restriccion o sin efecto claro? | responsible_actor: Que organo, persona o partido puede atribuirse con fuente primaria? | impact_evidence_gap: Que presupuesto, ejecucion u outcome falta para validar impacto real?",https://juntadeandalucia.es/eboja/2025/251/BOJA25-251-00154-17456-01_00331053.pdf,https://datos.juntadeandalucia.es/api/v0/boja/disposition.2025.251.6,disposition.2025.251.6::body::1
boja-impact-review-disposition-2025-251-4-campo-agua-f01,46,61,boja-impact-review-batch-004,accion=convoca_ayuda:30; tema=campo_agua:15; fecha=31/12/2025:16; total=61,campo_agua,Campo y agua,disposition.2025.251.4,disposition-2025-251-4-campo-agua-f01,31/12/2025,"Consejería de Agricultura, Pesca, Agua y Desarrollo Rural",Resoluciones,convoca_ayuda,needs_human_review,unreviewed,actor_not_attributed,unknown,impact_review_queue_only_no_public_claim,tier_1_primary,"Las distintas comunicaciones relacionadas con las solicitudes de pago de la ayuda a los fondos operativos entre la administración y la persona beneficiaria, y viceversa, se tramitarán a través de la aplicación informática «Programas operativos de...","Enlazar convocatoria con presupuesto, beneficiarios, resoluciones y ejecucion.","legal_change: Que norma, plan, ayuda o regla cambia este fragmento? | citizen_direction: La direccion ciudadana es mejora, recorte, redistribucion, restriccion o sin efecto claro? | responsible_actor: Que organo, persona o partido puede atribuirse con fuente primaria? | impact_evidence_gap: Que presupuesto, ejecucion u outcome falta para validar impacto real?",https://juntadeandalucia.es/eboja/2025/251/BOJA25-251-00014-17395-01_00330992.pdf,https://datos.juntadeandalucia.es/api/v0/boja/disposition.2025.251.4,disposition.2025.251.4::body::1
boja-impact-review-disposition-2025-251-4-campo-agua-f02,47,61,boja-impact-review-batch-004,accion=convoca_ayuda:30; tema=campo_agua:15; fecha=31/12/2025:16; total=61,campo_agua,Campo y agua,disposition.2025.251.4,disposition-2025-251-4-campo-agua-f02,31/12/2025,"Consejería de Agricultura, Pesca, Agua y Desarrollo Rural",Resoluciones,convoca_ayuda,needs_human_review,unreviewed,actor_not_attributed,unknown,impact_review_queue_only_no_public_claim,tier_1_primary,Las solicitudes y la documentación complementaria a las mismas irán dirigidas a la persona titular de la Dirección General de Ayudas Directas y de Mercados y se presentarán a través de la aplicación informática «Programas Operativos...,"Enlazar convocatoria con presupuesto, beneficiarios, resoluciones y ejecucion.","legal_change: Que norma, plan, ayuda o regla cambia este fragmento? | citizen_direction: La direccion ciudadana es mejora, recorte, redistribucion, restriccion o sin efecto claro? | responsible_actor: Que organo, persona o partido puede atribuirse con fuente primaria? | impact_evidence_gap: Que presupuesto, ejecucion u outcome falta para validar impacto real?",https://juntadeandalucia.es/eboja/2025/251/BOJA25-251-00014-17395-01_00330992.pdf,https://datos.juntadeandalucia.es/api/v0/boja/disposition.2025.251.4,disposition.2025.251.4::body::2
boja-impact-review-disposition-2025-251-5-campo-agua-f01,48,61,boja-impact-review-batch-004,accion=convoca_ayuda:30; tema=campo_agua:15; fecha=31/12/2025:16; total=61,campo_agua,Campo y agua,disposition.2025.251.5,disposition-2025-251-5-campo-agua-f01,31/12/2025,"Consejería de Agricultura, Pesca, Agua y Desarrollo Rural",Extractos,convoca_ayuda,needs_human_review,unreviewed,actor_not_attributed,unknown,impact_review_queue_only_no_public_claim,tier_1_primary,https://juntadeandalucia.es/organismos/agriculturapescaaguaydesarrollorural/areas/politica-agraria-comun/ayudas-pac/paginas/ayuda-organizacion-productores-frutas-hortalizas.html,"Enlazar convocatoria con presupuesto, beneficiarios, resoluciones y ejecucion.","legal_change: Que norma, plan, ayuda o regla cambia este fragmento? | citizen_direction: La direccion ciudadana es mejora, recorte, redistribucion, restriccion o sin efecto claro? | responsible_actor: Que organo, persona o partido puede atribuirse con fuente primaria? | impact_evidence_gap: Que presupuesto, ejecucion u outcome falta para validar impacto real?",https://juntadeandalucia.es/eboja/2025/251/BOJA25-251-00003-17397-01_00330994.pdf,https://datos.juntadeandalucia.es/api/v0/boja/disposition.2025.251.5,disposition.2025.251.5::body::1
boja-impact-review-disposition-2025-251-5-campo-agua-f02,49,61,boja-impact-review-batch-005,accion=convoca_ayuda:30; tema=campo_agua:15; fecha=31/12/2025:16; total=61,campo_agua,Campo y agua,disposition.2025.251.5,disposition-2025-251-5-campo-agua-f02,31/12/2025,"Consejería de Agricultura, Pesca, Agua y Desarrollo Rural",Extractos,convoca_ayuda,needs_human_review,unreviewed,actor_not_attributed,unknown,impact_review_queue_only_no_public_claim,tier_1_primary,https://juntadeandalucia.es/organismos/agriculturapescaaguaydesarrollorural/areas/politica-agraria-comun/ayudas-pac/paginas/ayuda-organizacion-productores-frutas-hortalizas.html - Modelo de Justificación de la Cantidad Comercializada.,"Enlazar convocatoria con presupuesto, beneficiarios, resoluciones y ejecucion.","legal_change: Que norma, plan, ayuda o regla cambia este fragmento? | citizen_direction: La direccion ciudadana es mejora, recorte, redistribucion, restriccion o sin efecto claro? | responsible_actor: Que organo, persona o partido puede atribuirse con fuente primaria? | impact_evidence_gap: Que presupuesto, ejecucion u outcome falta para validar impacto real?",https://juntadeandalucia.es/eboja/2025/251/BOJA25-251-00003-17397-01_00330994.pdf,https://datos.juntadeandalucia.es/api/v0/boja/disposition.2025.251.5,disposition.2025.251.5::bodyNoHtml::2
boja-impact-review-disposition-2025-251-7-empleo-f01,50,61,boja-impact-review-batch-005,accion=convoca_ayuda:30; tema=empleo:15; fecha=31/12/2025:16; total=61,empleo,Empleo,disposition.2025.251.7,disposition-2025-251-7-empleo-f01,31/12/2025,Universidades,Resoluciones,convoca_ayuda,needs_human_review,unreviewed,actor_not_attributed,unknown,impact_review_queue_only_no_public_claim,tier_1_primary,"De conformidad con lo establecido en el apartado 2 del artículo 23 bis de la Ley 14/2011, de 1 de junio, de la Ciencia, la Tecnología y la Innovación, los contratos de actividades científico-técnicas, serán de...","Enlazar convocatoria con presupuesto, beneficiarios, resoluciones y ejecucion.","legal_change: Que norma, plan, ayuda o regla cambia este fragmento? | citizen_direction: La direccion ciudadana es mejora, recorte, redistribucion, restriccion o sin efecto claro? | responsible_actor: Que organo, persona o partido puede atribuirse con fuente primaria? | impact_evidence_gap: Que presupuesto, ejecucion u outcome falta para validar impacto real?",https://juntadeandalucia.es/eboja/2025/251/BOJA25-251-00011-17419-01_00331016.pdf,https://datos.juntadeandalucia.es/api/v0/boja/disposition.2025.251.7,disposition.2025.251.7::body::1
boja-impact-review-disposition-2025-251-7-empleo-f02,51,61,boja-impact-review-batch-005,accion=convoca_ayuda:30; tema=empleo:15; fecha=31/12/2025:16; total=61,empleo,Empleo,disposition.2025.251.7,disposition-2025-251-7-empleo-f02,31/12/2025,Universidades,Resoluciones,convoca_ayuda,needs_human_review,unreviewed,actor_not_attributed,unknown,impact_review_queue_only_no_public_claim,tier_1_primary,Este contrato no formará parte de la Oferta de Empleo Público ni de los instrumentos similares de gestión de las necesidades de personal a que se refiere el artículo 70 del texto refundido de la Ley...,"Enlazar convocatoria con presupuesto, beneficiarios, resoluciones y ejecucion.","legal_change: Que norma, plan, ayuda o regla cambia este fragmento? | citizen_direction: La direccion ciudadana es mejora, recorte, redistribucion, restriccion o sin efecto claro? | responsible_actor: Que organo, persona o partido puede atribuirse con fuente primaria? | impact_evidence_gap: Que presupuesto, ejecucion u outcome falta para validar impacto real?",https://juntadeandalucia.es/eboja/2025/251/BOJA25-251-00011-17419-01_00331016.pdf,https://datos.juntadeandalucia.es/api/v0/boja/disposition.2025.251.7,disposition.2025.251.7::body::2
boja-impact-review-disposition-2024-252-1-campo-agua-f02,52,61,boja-impact-review-batch-005,accion=regula:34; tema=campo_agua:15; fecha=31/12/2024:12; total=61,campo_agua,Campo y agua,disposition.2024.252.1,disposition-2024-252-1-campo-agua-f02,31/12/2024,"Consejería de la Presidencia, Interior, Diálogo Social y Simplificación Administrativa",Decretos,regula,needs_human_review,unreviewed,actor_not_attributed,unknown,impact_review_queue_only_no_public_claim,tier_1_primary,"A los efectos previstos en el Decreto 304/2011, de 11 de octubre, por el que se regula la estructura organizativa de prevención de riesgos laborales para el personal al servicio de la Administración de la Junta...","Revisar obligaciones, beneficiarios, restricciones y organo competente.","legal_change: Que norma, plan, ayuda o regla cambia este fragmento? | citizen_direction: La direccion ciudadana es mejora, recorte, redistribucion, restriccion o sin efecto claro? | responsible_actor: Que organo, persona o partido puede atribuirse con fuente primaria? | impact_evidence_gap: Que presupuesto, ejecucion u outcome falta para validar impacto real?",https://juntadeandalucia.es/eboja/2024/252/BOJA24-252-00029-55980-01_00312926.pdf,https://datos.juntadeandalucia.es/api/v0/boja/disposition.2024.252.1,disposition.2024.252.1::body::2
boja-impact-review-disposition-2026-203802-1-fiscalidad-f01,53,60,boja-impact-review-batch-005,accion=convoca_ayuda:30; tema=fiscalidad:13; fecha=25/02/2026:17; total=60,fiscalidad,Fiscalidad,disposition.2026.203802.1,disposition-2026-203802-1-fiscalidad-f01,25/02/2026,"Consejería de Sanidad, Presidencia y Emergencias",Decretos-leyes,convoca_ayuda,reviewed_legal_change_only,legal_change_documented_outcome_pending,official_publisher_observed,unknown,reviewed_boja_legal_change_no_merit_claim,tier_1_primary,El Capítulo I del presente Decreto-ley tiene por objeto la aprobación de diversas medidas de naturaleza tributaria dirigidas a paliar los daños producidos por los fenómenos meteorológicos adversos descritos en el Acuerdo de 18 de febrero...,"Enlazar convocatoria con presupuesto, beneficiarios, resoluciones y ejecucion.","legal_change: Que norma, plan, ayuda o regla cambia este fragmento? | citizen_direction: La direccion ciudadana es mejora, recorte, redistribucion, restriccion o sin efecto claro? | responsible_actor: Que organo, persona o partido puede atribuirse con fuente primaria? | impact_evidence_gap: Que presupuesto, ejecucion u outcome falta para validar impacto real?",https://juntadeandalucia.es/eboja/2026/203802/BOJA26-203802-00019-2764-01_00333986.pdf,https://datos.juntadeandalucia.es/api/v0/boja/disposition.2026.203802.1,disposition.2026.203802.1::body::1
boja-impact-review-disposition-2025-251-7-cultura-patrimonio-f01,54,59,boja-impact-review-batch-005,accion=convoca_ayuda:30; tema=cultura_patrimonio:13; fecha=31/12/2025:16; total=59,cultura_patrimonio,Cultura y patrimonio,disposition.2025.251.7,disposition-2025-251-7-cultura-patrimonio-f01,31/12/2025,Universidades,Resoluciones,convoca_ayuda,needs_human_review,unreviewed,actor_not_attributed,unknown,impact_review_queue_only_no_public_claim,tier_1_primary,"El contrato se realiza al amparo de la Resolución de 5 de noviembre de 2024, de la Dirección General de Patrimonio Histórico (Consejería de Cultura y Patrimonio Histórico Junta de Andalucía), por la que se realiza...","Enlazar convocatoria con presupuesto, beneficiarios, resoluciones y ejecucion.","legal_change: Que norma, plan, ayuda o regla cambia este fragmento? | citizen_direction: La direccion ciudadana es mejora, recorte, redistribucion, restriccion o sin efecto claro? | responsible_actor: Que organo, persona o partido puede atribuirse con fuente primaria? | impact_evidence_gap: Que presupuesto, ejecucion u outcome falta para validar impacto real?",https://juntadeandalucia.es/eboja/2025/251/BOJA25-251-00011-17419-01_00331016.pdf,https://datos.juntadeandalucia.es/api/v0/boja/disposition.2025.251.7,disposition.2025.251.7::body::1
boja-impact-review-disposition-2025-251-7-cultura-patrimonio-f02,55,59,boja-impact-review-batch-005,accion=convoca_ayuda:30; tema=cultura_patrimonio:13; fecha=31/12/2025:16; total=59,cultura_patrimonio,Cultura y patrimonio,disposition.2025.251.7,disposition-2025-251-7-cultura-patrimonio-f02,31/12/2025,Universidades,Resoluciones,convoca_ayuda,needs_human_review,unreviewed,actor_not_attributed,unknown,impact_review_queue_only_no_public_claim,tier_1_primary,"Resolución de 17 de diciembre de 2025, de la Universidad Pablo de Olavide, por la que se establecen las bases reguladoras para la contratación laboral prevista en la Ley 14/2011, de 1 de junio, de la...","Enlazar convocatoria con presupuesto, beneficiarios, resoluciones y ejecucion.","legal_change: Que norma, plan, ayuda o regla cambia este fragmento? | citizen_direction: La direccion ciudadana es mejora, recorte, redistribucion, restriccion o sin efecto claro? | responsible_actor: Que organo, persona o partido puede atribuirse con fuente primaria? | impact_evidence_gap: Que presupuesto, ejecucion u outcome falta para validar impacto real?",https://juntadeandalucia.es/eboja/2025/251/BOJA25-251-00011-17419-01_00331016.pdf,https://datos.juntadeandalucia.es/api/v0/boja/disposition.2025.251.7,disposition.2025.251.7::summaryNoHtml::2
boja-impact-review-disposition-2025-251-4-energia-clima-f02,56,58,boja-impact-review-batch-005,accion=convoca_ayuda:30; tema=energia_clima:12; fecha=31/12/2025:16; total=58,energia_clima,Energia y clima,disposition.2025.251.4,disposition-2025-251-4-energia-clima-f02,31/12/2025,"Consejería de Agricultura, Pesca, Agua y Desarrollo Rural",Resoluciones,convoca_ayuda,needs_human_review,unreviewed,actor_not_attributed,unknown,impact_review_queue_only_no_public_claim,tier_1_primary,"Resolución de 18 de diciembre de 2025, de la Dirección General de Ayudas Directas y de Mercados, por la que se convoca para el ejercicio 2026, la presentación de solicitudes de pago de la ayuda de...","Enlazar convocatoria con presupuesto, beneficiarios, resoluciones y ejecucion.","legal_change: Que norma, plan, ayuda o regla cambia este fragmento? | citizen_direction: La direccion ciudadana es mejora, recorte, redistribucion, restriccion o sin efecto claro? | responsible_actor: Que organo, persona o partido puede atribuirse con fuente primaria? | impact_evidence_gap: Que presupuesto, ejecucion u outcome falta para validar impacto real?",https://juntadeandalucia.es/eboja/2025/251/BOJA25-251-00014-17395-01_00330992.pdf,https://datos.juntadeandalucia.es/api/v0/boja/disposition.2025.251.4,disposition.2025.251.4::summaryNoHtml::2
boja-impact-review-disposition-2025-251-4-seguridad-libertades-f01,57,58,boja-impact-review-batch-005,accion=convoca_ayuda:30; tema=seguridad_libertades:12; fecha=31/12/2025:16; total=58,seguridad_libertades,Seguridad y libertades,disposition.2025.251.4,disposition-2025-251-4-seguridad-libertades-f01,31/12/2025,"Consejería de Agricultura, Pesca, Agua y Desarrollo Rural",Resoluciones,convoca_ayuda,needs_human_review,unreviewed,actor_not_attributed,unknown,impact_review_queue_only_no_public_claim,tier_1_primary,"Resolución de 18 de diciembre de 2025, de la Dirección General de Ayudas Directas y de Mercados, por la que se convoca para el ejercicio 2026, la presentación de solicitudes de pago de la ayuda de...","Enlazar convocatoria con presupuesto, beneficiarios, resoluciones y ejecucion.","legal_change: Que norma, plan, ayuda o regla cambia este fragmento? | citizen_direction: La direccion ciudadana es mejora, recorte, redistribucion, restriccion o sin efecto claro? | responsible_actor: Que organo, persona o partido puede atribuirse con fuente primaria? | impact_evidence_gap: Que presupuesto, ejecucion u outcome falta para validar impacto real?",https://juntadeandalucia.es/eboja/2025/251/BOJA25-251-00014-17395-01_00330992.pdf,https://datos.juntadeandalucia.es/api/v0/boja/disposition.2025.251.4,disposition.2025.251.4::summaryNoHtml::1
boja-impact-review-disposition-2025-251-5-seguridad-libertades-f01,58,58,boja-impact-review-batch-005,accion=convoca_ayuda:30; tema=seguridad_libertades:12; fecha=31/12/2025:16; total=58,seguridad_libertades,Seguridad y libertades,disposition.2025.251.5,disposition-2025-251-5-seguridad-libertades-f01,31/12/2025,"Consejería de Agricultura, Pesca, Agua y Desarrollo Rural",Extractos,convoca_ayuda,needs_human_review,unreviewed,actor_not_attributed,unknown,impact_review_queue_only_no_public_claim,tier_1_primary,"Extracto de la Resolución de 18 de diciembre de 2025, de la Dirección General de Ayudas Directas y de Mercados, por la que se convoca, para el ejercicio 2026, la presentación de solicitudes de pago de...","Enlazar convocatoria con presupuesto, beneficiarios, resoluciones y ejecucion.","legal_change: Que norma, plan, ayuda o regla cambia este fragmento? | citizen_direction: La direccion ciudadana es mejora, recorte, redistribucion, restriccion o sin efecto claro? | responsible_actor: Que organo, persona o partido puede atribuirse con fuente primaria? | impact_evidence_gap: Que presupuesto, ejecucion u outcome falta para validar impacto real?",https://juntadeandalucia.es/eboja/2025/251/BOJA25-251-00003-17397-01_00330994.pdf,https://datos.juntadeandalucia.es/api/v0/boja/disposition.2025.251.5,disposition.2025.251.5::summaryNoHtml::1
boja-impact-review-disposition-2025-251-7-seguridad-libertades-f01,59,58,boja-impact-review-batch-005,accion=convoca_ayuda:30; tema=seguridad_libertades:12; fecha=31/12/2025:16; total=58,seguridad_libertades,Seguridad y libertades,disposition.2025.251.7,disposition-2025-251-7-seguridad-libertades-f01,31/12/2025,Universidades,Resoluciones,convoca_ayuda,needs_human_review,unreviewed,actor_not_attributed,unknown,impact_review_queue_only_no_public_claim,tier_1_primary,"Resolución de 17 de diciembre de 2025, de la Universidad Pablo de Olavide, por la que se establecen las bases reguladoras para la contratación laboral prevista en la Ley 14/2011, de 1 de junio, de la...","Enlazar convocatoria con presupuesto, beneficiarios, resoluciones y ejecucion.","legal_change: Que norma, plan, ayuda o regla cambia este fragmento? | citizen_direction: La direccion ciudadana es mejora, recorte, redistribucion, restriccion o sin efecto claro? | responsible_actor: Que organo, persona o partido puede atribuirse con fuente primaria? | impact_evidence_gap: Que presupuesto, ejecucion u outcome falta para validar impacto real?",https://juntadeandalucia.es/eboja/2025/251/BOJA25-251-00011-17419-01_00331016.pdf,https://datos.juntadeandalucia.es/api/v0/boja/disposition.2025.251.7,disposition.2025.251.7::summaryNoHtml::1
boja-impact-review-disposition-2025-251-4-transparencia-corrupcion-f01,60,58,boja-impact-review-batch-005,accion=convoca_ayuda:30; tema=transparencia_corrupcion:12; fecha=31/12/2025:16; total=58,transparencia_corrupcion,Transparencia y corrupcion,disposition.2025.251.4,disposition-2025-251-4-transparencia-corrupcion-f01,31/12/2025,"Consejería de Agricultura, Pesca, Agua y Desarrollo Rural",Resoluciones,convoca_ayuda,needs_human_review,unreviewed,actor_not_attributed,unknown,impact_review_queue_only_no_public_claim,tier_1_primary,"Resolución de 18 de diciembre de 2025, de la Dirección General de Ayudas Directas y de Mercados, por la que se convoca para el ejercicio 2026, la presentación de solicitudes de pago de la ayuda de...","Enlazar convocatoria con presupuesto, beneficiarios, resoluciones y ejecucion.","legal_change: Que norma, plan, ayuda o regla cambia este fragmento? | citizen_direction: La direccion ciudadana es mejora, recorte, redistribucion, restriccion o sin efecto claro? | responsible_actor: Que organo, persona o partido puede atribuirse con fuente primaria? | impact_evidence_gap: Que presupuesto, ejecucion u outcome falta para validar impacto real?",https://juntadeandalucia.es/eboja/2025/251/BOJA25-251-00014-17395-01_00330992.pdf,https://datos.juntadeandalucia.es/api/v0/boja/disposition.2025.251.4,disposition.2025.251.4::summaryNoHtml::1
boja-impact-review-disposition-2024-252-7-educacion-f01,61,58,boja-impact-review-batch-006,accion=convoca_ayuda:30; tema=educacion:16; fecha=31/12/2024:12; total=58,educacion,Educacion,disposition.2024.252.7,disposition-2024-252-7-educacion-f01,31/12/2024,Consejo Audiovisual de Andalucía,Acuerdos,convoca_ayuda,needs_human_review,unreviewed,actor_not_attributed,unknown,impact_review_queue_only_no_public_claim,tier_1_primary,"Acuerdo de 4 de diciembre de 2024, del Consejo Audiovisual de Andalucía, por el que se convoca la XIª edición de los Premios Andaluces «El Audiovisual en la Escuela», se aprueba y se dispone la publicación...","Enlazar convocatoria con presupuesto, beneficiarios, resoluciones y ejecucion.","legal_change: Que norma, plan, ayuda o regla cambia este fragmento? | citizen_direction: La direccion ciudadana es mejora, recorte, redistribucion, restriccion o sin efecto claro? | responsible_actor: Que organo, persona o partido puede atribuirse con fuente primaria? | impact_evidence_gap: Que presupuesto, ejecucion u outcome falta para validar impacto real?",https://juntadeandalucia.es/eboja/2024/252/BOJA24-252-00013-56391-01_00313337.pdf,https://datos.juntadeandalucia.es/api/v0/boja/disposition.2024.252.7,disposition.2024.252.7::summaryNoHtml::1
boja-impact-review-disposition-2024-252-1-transparencia-corrupcion-f01,62,58,boja-impact-review-batch-006,accion=regula:34; tema=transparencia_corrupcion:12; fecha=31/12/2024:12; total=58,transparencia_corrupcion,Transparencia y corrupcion,disposition.2024.252.1,disposition-2024-252-1-transparencia-corrupcion-f01,31/12/2024,"Consejería de la Presidencia, Interior, Diálogo Social y Simplificación Administrativa",Decretos,regula,needs_human_review,unreviewed,actor_not_attributed,unknown,impact_review_queue_only_no_public_claim,tier_1_primary,"De acuerdo con lo dispuesto en el artículo 8.3 del Decreto 289/2015, de 21 de julio, por el que se regula la organización administrativa en materia de transparencia pública en el ámbito de la Administración de...","Revisar obligaciones, beneficiarios, restricciones y organo competente.","legal_change: Que norma, plan, ayuda o regla cambia este fragmento? | citizen_direction: La direccion ciudadana es mejora, recorte, redistribucion, restriccion o sin efecto claro? | responsible_actor: Que organo, persona o partido puede atribuirse con fuente primaria? | impact_evidence_gap: Que presupuesto, ejecucion u outcome falta para validar impacto real?",https://juntadeandalucia.es/eboja/2024/252/BOJA24-252-00029-55980-01_00312926.pdf,https://datos.juntadeandalucia.es/api/v0/boja/disposition.2024.252.1,disposition.2024.252.1::body::1
boja-impact-review-disposition-2024-213-1-educacion-f02,63,58,boja-impact-review-batch-006,accion=convoca_ayuda:30; tema=educacion:16; fecha=31/10/2024:12; total=58,educacion,Educacion,disposition.2024.213.1,disposition-2024-213-1-educacion-f02,31/10/2024,Consejería de Desarrollo Educativo y Formación Profesional,Resoluciones,convoca_ayuda,needs_human_review,unreviewed,actor_not_attributed,unknown,impact_review_queue_only_no_public_claim,tier_1_primary,"Resolución de 21 de octubre de 2024, de la Delegación Territorial de Desarrollo Educativo y Formación Profesional y de Universidad, Investigación e Innovación en Jaén, de concesión de subvenciones a las entidades sin ánimo de lucro...","Enlazar convocatoria con presupuesto, beneficiarios, resoluciones y ejecucion.","legal_change: Que norma, plan, ayuda o regla cambia este fragmento? | citizen_direction: La direccion ciudadana es mejora, recorte, redistribucion, restriccion o sin efecto claro? | responsible_actor: Que organo, persona o partido puede atribuirse con fuente primaria? | impact_evidence_gap: Que presupuesto, ejecucion u outcome falta para validar impacto real?",https://juntadeandalucia.es/eboja/2024/213/BOJA24-213-00003-53115-01_00310064.pdf,https://datos.juntadeandalucia.es/api/v0/boja/disposition.2024.213.1,disposition.2024.213.1::summaryNoHtml::2
boja-impact-review-disposition-2024-213-2-educacion-f02,64,58,boja-impact-review-batch-006,accion=convoca_ayuda:30; tema=educacion:16; fecha=31/10/2024:12; total=58,educacion,Educacion,disposition.2024.213.2,disposition-2024-213-2-educacion-f02,31/10/2024,"Consejería de Inclusión Social, Juventud, Familias e Igualdad",Órdenes,convoca_ayuda,needs_human_review,unreviewed,actor_not_attributed,unknown,impact_review_queue_only_no_public_claim,tier_1_primary,"Orden de 28 de octubre de 2024, por la que se amplía el plazo para la presentación de solicitudes establecido en la Orden de 23 de septiembre de 2024, por la que se regula y convoca...","Enlazar convocatoria con presupuesto, beneficiarios, resoluciones y ejecucion.","legal_change: Que norma, plan, ayuda o regla cambia este fragmento? | citizen_direction: La direccion ciudadana es mejora, recorte, redistribucion, restriccion o sin efecto claro? | responsible_actor: Que organo, persona o partido puede atribuirse con fuente primaria? | impact_evidence_gap: Que presupuesto, ejecucion u outcome falta para validar impacto real?",https://juntadeandalucia.es/eboja/2024/213/BOJA24-213-00001-53203-01_00310152.pdf,https://datos.juntadeandalucia.es/api/v0/boja/disposition.2024.213.2,disposition.2024.213.2::summaryNoHtml::2
boja-impact-review-disposition-2026-45-1-educacion-f02,65,57,boja-impact-review-batch-006,accion=estructura_organica:24; tema=educacion:16; fecha=06/03/2026:17; total=57,educacion,Educacion,disposition.2026.45.1,disposition-2026-45-1-educacion-f02,06/03/2026,Presidencia,Leyes,estructura_organica,needs_human_review,unreviewed,actor_not_attributed,unknown,impact_review_queue_only_no_public_claim,tier_1_primary,"Las universidades deben garantizar que la formación doctoral incorpore el desarrollo de las competencias transversales para este nivel formativo, en el marco de cualificaciones establecido para el Espacio Europeo de Educación Superior.","Mapear competencias transferidas, unidad responsable y fechas efectivas.","legal_change: Que norma, plan, ayuda o regla cambia este fragmento? | citizen_direction: La direccion ciudadana es mejora, recorte, redistribucion, restriccion o sin efecto claro? | responsible_actor: Que organo, persona o partido puede atribuirse con fuente primaria? | impact_evidence_gap: Que presupuesto, ejecucion u outcome falta para validar impacto real?",https://juntadeandalucia.es/eboja/2026/45/BOJA26-045-00092-3059-01_00334281.pdf,https://datos.juntadeandalucia.es/api/v0/boja/disposition.2026.45.1,disposition.2026.45.1::body::2
boja-impact-review-disposition-2022-209-2-fiscalidad-f01,66,57,boja-impact-review-batch-006,accion=modifica_norma:40; tema=fiscalidad:13; fecha=31/10/2022:4; total=57,fiscalidad,Fiscalidad,disposition.2022.209.2,disposition-2022-209-2-fiscalidad-f01,31/10/2022,"Consejería de Agricultura, Pesca, Agua y Desarrollo Rural",Órdenes,modifica_norma,needs_human_review,unreviewed,actor_not_attributed,unknown,impact_review_queue_only_no_public_claim,tier_1_primary,"Conforme establecen los artículos 19.4 de la Ley 38/2003, de 17 de noviembre, General de Subvenciones, y 121 del Texto Refundido de la Ley General de la Hacienda Pública de la Junta de Andalucía, aprobado por...","Identificar norma modificada, direccion material del cambio y organo responsable.","legal_change: Que norma, plan, ayuda o regla cambia este fragmento? | citizen_direction: La direccion ciudadana es mejora, recorte, redistribucion, restriccion o sin efecto claro? | responsible_actor: Que organo, persona o partido puede atribuirse con fuente primaria? | impact_evidence_gap: Que presupuesto, ejecucion u outcome falta para validar impacto real?",https://juntadeandalucia.es/eboja/2022/209/BOJA22-209-00008-17091-01_00270363.pdf,https://datos.juntadeandalucia.es/api/v0/boja/disposition.2022.209.2,disposition.2022.209.2::body::1
boja-impact-review-disposition-2022-209-2-fiscalidad-f02,67,57,boja-impact-review-batch-006,accion=modifica_norma:40; tema=fiscalidad:13; fecha=31/10/2022:4; total=57,fiscalidad,Fiscalidad,disposition.2022.209.2,disposition-2022-209-2-fiscalidad-f02,31/10/2022,"Consejería de Agricultura, Pesca, Agua y Desarrollo Rural",Órdenes,modifica_norma,needs_human_review,unreviewed,actor_not_attributed,unknown,impact_review_queue_only_no_public_claim,tier_1_primary,"Orden de 24 de octubre de 2022, por la que se modifica la Orden de 30 de julio de 2020, por la que se aprueban las bases reguladoras para la concesión de subvenciones, en régimen de...","Identificar norma modificada, direccion material del cambio y organo responsable.","legal_change: Que norma, plan, ayuda o regla cambia este fragmento? | citizen_direction: La direccion ciudadana es mejora, recorte, redistribucion, restriccion o sin efecto claro? | responsible_actor: Que organo, persona o partido puede atribuirse con fuente primaria? | impact_evidence_gap: Que presupuesto, ejecucion u outcome falta para validar impacto real?",https://juntadeandalucia.es/eboja/2022/209/BOJA22-209-00008-17091-01_00270363.pdf,https://datos.juntadeandalucia.es/api/v0/boja/disposition.2022.209.2,disposition.2022.209.2::summaryNoHtml::2
boja-impact-review-disposition-2022-209-2-energia-clima-f01,68,56,boja-impact-review-batch-006,accion=modifica_norma:40; tema=energia_clima:12; fecha=31/10/2022:4; total=56,energia_clima,Energia y clima,disposition.2022.209.2,disposition-2022-209-2-energia-clima-f01,31/10/2022,"Consejería de Agricultura, Pesca, Agua y Desarrollo Rural",Órdenes,modifica_norma,needs_human_review,unreviewed,actor_not_attributed,unknown,impact_review_queue_only_no_public_claim,tier_1_primary,"Orden de 24 de octubre de 2022, por la que se modifica la Orden de 30 de julio de 2020, por la que se aprueban las bases reguladoras para la concesión de subvenciones, en régimen de...","Identificar norma modificada, direccion material del cambio y organo responsable.","legal_change: Que norma, plan, ayuda o regla cambia este fragmento? | citizen_direction: La direccion ciudadana es mejora, recorte, redistribucion, restriccion o sin efecto claro? | responsible_actor: Que organo, persona o partido puede atribuirse con fuente primaria? | impact_evidence_gap: Que presupuesto, ejecucion u outcome falta para validar impacto real?",https://juntadeandalucia.es/eboja/2022/209/BOJA22-209-00008-17091-01_00270363.pdf,https://datos.juntadeandalucia.es/api/v0/boja/disposition.2022.209.2,disposition.2022.209.2::summaryNoHtml::1
boja-impact-review-disposition-2022-209-4-vivienda-f01,69,56,boja-impact-review-batch-006,accion=regula:34; tema=vivienda:18; fecha=31/10/2022:4; total=56,vivienda,Vivienda,disposition.2022.209.4,disposition-2022-209-4-vivienda-f01,31/10/2022,"Consejería de Fomento, Articulación del Territorio y Vivienda",Órdenes,regula,needs_human_review,unreviewed,actor_not_attributed,unknown,impact_review_queue_only_no_public_claim,tier_1_primary,"El Real Decreto 42/2022, de 18 de enero, regula el Bono Alquiler Joven y el Plan Estatal para el Acceso a la Vivienda 2022-2025.","Revisar obligaciones, beneficiarios, restricciones y organo competente.","legal_change: Que norma, plan, ayuda o regla cambia este fragmento? | citizen_direction: La direccion ciudadana es mejora, recorte, redistribucion, restriccion o sin efecto claro? | responsible_actor: Que organo, persona o partido puede atribuirse con fuente primaria? | impact_evidence_gap: Que presupuesto, ejecucion u outcome falta para validar impacto real?",https://juntadeandalucia.es/eboja/2022/209/BOJA22-209-00019-17155-01_00270422.pdf,https://datos.juntadeandalucia.es/api/v0/boja/disposition.2022.209.4,disposition.2022.209.4::body::1
boja-impact-review-disposition-2024-252-7-fiscalidad-f01,70,55,boja-impact-review-batch-006,accion=convoca_ayuda:30; tema=fiscalidad:13; fecha=31/12/2024:12; total=55,fiscalidad,Fiscalidad,disposition.2024.252.7,disposition-2024-252-7-fiscalidad-f01,31/12/2024,Consejo Audiovisual de Andalucía,Acuerdos,convoca_ayuda,needs_human_review,unreviewed,actor_not_attributed,unknown,impact_review_queue_only_no_public_claim,tier_1_primary,"Acuerdo de 4 de diciembre de 2024, del Consejo Audiovisual de Andalucía, por el que se convoca la XIª edición de los Premios Andaluces «El Audiovisual en la Escuela», se aprueba y se dispone la publicación...","Enlazar convocatoria con presupuesto, beneficiarios, resoluciones y ejecucion.","legal_change: Que norma, plan, ayuda o regla cambia este fragmento? | citizen_direction: La direccion ciudadana es mejora, recorte, redistribucion, restriccion o sin efecto claro? | responsible_actor: Que organo, persona o partido puede atribuirse con fuente primaria? | impact_evidence_gap: Que presupuesto, ejecucion u outcome falta para validar impacto real?",https://juntadeandalucia.es/eboja/2024/252/BOJA24-252-00013-56391-01_00313337.pdf,https://datos.juntadeandalucia.es/api/v0/boja/disposition.2024.252.7,disposition.2024.252.7::summaryNoHtml::1
boja-impact-review-disposition-2023-209-6-cultura-patrimonio-f01,71,55,boja-impact-review-batch-006,accion=regula:34; tema=cultura_patrimonio:13; fecha=31/10/2023:8; total=55,cultura_patrimonio,Cultura y patrimonio,disposition.2023.209.6,disposition-2023-209-6-cultura-patrimonio-f01,31/10/2023,"Consejería de Agricultura, Pesca, Agua y Desarrollo Rural",Correcciones de Errores,regula,needs_human_review,unreviewed,actor_not_attributed,unknown,impact_review_queue_only_no_public_claim,tier_1_primary,"Corrección de errores de la Orden de 24 de marzo de 2023, por la que se regula el procedimiento para el mantenimiento y actualización del Sistema de Información Geográfica de Identificación de Parcelas Agrícolas (SIGPAC) a...","Revisar obligaciones, beneficiarios, restricciones y organo competente.","legal_change: Que norma, plan, ayuda o regla cambia este fragmento? | citizen_direction: La direccion ciudadana es mejora, recorte, redistribucion, restriccion o sin efecto claro? | responsible_actor: Que organo, persona o partido puede atribuirse con fuente primaria? | impact_evidence_gap: Que presupuesto, ejecucion u outcome falta para validar impacto real?",https://juntadeandalucia.es/eboja/2023/209/BOJA23-209-00002-16655-01_00291650.pdf,https://datos.juntadeandalucia.es/api/v0/boja/disposition.2023.209.6,disposition.2023.209.6::summaryNoHtml::1
boja-impact-review-disposition-2023-209-7-cultura-patrimonio-f01,72,55,boja-impact-review-batch-006,accion=regula:34; tema=cultura_patrimonio:13; fecha=31/10/2023:8; total=55,cultura_patrimonio,Cultura y patrimonio,disposition.2023.209.7,disposition-2023-209-7-cultura-patrimonio-f01,31/10/2023,"Consejería de Universidad, Investigación e Innovación",Órdenes,regula,needs_human_review,unreviewed,actor_not_attributed,unknown,impact_review_queue_only_no_public_claim,tier_1_primary,"c) Reglamento (UE) 2021/1060 del Parlamento Europeo y del Consejo, de 24 de junio de 2021, por el que se establecen las disposiciones comunes relativas al Fondo Europeo de Desarrollo Regional, al Fondo Social Europeo Plus...","Revisar obligaciones, beneficiarios, restricciones y organo competente.","legal_change: Que norma, plan, ayuda o regla cambia este fragmento? | citizen_direction: La direccion ciudadana es mejora, recorte, redistribucion, restriccion o sin efecto claro? | responsible_actor: Que organo, persona o partido puede atribuirse con fuente primaria? | impact_evidence_gap: Que presupuesto, ejecucion u outcome falta para validar impacto real?",https://juntadeandalucia.es/eboja/2023/209/BOJA23-209-00046-16550-01_00291544.pdf,https://datos.juntadeandalucia.es/api/v0/boja/disposition.2023.209.7,disposition.2023.209.7::body::1
boja-impact-review-disposition-2023-209-5-fiscalidad-f01,73,55,boja-impact-review-batch-007,accion=regula:34; tema=fiscalidad:13; fecha=31/10/2023:8; total=55,fiscalidad,Fiscalidad,disposition.2023.209.5,disposition-2023-209-5-fiscalidad-f01,31/10/2023,"Consejería de Agricultura, Pesca, Agua y Desarrollo Rural",Órdenes,regula,needs_human_review,unreviewed,actor_not_attributed,unknown,impact_review_queue_only_no_public_claim,tier_1_primary,"1379/2013 del Parlamento Europeo y del Consejo, de 11 de diciembre de 2013, por el que se establece la Organización Común de Mercados en el sector de los productos de la pesca y de la acuicultura...","Revisar obligaciones, beneficiarios, restricciones y organo competente.","legal_change: Que norma, plan, ayuda o regla cambia este fragmento? | citizen_direction: La direccion ciudadana es mejora, recorte, redistribucion, restriccion o sin efecto claro? | responsible_actor: Que organo, persona o partido puede atribuirse con fuente primaria? | impact_evidence_gap: Que presupuesto, ejecucion u outcome falta para validar impacto real?",https://juntadeandalucia.es/eboja/2023/209/BOJA23-209-00008-16660-01_00291654.pdf,https://datos.juntadeandalucia.es/api/v0/boja/disposition.2023.209.5,disposition.2023.209.5::body::1
boja-impact-review-disposition-2023-209-5-fiscalidad-f02,74,55,boja-impact-review-batch-007,accion=regula:34; tema=fiscalidad:13; fecha=31/10/2023:8; total=55,fiscalidad,Fiscalidad,disposition.2023.209.5,disposition-2023-209-5-fiscalidad-f02,31/10/2023,"Consejería de Agricultura, Pesca, Agua y Desarrollo Rural",Órdenes,regula,needs_human_review,unreviewed,actor_not_attributed,unknown,impact_review_queue_only_no_public_claim,tier_1_primary,"En su virtud, a propuesta del Director General de Pesca y Acuicultura, y en uso de las facultades conferidas por el artículo 44.2 de la Ley 6/2006, de 24 de octubre, del Gobierno de la Comunidad...","Revisar obligaciones, beneficiarios, restricciones y organo competente.","legal_change: Que norma, plan, ayuda o regla cambia este fragmento? | citizen_direction: La direccion ciudadana es mejora, recorte, redistribucion, restriccion o sin efecto claro? | responsible_actor: Que organo, persona o partido puede atribuirse con fuente primaria? | impact_evidence_gap: Que presupuesto, ejecucion u outcome falta para validar impacto real?",https://juntadeandalucia.es/eboja/2023/209/BOJA23-209-00008-16660-01_00291654.pdf,https://datos.juntadeandalucia.es/api/v0/boja/disposition.2023.209.5,disposition.2023.209.5::body::2
boja-impact-review-disposition-2025-251-1-cultura-patrimonio-f01,75,53,boja-impact-review-batch-007,accion=estructura_organica:24; tema=cultura_patrimonio:13; fecha=31/12/2025:16; total=53,cultura_patrimonio,Cultura y patrimonio,disposition.2025.251.1,disposition-2025-251-1-cultura-patrimonio-f01,31/12/2025,Presidencia,Leyes,estructura_organica,needs_human_review,unreviewed,actor_not_attributed,unknown,impact_review_queue_only_no_public_claim,tier_1_primary,"El Parlamento de Andalucía dispone de autonomía patrimonial y asume las mismas competencias y facultades que se atribuyen en la presente ley al Consejo de Gobierno, a la Consejería competente en materia de patrimonio y al...","Mapear competencias transferidas, unidad responsable y fechas efectivas.","legal_change: Que norma, plan, ayuda o regla cambia este fragmento? | citizen_direction: La direccion ciudadana es mejora, recorte, redistribucion, restriccion o sin efecto claro? | responsible_actor: Que organo, persona o partido puede atribuirse con fuente primaria? | impact_evidence_gap: Que presupuesto, ejecucion u outcome falta para validar impacto real?",https://juntadeandalucia.es/eboja/2025/251/BOJA25-251-00107-17440-01_00331037.pdf,https://datos.juntadeandalucia.es/api/v0/boja/disposition.2025.251.1,disposition.2025.251.1::body::1
boja-impact-review-disposition-2024-252-1-educacion-f01,76,52,boja-impact-review-batch-007,accion=estructura_organica:24; tema=educacion:16; fecha=31/12/2024:12; total=52,educacion,Educacion,disposition.2024.252.1,disposition-2024-252-1-educacion-f01,31/12/2024,"Consejería de la Presidencia, Interior, Diálogo Social y Simplificación Administrativa",Decretos,estructura_organica,needs_human_review,unreviewed,actor_not_attributed,unknown,impact_review_queue_only_no_public_claim,tier_1_primary,"1.º Las personas titulares de las Viceconsejerías de las Consejerías en que se organiza la Administración de la Junta de Andalucía, con competencias en materia de Hacienda Pública, Administración Local, industria, minas, salud, agricultura, medio ambiente...","Mapear competencias transferidas, unidad responsable y fechas efectivas.","legal_change: Que norma, plan, ayuda o regla cambia este fragmento? | citizen_direction: La direccion ciudadana es mejora, recorte, redistribucion, restriccion o sin efecto claro? | responsible_actor: Que organo, persona o partido puede atribuirse con fuente primaria? | impact_evidence_gap: Que presupuesto, ejecucion u outcome falta para validar impacto real?",https://juntadeandalucia.es/eboja/2024/252/BOJA24-252-00029-55980-01_00312926.pdf,https://datos.juntadeandalucia.es/api/v0/boja/disposition.2024.252.1,disposition.2024.252.1::body::1
boja-impact-review-disposition-2024-252-1-educacion-f02,77,52,boja-impact-review-batch-007,accion=estructura_organica:24; tema=educacion:16; fecha=31/12/2024:12; total=52,educacion,Educacion,disposition.2024.252.1,disposition-2024-252-1-educacion-f02,31/12/2024,"Consejería de la Presidencia, Interior, Diálogo Social y Simplificación Administrativa",Decretos,estructura_organica,needs_human_review,unreviewed,actor_not_attributed,unknown,impact_review_queue_only_no_public_claim,tier_1_primary,3.ª Titular de la Dirección General con competencias en materia de Universidades.,"Mapear competencias transferidas, unidad responsable y fechas efectivas.","legal_change: Que norma, plan, ayuda o regla cambia este fragmento? | citizen_direction: La direccion ciudadana es mejora, recorte, redistribucion, restriccion o sin efecto claro? | responsible_actor: Que organo, persona o partido puede atribuirse con fuente primaria? | impact_evidence_gap: Que presupuesto, ejecucion u outcome falta para validar impacto real?",https://juntadeandalucia.es/eboja/2024/252/BOJA24-252-00029-55980-01_00312926.pdf,https://datos.juntadeandalucia.es/api/v0/boja/disposition.2024.252.1,disposition.2024.252.1::body::2
boja-impact-review-disposition-2024-213-1-educacion-f01,78,52,boja-impact-review-batch-007,accion=estructura_organica:24; tema=educacion:16; fecha=31/10/2024:12; total=52,educacion,Educacion,disposition.2024.213.1,disposition-2024-213-1-educacion-f01,31/10/2024,Consejería de Desarrollo Educativo y Formación Profesional,Resoluciones,estructura_organica,needs_human_review,unreviewed,actor_not_attributed,unknown,impact_review_queue_only_no_public_claim,tier_1_primary,"En atención a la citada propuesta esta Delegación Territorial, en uso de las competencias establecidas en el artículo 15 de la Orden de la Consejería de Educación de 15 de abril de 2011, y en los...","Mapear competencias transferidas, unidad responsable y fechas efectivas.","legal_change: Que norma, plan, ayuda o regla cambia este fragmento? | citizen_direction: La direccion ciudadana es mejora, recorte, redistribucion, restriccion o sin efecto claro? | responsible_actor: Que organo, persona o partido puede atribuirse con fuente primaria? | impact_evidence_gap: Que presupuesto, ejecucion u outcome falta para validar impacto real?",https://juntadeandalucia.es/eboja/2024/213/BOJA24-213-00003-53115-01_00310064.pdf,https://datos.juntadeandalucia.es/api/v0/boja/disposition.2024.213.1,disposition.2024.213.1::body::1
boja-impact-review-disposition-2024-213-2-educacion-f01,79,52,boja-impact-review-batch-007,accion=estructura_organica:24; tema=educacion:16; fecha=31/10/2024:12; total=52,educacion,Educacion,disposition.2024.213.2,disposition-2024-213-2-educacion-f01,31/10/2024,"Consejería de Inclusión Social, Juventud, Familias e Igualdad",Órdenes,estructura_organica,needs_human_review,unreviewed,actor_not_attributed,unknown,impact_review_queue_only_no_public_claim,tier_1_primary,"El cuidado de las personas mayores a través del voluntariado» en el ámbito de las competencias de la Consejería de Inclusión Social, Juventud, Familias e Igualdad, destinadas a los centros educativos públicos, concertados o privados de...","Mapear competencias transferidas, unidad responsable y fechas efectivas.","legal_change: Que norma, plan, ayuda o regla cambia este fragmento? | citizen_direction: La direccion ciudadana es mejora, recorte, redistribucion, restriccion o sin efecto claro? | responsible_actor: Que organo, persona o partido puede atribuirse con fuente primaria? | impact_evidence_gap: Que presupuesto, ejecucion u outcome falta para validar impacto real?",https://juntadeandalucia.es/eboja/2024/213/BOJA24-213-00001-53203-01_00310152.pdf,https://datos.juntadeandalucia.es/api/v0/boja/disposition.2024.213.2,disposition.2024.213.2::body::1
boja-impact-review-disposition-2022-209-4-vivienda-f02,80,52,boja-impact-review-batch-007,accion=convoca_ayuda:30; tema=vivienda:18; fecha=31/10/2022:4; total=52,vivienda,Vivienda,disposition.2022.209.4,disposition-2022-209-4-vivienda-f02,31/10/2022,"Consejería de Fomento, Articulación del Territorio y Vivienda",Órdenes,convoca_ayuda,needs_human_review,unreviewed,actor_not_attributed,unknown,impact_review_queue_only_no_public_claim,tier_1_primary,"En el supuesto de incumplimiento de la obligación de justificación, la persona beneficiaria podrá comunicar a la Delegación Territorial de la Consejería competente en materia de vivienda concedente de la ayuda su intención de proceder a...","Enlazar convocatoria con presupuesto, beneficiarios, resoluciones y ejecucion.","legal_change: Que norma, plan, ayuda o regla cambia este fragmento? | citizen_direction: La direccion ciudadana es mejora, recorte, redistribucion, restriccion o sin efecto claro? | responsible_actor: Que organo, persona o partido puede atribuirse con fuente primaria? | impact_evidence_gap: Que presupuesto, ejecucion u outcome falta para validar impacto real?",https://juntadeandalucia.es/eboja/2022/209/BOJA22-209-00019-17155-01_00270422.pdf,https://datos.juntadeandalucia.es/api/v0/boja/disposition.2022.209.4,disposition.2022.209.4::body::2
boja-impact-review-disposition-2022-209-5-vivienda-f01,81,52,boja-impact-review-batch-007,accion=convoca_ayuda:30; tema=vivienda:18; fecha=31/10/2022:4; total=52,vivienda,Vivienda,disposition.2022.209.5,disposition-2022-209-5-vivienda-f01,31/10/2022,"Consejería de Fomento, Articulación del Territorio y Vivienda",Extractos,convoca_ayuda,needs_human_review,unreviewed,actor_not_attributed,unknown,impact_review_queue_only_no_public_claim,tier_1_primary,"Podrán ser beneficiarias de las ayudas convocadas las personas jóvenes, titulares de un contrato de arrendamiento o cesión de uso de vivienda o habitación habituales, o que estén en disposición de serlo, siempre que lo acrediten...","Enlazar convocatoria con presupuesto, beneficiarios, resoluciones y ejecucion.","legal_change: Que norma, plan, ayuda o regla cambia este fragmento? | citizen_direction: La direccion ciudadana es mejora, recorte, redistribucion, restriccion o sin efecto claro? | responsible_actor: Que organo, persona o partido puede atribuirse con fuente primaria? | impact_evidence_gap: Que presupuesto, ejecucion u outcome falta para validar impacto real?",https://juntadeandalucia.es/eboja/2022/209/BOJA22-209-00002-17156-01_00270423.pdf,https://datos.juntadeandalucia.es/api/v0/boja/disposition.2022.209.5,disposition.2022.209.5::body::1
boja-impact-review-disposition-2022-209-5-vivienda-f02,82,52,boja-impact-review-batch-007,accion=convoca_ayuda:30; tema=vivienda:18; fecha=31/10/2022:4; total=52,vivienda,Vivienda,disposition.2022.209.5,disposition-2022-209-5-vivienda-f02,31/10/2022,"Consejería de Fomento, Articulación del Territorio y Vivienda",Extractos,convoca_ayuda,needs_human_review,unreviewed,actor_not_attributed,unknown,impact_review_queue_only_no_public_claim,tier_1_primary,"Tanto el cierre del plazo como su reapertura, el aumento del número de solicitudes señalado y, en su caso, el incremento de crédito de la convocatoria, se realizarán por resolución motivada de la persona titular de...","Enlazar convocatoria con presupuesto, beneficiarios, resoluciones y ejecucion.","legal_change: Que norma, plan, ayuda o regla cambia este fragmento? | citizen_direction: La direccion ciudadana es mejora, recorte, redistribucion, restriccion o sin efecto claro? | responsible_actor: Que organo, persona o partido puede atribuirse con fuente primaria? | impact_evidence_gap: Que presupuesto, ejecucion u outcome falta para validar impacto real?",https://juntadeandalucia.es/eboja/2022/209/BOJA22-209-00002-17156-01_00270423.pdf,https://datos.juntadeandalucia.es/api/v0/boja/disposition.2022.209.5,disposition.2022.209.5::body::2
boja-impact-review-disposition-2024-252-1-campo-agua-f01,83,51,boja-impact-review-batch-007,accion=estructura_organica:24; tema=campo_agua:15; fecha=31/12/2024:12; total=51,campo_agua,Campo y agua,disposition.2024.252.1,disposition-2024-252-1-campo-agua-f01,31/12/2024,"Consejería de la Presidencia, Interior, Diálogo Social y Simplificación Administrativa",Decretos,estructura_organica,needs_human_review,unreviewed,actor_not_attributed,unknown,impact_review_queue_only_no_public_claim,tier_1_primary,"1.º Las personas titulares de las Viceconsejerías de las Consejerías en que se organiza la Administración de la Junta de Andalucía, con competencias en materia de Hacienda Pública, Administración Local, industria, minas, salud, agricultura, medio ambiente...","Mapear competencias transferidas, unidad responsable y fechas efectivas.","legal_change: Que norma, plan, ayuda o regla cambia este fragmento? | citizen_direction: La direccion ciudadana es mejora, recorte, redistribucion, restriccion o sin efecto claro? | responsible_actor: Que organo, persona o partido puede atribuirse con fuente primaria? | impact_evidence_gap: Que presupuesto, ejecucion u outcome falta para validar impacto real?",https://juntadeandalucia.es/eboja/2024/252/BOJA24-252-00029-55980-01_00312926.pdf,https://datos.juntadeandalucia.es/api/v0/boja/disposition.2024.252.1,disposition.2024.252.1::body::1
boja-impact-review-disposition-2023-209-7-cultura-patrimonio-f02,84,51,boja-impact-review-batch-007,accion=convoca_ayuda:30; tema=cultura_patrimonio:13; fecha=31/10/2023:8; total=51,cultura_patrimonio,Cultura y patrimonio,disposition.2023.209.7,disposition-2023-209-7-cultura-patrimonio-f02,31/10/2023,"Consejería de Universidad, Investigación e Innovación",Órdenes,convoca_ayuda,needs_human_review,unreviewed,actor_not_attributed,unknown,impact_review_queue_only_no_public_claim,tier_1_primary,"Orden de 24 de octubre de 2023, del Consejero de Universidad, Investigación e Innovación, por la que se aprueban las bases reguladoras para la concesión de subvenciones, en régimen de concurrencia competitiva, en el marco del...","Enlazar convocatoria con presupuesto, beneficiarios, resoluciones y ejecucion.","legal_change: Que norma, plan, ayuda o regla cambia este fragmento? | citizen_direction: La direccion ciudadana es mejora, recorte, redistribucion, restriccion o sin efecto claro? | responsible_actor: Que organo, persona o partido puede atribuirse con fuente primaria? | impact_evidence_gap: Que presupuesto, ejecucion u outcome falta para validar impacto real?",https://juntadeandalucia.es/eboja/2023/209/BOJA23-209-00046-16550-01_00291544.pdf,https://datos.juntadeandalucia.es/api/v0/boja/disposition.2023.209.7,disposition.2023.209.7::summaryNoHtml::2
boja-impact-review-disposition-2023-209-7-fiscalidad-f01,85,51,boja-impact-review-batch-008,accion=convoca_ayuda:30; tema=fiscalidad:13; fecha=31/10/2023:8; total=51,fiscalidad,Fiscalidad,disposition.2023.209.7,disposition-2023-209-7-fiscalidad-f01,31/10/2023,"Consejería de Universidad, Investigación e Innovación",Órdenes,convoca_ayuda,needs_human_review,unreviewed,actor_not_attributed,unknown,impact_review_queue_only_no_public_claim,tier_1_primary,"Conforme al artículo 23 del Reglamento de los Procedimientos de Concesión de Subvenciones de la Administración de la Junta de Andalucía, la presentación de la solicitud conlleva la autorización al órgano gestor para recabar las certificaciones...","Enlazar convocatoria con presupuesto, beneficiarios, resoluciones y ejecucion.","legal_change: Que norma, plan, ayuda o regla cambia este fragmento? | citizen_direction: La direccion ciudadana es mejora, recorte, redistribucion, restriccion o sin efecto claro? | responsible_actor: Que organo, persona o partido puede atribuirse con fuente primaria? | impact_evidence_gap: Que presupuesto, ejecucion u outcome falta para validar impacto real?",https://juntadeandalucia.es/eboja/2023/209/BOJA23-209-00046-16550-01_00291544.pdf,https://datos.juntadeandalucia.es/api/v0/boja/disposition.2023.209.7,disposition.2023.209.7::body::1
boja-impact-review-disposition-2023-209-7-fiscalidad-f02,86,51,boja-impact-review-batch-008,accion=convoca_ayuda:30; tema=fiscalidad:13; fecha=31/10/2023:8; total=51,fiscalidad,Fiscalidad,disposition.2023.209.7,disposition-2023-209-7-fiscalidad-f02,31/10/2023,"Consejería de Universidad, Investigación e Innovación",Órdenes,convoca_ayuda,needs_human_review,unreviewed,actor_not_attributed,unknown,impact_review_queue_only_no_public_claim,tier_1_primary,El régimen de control de las subvenciones se realizará mediante fiscalización previa por parte de la Intervención Delegada competente o por la Intervención General de la Junta de Andalucía en los supuestos contemplados en el texto...,"Enlazar convocatoria con presupuesto, beneficiarios, resoluciones y ejecucion.","legal_change: Que norma, plan, ayuda o regla cambia este fragmento? | citizen_direction: La direccion ciudadana es mejora, recorte, redistribucion, restriccion o sin efecto claro? | responsible_actor: Que organo, persona o partido puede atribuirse con fuente primaria? | impact_evidence_gap: Que presupuesto, ejecucion u outcome falta para validar impacto real?",https://juntadeandalucia.es/eboja/2023/209/BOJA23-209-00046-16550-01_00291544.pdf,https://datos.juntadeandalucia.es/api/v0/boja/disposition.2023.209.7,disposition.2023.209.7::body::2
boja-impact-review-disposition-2025-251-3-transparencia-corrupcion-f01,87,50,boja-impact-review-batch-008,accion=aprueba_plan_estrategia:22; tema=transparencia_corrupcion:12; fecha=31/12/2025:16; total=50,transparencia_corrupcion,Transparencia y corrupcion,disposition.2025.251.3,disposition-2025-251-3-transparencia-corrupcion-f01,31/12/2025,"Consejería de Sanidad, Presidencia y Emergencias",Acuerdos del Consejo de Gobierno,aprueba_plan_estrategia,needs_human_review,unreviewed,actor_not_attributed,unknown,impact_review_queue_only_no_public_claim,tier_1_primary,"Acuerdo de 23 de diciembre de 2025, del Consejo de Gobierno, por el que se aprueba la Estrategia de Salud Digital de Andalucía 2030 (ESDA).",Distinguir declaracion estrategica de medidas ejecutadas y presupuesto.,"legal_change: Que norma, plan, ayuda o regla cambia este fragmento? | citizen_direction: La direccion ciudadana es mejora, recorte, redistribucion, restriccion o sin efecto claro? | responsible_actor: Que organo, persona o partido puede atribuirse con fuente primaria? | impact_evidence_gap: Que presupuesto, ejecucion u outcome falta para validar impacto real?",https://juntadeandalucia.es/eboja/2025/251/BOJA25-251-00004-17485-01_00331082.pdf,https://datos.juntadeandalucia.es/api/v0/boja/disposition.2025.251.3,disposition.2025.251.3::summaryNoHtml::1
boja-impact-review-disposition-2023-209-4-energia-clima-f01,88,50,boja-impact-review-batch-008,accion=convoca_ayuda:30; tema=energia_clima:12; fecha=31/10/2023:8; total=50,energia_clima,Energia y clima,disposition.2023.209.4,disposition-2023-209-4-energia-clima-f01,31/10/2023,Consejería de Salud y Consumo,Extractos,convoca_ayuda,needs_human_review,unreviewed,actor_not_attributed,unknown,impact_review_queue_only_no_public_claim,tier_1_primary,"Extracto de la Resolución de 24 de octubre de 2023, de la Dirección General de Consumo, por la que se convoca la fase autonómica del concurso escolar 2023-2024 Consumópolis 19:","Enlazar convocatoria con presupuesto, beneficiarios, resoluciones y ejecucion.","legal_change: Que norma, plan, ayuda o regla cambia este fragmento? | citizen_direction: La direccion ciudadana es mejora, recorte, redistribucion, restriccion o sin efecto claro? | responsible_actor: Que organo, persona o partido puede atribuirse con fuente primaria? | impact_evidence_gap: Que presupuesto, ejecucion u outcome falta para validar impacto real?",https://juntadeandalucia.es/eboja/2023/209/BOJA23-209-00002-16567-01_00291562.pdf,https://datos.juntadeandalucia.es/api/v0/boja/disposition.2023.209.4,disposition.2023.209.4::summaryNoHtml::1
boja-impact-review-disposition-2024-252-1-cultura-patrimonio-f01,89,49,boja-impact-review-batch-008,accion=estructura_organica:24; tema=cultura_patrimonio:13; fecha=31/12/2024:12; total=49,cultura_patrimonio,Cultura y patrimonio,disposition.2024.252.1,disposition-2024-252-1-cultura-patrimonio-f01,31/12/2024,"Consejería de la Presidencia, Interior, Diálogo Social y Simplificación Administrativa",Decretos,estructura_organica,needs_human_review,unreviewed,actor_not_attributed,unknown,impact_review_queue_only_no_public_claim,tier_1_primary,"1.º Las personas titulares de las Viceconsejerías de las Consejerías en que se organiza la Administración de la Junta de Andalucía, con competencias en materia de Hacienda Pública, Administración Local, industria, minas, salud, agricultura, medio ambiente...","Mapear competencias transferidas, unidad responsable y fechas efectivas.","legal_change: Que norma, plan, ayuda o regla cambia este fragmento? | citizen_direction: La direccion ciudadana es mejora, recorte, redistribucion, restriccion o sin efecto claro? | responsible_actor: Que organo, persona o partido puede atribuirse con fuente primaria? | impact_evidence_gap: Que presupuesto, ejecucion u outcome falta para validar impacto real?",https://juntadeandalucia.es/eboja/2024/252/BOJA24-252-00029-55980-01_00312926.pdf,https://datos.juntadeandalucia.es/api/v0/boja/disposition.2024.252.1,disposition.2024.252.1::body::1
boja-impact-review-disposition-2024-252-1-transparencia-corrupcion-f02,90,48,boja-impact-review-batch-008,accion=estructura_organica:24; tema=transparencia_corrupcion:12; fecha=31/12/2024:12; total=48,transparencia_corrupcion,Transparencia y corrupcion,disposition.2024.252.1,disposition-2024-252-1-transparencia-corrupcion-f02,31/12/2024,"Consejería de la Presidencia, Interior, Diálogo Social y Simplificación Administrativa",Decretos,estructura_organica,needs_human_review,unreviewed,actor_not_attributed,unknown,impact_review_queue_only_no_public_claim,tier_1_primary,p) La coordinación general en materia de transparencia y la coordinación de las tareas necesarias para el cumplimiento de la normativa vigente en materia de protección de datos de aquellos tratamientos de datos personales que realice...,"Mapear competencias transferidas, unidad responsable y fechas efectivas.","legal_change: Que norma, plan, ayuda o regla cambia este fragmento? | citizen_direction: La direccion ciudadana es mejora, recorte, redistribucion, restriccion o sin efecto claro? | responsible_actor: Que organo, persona o partido puede atribuirse con fuente primaria? | impact_evidence_gap: Que presupuesto, ejecucion u outcome falta para validar impacto real?",https://juntadeandalucia.es/eboja/2024/252/BOJA24-252-00029-55980-01_00312926.pdf,https://datos.juntadeandalucia.es/api/v0/boja/disposition.2024.252.1,disposition.2024.252.1::body::2
boja-impact-review-disposition-2025-251-1-vivienda-f02,91,46,boja-impact-review-batch-008,accion=official_normative_reference:12; tema=vivienda:18; fecha=31/12/2025:16; total=46,vivienda,Vivienda,disposition.2025.251.1,disposition-2025-251-1-vivienda-f02,31/12/2025,Presidencia,Leyes,official_normative_reference,needs_human_review,unreviewed,actor_not_attributed,unknown,impact_review_queue_only_no_public_claim,tier_1_primary,i) El ejercicio de las funciones que le sean atribuidas en materia de fomento del alquiler de vivienda.,Revisar manualmente si hay cambio legal sustantivo o solo referencia documental.,"legal_change: Que norma, plan, ayuda o regla cambia este fragmento? | citizen_direction: La direccion ciudadana es mejora, recorte, redistribucion, restriccion o sin efecto claro? | responsible_actor: Que organo, persona o partido puede atribuirse con fuente primaria? | impact_evidence_gap: Que presupuesto, ejecucion u outcome falta para validar impacto real?",https://juntadeandalucia.es/eboja/2025/251/BOJA25-251-00107-17440-01_00331037.pdf,https://datos.juntadeandalucia.es/api/v0/boja/disposition.2025.251.1,disposition.2025.251.1::body::2
boja-impact-review-disposition-2025-251-2-vivienda-f02,92,46,boja-impact-review-batch-008,accion=official_normative_reference:12; tema=vivienda:18; fecha=31/12/2025:16; total=46,vivienda,Vivienda,disposition.2025.251.2,disposition-2025-251-2-vivienda-f02,31/12/2025,Presidencia,Leyes,official_normative_reference,needs_human_review,unreviewed,actor_not_attributed,unknown,impact_review_queue_only_no_public_claim,tier_1_primary,"No obstante, cuando a la fecha del devengo del impuesto el contribuyente tenga la consideración de persona con discapacidad, siempre que concurran los requisitos de los párrafos a) y b) del apartado anterior, la deducción prevista...",Revisar manualmente si hay cambio legal sustantivo o solo referencia documental.,"legal_change: Que norma, plan, ayuda o regla cambia este fragmento? | citizen_direction: La direccion ciudadana es mejora, recorte, redistribucion, restriccion o sin efecto claro? | responsible_actor: Que organo, persona o partido puede atribuirse con fuente primaria? | impact_evidence_gap: Que presupuesto, ejecucion u outcome falta para validar impacto real?",https://juntadeandalucia.es/eboja/2025/251/BOJA25-251-00087-17435-01_00331032.pdf,https://datos.juntadeandalucia.es/api/v0/boja/disposition.2025.251.2,disposition.2025.251.2::body::2
boja-impact-review-disposition-2022-209-6-energia-clima-f01,93,46,boja-impact-review-batch-008,accion=convoca_ayuda:30; tema=energia_clima:12; fecha=31/10/2022:4; total=46,energia_clima,Energia y clima,disposition.2022.209.6,disposition-2022-209-6-energia-clima-f01,31/10/2022,Universidades,Extractos,convoca_ayuda,needs_human_review,unreviewed,actor_not_attributed,unknown,impact_review_queue_only_no_public_claim,tier_1_primary,"Extracto de la Resolución de 24 de octubre de 2022, de la Universidad de Huelva, Vicerrectorado de Innovación y Empleabilidad, por la que se aprueba una convocatoria de premios a Trabajos Fin de Grado y Trabajos...","Enlazar convocatoria con presupuesto, beneficiarios, resoluciones y ejecucion.","legal_change: Que norma, plan, ayuda o regla cambia este fragmento? | citizen_direction: La direccion ciudadana es mejora, recorte, redistribucion, restriccion o sin efecto claro? | responsible_actor: Que organo, persona o partido puede atribuirse con fuente primaria? | impact_evidence_gap: Que presupuesto, ejecucion u outcome falta para validar impacto real?",https://juntadeandalucia.es/eboja/2022/209/BOJA22-209-00002-17089-01_00270356.pdf,https://datos.juntadeandalucia.es/api/v0/boja/disposition.2022.209.6,disposition.2022.209.6::summaryNoHtml::1
boja-impact-review-disposition-2025-146-2-vivienda-f01,94,45,boja-impact-review-batch-008,accion=official_normative_reference:12; tema=vivienda:18; fecha=31/07/2025:15; total=45,vivienda,Vivienda,disposition.2025.146.2,disposition-2025-146-2-vivienda-f01,31/07/2025,"Consejería de Inclusión Social, Juventud, Familias e Igualdad",Órdenes,official_normative_reference,needs_human_review,unreviewed,actor_not_attributed,unknown,impact_review_queue_only_no_public_claim,tier_1_primary,"Puede tratarse de actuaciones para superar desigualdades en aspectos urbanísticos, de vivienda o de alojamiento, de acceso a recursos básicos, de educación, de formación, de mejora de la empleabilidad, de inclusión socio laboral, de participación social...",Revisar manualmente si hay cambio legal sustantivo o solo referencia documental.,"legal_change: Que norma, plan, ayuda o regla cambia este fragmento? | citizen_direction: La direccion ciudadana es mejora, recorte, redistribucion, restriccion o sin efecto claro? | responsible_actor: Que organo, persona o partido puede atribuirse con fuente primaria? | impact_evidence_gap: Que presupuesto, ejecucion u outcome falta para validar impacto real?",https://juntadeandalucia.es/eboja/2025/146/BOJA25-146-00014-10777-01_00324375.pdf,https://datos.juntadeandalucia.es/api/v0/boja/disposition.2025.146.2,disposition.2025.146.2::body::1
boja-impact-review-disposition-2025-251-6-campo-agua-f02,95,43,boja-impact-review-batch-008,accion=official_normative_reference:12; tema=campo_agua:15; fecha=31/12/2025:16; total=43,campo_agua,Campo y agua,disposition.2025.251.6,disposition-2025-251-6-campo-agua-f02,31/12/2025,Consejería de Sostenibilidad y Medio Ambiente,Decretos,official_normative_reference,needs_human_review,unreviewed,actor_not_attributed,unknown,impact_review_queue_only_no_public_claim,tier_1_primary,"Todo ello para garantizar la conservación del medio ambiente, en general, y la supervivencia a largo plazo de las especies y los hábitats, el mantenimiento de la biodiversidad y la geodiversidad, la calidad del aire, el...",Revisar manualmente si hay cambio legal sustantivo o solo referencia documental.,"legal_change: Que norma, plan, ayuda o regla cambia este fragmento? | citizen_direction: La direccion ciudadana es mejora, recorte, redistribucion, restriccion o sin efecto claro? | responsible_actor: Que organo, persona o partido puede atribuirse con fuente primaria? | impact_evidence_gap: Que presupuesto, ejecucion u outcome falta para validar impacto real?",https://juntadeandalucia.es/eboja/2025/251/BOJA25-251-00154-17456-01_00331053.pdf,https://datos.juntadeandalucia.es/api/v0/boja/disposition.2025.251.6,disposition.2025.251.6::body::2
boja-impact-review-disposition-2026-56-1-fiscalidad-f01,96,42,boja-impact-review-batch-008,accion=official_normative_reference:12; tema=fiscalidad:13; fecha=23/03/2026:17; total=42,fiscalidad,Fiscalidad,disposition.2026.56.1,disposition-2026-56-1-fiscalidad-f01,23/03/2026,Parlamento de Andalucía,Resoluciones,official_normative_reference,reviewed_legal_change_only,legal_change_documented_outcome_pending,official_publisher_observed,unknown,reviewed_boja_legal_change_no_merit_claim,tier_1_primary,"Resolución de 12 de marzo de 2026, de la Secretaría General del Parlamento de Andalucía, por la que se ordena la publicación del acuerdo de convalidación del Decreto-ley 1/2026, de 25 de febrero, por el que...",Revisar manualmente si hay cambio legal sustantivo o solo referencia documental.,"legal_change: Que norma, plan, ayuda o regla cambia este fragmento? | citizen_direction: La direccion ciudadana es mejora, recorte, redistribucion, restriccion o sin efecto claro? | responsible_actor: Que organo, persona o partido puede atribuirse con fuente primaria? | impact_evidence_gap: Que presupuesto, ejecucion u outcome falta para validar impacto real?",https://juntadeandalucia.es/eboja/2026/56/BOJA26-056-00001-3889-01_00335111.pdf,https://datos.juntadeandalucia.es/api/v0/boja/disposition.2026.56.1,disposition.2026.56.1::summaryNoHtml::1
boja-impact-review-disposition-2026-56-1-fiscalidad-f02,97,42,boja-impact-review-batch-009,accion=official_normative_reference:12; tema=fiscalidad:13; fecha=23/03/2026:17; total=42,fiscalidad,Fiscalidad,disposition.2026.56.1,disposition-2026-56-1-fiscalidad-f02,23/03/2026,Parlamento de Andalucía,Resoluciones,official_normative_reference,needs_human_review,unreviewed,actor_not_attributed,unknown,impact_review_queue_only_no_public_claim,tier_1_primary,"El Pleno del Parlamento de Andalucía, el día 11 de marzo de 2026, de conformidad con lo dispuesto en el artículo 110.2 del Estatuto de Autonomía para Andalucía y en el apartado primero de la Resolución...",Revisar manualmente si hay cambio legal sustantivo o solo referencia documental.,"legal_change: Que norma, plan, ayuda o regla cambia este fragmento? | citizen_direction: La direccion ciudadana es mejora, recorte, redistribucion, restriccion o sin efecto claro? | responsible_actor: Que organo, persona o partido puede atribuirse con fuente primaria? | impact_evidence_gap: Que presupuesto, ejecucion u outcome falta para validar impacto real?",https://juntadeandalucia.es/eboja/2026/56/BOJA26-056-00001-3889-01_00335111.pdf,https://datos.juntadeandalucia.es/api/v0/boja/disposition.2026.56.1,disposition.2026.56.1::bodyNoHtml::2
boja-impact-review-disposition-2025-251-1-fiscalidad-f01,98,41,boja-impact-review-batch-009,accion=official_normative_reference:12; tema=fiscalidad:13; fecha=31/12/2025:16; total=41,fiscalidad,Fiscalidad,disposition.2025.251.1,disposition-2025-251-1-fiscalidad-f01,31/12/2025,Presidencia,Leyes,official_normative_reference,needs_human_review,unreviewed,actor_not_attributed,unknown,impact_review_queue_only_no_public_claim,tier_1_primary,"e) La asunción de los gastos de conservación y mantenimiento, impuestos, tasas y demás tributos, así como el compromiso por la persona usuaria o concesionaria de utilizar el bien según su naturaleza y de entregarlo en...",Revisar manualmente si hay cambio legal sustantivo o solo referencia documental.,"legal_change: Que norma, plan, ayuda o regla cambia este fragmento? | citizen_direction: La direccion ciudadana es mejora, recorte, redistribucion, restriccion o sin efecto claro? | responsible_actor: Que organo, persona o partido puede atribuirse con fuente primaria? | impact_evidence_gap: Que presupuesto, ejecucion u outcome falta para validar impacto real?",https://juntadeandalucia.es/eboja/2025/251/BOJA25-251-00107-17440-01_00331037.pdf,https://datos.juntadeandalucia.es/api/v0/boja/disposition.2025.251.1,disposition.2025.251.1::body::1
boja-impact-review-disposition-2025-251-1-energia-clima-f02,99,40,boja-impact-review-batch-009,accion=official_normative_reference:12; tema=energia_clima:12; fecha=31/12/2025:16; total=40,energia_clima,Energia y clima,disposition.2025.251.1,disposition-2025-251-1-energia-clima-f02,31/12/2025,Presidencia,Leyes,official_normative_reference,needs_human_review,unreviewed,actor_not_attributed,unknown,impact_review_queue_only_no_public_claim,tier_1_primary,"Ley 7/2025, de 22 de diciembre, del Patrimonio de la Comunidad Autónoma de Andalucía.",Revisar manualmente si hay cambio legal sustantivo o solo referencia documental.,"legal_change: Que norma, plan, ayuda o regla cambia este fragmento? | citizen_direction: La direccion ciudadana es mejora, recorte, redistribucion, restriccion o sin efecto claro? | responsible_actor: Que organo, persona o partido puede atribuirse con fuente primaria? | impact_evidence_gap: Que presupuesto, ejecucion u outcome falta para validar impacto real?",https://juntadeandalucia.es/eboja/2025/251/BOJA25-251-00107-17440-01_00331037.pdf,https://datos.juntadeandalucia.es/api/v0/boja/disposition.2025.251.1,disposition.2025.251.1::summaryNoHtml::2
boja-impact-review-disposition-2025-251-2-energia-clima-f02,100,40,boja-impact-review-batch-009,accion=official_normative_reference:12; tema=energia_clima:12; fecha=31/12/2025:16; total=40,energia_clima,Energia y clima,disposition.2025.251.2,disposition-2025-251-2-energia-clima-f02,31/12/2025,Presidencia,Leyes,official_normative_reference,needs_human_review,unreviewed,actor_not_attributed,unknown,impact_review_queue_only_no_public_claim,tier_1_primary,"En materia de energía, la apuesta por las infraestructuras renovables y por la eficiencia energética es estratégica.",Revisar manualmente si hay cambio legal sustantivo o solo referencia documental.,"legal_change: Que norma, plan, ayuda o regla cambia este fragmento? | citizen_direction: La direccion ciudadana es mejora, recorte, redistribucion, restriccion o sin efecto claro? | responsible_actor: Que organo, persona o partido puede atribuirse con fuente primaria? | impact_evidence_gap: Que presupuesto, ejecucion u outcome falta para validar impacto real?",https://juntadeandalucia.es/eboja/2025/251/BOJA25-251-00087-17435-01_00331032.pdf,https://datos.juntadeandalucia.es/api/v0/boja/disposition.2025.251.2,disposition.2025.251.2::body::2
boja-impact-review-disposition-2025-251-4-energia-clima-f01,101,40,boja-impact-review-batch-009,accion=official_normative_reference:12; tema=energia_clima:12; fecha=31/12/2025:16; total=40,energia_clima,Energia y clima,disposition.2025.251.4,disposition-2025-251-4-energia-clima-f01,31/12/2025,"Consejería de Agricultura, Pesca, Agua y Desarrollo Rural",Resoluciones,official_normative_reference,needs_human_review,unreviewed,actor_not_attributed,unknown,impact_review_queue_only_no_public_claim,tier_1_primary,"Para inversiones de instalaciones en energía renovable (eólica y solar), será admisible la ubicación en un uso IM (improductivo) si el recinto pertenece a la explotación.",Revisar manualmente si hay cambio legal sustantivo o solo referencia documental.,"legal_change: Que norma, plan, ayuda o regla cambia este fragmento? | citizen_direction: La direccion ciudadana es mejora, recorte, redistribucion, restriccion o sin efecto claro? | responsible_actor: Que organo, persona o partido puede atribuirse con fuente primaria? | impact_evidence_gap: Que presupuesto, ejecucion u outcome falta para validar impacto real?",https://juntadeandalucia.es/eboja/2025/251/BOJA25-251-00014-17395-01_00330992.pdf,https://datos.juntadeandalucia.es/api/v0/boja/disposition.2025.251.4,disposition.2025.251.4::body::1
boja-impact-review-disposition-2025-251-4-seguridad-libertades-f02,102,40,boja-impact-review-batch-009,accion=official_normative_reference:12; tema=seguridad_libertades:12; fecha=31/12/2025:16; total=40,seguridad_libertades,Seguridad y libertades,disposition.2025.251.4,disposition-2025-251-4-seguridad-libertades-f02,31/12/2025,"Consejería de Agricultura, Pesca, Agua y Desarrollo Rural",Resoluciones,official_normative_reference,needs_human_review,unreviewed,actor_not_attributed,unknown,impact_review_queue_only_no_public_claim,tier_1_primary,La presentación de las solicitudes establecidas en el resuelvo primero por parte de la entidad interesada conllevará la autorización a la Consejería competente a recabar las certificaciones a emitir por la Agencia Estatal de Administración Tributaria...,Revisar manualmente si hay cambio legal sustantivo o solo referencia documental.,"legal_change: Que norma, plan, ayuda o regla cambia este fragmento? | citizen_direction: La direccion ciudadana es mejora, recorte, redistribucion, restriccion o sin efecto claro? | responsible_actor: Que organo, persona o partido puede atribuirse con fuente primaria? | impact_evidence_gap: Que presupuesto, ejecucion u outcome falta para validar impacto real?",https://juntadeandalucia.es/eboja/2025/251/BOJA25-251-00014-17395-01_00330992.pdf,https://datos.juntadeandalucia.es/api/v0/boja/disposition.2025.251.4,disposition.2025.251.4::body::2
boja-impact-review-disposition-2025-251-6-seguridad-libertades-f02,103,40,boja-impact-review-batch-009,accion=official_normative_reference:12; tema=seguridad_libertades:12; fecha=31/12/2025:16; total=40,seguridad_libertades,Seguridad y libertades,disposition.2025.251.6,disposition-2025-251-6-seguridad-libertades-f02,31/12/2025,Consejería de Sostenibilidad y Medio Ambiente,Decretos,official_normative_reference,needs_human_review,unreviewed,actor_not_attributed,unknown,impact_review_queue_only_no_public_claim,tier_1_primary,"De acuerdo con lo previsto en el artículo 129 de la Ley 39/2015, de 1 de octubre, del Procedimiento Administrativo Común de las Administraciones Públicas, en la elaboración de la disposición se han respetado los principios...",Revisar manualmente si hay cambio legal sustantivo o solo referencia documental.,"legal_change: Que norma, plan, ayuda o regla cambia este fragmento? | citizen_direction: La direccion ciudadana es mejora, recorte, redistribucion, restriccion o sin efecto claro? | responsible_actor: Que organo, persona o partido puede atribuirse con fuente primaria? | impact_evidence_gap: Que presupuesto, ejecucion u outcome falta para validar impacto real?",https://juntadeandalucia.es/eboja/2025/251/BOJA25-251-00154-17456-01_00331053.pdf,https://datos.juntadeandalucia.es/api/v0/boja/disposition.2025.251.6,disposition.2025.251.6::body::2
boja-impact-review-disposition-2025-251-7-seguridad-libertades-f02,104,40,boja-impact-review-batch-009,accion=official_normative_reference:12; tema=seguridad_libertades:12; fecha=31/12/2025:16; total=40,seguridad_libertades,Seguridad y libertades,disposition.2025.251.7,disposition-2025-251-7-seguridad-libertades-f02,31/12/2025,Universidades,Resoluciones,official_normative_reference,needs_human_review,unreviewed,actor_not_attributed,unknown,impact_review_queue_only_no_public_claim,tier_1_primary,"La contratación implicará, además, el alta en el Régimen General de la Seguridad Social.",Revisar manualmente si hay cambio legal sustantivo o solo referencia documental.,"legal_change: Que norma, plan, ayuda o regla cambia este fragmento? | citizen_direction: La direccion ciudadana es mejora, recorte, redistribucion, restriccion o sin efecto claro? | responsible_actor: Que organo, persona o partido puede atribuirse con fuente primaria? | impact_evidence_gap: Que presupuesto, ejecucion u outcome falta para validar impacto real?",https://juntadeandalucia.es/eboja/2025/251/BOJA25-251-00011-17419-01_00331016.pdf,https://datos.juntadeandalucia.es/api/v0/boja/disposition.2025.251.7,disposition.2025.251.7::body::2
boja-impact-review-disposition-2025-251-3-transparencia-corrupcion-f02,105,40,boja-impact-review-batch-009,accion=official_normative_reference:12; tema=transparencia_corrupcion:12; fecha=31/12/2025:16; total=40,transparencia_corrupcion,Transparencia y corrupcion,disposition.2025.251.3,disposition-2025-251-3-transparencia-corrupcion-f02,31/12/2025,"Consejería de Sanidad, Presidencia y Emergencias",Acuerdos del Consejo de Gobierno,official_normative_reference,needs_human_review,unreviewed,actor_not_attributed,unknown,impact_review_queue_only_no_public_claim,tier_1_primary,En la sección de transparencia del Portal de Transparencia de la Junta de Andalucía:,Revisar manualmente si hay cambio legal sustantivo o solo referencia documental.,"legal_change: Que norma, plan, ayuda o regla cambia este fragmento? | citizen_direction: La direccion ciudadana es mejora, recorte, redistribucion, restriccion o sin efecto claro? | responsible_actor: Que organo, persona o partido puede atribuirse con fuente primaria? | impact_evidence_gap: Que presupuesto, ejecucion u outcome falta para validar impacto real?",https://juntadeandalucia.es/eboja/2025/251/BOJA25-251-00004-17485-01_00331082.pdf,https://datos.juntadeandalucia.es/api/v0/boja/disposition.2025.251.3,disposition.2025.251.3::body::2
boja-impact-review-disposition-2025-251-4-transparencia-corrupcion-f02,106,40,boja-impact-review-batch-009,accion=official_normative_reference:12; tema=transparencia_corrupcion:12; fecha=31/12/2025:16; total=40,transparencia_corrupcion,Transparencia y corrupcion,disposition.2025.251.4,disposition-2025-251-4-transparencia-corrupcion-f02,31/12/2025,"Consejería de Agricultura, Pesca, Agua y Desarrollo Rural",Resoluciones,official_normative_reference,needs_human_review,unreviewed,actor_not_attributed,unknown,impact_review_queue_only_no_public_claim,tier_1_primary,"Ley 1/2014, de 24 de junio, de Transparencia Pública de Andalucía.",Revisar manualmente si hay cambio legal sustantivo o solo referencia documental.,"legal_change: Que norma, plan, ayuda o regla cambia este fragmento? | citizen_direction: La direccion ciudadana es mejora, recorte, redistribucion, restriccion o sin efecto claro? | responsible_actor: Que organo, persona o partido puede atribuirse con fuente primaria? | impact_evidence_gap: Que presupuesto, ejecucion u outcome falta para validar impacto real?",https://juntadeandalucia.es/eboja/2025/251/BOJA25-251-00014-17395-01_00330992.pdf,https://datos.juntadeandalucia.es/api/v0/boja/disposition.2025.251.4,disposition.2025.251.4::body::2
boja-impact-review-disposition-2025-251-6-transparencia-corrupcion-f02,107,40,boja-impact-review-batch-009,accion=official_normative_reference:12; tema=transparencia_corrupcion:12; fecha=31/12/2025:16; total=40,transparencia_corrupcion,Transparencia y corrupcion,disposition.2025.251.6,disposition-2025-251-6-transparencia-corrupcion-f02,31/12/2025,Consejería de Sostenibilidad y Medio Ambiente,Decretos,official_normative_reference,needs_human_review,unreviewed,actor_not_attributed,unknown,impact_review_queue_only_no_public_claim,tier_1_primary,"De acuerdo con lo previsto en el artículo 129 de la Ley 39/2015, de 1 de octubre, del Procedimiento Administrativo Común de las Administraciones Públicas, en la elaboración de la disposición se han respetado los principios...",Revisar manualmente si hay cambio legal sustantivo o solo referencia documental.,"legal_change: Que norma, plan, ayuda o regla cambia este fragmento? | citizen_direction: La direccion ciudadana es mejora, recorte, redistribucion, restriccion o sin efecto claro? | responsible_actor: Que organo, persona o partido puede atribuirse con fuente primaria? | impact_evidence_gap: Que presupuesto, ejecucion u outcome falta para validar impacto real?",https://juntadeandalucia.es/eboja/2025/251/BOJA25-251-00154-17456-01_00331053.pdf,https://datos.juntadeandalucia.es/api/v0/boja/disposition.2025.251.6,disposition.2025.251.6::body::2
boja-impact-review-disposition-2024-252-7-educacion-f02,108,40,boja-impact-review-batch-009,accion=official_normative_reference:12; tema=educacion:16; fecha=31/12/2024:12; total=40,educacion,Educacion,disposition.2024.252.7,disposition-2024-252-7-educacion-f02,31/12/2024,Consejo Audiovisual de Andalucía,Acuerdos,official_normative_reference,needs_human_review,unreviewed,actor_not_attributed,unknown,impact_review_queue_only_no_public_claim,tier_1_primary,Los Centros Específicos de Educación Especial también podrán participar en cualquiera de las categorías anteriores.,Revisar manualmente si hay cambio legal sustantivo o solo referencia documental.,"legal_change: Que norma, plan, ayuda o regla cambia este fragmento? | citizen_direction: La direccion ciudadana es mejora, recorte, redistribucion, restriccion o sin efecto claro? | responsible_actor: Que organo, persona o partido puede atribuirse con fuente primaria? | impact_evidence_gap: Que presupuesto, ejecucion u outcome falta para validar impacto real?",https://juntadeandalucia.es/eboja/2024/252/BOJA24-252-00013-56391-01_00313337.pdf,https://datos.juntadeandalucia.es/api/v0/boja/disposition.2024.252.7,disposition.2024.252.7::body::2
boja-impact-review-disposition-2024-213-4-educacion-f01,109,40,boja-impact-review-batch-010,accion=official_normative_reference:12; tema=educacion:16; fecha=31/10/2024:12; total=40,educacion,Educacion,disposition.2024.213.4,disposition-2024-213-4-educacion-f01,31/10/2024,Universidades,Extractos,official_normative_reference,needs_human_review,unreviewed,actor_not_attributed,unknown,impact_review_queue_only_no_public_claim,tier_1_primary,"Extracto de la Resolución de 28 de octubre de 2024, de la Universidad de Huelva, por la que se aprueba el V Curso de Formación en Cooperación Internacional, Educación y Sensibilización, destinado a estudiantes.",Revisar manualmente si hay cambio legal sustantivo o solo referencia documental.,"legal_change: Que norma, plan, ayuda o regla cambia este fragmento? | citizen_direction: La direccion ciudadana es mejora, recorte, redistribucion, restriccion o sin efecto claro? | responsible_actor: Que organo, persona o partido puede atribuirse con fuente primaria? | impact_evidence_gap: Que presupuesto, ejecucion u outcome falta para validar impacto real?",https://juntadeandalucia.es/eboja/2024/213/BOJA24-213-00002-53194-01_00310143.pdf,https://datos.juntadeandalucia.es/api/v0/boja/disposition.2024.213.4,disposition.2024.213.4::summaryNoHtml::1
boja-impact-review-disposition-2024-213-4-educacion-f02,110,40,boja-impact-review-batch-010,accion=official_normative_reference:12; tema=educacion:16; fecha=31/10/2024:12; total=40,educacion,Educacion,disposition.2024.213.4,disposition-2024-213-4-educacion-f02,31/10/2024,Universidades,Extractos,official_normative_reference,needs_human_review,unreviewed,actor_not_attributed,unknown,impact_review_queue_only_no_public_claim,tier_1_primary,"El presente curso nace para dar continuidad a las acciones formativas que, en materia de Cooperación Internacional y Educación para el Desarrollo, viene articulando en los últimos años el Vicerrectorado de Internacionalización y Compromiso Global de...",Revisar manualmente si hay cambio legal sustantivo o solo referencia documental.,"legal_change: Que norma, plan, ayuda o regla cambia este fragmento? | citizen_direction: La direccion ciudadana es mejora, recorte, redistribucion, restriccion o sin efecto claro? | responsible_actor: Que organo, persona o partido puede atribuirse con fuente primaria? | impact_evidence_gap: Que presupuesto, ejecucion u outcome falta para validar impacto real?",https://juntadeandalucia.es/eboja/2024/213/BOJA24-213-00002-53194-01_00310143.pdf,https://datos.juntadeandalucia.es/api/v0/boja/disposition.2024.213.4,disposition.2024.213.4::body::2
boja-impact-review-disposition-2024-252-3-campo-agua-f02,111,39,boja-impact-review-batch-010,accion=official_normative_reference:12; tema=campo_agua:15; fecha=31/12/2024:12; total=39,campo_agua,Campo y agua,disposition.2024.252.3,disposition-2024-252-3-campo-agua-f02,31/12/2024,"Consejería de Agricultura, Pesca, Agua y Desarrollo Rural",Órdenes,official_normative_reference,needs_human_review,unreviewed,actor_not_attributed,unknown,impact_review_queue_only_no_public_claim,tier_1_primary,"La persona titular de la Dirección General de Pesca, Acuicultura y Economía Azul, por delegación de la persona titular de la Consejería de Agricultura, Pesca, Agua y Desarrollo Rural, resolverá y publicará la resolución en un...",Revisar manualmente si hay cambio legal sustantivo o solo referencia documental.,"legal_change: Que norma, plan, ayuda o regla cambia este fragmento? | citizen_direction: La direccion ciudadana es mejora, recorte, redistribucion, restriccion o sin efecto claro? | responsible_actor: Que organo, persona o partido puede atribuirse con fuente primaria? | impact_evidence_gap: Que presupuesto, ejecucion u outcome falta para validar impacto real?",https://juntadeandalucia.es/eboja/2024/252/BOJA24-252-00034-56448-01_00313398.pdf,https://datos.juntadeandalucia.es/api/v0/boja/disposition.2024.252.3,disposition.2024.252.3::body::2
boja-impact-review-disposition-2024-252-1-empleo-f01,112,39,boja-impact-review-batch-010,accion=official_normative_reference:12; tema=empleo:15; fecha=31/12/2024:12; total=39,empleo,Empleo,disposition.2024.252.1,disposition-2024-252-1-empleo-f01,31/12/2024,"Consejería de la Presidencia, Interior, Diálogo Social y Simplificación Administrativa",Decretos,official_normative_reference,needs_human_review,unreviewed,actor_not_attributed,unknown,impact_review_queue_only_no_public_claim,tier_1_primary,"La selección del personal al servicio de la Agencia se realizará de conformidad con lo previsto en el artículo 74 de la Ley 9/2007, de 22 de octubre, y el artículo 105 de la Ley 5/2023...",Revisar manualmente si hay cambio legal sustantivo o solo referencia documental.,"legal_change: Que norma, plan, ayuda o regla cambia este fragmento? | citizen_direction: La direccion ciudadana es mejora, recorte, redistribucion, restriccion o sin efecto claro? | responsible_actor: Que organo, persona o partido puede atribuirse con fuente primaria? | impact_evidence_gap: Que presupuesto, ejecucion u outcome falta para validar impacto real?",https://juntadeandalucia.es/eboja/2024/252/BOJA24-252-00029-55980-01_00312926.pdf,https://datos.juntadeandalucia.es/api/v0/boja/disposition.2024.252.1,disposition.2024.252.1::body::1
boja-impact-review-disposition-2024-252-1-empleo-f02,113,39,boja-impact-review-batch-010,accion=official_normative_reference:12; tema=empleo:15; fecha=31/12/2024:12; total=39,empleo,Empleo,disposition.2024.252.1,disposition-2024-252-1-empleo-f02,31/12/2024,"Consejería de la Presidencia, Interior, Diálogo Social y Simplificación Administrativa",Decretos,official_normative_reference,needs_human_review,unreviewed,actor_not_attributed,unknown,impact_review_queue_only_no_public_claim,tier_1_primary,"e) Formular y elevar al Consejo Rector el Plan de igualdad en el empleo dispuesto en el artículo 32 de la Ley 12/2007, de 26 de noviembre.",Revisar manualmente si hay cambio legal sustantivo o solo referencia documental.,"legal_change: Que norma, plan, ayuda o regla cambia este fragmento? | citizen_direction: La direccion ciudadana es mejora, recorte, redistribucion, restriccion o sin efecto claro? | responsible_actor: Que organo, persona o partido puede atribuirse con fuente primaria? | impact_evidence_gap: Que presupuesto, ejecucion u outcome falta para validar impacto real?",https://juntadeandalucia.es/eboja/2024/252/BOJA24-252-00029-55980-01_00312926.pdf,https://datos.juntadeandalucia.es/api/v0/boja/disposition.2024.252.1,disposition.2024.252.1::body::2
boja-impact-review-disposition-2024-252-1-cultura-patrimonio-f02,114,37,boja-impact-review-batch-010,accion=official_normative_reference:12; tema=cultura_patrimonio:13; fecha=31/12/2024:12; total=37,cultura_patrimonio,Cultura y patrimonio,disposition.2024.252.1,disposition-2024-252-1-cultura-patrimonio-f02,31/12/2024,"Consejería de la Presidencia, Interior, Diálogo Social y Simplificación Administrativa",Decretos,official_normative_reference,needs_human_review,unreviewed,actor_not_attributed,unknown,impact_review_queue_only_no_public_claim,tier_1_primary,"La Agencia tiene personalidad jurídica diferenciada, patrimonio y tesorería propios, y autonomía de gestión y funcional, de acuerdo con lo dispuesto en el artículo 51 de la Ley 9/2007, de 22 de octubre.",Revisar manualmente si hay cambio legal sustantivo o solo referencia documental.,"legal_change: Que norma, plan, ayuda o regla cambia este fragmento? | citizen_direction: La direccion ciudadana es mejora, recorte, redistribucion, restriccion o sin efecto claro? | responsible_actor: Que organo, persona o partido puede atribuirse con fuente primaria? | impact_evidence_gap: Que presupuesto, ejecucion u outcome falta para validar impacto real?",https://juntadeandalucia.es/eboja/2024/252/BOJA24-252-00029-55980-01_00312926.pdf,https://datos.juntadeandalucia.es/api/v0/boja/disposition.2024.252.1,disposition.2024.252.1::body::2
boja-impact-review-disposition-2024-252-7-fiscalidad-f02,115,37,boja-impact-review-batch-010,accion=official_normative_reference:12; tema=fiscalidad:13; fecha=31/12/2024:12; total=37,fiscalidad,Fiscalidad,disposition.2024.252.7,disposition-2024-252-7-fiscalidad-f02,31/12/2024,Consejo Audiovisual de Andalucía,Acuerdos,official_normative_reference,needs_human_review,unreviewed,actor_not_attributed,unknown,impact_review_queue_only_no_public_claim,tier_1_primary,"La dotación económica de los premios, incluidos los impuestos (6.000 euros), será financiada y abonada por la Fundación Cajasol.",Revisar manualmente si hay cambio legal sustantivo o solo referencia documental.,"legal_change: Que norma, plan, ayuda o regla cambia este fragmento? | citizen_direction: La direccion ciudadana es mejora, recorte, redistribucion, restriccion o sin efecto claro? | responsible_actor: Que organo, persona o partido puede atribuirse con fuente primaria? | impact_evidence_gap: Que presupuesto, ejecucion u outcome falta para validar impacto real?",https://juntadeandalucia.es/eboja/2024/252/BOJA24-252-00013-56391-01_00313337.pdf,https://datos.juntadeandalucia.es/api/v0/boja/disposition.2024.252.7,disposition.2024.252.7::body::2
boja-impact-review-disposition-2023-209-6-cultura-patrimonio-f02,116,33,boja-impact-review-batch-010,accion=official_normative_reference:12; tema=cultura_patrimonio:13; fecha=31/10/2023:8; total=33,cultura_patrimonio,Cultura y patrimonio,disposition.2023.209.6,disposition-2023-209-6-cultura-patrimonio-f02,31/10/2023,"Consejería de Agricultura, Pesca, Agua y Desarrollo Rural",Correcciones de Errores,official_normative_reference,needs_human_review,unreviewed,actor_not_attributed,unknown,impact_review_queue_only_no_public_claim,tier_1_primary,"En el caso de persona jurídica, comunidades de bienes o cualquier otro tipo de unidad económica o patrimonio separado, copia Documento Nacional de Identidad o del Número de Identificación de Extranjero (DNI/NIE) del representante y documento...",Revisar manualmente si hay cambio legal sustantivo o solo referencia documental.,"legal_change: Que norma, plan, ayuda o regla cambia este fragmento? | citizen_direction: La direccion ciudadana es mejora, recorte, redistribucion, restriccion o sin efecto claro? | responsible_actor: Que organo, persona o partido puede atribuirse con fuente primaria? | impact_evidence_gap: Que presupuesto, ejecucion u outcome falta para validar impacto real?",https://juntadeandalucia.es/eboja/2023/209/BOJA23-209-00002-16655-01_00291650.pdf,https://datos.juntadeandalucia.es/api/v0/boja/disposition.2023.209.6,disposition.2023.209.6::body::2
boja-impact-review-disposition-2023-209-4-energia-clima-f02,117,32,boja-impact-review-batch-010,accion=official_normative_reference:12; tema=energia_clima:12; fecha=31/10/2023:8; total=32,energia_clima,Energia y clima,disposition.2023.209.4,disposition-2023-209-4-energia-clima-f02,31/10/2023,Consejería de Salud y Consumo,Extractos,official_normative_reference,needs_human_review,unreviewed,actor_not_attributed,unknown,impact_review_queue_only_no_public_claim,tier_1_primary,"«Súmate a la energía responsable», en la cuantía máxima de 5.580 euros, con cargo a la partida presupuestaria 1300010000 G/44H/48603/0001.",Revisar manualmente si hay cambio legal sustantivo o solo referencia documental.,"legal_change: Que norma, plan, ayuda o regla cambia este fragmento? | citizen_direction: La direccion ciudadana es mejora, recorte, redistribucion, restriccion o sin efecto claro? | responsible_actor: Que organo, persona o partido puede atribuirse con fuente primaria? | impact_evidence_gap: Que presupuesto, ejecucion u outcome falta para validar impacto real?",https://juntadeandalucia.es/eboja/2023/209/BOJA23-209-00002-16567-01_00291562.pdf,https://datos.juntadeandalucia.es/api/v0/boja/disposition.2023.209.4,disposition.2023.209.4::body::2
boja-impact-review-disposition-2022-209-2-energia-clima-f02,118,28,boja-impact-review-batch-010,accion=official_normative_reference:12; tema=energia_clima:12; fecha=31/10/2022:4; total=28,energia_clima,Energia y clima,disposition.2022.209.2,disposition-2022-209-2-energia-clima-f02,31/10/2022,"Consejería de Agricultura, Pesca, Agua y Desarrollo Rural",Órdenes,official_normative_reference,needs_human_review,unreviewed,actor_not_attributed,unknown,impact_review_queue_only_no_public_claim,tier_1_primary,"Las operaciones referidas se programan prioritariamente bajo los focus área 3A y 5B señalados, si bien contribuyen asimismo de forma indirecta con el focus área 5C orientado a Facilitar el suministro y el uso de fuentes...",Revisar manualmente si hay cambio legal sustantivo o solo referencia documental.,"legal_change: Que norma, plan, ayuda o regla cambia este fragmento? | citizen_direction: La direccion ciudadana es mejora, recorte, redistribucion, restriccion o sin efecto claro? | responsible_actor: Que organo, persona o partido puede atribuirse con fuente primaria? | impact_evidence_gap: Que presupuesto, ejecucion u outcome falta para validar impacto real?",https://juntadeandalucia.es/eboja/2022/209/BOJA22-209-00008-17091-01_00270363.pdf,https://datos.juntadeandalucia.es/api/v0/boja/disposition.2022.209.2,disposition.2022.209.2::body::2
boja-impact-review-disposition-2022-209-6-energia-clima-f02,119,28,boja-impact-review-batch-010,accion=official_normative_reference:12; tema=energia_clima:12; fecha=31/10/2022:4; total=28,energia_clima,Energia y clima,disposition.2022.209.6,disposition-2022-209-6-energia-clima-f02,31/10/2022,Universidades,Extractos,official_normative_reference,needs_human_review,unreviewed,actor_not_attributed,unknown,impact_review_queue_only_no_public_claim,tier_1_primary,"Diseño, dimensionado y desarrollado de aplicaciones basadas en otras fuentes de energía renovable.",Revisar manualmente si hay cambio legal sustantivo o solo referencia documental.,"legal_change: Que norma, plan, ayuda o regla cambia este fragmento? | citizen_direction: La direccion ciudadana es mejora, recorte, redistribucion, restriccion o sin efecto claro? | responsible_actor: Que organo, persona o partido puede atribuirse con fuente primaria? | impact_evidence_gap: Que presupuesto, ejecucion u outcome falta para validar impacto real?",https://juntadeandalucia.es/eboja/2022/209/BOJA22-209-00002-17089-01_00270356.pdf,https://datos.juntadeandalucia.es/api/v0/boja/disposition.2022.209.6,disposition.2022.209.6::body::2
