review_item_id,priority_rank,priority_score,review_batch_id,priority_reason,vote_event_id,date,session_number,vote_number,numexp,initiative_id,initiative_match_status,initiative_type_code,initiative_type_label,topic_id,topic_label,topic_source,majority_side,total_si,total_no,total_abstenciones,total_blancos,member_votes_total,party_positions_summary,review_status,legal_effect_status,legal_effect_kind,legal_effect_label,legal_effect_confidence,legal_effect_basis,impact_status,responsibility_status,claim_status,evidence_tier,title,review_hint,review_questions,source_url,initiative_source_url,source_locator
parliament-vote-impact-review-parlamento-andalucia-votacion-https-www-parlamentodeandalucia-es-webdinamica-portal-web-parlamento-pdf-do-tipodoc-diario-id-198534-7,1,108,parliament-vote-review-batch-001,,parlamento-andalucia-votacion-https-www-parlamentodeandalucia-es-webdinamica-portal-web-parlamento-pdf-do-tipodoc-diario-id-198534-7,02/12/2025,74,7,12-25/PL-000005,parlamento-andalucia-12-25-pl-000005,matched_official_initiative,PL,Proyecto de Ley,vivienda,Vivienda,official_initiative,si,58,48,0,0,109,"PP:si:si=58,no=0,abs=0; PSOE-A:no:si=0,no=29,abs=0; VOX:no:si=0,no=12,abs=0; PorA:no:si=0,no=5,abs=0; ADELANTE ANDALUCIA:no:si=0,no=2,abs=0",needs_human_review,rule_triaged_needs_review,legislative_bill_vote_passed,voto legislativo aprobado,medium,,unreviewed,actor_not_attributed,parliament_vote_review_queue_only_no_public_claim,,"12-25/PL-000005, DEBATE DE FINAL DEL PROYECTO DE LEY DE VIVIENDA DE ANDALUCÍA",,,https://www.parlamentodeandalucia.es/webdinamica/portal-web-parlamento/pdf.do?tipodoc=diario&id=198534,https://www.parlamentodeandalucia.es/webdinamica/portal-web-parlamento/actividadparlamentaria/todaslasiniciativas/portipo.do?numexp=12-25%2FPL-000005&accion=Ver+iniciativas&desdeanyo=&desdemes=&estado=&hastaanyo=&hastames=&legislatura=12&seleccion=publicadosen&sinpaginacion=1&situacion=&tipoespecifico=&tipogeneral=1,parlamento-andalucia-votacion-https-www-parlamentodeandalucia-es-webdinamica-portal-web-parlamento-pdf-do-tipodoc-diario-id-198534::vote:7
parliament-vote-impact-review-parlamento-andalucia-votacion-https-www-parlamentodeandalucia-es-webdinamica-portal-web-parlamento-pdf-do-tipodoc-diario-id-197175-1,2,108,parliament-vote-review-batch-001,,parlamento-andalucia-votacion-https-www-parlamentodeandalucia-es-webdinamica-portal-web-parlamento-pdf-do-tipodoc-diario-id-197175-1,08/10/2025,70,1,12-25/PL-000005,parlamento-andalucia-12-25-pl-000005,matched_official_initiative,PL,Proyecto de Ley,vivienda,Vivienda,official_initiative,no,51,57,0,0,109,"PP:no:si=0,no=57,abs=0; PSOE-A:si:si=30,no=0,abs=0; VOX:si:si=14,no=0,abs=0; PorA:si:si=5,no=0,abs=0; ADELANTE ANDALUCIA:si:si=2,no=0,abs=0",needs_human_review,rule_triaged_needs_review,legislative_bill_vote_rejected,voto legislativo rechazado,medium,,unreviewed,actor_not_attributed,parliament_vote_review_queue_only_no_public_claim,,"12-25/PL-000005, DEBATE DE TOTALIDAD DEL PROYECTO DE LEY DE VIVIENDA DE ANDALUCÍA",,,https://www.parlamentodeandalucia.es/webdinamica/portal-web-parlamento/pdf.do?tipodoc=diario&id=197175,https://www.parlamentodeandalucia.es/webdinamica/portal-web-parlamento/actividadparlamentaria/todaslasiniciativas/portipo.do?numexp=12-25%2FPL-000005&accion=Ver+iniciativas&desdeanyo=&desdemes=&estado=&hastaanyo=&hastames=&legislatura=12&seleccion=publicadosen&sinpaginacion=1&situacion=&tipoespecifico=&tipogeneral=1,parlamento-andalucia-votacion-https-www-parlamentodeandalucia-es-webdinamica-portal-web-parlamento-pdf-do-tipodoc-diario-id-197175::vote:1
parliament-vote-impact-review-parlamento-andalucia-votacion-https-www-parlamentodeandalucia-es-webdinamica-portal-web-parlamento-pdf-do-tipodoc-diario-id-201495-5,3,104,parliament-vote-review-batch-001,,parlamento-andalucia-votacion-https-www-parlamentodeandalucia-es-webdinamica-portal-web-parlamento-pdf-do-tipodoc-diario-id-201495-5,11/03/2026,79,5,12-25/PL-000011,parlamento-andalucia-12-25-pl-000011,matched_official_initiative,PL,Proyecto de Ley,cultura_patrimonio,Cultura y patrimonio,reviewed_issue_label_seed,si,58,50,0,0,109,"PP:si:si=58,no=0,abs=0; PSOE-A:no:si=0,no=29,abs=0; VOX:no:si=0,no=14,abs=0; PorA:no:si=0,no=5,abs=0; ADELANTE ANDALUCIA:no:si=0,no=2,abs=0",reviewed_vote_result_only,observed_approval_vote,law_final_approval_vote_passed,aprobacion final de ley,high,,outcome_not_reviewed,party_positions_observed,reviewed_legislative_vote_signal_no_merit_claim,,"12-25/PL-000011, DEBATE FINAL DEL PROYECTO DE LEY DE PATRIMONIO CULTURAL DE ANDALUCÍA",,,https://www.parlamentodeandalucia.es/webdinamica/portal-web-parlamento/pdf.do?tipodoc=diario&id=201495,https://www.parlamentodeandalucia.es/webdinamica/portal-web-parlamento/actividadparlamentaria/todaslasiniciativas/portipo.do?numexp=12-25%2FPL-000011&accion=Ver+iniciativas&desdeanyo=&desdemes=&estado=&hastaanyo=&hastames=&legislatura=12&seleccion=publicadosen&sinpaginacion=1&situacion=&tipoespecifico=&tipogeneral=1,parlamento-andalucia-votacion-https-www-parlamentodeandalucia-es-webdinamica-portal-web-parlamento-pdf-do-tipodoc-diario-id-201495::vote:5
parliament-vote-impact-review-parlamento-andalucia-votacion-https-www-parlamentodeandalucia-es-webdinamica-portal-web-parlamento-pdf-do-tipodoc-diario-id-201694-12,4,99,parliament-vote-review-batch-001,,parlamento-andalucia-votacion-https-www-parlamentodeandalucia-es-webdinamica-portal-web-parlamento-pdf-do-tipodoc-diario-id-201694-12,25/02/2026,78,12,12-25/PL-000010,parlamento-andalucia-12-25-pl-000010,matched_official_initiative,PL,Proyecto de Ley,campo_agua,Campo y agua,reviewed_issue_label_seed,si,56,50,0,0,109,"PP:si:si=56,no=0,abs=0; PSOE-A:no:si=0,no=30,abs=0; VOX:no:si=0,no=13,abs=0; PorA:no:si=0,no=5,abs=0; ADELANTE ANDALUCIA:no:si=0,no=2,abs=0",reviewed_vote_result_only,observed_approval_vote,law_final_approval_vote_passed,aprobacion final de ley,high,,outcome_not_reviewed,party_positions_observed,reviewed_legislative_vote_signal_no_merit_claim,,"12-25/PL-000010, DEBATE FINAL DEL PROYECTO DE LEY DE MONTES DE ANDALUCÍA",,,https://www.parlamentodeandalucia.es/webdinamica/portal-web-parlamento/pdf.do?tipodoc=diario&id=201694,https://www.parlamentodeandalucia.es/webdinamica/portal-web-parlamento/actividadparlamentaria/todaslasiniciativas/portipo.do?numexp=12-25%2FPL-000010&accion=Ver+iniciativas&desdeanyo=&desdemes=&estado=&hastaanyo=&hastames=&legislatura=12&seleccion=publicadosen&sinpaginacion=1&situacion=&tipoespecifico=&tipogeneral=1,parlamento-andalucia-votacion-https-www-parlamentodeandalucia-es-webdinamica-portal-web-parlamento-pdf-do-tipodoc-diario-id-201694::vote:12
parliament-vote-impact-review-parlamento-andalucia-votacion-https-www-parlamentodeandalucia-es-webdinamica-portal-web-parlamento-pdf-do-tipodoc-diario-id-201694-13,5,99,parliament-vote-review-batch-001,,parlamento-andalucia-votacion-https-www-parlamentodeandalucia-es-webdinamica-portal-web-parlamento-pdf-do-tipodoc-diario-id-201694-13,25/02/2026,78,13,12-25/PL-000010,parlamento-andalucia-12-25-pl-000010,matched_official_initiative,PL,Proyecto de Ley,campo_agua,Campo y agua,reviewed_issue_label_seed,si,56,50,0,0,109,"PP:si:si=56,no=0,abs=0; PSOE-A:no:si=0,no=30,abs=0; VOX:no:si=0,no=13,abs=0; PorA:no:si=0,no=5,abs=0; ADELANTE ANDALUCIA:no:si=0,no=2,abs=0",reviewed_vote_result_only,observed_approval_vote,law_final_approval_vote_passed,aprobacion final de ley,high,,outcome_not_reviewed,party_positions_observed,reviewed_legislative_vote_signal_no_merit_claim,,"12-25/PL-000010, DEBATE FINAL DEL PROYECTO DE LEY DE MONTES DE ANDALUCÍA",,,https://www.parlamentodeandalucia.es/webdinamica/portal-web-parlamento/pdf.do?tipodoc=diario&id=201694,https://www.parlamentodeandalucia.es/webdinamica/portal-web-parlamento/actividadparlamentaria/todaslasiniciativas/portipo.do?numexp=12-25%2FPL-000010&accion=Ver+iniciativas&desdeanyo=&desdemes=&estado=&hastaanyo=&hastames=&legislatura=12&seleccion=publicadosen&sinpaginacion=1&situacion=&tipoespecifico=&tipogeneral=1,parlamento-andalucia-votacion-https-www-parlamentodeandalucia-es-webdinamica-portal-web-parlamento-pdf-do-tipodoc-diario-id-201694::vote:13
parliament-vote-impact-review-parlamento-andalucia-votacion-https-www-parlamentodeandalucia-es-webdinamica-portal-web-parlamento-pdf-do-tipodoc-diario-id-201694-6,6,99,parliament-vote-review-batch-001,,parlamento-andalucia-votacion-https-www-parlamentodeandalucia-es-webdinamica-portal-web-parlamento-pdf-do-tipodoc-diario-id-201694-6,25/02/2026,78,6,12-25/PL-000009,parlamento-andalucia-12-25-pl-000009,matched_official_initiative,PL,Proyecto de Ley,energia_clima,Energia y clima,reviewed_issue_label_seed,si,56,50,0,0,109,"PP:si:si=56,no=0,abs=0; PSOE-A:no:si=0,no=30,abs=0; VOX:no:si=0,no=13,abs=0; PorA:no:si=0,no=5,abs=0; ADELANTE ANDALUCIA:no:si=0,no=2,abs=0",reviewed_vote_result_only,observed_approval_vote,law_final_approval_vote_passed,aprobacion final de ley,high,,outcome_not_reviewed,party_positions_observed,reviewed_legislative_vote_signal_no_merit_claim,,"12-25/PL-000009, DEBATE FINAL DEL PROYECTO DE LEY PARA LA GESTIÓN AMBIENTAL DE ANDALUCÍA",,,https://www.parlamentodeandalucia.es/webdinamica/portal-web-parlamento/pdf.do?tipodoc=diario&id=201694,https://www.parlamentodeandalucia.es/webdinamica/portal-web-parlamento/actividadparlamentaria/todaslasiniciativas/portipo.do?numexp=12-25%2FPL-000009&accion=Ver+iniciativas&desdeanyo=&desdemes=&estado=&hastaanyo=&hastames=&legislatura=12&seleccion=publicadosen&sinpaginacion=1&situacion=&tipoespecifico=&tipogeneral=1,parlamento-andalucia-votacion-https-www-parlamentodeandalucia-es-webdinamica-portal-web-parlamento-pdf-do-tipodoc-diario-id-201694::vote:6
parliament-vote-impact-review-parlamento-andalucia-votacion-https-www-parlamentodeandalucia-es-webdinamica-portal-web-parlamento-pdf-do-tipodoc-diario-id-198534-12,7,98,parliament-vote-review-batch-001,,parlamento-andalucia-votacion-https-www-parlamentodeandalucia-es-webdinamica-portal-web-parlamento-pdf-do-tipodoc-diario-id-198534-12,02/12/2025,74,12,12-25/PL-000004,parlamento-andalucia-12-25-pl-000004,matched_official_initiative,PL,Proyecto de Ley,sin_tema,Sin tema,no_topic_signal,si,58,48,0,0,109,"PP:si:si=58,no=0,abs=0; PSOE-A:no:si=0,no=29,abs=0; VOX:no:si=0,no=12,abs=0; PorA:no:si=0,no=5,abs=0; ADELANTE ANDALUCIA:no:si=0,no=2,abs=0",needs_human_review,rule_triaged_needs_review,law_final_approval_vote_passed,aprobacion final de ley,high,,unreviewed,actor_not_attributed,parliament_vote_review_queue_only_no_public_claim,,"12-25/PL-000004, DEBATE FINAL DEL PROYECTO DE LEY DE ESPACIOS PRODUCTIVOS PARA EL FOMENTO DE LA INDUSTRIA EN ANDALUCÍA",,,https://www.parlamentodeandalucia.es/webdinamica/portal-web-parlamento/pdf.do?tipodoc=diario&id=198534,https://www.parlamentodeandalucia.es/webdinamica/portal-web-parlamento/actividadparlamentaria/todaslasiniciativas/portipo.do?numexp=12-25%2FPL-000004&accion=Ver+iniciativas&desdeanyo=&desdemes=&estado=&hastaanyo=&hastames=&legislatura=12&seleccion=publicadosen&sinpaginacion=1&situacion=&tipoespecifico=&tipogeneral=1,parlamento-andalucia-votacion-https-www-parlamentodeandalucia-es-webdinamica-portal-web-parlamento-pdf-do-tipodoc-diario-id-198534::vote:12
parliament-vote-impact-review-parlamento-andalucia-votacion-https-www-parlamentodeandalucia-es-webdinamica-portal-web-parlamento-pdf-do-tipodoc-diario-id-198534-1,8,98,parliament-vote-review-batch-001,,parlamento-andalucia-votacion-https-www-parlamentodeandalucia-es-webdinamica-portal-web-parlamento-pdf-do-tipodoc-diario-id-198534-1,02/12/2025,74,1,12-25/PL-000005,parlamento-andalucia-12-25-pl-000005,matched_official_initiative,PL,Proyecto de Ley,vivienda,Vivienda,official_initiative,no,12,94,0,0,109,"PP:no:si=0,no=58,abs=0; PSOE-A:no:si=0,no=29,abs=0; VOX:si:si=12,no=0,abs=0; PorA:no:si=0,no=5,abs=0; ADELANTE ANDALUCIA:no:si=0,no=2,abs=0",needs_human_review,rule_triaged_needs_review,legislative_bill_vote_rejected,voto legislativo rechazado,medium,,unreviewed,actor_not_attributed,parliament_vote_review_queue_only_no_public_claim,,"12-25/PL-000005, DEBATE DE FINAL DEL PROYECTO DE LEY DE VIVIENDA DE ANDALUCÍA",,,https://www.parlamentodeandalucia.es/webdinamica/portal-web-parlamento/pdf.do?tipodoc=diario&id=198534,https://www.parlamentodeandalucia.es/webdinamica/portal-web-parlamento/actividadparlamentaria/todaslasiniciativas/portipo.do?numexp=12-25%2FPL-000005&accion=Ver+iniciativas&desdeanyo=&desdemes=&estado=&hastaanyo=&hastames=&legislatura=12&seleccion=publicadosen&sinpaginacion=1&situacion=&tipoespecifico=&tipogeneral=1,parlamento-andalucia-votacion-https-www-parlamentodeandalucia-es-webdinamica-portal-web-parlamento-pdf-do-tipodoc-diario-id-198534::vote:1
parliament-vote-impact-review-parlamento-andalucia-votacion-https-www-parlamentodeandalucia-es-webdinamica-portal-web-parlamento-pdf-do-tipodoc-diario-id-198534-2,9,98,parliament-vote-review-batch-001,,parlamento-andalucia-votacion-https-www-parlamentodeandalucia-es-webdinamica-portal-web-parlamento-pdf-do-tipodoc-diario-id-198534-2,02/12/2025,74,2,12-25/PL-000005,parlamento-andalucia-12-25-pl-000005,matched_official_initiative,PL,Proyecto de Ley,vivienda,Vivienda,official_initiative,si,94,12,0,0,109,"PP:si:si=58,no=0,abs=0; PSOE-A:si:si=29,no=0,abs=0; VOX:no:si=0,no=12,abs=0; PorA:si:si=5,no=0,abs=0; ADELANTE ANDALUCIA:si:si=2,no=0,abs=0",needs_human_review,rule_triaged_needs_review,legislative_bill_vote_passed,voto legislativo aprobado,medium,,unreviewed,actor_not_attributed,parliament_vote_review_queue_only_no_public_claim,,"12-25/PL-000005, DEBATE DE FINAL DEL PROYECTO DE LEY DE VIVIENDA DE ANDALUCÍA",,,https://www.parlamentodeandalucia.es/webdinamica/portal-web-parlamento/pdf.do?tipodoc=diario&id=198534,https://www.parlamentodeandalucia.es/webdinamica/portal-web-parlamento/actividadparlamentaria/todaslasiniciativas/portipo.do?numexp=12-25%2FPL-000005&accion=Ver+iniciativas&desdeanyo=&desdemes=&estado=&hastaanyo=&hastames=&legislatura=12&seleccion=publicadosen&sinpaginacion=1&situacion=&tipoespecifico=&tipogeneral=1,parlamento-andalucia-votacion-https-www-parlamentodeandalucia-es-webdinamica-portal-web-parlamento-pdf-do-tipodoc-diario-id-198534::vote:2
parliament-vote-impact-review-parlamento-andalucia-votacion-https-www-parlamentodeandalucia-es-webdinamica-portal-web-parlamento-pdf-do-tipodoc-diario-id-198534-3,10,98,parliament-vote-review-batch-001,,parlamento-andalucia-votacion-https-www-parlamentodeandalucia-es-webdinamica-portal-web-parlamento-pdf-do-tipodoc-diario-id-198534-3,02/12/2025,74,3,12-25/PL-000005,parlamento-andalucia-12-25-pl-000005,matched_official_initiative,PL,Proyecto de Ley,vivienda,Vivienda,official_initiative,si,92,12,2,0,109,"PP:si:si=58,no=0,abs=0; PSOE-A:si:si=29,no=0,abs=0; VOX:no:si=0,no=12,abs=0; PorA:si:si=5,no=0,abs=0; ADELANTE ANDALUCIA:abstenciones:si=0,no=0,abs=2",needs_human_review,rule_triaged_needs_review,legislative_bill_vote_passed,voto legislativo aprobado,medium,,unreviewed,actor_not_attributed,parliament_vote_review_queue_only_no_public_claim,,"12-25/PL-000005, DEBATE DE FINAL DEL PROYECTO DE LEY DE VIVIENDA DE ANDALUCÍA",,,https://www.parlamentodeandalucia.es/webdinamica/portal-web-parlamento/pdf.do?tipodoc=diario&id=198534,https://www.parlamentodeandalucia.es/webdinamica/portal-web-parlamento/actividadparlamentaria/todaslasiniciativas/portipo.do?numexp=12-25%2FPL-000005&accion=Ver+iniciativas&desdeanyo=&desdemes=&estado=&hastaanyo=&hastames=&legislatura=12&seleccion=publicadosen&sinpaginacion=1&situacion=&tipoespecifico=&tipogeneral=1,parlamento-andalucia-votacion-https-www-parlamentodeandalucia-es-webdinamica-portal-web-parlamento-pdf-do-tipodoc-diario-id-198534::vote:3
parliament-vote-impact-review-parlamento-andalucia-votacion-https-www-parlamentodeandalucia-es-webdinamica-portal-web-parlamento-pdf-do-tipodoc-diario-id-198534-4,11,98,parliament-vote-review-batch-001,,parlamento-andalucia-votacion-https-www-parlamentodeandalucia-es-webdinamica-portal-web-parlamento-pdf-do-tipodoc-diario-id-198534-4,02/12/2025,74,4,12-25/PL-000005,parlamento-andalucia-12-25-pl-000005,matched_official_initiative,PL,Proyecto de Ley,vivienda,Vivienda,official_initiative,no,34,70,2,0,109,"PP:no:si=0,no=58,abs=0; PSOE-A:si:si=29,no=0,abs=0; VOX:no:si=0,no=12,abs=0; PorA:si:si=5,no=0,abs=0; ADELANTE ANDALUCIA:abstenciones:si=0,no=0,abs=2",needs_human_review,rule_triaged_needs_review,legislative_bill_vote_rejected,voto legislativo rechazado,medium,,unreviewed,actor_not_attributed,parliament_vote_review_queue_only_no_public_claim,,"12-25/PL-000005, DEBATE DE FINAL DEL PROYECTO DE LEY DE VIVIENDA DE ANDALUCÍA",,,https://www.parlamentodeandalucia.es/webdinamica/portal-web-parlamento/pdf.do?tipodoc=diario&id=198534,https://www.parlamentodeandalucia.es/webdinamica/portal-web-parlamento/actividadparlamentaria/todaslasiniciativas/portipo.do?numexp=12-25%2FPL-000005&accion=Ver+iniciativas&desdeanyo=&desdemes=&estado=&hastaanyo=&hastames=&legislatura=12&seleccion=publicadosen&sinpaginacion=1&situacion=&tipoespecifico=&tipogeneral=1,parlamento-andalucia-votacion-https-www-parlamentodeandalucia-es-webdinamica-portal-web-parlamento-pdf-do-tipodoc-diario-id-198534::vote:4
parliament-vote-impact-review-parlamento-andalucia-votacion-https-www-parlamentodeandalucia-es-webdinamica-portal-web-parlamento-pdf-do-tipodoc-diario-id-198534-5,12,98,parliament-vote-review-batch-001,,parlamento-andalucia-votacion-https-www-parlamentodeandalucia-es-webdinamica-portal-web-parlamento-pdf-do-tipodoc-diario-id-198534-5,02/12/2025,74,5,12-25/PL-000005,parlamento-andalucia-12-25-pl-000005,matched_official_initiative,PL,Proyecto de Ley,vivienda,Vivienda,official_initiative,no,36,70,0,0,109,"PP:no:si=0,no=58,abs=0; PSOE-A:si:si=29,no=0,abs=0; VOX:no:si=0,no=12,abs=0; PorA:si:si=5,no=0,abs=0; ADELANTE ANDALUCIA:si:si=2,no=0,abs=0",needs_human_review,rule_triaged_needs_review,legislative_bill_vote_rejected,voto legislativo rechazado,medium,,unreviewed,actor_not_attributed,parliament_vote_review_queue_only_no_public_claim,,"12-25/PL-000005, DEBATE DE FINAL DEL PROYECTO DE LEY DE VIVIENDA DE ANDALUCÍA",,,https://www.parlamentodeandalucia.es/webdinamica/portal-web-parlamento/pdf.do?tipodoc=diario&id=198534,https://www.parlamentodeandalucia.es/webdinamica/portal-web-parlamento/actividadparlamentaria/todaslasiniciativas/portipo.do?numexp=12-25%2FPL-000005&accion=Ver+iniciativas&desdeanyo=&desdemes=&estado=&hastaanyo=&hastames=&legislatura=12&seleccion=publicadosen&sinpaginacion=1&situacion=&tipoespecifico=&tipogeneral=1,parlamento-andalucia-votacion-https-www-parlamentodeandalucia-es-webdinamica-portal-web-parlamento-pdf-do-tipodoc-diario-id-198534::vote:5
parliament-vote-impact-review-parlamento-andalucia-votacion-https-www-parlamentodeandalucia-es-webdinamica-portal-web-parlamento-pdf-do-tipodoc-diario-id-198534-6,13,98,parliament-vote-review-batch-002,,parlamento-andalucia-votacion-https-www-parlamentodeandalucia-es-webdinamica-portal-web-parlamento-pdf-do-tipodoc-diario-id-198534-6,02/12/2025,74,6,12-25/PL-000005,parlamento-andalucia-12-25-pl-000005,matched_official_initiative,PL,Proyecto de Ley,vivienda,Vivienda,official_initiative,no,37,69,0,0,109,"PP:no:si=1,no=57,abs=0; PSOE-A:si:si=29,no=0,abs=0; VOX:no:si=0,no=12,abs=0; PorA:si:si=5,no=0,abs=0; ADELANTE ANDALUCIA:si:si=2,no=0,abs=0",needs_human_review,rule_triaged_needs_review,legislative_bill_vote_rejected,voto legislativo rechazado,medium,,unreviewed,actor_not_attributed,parliament_vote_review_queue_only_no_public_claim,,"12-25/PL-000005, DEBATE DE FINAL DEL PROYECTO DE LEY DE VIVIENDA DE ANDALUCÍA",,,https://www.parlamentodeandalucia.es/webdinamica/portal-web-parlamento/pdf.do?tipodoc=diario&id=198534,https://www.parlamentodeandalucia.es/webdinamica/portal-web-parlamento/actividadparlamentaria/todaslasiniciativas/portipo.do?numexp=12-25%2FPL-000005&accion=Ver+iniciativas&desdeanyo=&desdemes=&estado=&hastaanyo=&hastames=&legislatura=12&seleccion=publicadosen&sinpaginacion=1&situacion=&tipoespecifico=&tipogeneral=1,parlamento-andalucia-votacion-https-www-parlamentodeandalucia-es-webdinamica-portal-web-parlamento-pdf-do-tipodoc-diario-id-198534::vote:6
parliament-vote-impact-review-parlamento-andalucia-votacion-https-www-parlamentodeandalucia-es-webdinamica-portal-web-parlamento-pdf-do-tipodoc-diario-id-188394-101,14,98,parliament-vote-review-batch-002,,parlamento-andalucia-votacion-https-www-parlamentodeandalucia-es-webdinamica-portal-web-parlamento-pdf-do-tipodoc-diario-id-188394-101,19/12/2024,54,101,12-24/PL-000004,parlamento-andalucia-12-24-pl-000004,matched_official_initiative,PL,Proyecto de Ley,sin_tema,Sin tema,no_topic_signal,si,57,52,0,0,109,"PP:si:si=57,no=1,abs=0; PSOE-A:no:si=0,no=30,abs=0; VOX:no:si=0,no=14,abs=0; PorA:no:si=0,no=5,abs=0; ADELANTE ANDALUCIA:no:si=0,no=2,abs=0",needs_human_review,rule_triaged_needs_review,law_final_approval_vote_passed,aprobacion final de ley,high,,unreviewed,actor_not_attributed,parliament_vote_review_queue_only_no_public_claim,,"12-24/PL-000004, DEBATE FINAL DEL PROYECTO DE LEY DEL PRESUPUESTO DE LA COMUNIDAD AUTÓNOMA DE ANDALUCÍA PARA EL AÑO 2025",,,https://www.parlamentodeandalucia.es/webdinamica/portal-web-parlamento/pdf.do?tipodoc=diario&id=188394,https://www.parlamentodeandalucia.es/webdinamica/portal-web-parlamento/actividadparlamentaria/todaslasiniciativas/portipo.do?numexp=12-24%2FPL-000004&accion=Ver+iniciativas&desdeanyo=&desdemes=&estado=&hastaanyo=&hastames=&legislatura=12&seleccion=publicadosen&sinpaginacion=1&situacion=&tipoespecifico=&tipogeneral=1,parlamento-andalucia-votacion-https-www-parlamentodeandalucia-es-webdinamica-portal-web-parlamento-pdf-do-tipodoc-diario-id-188394::vote:101
parliament-vote-impact-review-parlamento-andalucia-votacion-https-www-parlamentodeandalucia-es-webdinamica-portal-web-parlamento-pdf-do-tipodoc-diario-id-191795-1,15,97,parliament-vote-review-batch-002,,parlamento-andalucia-votacion-https-www-parlamentodeandalucia-es-webdinamica-portal-web-parlamento-pdf-do-tipodoc-diario-id-191795-1,05/03/2025,57,1,12-25/DL-000001,parlamento-andalucia-12-25-dl-000001,matched_official_initiative,DL,Decreto-ley,vivienda,Vivienda,official_initiative,si,69,36,0,0,109,"PP:si:si=57,no=0,abs=0; PSOE-A:no:si=0,no=30,abs=0; VOX:si:si=12,no=0,abs=0; PorA:no:si=0,no=5,abs=0; ADELANTE ANDALUCIA:no:si=0,no=1,abs=0",needs_human_review,rule_triaged_needs_review,decree_law_validation_vote_passed,convalidacion de decreto-ley aprobada,high,,unreviewed,actor_not_attributed,parliament_vote_review_queue_only_no_public_claim,,"12-25/DL-000001, CONVALIDACIÓN O DEROGACIÓN DEL DECRETO-LEY 1/2025, DE 24 DE FEBRERO, DE MEDIDAS URGENTES EN MATERIA DE VIVIENDA",,,https://www.parlamentodeandalucia.es/webdinamica/portal-web-parlamento/pdf.do?tipodoc=diario&id=191795,https://www.parlamentodeandalucia.es/webdinamica/portal-web-parlamento/actividadparlamentaria/todaslasiniciativas/portipo.do?numexp=12-25%2FDL-000001&accion=Ver+iniciativas&desdeanyo=&desdemes=&estado=&hastaanyo=&hastames=&legislatura=12&seleccion=publicadosen&sinpaginacion=1&situacion=&tipoespecifico=&tipogeneral=1,parlamento-andalucia-votacion-https-www-parlamentodeandalucia-es-webdinamica-portal-web-parlamento-pdf-do-tipodoc-diario-id-191795::vote:1
parliament-vote-impact-review-parlamento-andalucia-votacion-https-www-parlamentodeandalucia-es-webdinamica-portal-web-parlamento-pdf-do-tipodoc-diario-id-191795-2,16,97,parliament-vote-review-batch-002,,parlamento-andalucia-votacion-https-www-parlamentodeandalucia-es-webdinamica-portal-web-parlamento-pdf-do-tipodoc-diario-id-191795-2,05/03/2025,57,2,12-25/DL-000001,parlamento-andalucia-12-25-dl-000001,matched_official_initiative,DL,Decreto-ley,vivienda,Vivienda,official_initiative,no,36,69,0,0,109,"PP:no:si=0,no=57,abs=0; PSOE-A:si:si=30,no=0,abs=0; VOX:no:si=0,no=12,abs=0; PorA:si:si=5,no=0,abs=0; ADELANTE ANDALUCIA:si:si=1,no=0,abs=0",needs_human_review,rule_triaged_needs_review,decree_law_validation_vote_not_passed_or_derogation_supported,voto no favorable en convalidacion de decreto-ley,high,,unreviewed,actor_not_attributed,parliament_vote_review_queue_only_no_public_claim,,"12-25/DL-000001, CONVALIDACIÓN O DEROGACIÓN DEL DECRETO-LEY 1/2025, DE 24 DE FEBRERO, DE MEDIDAS URGENTES EN MATERIA DE VIVIENDA",,,https://www.parlamentodeandalucia.es/webdinamica/portal-web-parlamento/pdf.do?tipodoc=diario&id=191795,https://www.parlamentodeandalucia.es/webdinamica/portal-web-parlamento/actividadparlamentaria/todaslasiniciativas/portipo.do?numexp=12-25%2FDL-000001&accion=Ver+iniciativas&desdeanyo=&desdemes=&estado=&hastaanyo=&hastames=&legislatura=12&seleccion=publicadosen&sinpaginacion=1&situacion=&tipoespecifico=&tipogeneral=1,parlamento-andalucia-votacion-https-www-parlamentodeandalucia-es-webdinamica-portal-web-parlamento-pdf-do-tipodoc-diario-id-191795::vote:2
parliament-vote-impact-review-parlamento-andalucia-votacion-https-www-parlamentodeandalucia-es-webdinamica-portal-web-parlamento-pdf-do-tipodoc-diario-id-201495-6,17,96,parliament-vote-review-batch-002,,parlamento-andalucia-votacion-https-www-parlamentodeandalucia-es-webdinamica-portal-web-parlamento-pdf-do-tipodoc-diario-id-201495-6,11/03/2026,79,6,12-26/DL-000001,parlamento-andalucia-12-26-dl-000001,matched_official_initiative,DL,Decreto-ley,fiscalidad,Fiscalidad,reviewed_issue_label_seed,si,72,0,36,0,109,"PP:si:si=58,no=0,abs=0; PSOE-A:abstenciones:si=0,no=0,abs=29; VOX:si:si=14,no=0,abs=0; PorA:abstenciones:si=0,no=0,abs=5; ADELANTE ANDALUCIA:abstenciones:si=0,no=0,abs=2",reviewed_vote_result_only,observed_decree_law_validation_vote,decree_law_validation_vote_passed,convalidacion de decreto-ley aprobada,high,,outcome_not_reviewed,party_positions_observed,reviewed_legislative_vote_signal_no_merit_claim,,"12-26/DL-000001, CONVALIDACIÓN O DEROGACIÓN DEL DECRETO-LEY 1/2026, DE 25 DE FEBRERO, POR EL QUE SE ADOPTAN CON CARÁCTER URGENTE MEDIDAS DE APOYO FISCAL POR LOS DAÑOS...",,,https://www.parlamentodeandalucia.es/webdinamica/portal-web-parlamento/pdf.do?tipodoc=diario&id=201495,https://www.parlamentodeandalucia.es/webdinamica/portal-web-parlamento/actividadparlamentaria/todaslasiniciativas/portipo.do?numexp=12-26%2FDL-000001&accion=Ver+iniciativas&desdeanyo=&desdemes=&estado=&hastaanyo=&hastames=&legislatura=12&seleccion=publicadosen&sinpaginacion=1&situacion=&tipoespecifico=&tipogeneral=1,parlamento-andalucia-votacion-https-www-parlamentodeandalucia-es-webdinamica-portal-web-parlamento-pdf-do-tipodoc-diario-id-201495::vote:6
parliament-vote-impact-review-parlamento-andalucia-votacion-https-www-parlamentodeandalucia-es-webdinamica-portal-web-parlamento-pdf-do-tipodoc-diario-id-201495-7,18,96,parliament-vote-review-batch-002,,parlamento-andalucia-votacion-https-www-parlamentodeandalucia-es-webdinamica-portal-web-parlamento-pdf-do-tipodoc-diario-id-201495-7,11/03/2026,79,7,12-26/DL-000001,parlamento-andalucia-12-26-dl-000001,matched_official_initiative,DL,Decreto-ley,fiscalidad,Fiscalidad,reviewed_issue_label_seed,no,36,72,0,0,109,"PP:no:si=0,no=58,abs=0; PSOE-A:si:si=29,no=0,abs=0; VOX:no:si=0,no=14,abs=0; PorA:si:si=5,no=0,abs=0; ADELANTE ANDALUCIA:si:si=2,no=0,abs=0",reviewed_vote_result_only,observed_rejection_vote,decree_law_validation_vote_not_passed_or_derogation_supported,voto no favorable en convalidacion de decreto-ley,high,,outcome_not_reviewed,party_positions_observed,reviewed_legislative_vote_signal_no_merit_claim,,"12-26/DL-000001, CONVALIDACIÓN O DEROGACIÓN DEL DECRETO-LEY 1/2026, DE 25 DE FEBRERO, POR EL QUE SE ADOPTAN CON CARÁCTER URGENTE MEDIDAS DE APOYO FISCAL POR LOS DAÑOS...",,,https://www.parlamentodeandalucia.es/webdinamica/portal-web-parlamento/pdf.do?tipodoc=diario&id=201495,https://www.parlamentodeandalucia.es/webdinamica/portal-web-parlamento/actividadparlamentaria/todaslasiniciativas/portipo.do?numexp=12-26%2FDL-000001&accion=Ver+iniciativas&desdeanyo=&desdemes=&estado=&hastaanyo=&hastames=&legislatura=12&seleccion=publicadosen&sinpaginacion=1&situacion=&tipoespecifico=&tipogeneral=1,parlamento-andalucia-votacion-https-www-parlamentodeandalucia-es-webdinamica-portal-web-parlamento-pdf-do-tipodoc-diario-id-201495::vote:7
parliament-vote-impact-review-parlamento-andalucia-votacion-https-www-parlamentodeandalucia-es-webdinamica-portal-web-parlamento-pdf-do-tipodoc-diario-id-190054-1,19,95,parliament-vote-review-batch-002,,parlamento-andalucia-votacion-https-www-parlamentodeandalucia-es-webdinamica-portal-web-parlamento-pdf-do-tipodoc-diario-id-190054-1,19/02/2025,56,1,12-24/PPL-000002,parlamento-andalucia-12-24-ppl-000002,matched_official_initiative,PPL,Proposicion de Ley,sanidad,Sanidad,official_initiative,no,35,54,11,0,109,"PP:no:si=0,no=54,abs=0; PSOE-A:si:si=29,no=0,abs=0; VOX:abstenciones:si=0,no=0,abs=11; PorA:si:si=4,no=0,abs=0; ADELANTE ANDALUCIA:si:si=2,no=0,abs=0",needs_human_review,rule_triaged_needs_review,bill_consideration_vote_rejected,toma en consideracion rechazada,medium,,unreviewed,actor_not_attributed,parliament_vote_review_queue_only_no_public_claim,,"12-24/PPL-000002, PROPUESTA DE TOMA EN CONSIDERACIÓN DE LA PROPOSICIÓN DE LEY RELATIVA A RECLASIFICACIÓN DE PERSONAL ESTATUTARIO DEL SERVICIO ANDALUZ DE SALUD",,,https://www.parlamentodeandalucia.es/webdinamica/portal-web-parlamento/pdf.do?tipodoc=diario&id=190054,https://www.parlamentodeandalucia.es/webdinamica/portal-web-parlamento/actividadparlamentaria/todaslasiniciativas/portipo.do?numexp=12-24%2FPPL-000002&accion=Ver+iniciativas&desdeanyo=&desdemes=&estado=&hastaanyo=&hastames=&legislatura=12&seleccion=publicadosen&sinpaginacion=1&situacion=&tipoespecifico=&tipogeneral=1,parlamento-andalucia-votacion-https-www-parlamentodeandalucia-es-webdinamica-portal-web-parlamento-pdf-do-tipodoc-diario-id-190054::vote:1
parliament-vote-impact-review-parlamento-andalucia-votacion-https-www-parlamentodeandalucia-es-webdinamica-portal-web-parlamento-pdf-do-tipodoc-diario-id-201495-2,20,94,parliament-vote-review-batch-002,,parlamento-andalucia-votacion-https-www-parlamentodeandalucia-es-webdinamica-portal-web-parlamento-pdf-do-tipodoc-diario-id-201495-2,11/03/2026,79,2,12-25/PL-000011,parlamento-andalucia-12-25-pl-000011,matched_official_initiative,PL,Proyecto de Ley,cultura_patrimonio,Cultura y patrimonio,reviewed_issue_label_seed,no,36,72,0,0,109,"PP:no:si=0,no=58,abs=0; PSOE-A:si:si=29,no=0,abs=0; VOX:no:si=0,no=14,abs=0; PorA:si:si=5,no=0,abs=0; ADELANTE ANDALUCIA:si:si=2,no=0,abs=0",reviewed_vote_result_only,observed_rejection_vote,law_final_approval_vote_rejected,rechazo de aprobacion final de ley,high,,outcome_not_reviewed,party_positions_observed,reviewed_legislative_vote_signal_no_merit_claim,,"12-25/PL-000011, DEBATE FINAL DEL PROYECTO DE LEY DE PATRIMONIO CULTURAL DE ANDALUCÍA",,,https://www.parlamentodeandalucia.es/webdinamica/portal-web-parlamento/pdf.do?tipodoc=diario&id=201495,https://www.parlamentodeandalucia.es/webdinamica/portal-web-parlamento/actividadparlamentaria/todaslasiniciativas/portipo.do?numexp=12-25%2FPL-000011&accion=Ver+iniciativas&desdeanyo=&desdemes=&estado=&hastaanyo=&hastames=&legislatura=12&seleccion=publicadosen&sinpaginacion=1&situacion=&tipoespecifico=&tipogeneral=1,parlamento-andalucia-votacion-https-www-parlamentodeandalucia-es-webdinamica-portal-web-parlamento-pdf-do-tipodoc-diario-id-201495::vote:2
parliament-vote-impact-review-parlamento-andalucia-votacion-https-www-parlamentodeandalucia-es-webdinamica-portal-web-parlamento-pdf-do-tipodoc-diario-id-201495-3,21,94,parliament-vote-review-batch-002,,parlamento-andalucia-votacion-https-www-parlamentodeandalucia-es-webdinamica-portal-web-parlamento-pdf-do-tipodoc-diario-id-201495-3,11/03/2026,79,3,12-25/PL-000011,parlamento-andalucia-12-25-pl-000011,matched_official_initiative,PL,Proyecto de Ley,cultura_patrimonio,Cultura y patrimonio,reviewed_issue_label_seed,no,36,72,0,0,109,"PP:no:si=0,no=58,abs=0; PSOE-A:si:si=29,no=0,abs=0; VOX:no:si=0,no=14,abs=0; PorA:si:si=5,no=0,abs=0; ADELANTE ANDALUCIA:si:si=2,no=0,abs=0",reviewed_vote_result_only,observed_rejection_vote,law_final_approval_vote_rejected,rechazo de aprobacion final de ley,high,,outcome_not_reviewed,party_positions_observed,reviewed_legislative_vote_signal_no_merit_claim,,"12-25/PL-000011, DEBATE FINAL DEL PROYECTO DE LEY DE PATRIMONIO CULTURAL DE ANDALUCÍA",,,https://www.parlamentodeandalucia.es/webdinamica/portal-web-parlamento/pdf.do?tipodoc=diario&id=201495,https://www.parlamentodeandalucia.es/webdinamica/portal-web-parlamento/actividadparlamentaria/todaslasiniciativas/portipo.do?numexp=12-25%2FPL-000011&accion=Ver+iniciativas&desdeanyo=&desdemes=&estado=&hastaanyo=&hastames=&legislatura=12&seleccion=publicadosen&sinpaginacion=1&situacion=&tipoespecifico=&tipogeneral=1,parlamento-andalucia-votacion-https-www-parlamentodeandalucia-es-webdinamica-portal-web-parlamento-pdf-do-tipodoc-diario-id-201495::vote:3
parliament-vote-impact-review-parlamento-andalucia-votacion-https-www-parlamentodeandalucia-es-webdinamica-portal-web-parlamento-pdf-do-tipodoc-diario-id-201495-4,22,94,parliament-vote-review-batch-002,,parlamento-andalucia-votacion-https-www-parlamentodeandalucia-es-webdinamica-portal-web-parlamento-pdf-do-tipodoc-diario-id-201495-4,11/03/2026,79,4,12-25/PL-000011,parlamento-andalucia-12-25-pl-000011,matched_official_initiative,PL,Proyecto de Ley,cultura_patrimonio,Cultura y patrimonio,reviewed_issue_label_seed,no,14,94,0,0,109,"PP:no:si=0,no=58,abs=0; PSOE-A:no:si=0,no=29,abs=0; VOX:si:si=14,no=0,abs=0; PorA:no:si=0,no=5,abs=0; ADELANTE ANDALUCIA:no:si=0,no=2,abs=0",reviewed_vote_result_only,observed_rejection_vote,law_final_approval_vote_rejected,rechazo de aprobacion final de ley,high,,outcome_not_reviewed,party_positions_observed,reviewed_legislative_vote_signal_no_merit_claim,,"12-25/PL-000011, DEBATE FINAL DEL PROYECTO DE LEY DE PATRIMONIO CULTURAL DE ANDALUCÍA",,,https://www.parlamentodeandalucia.es/webdinamica/portal-web-parlamento/pdf.do?tipodoc=diario&id=201495,https://www.parlamentodeandalucia.es/webdinamica/portal-web-parlamento/actividadparlamentaria/todaslasiniciativas/portipo.do?numexp=12-25%2FPL-000011&accion=Ver+iniciativas&desdeanyo=&desdemes=&estado=&hastaanyo=&hastames=&legislatura=12&seleccion=publicadosen&sinpaginacion=1&situacion=&tipoespecifico=&tipogeneral=1,parlamento-andalucia-votacion-https-www-parlamentodeandalucia-es-webdinamica-portal-web-parlamento-pdf-do-tipodoc-diario-id-201495::vote:4
parliament-vote-impact-review-parlamento-andalucia-votacion-https-www-parlamentodeandalucia-es-webdinamica-portal-web-parlamento-pdf-do-tipodoc-diario-id-188394-106,23,94,parliament-vote-review-batch-002,,parlamento-andalucia-votacion-https-www-parlamentodeandalucia-es-webdinamica-portal-web-parlamento-pdf-do-tipodoc-diario-id-188394-106,19/12/2024,54,106,12-24/PL-000004,parlamento-andalucia-12-24-pl-000004,matched_official_initiative,PL,Proyecto de Ley,sin_tema,Sin tema,no_topic_signal,si,58,51,0,0,109,"PP:si:si=58,no=0,abs=0; PSOE-A:no:si=0,no=30,abs=0; VOX:no:si=0,no=14,abs=0; PorA:no:si=0,no=5,abs=0; ADELANTE ANDALUCIA:no:si=0,no=2,abs=0",needs_human_review,rule_triaged_needs_review,law_final_approval_vote_passed,aprobacion final de ley,high,,unreviewed,actor_not_attributed,parliament_vote_review_queue_only_no_public_claim,,"12-24/PL-000004, DEBATE FINAL DEL PROYECTO DE LEY DEL PRESUPUESTO DE LA COMUNIDAD AUTÓNOMA DE ANDALUCÍA PARA EL AÑO 2025",,,https://www.parlamentodeandalucia.es/webdinamica/portal-web-parlamento/pdf.do?tipodoc=diario&id=188394,https://www.parlamentodeandalucia.es/webdinamica/portal-web-parlamento/actividadparlamentaria/todaslasiniciativas/portipo.do?numexp=12-24%2FPL-000004&accion=Ver+iniciativas&desdeanyo=&desdemes=&estado=&hastaanyo=&hastames=&legislatura=12&seleccion=publicadosen&sinpaginacion=1&situacion=&tipoespecifico=&tipogeneral=1,parlamento-andalucia-votacion-https-www-parlamentodeandalucia-es-webdinamica-portal-web-parlamento-pdf-do-tipodoc-diario-id-188394::vote:106
parliament-vote-impact-review-parlamento-andalucia-votacion-https-www-parlamentodeandalucia-es-webdinamica-portal-web-parlamento-pdf-do-tipodoc-diario-id-188394-17,24,94,parliament-vote-review-batch-002,,parlamento-andalucia-votacion-https-www-parlamentodeandalucia-es-webdinamica-portal-web-parlamento-pdf-do-tipodoc-diario-id-188394-17,19/12/2024,54,17,12-24/PL-000004,parlamento-andalucia-12-24-pl-000004,matched_official_initiative,PL,Proyecto de Ley,sin_tema,Sin tema,no_topic_signal,si,58,51,0,0,109,"PP:si:si=58,no=0,abs=0; PSOE-A:no:si=0,no=30,abs=0; VOX:no:si=0,no=14,abs=0; PorA:no:si=0,no=5,abs=0; ADELANTE ANDALUCIA:no:si=0,no=2,abs=0",needs_human_review,rule_triaged_needs_review,law_final_approval_vote_passed,aprobacion final de ley,high,,unreviewed,actor_not_attributed,parliament_vote_review_queue_only_no_public_claim,,"12-24/PL-000004, DEBATE FINAL DEL PROYECTO DE LEY DEL PRESUPUESTO DE LA COMUNIDAD AUTÓNOMA DE ANDALUCÍA PARA EL AÑO 2025",,,https://www.parlamentodeandalucia.es/webdinamica/portal-web-parlamento/pdf.do?tipodoc=diario&id=188394,https://www.parlamentodeandalucia.es/webdinamica/portal-web-parlamento/actividadparlamentaria/todaslasiniciativas/portipo.do?numexp=12-24%2FPL-000004&accion=Ver+iniciativas&desdeanyo=&desdemes=&estado=&hastaanyo=&hastames=&legislatura=12&seleccion=publicadosen&sinpaginacion=1&situacion=&tipoespecifico=&tipogeneral=1,parlamento-andalucia-votacion-https-www-parlamentodeandalucia-es-webdinamica-portal-web-parlamento-pdf-do-tipodoc-diario-id-188394::vote:17
parliament-vote-impact-review-parlamento-andalucia-votacion-https-www-parlamentodeandalucia-es-webdinamica-portal-web-parlamento-pdf-do-tipodoc-diario-id-188394-22,25,94,parliament-vote-review-batch-003,,parlamento-andalucia-votacion-https-www-parlamentodeandalucia-es-webdinamica-portal-web-parlamento-pdf-do-tipodoc-diario-id-188394-22,19/12/2024,54,22,12-24/PL-000004,parlamento-andalucia-12-24-pl-000004,matched_official_initiative,PL,Proyecto de Ley,sin_tema,Sin tema,no_topic_signal,si,58,51,0,0,109,"PP:si:si=58,no=0,abs=0; PSOE-A:no:si=0,no=30,abs=0; VOX:no:si=0,no=14,abs=0; PorA:no:si=0,no=5,abs=0; ADELANTE ANDALUCIA:no:si=0,no=2,abs=0",needs_human_review,rule_triaged_needs_review,law_final_approval_vote_passed,aprobacion final de ley,high,,unreviewed,actor_not_attributed,parliament_vote_review_queue_only_no_public_claim,,"12-24/PL-000004, DEBATE FINAL DEL PROYECTO DE LEY DEL PRESUPUESTO DE LA COMUNIDAD AUTÓNOMA DE ANDALUCÍA PARA EL AÑO 2025",,,https://www.parlamentodeandalucia.es/webdinamica/portal-web-parlamento/pdf.do?tipodoc=diario&id=188394,https://www.parlamentodeandalucia.es/webdinamica/portal-web-parlamento/actividadparlamentaria/todaslasiniciativas/portipo.do?numexp=12-24%2FPL-000004&accion=Ver+iniciativas&desdeanyo=&desdemes=&estado=&hastaanyo=&hastames=&legislatura=12&seleccion=publicadosen&sinpaginacion=1&situacion=&tipoespecifico=&tipogeneral=1,parlamento-andalucia-votacion-https-www-parlamentodeandalucia-es-webdinamica-portal-web-parlamento-pdf-do-tipodoc-diario-id-188394::vote:22
parliament-vote-impact-review-parlamento-andalucia-votacion-https-www-parlamentodeandalucia-es-webdinamica-portal-web-parlamento-pdf-do-tipodoc-diario-id-188394-29,26,94,parliament-vote-review-batch-003,,parlamento-andalucia-votacion-https-www-parlamentodeandalucia-es-webdinamica-portal-web-parlamento-pdf-do-tipodoc-diario-id-188394-29,19/12/2024,54,29,12-24/PL-000004,parlamento-andalucia-12-24-pl-000004,matched_official_initiative,PL,Proyecto de Ley,sin_tema,Sin tema,no_topic_signal,si,58,50,0,0,109,"PP:si:si=58,no=0,abs=0; PSOE-A:no:si=0,no=30,abs=0; VOX:no:si=0,no=13,abs=0; PorA:no:si=0,no=5,abs=0; ADELANTE ANDALUCIA:no:si=0,no=2,abs=0",needs_human_review,rule_triaged_needs_review,law_final_approval_vote_passed,aprobacion final de ley,high,,unreviewed,actor_not_attributed,parliament_vote_review_queue_only_no_public_claim,,"12-24/PL-000004, DEBATE FINAL DEL PROYECTO DE LEY DEL PRESUPUESTO DE LA COMUNIDAD AUTÓNOMA DE ANDALUCÍA PARA EL AÑO 2025",,,https://www.parlamentodeandalucia.es/webdinamica/portal-web-parlamento/pdf.do?tipodoc=diario&id=188394,https://www.parlamentodeandalucia.es/webdinamica/portal-web-parlamento/actividadparlamentaria/todaslasiniciativas/portipo.do?numexp=12-24%2FPL-000004&accion=Ver+iniciativas&desdeanyo=&desdemes=&estado=&hastaanyo=&hastames=&legislatura=12&seleccion=publicadosen&sinpaginacion=1&situacion=&tipoespecifico=&tipogeneral=1,parlamento-andalucia-votacion-https-www-parlamentodeandalucia-es-webdinamica-portal-web-parlamento-pdf-do-tipodoc-diario-id-188394::vote:29
parliament-vote-impact-review-parlamento-andalucia-votacion-https-www-parlamentodeandalucia-es-webdinamica-portal-web-parlamento-pdf-do-tipodoc-diario-id-188394-37,27,94,parliament-vote-review-batch-003,,parlamento-andalucia-votacion-https-www-parlamentodeandalucia-es-webdinamica-portal-web-parlamento-pdf-do-tipodoc-diario-id-188394-37,19/12/2024,54,37,12-24/PL-000004,parlamento-andalucia-12-24-pl-000004,matched_official_initiative,PL,Proyecto de Ley,sin_tema,Sin tema,no_topic_signal,si,58,51,0,0,109,"PP:si:si=58,no=0,abs=0; PSOE-A:no:si=0,no=30,abs=0; VOX:no:si=0,no=14,abs=0; PorA:no:si=0,no=5,abs=0; ADELANTE ANDALUCIA:no:si=0,no=2,abs=0",needs_human_review,rule_triaged_needs_review,law_final_approval_vote_passed,aprobacion final de ley,high,,unreviewed,actor_not_attributed,parliament_vote_review_queue_only_no_public_claim,,"12-24/PL-000004, DEBATE FINAL DEL PROYECTO DE LEY DEL PRESUPUESTO DE LA COMUNIDAD AUTÓNOMA DE ANDALUCÍA PARA EL AÑO 2025",,,https://www.parlamentodeandalucia.es/webdinamica/portal-web-parlamento/pdf.do?tipodoc=diario&id=188394,https://www.parlamentodeandalucia.es/webdinamica/portal-web-parlamento/actividadparlamentaria/todaslasiniciativas/portipo.do?numexp=12-24%2FPL-000004&accion=Ver+iniciativas&desdeanyo=&desdemes=&estado=&hastaanyo=&hastames=&legislatura=12&seleccion=publicadosen&sinpaginacion=1&situacion=&tipoespecifico=&tipogeneral=1,parlamento-andalucia-votacion-https-www-parlamentodeandalucia-es-webdinamica-portal-web-parlamento-pdf-do-tipodoc-diario-id-188394::vote:37
parliament-vote-impact-review-parlamento-andalucia-votacion-https-www-parlamentodeandalucia-es-webdinamica-portal-web-parlamento-pdf-do-tipodoc-diario-id-188394-46,28,94,parliament-vote-review-batch-003,,parlamento-andalucia-votacion-https-www-parlamentodeandalucia-es-webdinamica-portal-web-parlamento-pdf-do-tipodoc-diario-id-188394-46,19/12/2024,54,46,12-24/PL-000004,parlamento-andalucia-12-24-pl-000004,matched_official_initiative,PL,Proyecto de Ley,sin_tema,Sin tema,no_topic_signal,si,58,51,0,0,109,"PP:si:si=58,no=0,abs=0; PSOE-A:no:si=0,no=30,abs=0; VOX:no:si=0,no=14,abs=0; PorA:no:si=0,no=5,abs=0; ADELANTE ANDALUCIA:no:si=0,no=2,abs=0",needs_human_review,rule_triaged_needs_review,law_final_approval_vote_passed,aprobacion final de ley,high,,unreviewed,actor_not_attributed,parliament_vote_review_queue_only_no_public_claim,,"12-24/PL-000004, DEBATE FINAL DEL PROYECTO DE LEY DEL PRESUPUESTO DE LA COMUNIDAD AUTÓNOMA DE ANDALUCÍA PARA EL AÑO 2025",,,https://www.parlamentodeandalucia.es/webdinamica/portal-web-parlamento/pdf.do?tipodoc=diario&id=188394,https://www.parlamentodeandalucia.es/webdinamica/portal-web-parlamento/actividadparlamentaria/todaslasiniciativas/portipo.do?numexp=12-24%2FPL-000004&accion=Ver+iniciativas&desdeanyo=&desdemes=&estado=&hastaanyo=&hastames=&legislatura=12&seleccion=publicadosen&sinpaginacion=1&situacion=&tipoespecifico=&tipogeneral=1,parlamento-andalucia-votacion-https-www-parlamentodeandalucia-es-webdinamica-portal-web-parlamento-pdf-do-tipodoc-diario-id-188394::vote:46
parliament-vote-impact-review-parlamento-andalucia-votacion-https-www-parlamentodeandalucia-es-webdinamica-portal-web-parlamento-pdf-do-tipodoc-diario-id-188394-51,29,94,parliament-vote-review-batch-003,,parlamento-andalucia-votacion-https-www-parlamentodeandalucia-es-webdinamica-portal-web-parlamento-pdf-do-tipodoc-diario-id-188394-51,19/12/2024,54,51,12-24/PL-000004,parlamento-andalucia-12-24-pl-000004,matched_official_initiative,PL,Proyecto de Ley,sin_tema,Sin tema,no_topic_signal,si,58,51,0,0,109,"PP:si:si=58,no=0,abs=0; PSOE-A:no:si=0,no=30,abs=0; VOX:no:si=0,no=14,abs=0; PorA:no:si=0,no=5,abs=0; ADELANTE ANDALUCIA:no:si=0,no=2,abs=0",needs_human_review,rule_triaged_needs_review,law_final_approval_vote_passed,aprobacion final de ley,high,,unreviewed,actor_not_attributed,parliament_vote_review_queue_only_no_public_claim,,"12-24/PL-000004, DEBATE FINAL DEL PROYECTO DE LEY DEL PRESUPUESTO DE LA COMUNIDAD AUTÓNOMA DE ANDALUCÍA PARA EL AÑO 2025",,,https://www.parlamentodeandalucia.es/webdinamica/portal-web-parlamento/pdf.do?tipodoc=diario&id=188394,https://www.parlamentodeandalucia.es/webdinamica/portal-web-parlamento/actividadparlamentaria/todaslasiniciativas/portipo.do?numexp=12-24%2FPL-000004&accion=Ver+iniciativas&desdeanyo=&desdemes=&estado=&hastaanyo=&hastames=&legislatura=12&seleccion=publicadosen&sinpaginacion=1&situacion=&tipoespecifico=&tipogeneral=1,parlamento-andalucia-votacion-https-www-parlamentodeandalucia-es-webdinamica-portal-web-parlamento-pdf-do-tipodoc-diario-id-188394::vote:51
parliament-vote-impact-review-parlamento-andalucia-votacion-https-www-parlamentodeandalucia-es-webdinamica-portal-web-parlamento-pdf-do-tipodoc-diario-id-188394-56,30,94,parliament-vote-review-batch-003,,parlamento-andalucia-votacion-https-www-parlamentodeandalucia-es-webdinamica-portal-web-parlamento-pdf-do-tipodoc-diario-id-188394-56,19/12/2024,54,56,12-24/PL-000004,parlamento-andalucia-12-24-pl-000004,matched_official_initiative,PL,Proyecto de Ley,sin_tema,Sin tema,no_topic_signal,si,58,50,0,1,109,"PP:si:si=58,no=0,abs=0; PSOE-A:no:si=0,no=30,abs=0; VOX:no:si=0,no=14,abs=0; PorA:no:si=0,no=4,abs=0; ADELANTE ANDALUCIA:no:si=0,no=2,abs=0",needs_human_review,rule_triaged_needs_review,law_final_approval_vote_passed,aprobacion final de ley,high,,unreviewed,actor_not_attributed,parliament_vote_review_queue_only_no_public_claim,,"12-24/PL-000004, DEBATE FINAL DEL PROYECTO DE LEY DEL PRESUPUESTO DE LA COMUNIDAD AUTÓNOMA DE ANDALUCÍA PARA EL AÑO 2025",,,https://www.parlamentodeandalucia.es/webdinamica/portal-web-parlamento/pdf.do?tipodoc=diario&id=188394,https://www.parlamentodeandalucia.es/webdinamica/portal-web-parlamento/actividadparlamentaria/todaslasiniciativas/portipo.do?numexp=12-24%2FPL-000004&accion=Ver+iniciativas&desdeanyo=&desdemes=&estado=&hastaanyo=&hastames=&legislatura=12&seleccion=publicadosen&sinpaginacion=1&situacion=&tipoespecifico=&tipogeneral=1,parlamento-andalucia-votacion-https-www-parlamentodeandalucia-es-webdinamica-portal-web-parlamento-pdf-do-tipodoc-diario-id-188394::vote:56
parliament-vote-impact-review-parlamento-andalucia-votacion-https-www-parlamentodeandalucia-es-webdinamica-portal-web-parlamento-pdf-do-tipodoc-diario-id-188394-67,31,94,parliament-vote-review-batch-003,,parlamento-andalucia-votacion-https-www-parlamentodeandalucia-es-webdinamica-portal-web-parlamento-pdf-do-tipodoc-diario-id-188394-67,19/12/2024,54,67,12-24/PL-000004,parlamento-andalucia-12-24-pl-000004,matched_official_initiative,PL,Proyecto de Ley,sin_tema,Sin tema,no_topic_signal,si,57,51,0,0,109,"PP:si:si=57,no=0,abs=0; PSOE-A:no:si=0,no=30,abs=0; VOX:no:si=0,no=14,abs=0; PorA:no:si=0,no=5,abs=0; ADELANTE ANDALUCIA:no:si=0,no=2,abs=0",needs_human_review,rule_triaged_needs_review,law_final_approval_vote_passed,aprobacion final de ley,high,,unreviewed,actor_not_attributed,parliament_vote_review_queue_only_no_public_claim,,"12-24/PL-000004, DEBATE FINAL DEL PROYECTO DE LEY DEL PRESUPUESTO DE LA COMUNIDAD AUTÓNOMA DE ANDALUCÍA PARA EL AÑO 2025",,,https://www.parlamentodeandalucia.es/webdinamica/portal-web-parlamento/pdf.do?tipodoc=diario&id=188394,https://www.parlamentodeandalucia.es/webdinamica/portal-web-parlamento/actividadparlamentaria/todaslasiniciativas/portipo.do?numexp=12-24%2FPL-000004&accion=Ver+iniciativas&desdeanyo=&desdemes=&estado=&hastaanyo=&hastames=&legislatura=12&seleccion=publicadosen&sinpaginacion=1&situacion=&tipoespecifico=&tipogeneral=1,parlamento-andalucia-votacion-https-www-parlamentodeandalucia-es-webdinamica-portal-web-parlamento-pdf-do-tipodoc-diario-id-188394::vote:67
parliament-vote-impact-review-parlamento-andalucia-votacion-https-www-parlamentodeandalucia-es-webdinamica-portal-web-parlamento-pdf-do-tipodoc-diario-id-188394-73,32,94,parliament-vote-review-batch-003,,parlamento-andalucia-votacion-https-www-parlamentodeandalucia-es-webdinamica-portal-web-parlamento-pdf-do-tipodoc-diario-id-188394-73,19/12/2024,54,73,12-24/PL-000004,parlamento-andalucia-12-24-pl-000004,matched_official_initiative,PL,Proyecto de Ley,sin_tema,Sin tema,no_topic_signal,si,58,51,0,0,109,"PP:si:si=58,no=0,abs=0; PSOE-A:no:si=0,no=30,abs=0; VOX:no:si=0,no=14,abs=0; PorA:no:si=0,no=5,abs=0; ADELANTE ANDALUCIA:no:si=0,no=2,abs=0",needs_human_review,rule_triaged_needs_review,law_final_approval_vote_passed,aprobacion final de ley,high,,unreviewed,actor_not_attributed,parliament_vote_review_queue_only_no_public_claim,,"12-24/PL-000004, DEBATE FINAL DEL PROYECTO DE LEY DEL PRESUPUESTO DE LA COMUNIDAD AUTÓNOMA DE ANDALUCÍA PARA EL AÑO 2025",,,https://www.parlamentodeandalucia.es/webdinamica/portal-web-parlamento/pdf.do?tipodoc=diario&id=188394,https://www.parlamentodeandalucia.es/webdinamica/portal-web-parlamento/actividadparlamentaria/todaslasiniciativas/portipo.do?numexp=12-24%2FPL-000004&accion=Ver+iniciativas&desdeanyo=&desdemes=&estado=&hastaanyo=&hastames=&legislatura=12&seleccion=publicadosen&sinpaginacion=1&situacion=&tipoespecifico=&tipogeneral=1,parlamento-andalucia-votacion-https-www-parlamentodeandalucia-es-webdinamica-portal-web-parlamento-pdf-do-tipodoc-diario-id-188394::vote:73
parliament-vote-impact-review-parlamento-andalucia-votacion-https-www-parlamentodeandalucia-es-webdinamica-portal-web-parlamento-pdf-do-tipodoc-diario-id-188394-79,33,94,parliament-vote-review-batch-003,,parlamento-andalucia-votacion-https-www-parlamentodeandalucia-es-webdinamica-portal-web-parlamento-pdf-do-tipodoc-diario-id-188394-79,19/12/2024,54,79,12-24/PL-000004,parlamento-andalucia-12-24-pl-000004,matched_official_initiative,PL,Proyecto de Ley,sin_tema,Sin tema,no_topic_signal,si,59,50,0,0,109,"PP:si:si=58,no=0,abs=0; PSOE-A:no:si=1,no=29,abs=0; VOX:no:si=0,no=14,abs=0; PorA:no:si=0,no=5,abs=0; ADELANTE ANDALUCIA:no:si=0,no=2,abs=0",needs_human_review,rule_triaged_needs_review,law_final_approval_vote_passed,aprobacion final de ley,high,,unreviewed,actor_not_attributed,parliament_vote_review_queue_only_no_public_claim,,"12-24/PL-000004, DEBATE FINAL DEL PROYECTO DE LEY DEL PRESUPUESTO DE LA COMUNIDAD AUTÓNOMA DE ANDALUCÍA PARA EL AÑO 2025",,,https://www.parlamentodeandalucia.es/webdinamica/portal-web-parlamento/pdf.do?tipodoc=diario&id=188394,https://www.parlamentodeandalucia.es/webdinamica/portal-web-parlamento/actividadparlamentaria/todaslasiniciativas/portipo.do?numexp=12-24%2FPL-000004&accion=Ver+iniciativas&desdeanyo=&desdemes=&estado=&hastaanyo=&hastames=&legislatura=12&seleccion=publicadosen&sinpaginacion=1&situacion=&tipoespecifico=&tipogeneral=1,parlamento-andalucia-votacion-https-www-parlamentodeandalucia-es-webdinamica-portal-web-parlamento-pdf-do-tipodoc-diario-id-188394::vote:79
parliament-vote-impact-review-parlamento-andalucia-votacion-https-www-parlamentodeandalucia-es-webdinamica-portal-web-parlamento-pdf-do-tipodoc-diario-id-188394-84,34,94,parliament-vote-review-batch-003,,parlamento-andalucia-votacion-https-www-parlamentodeandalucia-es-webdinamica-portal-web-parlamento-pdf-do-tipodoc-diario-id-188394-84,19/12/2024,54,84,12-24/PL-000004,parlamento-andalucia-12-24-pl-000004,matched_official_initiative,PL,Proyecto de Ley,sin_tema,Sin tema,no_topic_signal,si,58,51,0,0,109,"PP:si:si=58,no=0,abs=0; PSOE-A:no:si=0,no=30,abs=0; VOX:no:si=0,no=14,abs=0; PorA:no:si=0,no=5,abs=0; ADELANTE ANDALUCIA:no:si=0,no=2,abs=0",needs_human_review,rule_triaged_needs_review,law_final_approval_vote_passed,aprobacion final de ley,high,,unreviewed,actor_not_attributed,parliament_vote_review_queue_only_no_public_claim,,"12-24/PL-000004, DEBATE FINAL DEL PROYECTO DE LEY DEL PRESUPUESTO DE LA COMUNIDAD AUTÓNOMA DE ANDALUCÍA PARA EL AÑO 2025",,,https://www.parlamentodeandalucia.es/webdinamica/portal-web-parlamento/pdf.do?tipodoc=diario&id=188394,https://www.parlamentodeandalucia.es/webdinamica/portal-web-parlamento/actividadparlamentaria/todaslasiniciativas/portipo.do?numexp=12-24%2FPL-000004&accion=Ver+iniciativas&desdeanyo=&desdemes=&estado=&hastaanyo=&hastames=&legislatura=12&seleccion=publicadosen&sinpaginacion=1&situacion=&tipoespecifico=&tipogeneral=1,parlamento-andalucia-votacion-https-www-parlamentodeandalucia-es-webdinamica-portal-web-parlamento-pdf-do-tipodoc-diario-id-188394::vote:84
parliament-vote-impact-review-parlamento-andalucia-votacion-https-www-parlamentodeandalucia-es-webdinamica-portal-web-parlamento-pdf-do-tipodoc-diario-id-188394-89,35,94,parliament-vote-review-batch-003,,parlamento-andalucia-votacion-https-www-parlamentodeandalucia-es-webdinamica-portal-web-parlamento-pdf-do-tipodoc-diario-id-188394-89,19/12/2024,54,89,12-24/PL-000004,parlamento-andalucia-12-24-pl-000004,matched_official_initiative,PL,Proyecto de Ley,sin_tema,Sin tema,no_topic_signal,si,58,51,0,0,109,"PP:si:si=58,no=0,abs=0; PSOE-A:no:si=0,no=30,abs=0; VOX:no:si=0,no=14,abs=0; PorA:no:si=0,no=5,abs=0; ADELANTE ANDALUCIA:no:si=0,no=2,abs=0",needs_human_review,rule_triaged_needs_review,law_final_approval_vote_passed,aprobacion final de ley,high,,unreviewed,actor_not_attributed,parliament_vote_review_queue_only_no_public_claim,,"12-24/PL-000004, DEBATE FINAL DEL PROYECTO DE LEY DEL PRESUPUESTO DE LA COMUNIDAD AUTÓNOMA DE ANDALUCÍA PARA EL AÑO 2025",,,https://www.parlamentodeandalucia.es/webdinamica/portal-web-parlamento/pdf.do?tipodoc=diario&id=188394,https://www.parlamentodeandalucia.es/webdinamica/portal-web-parlamento/actividadparlamentaria/todaslasiniciativas/portipo.do?numexp=12-24%2FPL-000004&accion=Ver+iniciativas&desdeanyo=&desdemes=&estado=&hastaanyo=&hastames=&legislatura=12&seleccion=publicadosen&sinpaginacion=1&situacion=&tipoespecifico=&tipogeneral=1,parlamento-andalucia-votacion-https-www-parlamentodeandalucia-es-webdinamica-portal-web-parlamento-pdf-do-tipodoc-diario-id-188394::vote:89
parliament-vote-impact-review-parlamento-andalucia-votacion-https-www-parlamentodeandalucia-es-webdinamica-portal-web-parlamento-pdf-do-tipodoc-diario-id-188394-94,36,94,parliament-vote-review-batch-003,,parlamento-andalucia-votacion-https-www-parlamentodeandalucia-es-webdinamica-portal-web-parlamento-pdf-do-tipodoc-diario-id-188394-94,19/12/2024,54,94,12-24/PL-000004,parlamento-andalucia-12-24-pl-000004,matched_official_initiative,PL,Proyecto de Ley,sin_tema,Sin tema,no_topic_signal,si,58,51,0,0,109,"PP:si:si=58,no=0,abs=0; PSOE-A:no:si=0,no=30,abs=0; VOX:no:si=0,no=14,abs=0; PorA:no:si=0,no=5,abs=0; ADELANTE ANDALUCIA:no:si=0,no=2,abs=0",needs_human_review,rule_triaged_needs_review,law_final_approval_vote_passed,aprobacion final de ley,high,,unreviewed,actor_not_attributed,parliament_vote_review_queue_only_no_public_claim,,"12-24/PL-000004, DEBATE FINAL DEL PROYECTO DE LEY DEL PRESUPUESTO DE LA COMUNIDAD AUTÓNOMA DE ANDALUCÍA PARA EL AÑO 2025",,,https://www.parlamentodeandalucia.es/webdinamica/portal-web-parlamento/pdf.do?tipodoc=diario&id=188394,https://www.parlamentodeandalucia.es/webdinamica/portal-web-parlamento/actividadparlamentaria/todaslasiniciativas/portipo.do?numexp=12-24%2FPL-000004&accion=Ver+iniciativas&desdeanyo=&desdemes=&estado=&hastaanyo=&hastames=&legislatura=12&seleccion=publicadosen&sinpaginacion=1&situacion=&tipoespecifico=&tipogeneral=1,parlamento-andalucia-votacion-https-www-parlamentodeandalucia-es-webdinamica-portal-web-parlamento-pdf-do-tipodoc-diario-id-188394::vote:94
parliament-vote-impact-review-parlamento-andalucia-votacion-https-www-parlamentodeandalucia-es-webdinamica-portal-web-parlamento-pdf-do-tipodoc-diario-id-188394-98,37,94,parliament-vote-review-batch-004,,parlamento-andalucia-votacion-https-www-parlamentodeandalucia-es-webdinamica-portal-web-parlamento-pdf-do-tipodoc-diario-id-188394-98,19/12/2024,54,98,12-24/PL-000004,parlamento-andalucia-12-24-pl-000004,matched_official_initiative,PL,Proyecto de Ley,sin_tema,Sin tema,no_topic_signal,si,58,51,0,0,109,"PP:si:si=58,no=0,abs=0; PSOE-A:no:si=0,no=30,abs=0; VOX:no:si=0,no=14,abs=0; PorA:no:si=0,no=5,abs=0; ADELANTE ANDALUCIA:no:si=0,no=2,abs=0",needs_human_review,rule_triaged_needs_review,law_final_approval_vote_passed,aprobacion final de ley,high,,unreviewed,actor_not_attributed,parliament_vote_review_queue_only_no_public_claim,,"12-24/PL-000004, DEBATE FINAL DEL PROYECTO DE LEY DEL PRESUPUESTO DE LA COMUNIDAD AUTÓNOMA DE ANDALUCÍA PARA EL AÑO 2025",,,https://www.parlamentodeandalucia.es/webdinamica/portal-web-parlamento/pdf.do?tipodoc=diario&id=188394,https://www.parlamentodeandalucia.es/webdinamica/portal-web-parlamento/actividadparlamentaria/todaslasiniciativas/portipo.do?numexp=12-24%2FPL-000004&accion=Ver+iniciativas&desdeanyo=&desdemes=&estado=&hastaanyo=&hastames=&legislatura=12&seleccion=publicadosen&sinpaginacion=1&situacion=&tipoespecifico=&tipogeneral=1,parlamento-andalucia-votacion-https-www-parlamentodeandalucia-es-webdinamica-portal-web-parlamento-pdf-do-tipodoc-diario-id-188394::vote:98
parliament-vote-impact-review-parlamento-andalucia-votacion-https-www-parlamentodeandalucia-es-webdinamica-portal-web-parlamento-pdf-do-tipodoc-diario-id-187214-4,38,94,parliament-vote-review-batch-004,,parlamento-andalucia-votacion-https-www-parlamentodeandalucia-es-webdinamica-portal-web-parlamento-pdf-do-tipodoc-diario-id-187214-4,06/11/2024,50,4,12-24/PL-000001,parlamento-andalucia-12-24-pl-000001,matched_official_initiative,PL,Proyecto de Ley,sin_tema,Sin tema,no_topic_signal,si,58,48,0,0,109,"PP:si:si=58,no=0,abs=0; PSOE-A:no:si=0,no=30,abs=0; VOX:no:si=0,no=11,abs=0; PorA:no:si=0,no=5,abs=0; ADELANTE ANDALUCIA:no:si=0,no=2,abs=0",needs_human_review,rule_triaged_needs_review,law_final_approval_vote_passed,aprobacion final de ley,high,,unreviewed,actor_not_attributed,parliament_vote_review_queue_only_no_public_claim,,"12-24/PL-000001, DEBATE FINAL DEL PROYECTO DE LEY DEL ESTATUTO DE LAS MUJERES RURALES Y DEL MAR DE ANDALUCÍA",,,https://www.parlamentodeandalucia.es/webdinamica/portal-web-parlamento/pdf.do?tipodoc=diario&id=187214,https://www.parlamentodeandalucia.es/webdinamica/portal-web-parlamento/actividadparlamentaria/todaslasiniciativas/portipo.do?numexp=12-24%2FPL-000001&accion=Ver+iniciativas&desdeanyo=&desdemes=&estado=&hastaanyo=&hastames=&legislatura=12&seleccion=publicadosen&sinpaginacion=1&situacion=&tipoespecifico=&tipogeneral=1,parlamento-andalucia-votacion-https-www-parlamentodeandalucia-es-webdinamica-portal-web-parlamento-pdf-do-tipodoc-diario-id-187214::vote:4
parliament-vote-impact-review-parlamento-andalucia-votacion-https-www-parlamentodeandalucia-es-webdinamica-portal-web-parlamento-pdf-do-tipodoc-diario-id-200414-4,39,93,parliament-vote-review-batch-004,,parlamento-andalucia-votacion-https-www-parlamentodeandalucia-es-webdinamica-portal-web-parlamento-pdf-do-tipodoc-diario-id-200414-4,11/02/2026,77,4,12-25/PL-000007,parlamento-andalucia-12-25-pl-000007,matched_official_initiative,PL,Proyecto de Ley,educacion,Educacion,reviewed_issue_label_seed,si,58,47,0,0,109,"PP:si:si=58,no=0,abs=0; PSOE-A:no:si=0,no=30,abs=0; VOX:no:si=0,no=11,abs=0; PorA:no:si=0,no=4,abs=0; ADELANTE ANDALUCIA:no:si=0,no=2,abs=0",reviewed_vote_result_only,observed_approval_vote,law_final_approval_vote_passed,aprobacion final de ley,high,,outcome_not_reviewed,party_positions_observed,reviewed_legislative_vote_signal_no_merit_claim,,"12-25/PL-000007, DEBATE FINAL DEL PROYECTO DE LEY UNIVERSITARIA PARA ANDALUCÍA",,,https://www.parlamentodeandalucia.es/webdinamica/portal-web-parlamento/pdf.do?tipodoc=diario&id=200414,https://www.parlamentodeandalucia.es/webdinamica/portal-web-parlamento/actividadparlamentaria/todaslasiniciativas/portipo.do?numexp=12-25%2FPL-000007&accion=Ver+iniciativas&desdeanyo=&desdemes=&estado=&hastaanyo=&hastames=&legislatura=12&seleccion=publicadosen&sinpaginacion=1&situacion=&tipoespecifico=&tipogeneral=1,parlamento-andalucia-votacion-https-www-parlamentodeandalucia-es-webdinamica-portal-web-parlamento-pdf-do-tipodoc-diario-id-200414::vote:4
parliament-vote-impact-review-parlamento-andalucia-votacion-https-www-parlamentodeandalucia-es-webdinamica-portal-web-parlamento-pdf-do-tipodoc-diario-id-198534-13,40,93,parliament-vote-review-batch-004,,parlamento-andalucia-votacion-https-www-parlamentodeandalucia-es-webdinamica-portal-web-parlamento-pdf-do-tipodoc-diario-id-198534-13,02/12/2025,74,13,12-25/PL-000011,parlamento-andalucia-12-25-pl-000011,matched_official_initiative,PL,Proyecto de Ley,cultura_patrimonio,Cultura y patrimonio,official_initiative,no,36,58,12,0,109,"PP:no:si=0,no=58,abs=0; PSOE-A:si:si=29,no=0,abs=0; VOX:abstenciones:si=0,no=0,abs=12; PorA:si:si=5,no=0,abs=0; ADELANTE ANDALUCIA:si:si=2,no=0,abs=0",needs_human_review,rule_triaged_needs_review,legislative_bill_vote_rejected,voto legislativo rechazado,medium,,unreviewed,actor_not_attributed,parliament_vote_review_queue_only_no_public_claim,,"12-25/PL-000011, DEBATE DE TOTALIDAD DEL PROYECTO DE LEY DE PATRIMONIO CULTURAL DE ANDALUCÍA",,,https://www.parlamentodeandalucia.es/webdinamica/portal-web-parlamento/pdf.do?tipodoc=diario&id=198534,https://www.parlamentodeandalucia.es/webdinamica/portal-web-parlamento/actividadparlamentaria/todaslasiniciativas/portipo.do?numexp=12-25%2FPL-000011&accion=Ver+iniciativas&desdeanyo=&desdemes=&estado=&hastaanyo=&hastames=&legislatura=12&seleccion=publicadosen&sinpaginacion=1&situacion=&tipoespecifico=&tipogeneral=1,parlamento-andalucia-votacion-https-www-parlamentodeandalucia-es-webdinamica-portal-web-parlamento-pdf-do-tipodoc-diario-id-198534::vote:13
parliament-vote-impact-review-parlamento-andalucia-votacion-https-www-parlamentodeandalucia-es-webdinamica-portal-web-parlamento-pdf-do-tipodoc-diario-id-197174-2,41,93,parliament-vote-review-batch-004,,parlamento-andalucia-votacion-https-www-parlamentodeandalucia-es-webdinamica-portal-web-parlamento-pdf-do-tipodoc-diario-id-197174-2,22/10/2025,71,2,12-25/PL-000006,parlamento-andalucia-12-25-pl-000006,matched_official_initiative,PL,Proyecto de Ley,cultura_patrimonio,Cultura y patrimonio,official_initiative,no,39,68,0,0,109,"PP:no:si=2,no=55,abs=0; PSOE-A:si:si=30,no=0,abs=0; VOX:no:si=0,no=13,abs=0; PorA:si:si=5,no=0,abs=0; ADELANTE ANDALUCIA:si:si=2,no=0,abs=0",needs_human_review,rule_triaged_needs_review,legislative_bill_vote_rejected,voto legislativo rechazado,medium,,unreviewed,actor_not_attributed,parliament_vote_review_queue_only_no_public_claim,,"12-25/PL-000006, DEBATE DE TOTALIDAD DEL PROYECTO DE LEY DEL PATRIMONIO DE LA COMUNIDAD AUTÓNOMA DE ANDALUCÍA",,,https://www.parlamentodeandalucia.es/webdinamica/portal-web-parlamento/pdf.do?tipodoc=diario&id=197174,https://www.parlamentodeandalucia.es/webdinamica/portal-web-parlamento/actividadparlamentaria/todaslasiniciativas/portipo.do?numexp=12-25%2FPL-000006&accion=Ver+iniciativas&desdeanyo=&desdemes=&estado=&hastaanyo=&hastames=&legislatura=12&seleccion=publicadosen&sinpaginacion=1&situacion=&tipoespecifico=&tipogeneral=1,parlamento-andalucia-votacion-https-www-parlamentodeandalucia-es-webdinamica-portal-web-parlamento-pdf-do-tipodoc-diario-id-197174::vote:2
parliament-vote-impact-review-parlamento-andalucia-votacion-https-www-parlamentodeandalucia-es-webdinamica-portal-web-parlamento-pdf-do-tipodoc-diario-id-179895-1,42,93,parliament-vote-review-batch-004,,parlamento-andalucia-votacion-https-www-parlamentodeandalucia-es-webdinamica-portal-web-parlamento-pdf-do-tipodoc-diario-id-179895-1,07/02/2024,34,1,12-24/DL-000001,parlamento-andalucia-12-24-dl-000001,matched_official_initiative,DL,Decreto-ley,sanidad,Sanidad,official_initiative,si,100,0,5,1,108,"PP:si:si=58,no=0,abs=0; PSOE-A:si:si=29,no=0,abs=0; VOX:si:si=13,no=0,abs=0; PorA:abstenciones:si=0,no=0,abs=4; ADELANTE ANDALUCIA:abstenciones:si=0,no=0,abs=1",needs_human_review,rule_triaged_needs_review,decree_law_validation_vote_passed,convalidacion de decreto-ley aprobada,high,,unreviewed,actor_not_attributed,parliament_vote_review_queue_only_no_public_claim,,"12-24/DL-000001, CONVALIDACIÓN O DEROGACIÓN DEL DECRETO-LEY 1/2024, DE 8 DE ENERO, POR EL QUE SE MODIFICAN DIVERSOS DECRETOS POR LOS QUE SE ESTABLECE EL MARCO REGULADOR...",,,https://www.parlamentodeandalucia.es/webdinamica/portal-web-parlamento/pdf.do?tipodoc=diario&id=179895,https://www.parlamentodeandalucia.es/webdinamica/portal-web-parlamento/actividadparlamentaria/todaslasiniciativas/portipo.do?numexp=12-24%2FDL-000001&accion=Ver+iniciativas&desdeanyo=&desdemes=&estado=&hastaanyo=&hastames=&legislatura=12&seleccion=publicadosen&sinpaginacion=1&situacion=&tipoespecifico=&tipogeneral=1,parlamento-andalucia-votacion-https-www-parlamentodeandalucia-es-webdinamica-portal-web-parlamento-pdf-do-tipodoc-diario-id-179895::vote:1
parliament-vote-impact-review-parlamento-andalucia-votacion-https-www-parlamentodeandalucia-es-webdinamica-portal-web-parlamento-pdf-do-tipodoc-diario-id-175415-3,43,93,parliament-vote-review-batch-004,,parlamento-andalucia-votacion-https-www-parlamentodeandalucia-es-webdinamica-portal-web-parlamento-pdf-do-tipodoc-diario-id-175415-3,26/07/2023,25,3,12-23/PL-000001,parlamento-andalucia-12-23-pl-000001,matched_official_initiative,PL,Proyecto de Ley,seguridad_libertades,Seguridad y libertades,official_initiative,no,50,57,0,0,109,"PP:no:si=0,no=57,abs=0; PSOE-A:si:si=30,no=0,abs=0; VOX:si:si=14,no=0,abs=0; PorA:si:si=5,no=0,abs=0; ADELANTE ANDALUCIA:si:si=1,no=0,abs=0",needs_human_review,rule_triaged_needs_review,law_final_approval_vote_rejected,rechazo de aprobacion final de ley,high,,unreviewed,actor_not_attributed,parliament_vote_review_queue_only_no_public_claim,,"12-23/PL-000001, DEBATE FINAL DEL PROYECTO DE LEY POR LA QUE SE MODIFICA LA LEY 4/2017, DE 25 DE SEPTIEMBRE, DE LOS DERECHOS Y LA ATENCIÓN A...",,,https://www.parlamentodeandalucia.es/webdinamica/portal-web-parlamento/pdf.do?tipodoc=diario&id=175415,https://www.parlamentodeandalucia.es/webdinamica/portal-web-parlamento/actividadparlamentaria/todaslasiniciativas/portipo.do?numexp=12-23%2FPL-000001&accion=Ver+iniciativas&desdeanyo=&desdemes=&estado=&hastaanyo=&hastames=&legislatura=12&seleccion=publicadosen&sinpaginacion=1&situacion=&tipoespecifico=&tipogeneral=1,parlamento-andalucia-votacion-https-www-parlamentodeandalucia-es-webdinamica-portal-web-parlamento-pdf-do-tipodoc-diario-id-175415::vote:3
parliament-vote-impact-review-parlamento-andalucia-votacion-https-www-parlamentodeandalucia-es-webdinamica-portal-web-parlamento-pdf-do-tipodoc-diario-id-198534-16,44,92,parliament-vote-review-batch-004,,parlamento-andalucia-votacion-https-www-parlamentodeandalucia-es-webdinamica-portal-web-parlamento-pdf-do-tipodoc-diario-id-198534-16,02/12/2025,74,16,12-25/PPL-000006,parlamento-andalucia-12-25-ppl-000006,matched_official_initiative,PPL,Proposicion de Ley,educacion,Educacion,official_initiative,no,36,70,0,0,109,"PP:no:si=0,no=58,abs=0; PSOE-A:si:si=29,no=0,abs=0; VOX:no:si=0,no=12,abs=0; PorA:si:si=5,no=0,abs=0; ADELANTE ANDALUCIA:si:si=2,no=0,abs=0",needs_human_review,rule_triaged_needs_review,bill_consideration_vote_rejected,toma en consideracion rechazada,medium,,unreviewed,actor_not_attributed,parliament_vote_review_queue_only_no_public_claim,,"12-25/PPL-000006, PROPUESTA DE TOMA EN CONSIDERACIÓN DE LA PROPOSICIÓN DE LEY RELATIVA A MODIFICACIÓN DE LA LEY 17/2007, DE 10 DE DICIEMBRE, DE EDUCACIÓN DE ANDALUCÍA",,,https://www.parlamentodeandalucia.es/webdinamica/portal-web-parlamento/pdf.do?tipodoc=diario&id=198534,https://www.parlamentodeandalucia.es/webdinamica/portal-web-parlamento/actividadparlamentaria/todaslasiniciativas/portipo.do?numexp=12-25%2FPPL-000006&accion=Ver+iniciativas&desdeanyo=&desdemes=&estado=&hastaanyo=&hastames=&legislatura=12&seleccion=publicadosen&sinpaginacion=1&situacion=&tipoespecifico=&tipogeneral=1,parlamento-andalucia-votacion-https-www-parlamentodeandalucia-es-webdinamica-portal-web-parlamento-pdf-do-tipodoc-diario-id-198534::vote:16
parliament-vote-impact-review-parlamento-andalucia-votacion-https-www-parlamentodeandalucia-es-webdinamica-portal-web-parlamento-pdf-do-tipodoc-diario-id-184594-6,45,92,parliament-vote-review-batch-004,,parlamento-andalucia-votacion-https-www-parlamentodeandalucia-es-webdinamica-portal-web-parlamento-pdf-do-tipodoc-diario-id-184594-6,10/07/2024,45,6,12-24/DL-000007,parlamento-andalucia-12-24-dl-000007,matched_official_initiative,DL,Decreto-ley,campo_agua,Campo y agua,official_initiative,si,87,6,12,0,109,"PP:si:si=57,no=0,abs=0; PSOE-A:si:si=30,no=0,abs=0; VOX:abstenciones:si=0,no=0,abs=12; PorA:no:si=0,no=4,abs=0; ADELANTE ANDALUCIA:no:si=0,no=2,abs=0",needs_human_review,rule_triaged_needs_review,decree_law_validation_vote_passed,convalidacion de decreto-ley aprobada,high,,unreviewed,actor_not_attributed,parliament_vote_review_queue_only_no_public_claim,,"12-24/DL-000007, CONVALIDACIÓN O DEROGACIÓN DEL DECRETO-LEY 7/2024, DE 25 DE JUNIO, PARA RACIONALIZACIÓN Y EL USO EFICIENTE DEL AGUA EN EL SECTOR TURÍSTICO, DE MITIGACIÓN Y...",,,https://www.parlamentodeandalucia.es/webdinamica/portal-web-parlamento/pdf.do?tipodoc=diario&id=184594,https://www.parlamentodeandalucia.es/webdinamica/portal-web-parlamento/actividadparlamentaria/todaslasiniciativas/portipo.do?numexp=12-24%2FDL-000007&accion=Ver+iniciativas&desdeanyo=&desdemes=&estado=&hastaanyo=&hastames=&legislatura=12&seleccion=publicadosen&sinpaginacion=1&situacion=&tipoespecifico=&tipogeneral=1,parlamento-andalucia-votacion-https-www-parlamentodeandalucia-es-webdinamica-portal-web-parlamento-pdf-do-tipodoc-diario-id-184594::vote:6
parliament-vote-impact-review-parlamento-andalucia-votacion-https-www-parlamentodeandalucia-es-webdinamica-portal-web-parlamento-pdf-do-tipodoc-diario-id-184594-7,46,92,parliament-vote-review-batch-004,,parlamento-andalucia-votacion-https-www-parlamentodeandalucia-es-webdinamica-portal-web-parlamento-pdf-do-tipodoc-diario-id-184594-7,10/07/2024,45,7,12-24/DL-000007,parlamento-andalucia-12-24-dl-000007,matched_official_initiative,DL,Decreto-ley,campo_agua,Campo y agua,official_initiative,no,32,61,12,0,109,"PP:no:si=0,no=57,abs=0; PSOE-A:si:si=30,no=0,abs=0; VOX:abstenciones:si=0,no=0,abs=12; PorA:no:si=0,no=4,abs=0; ADELANTE ANDALUCIA:si:si=2,no=0,abs=0",needs_human_review,rule_triaged_needs_review,decree_law_validation_vote_not_passed_or_derogation_supported,voto no favorable en convalidacion de decreto-ley,high,,unreviewed,actor_not_attributed,parliament_vote_review_queue_only_no_public_claim,,"12-24/DL-000007, CONVALIDACIÓN O DEROGACIÓN DEL DECRETO-LEY 7/2024, DE 25 DE JUNIO, PARA RACIONALIZACIÓN Y EL USO EFICIENTE DEL AGUA EN EL SECTOR TURÍSTICO, DE MITIGACIÓN Y...",,,https://www.parlamentodeandalucia.es/webdinamica/portal-web-parlamento/pdf.do?tipodoc=diario&id=184594,https://www.parlamentodeandalucia.es/webdinamica/portal-web-parlamento/actividadparlamentaria/todaslasiniciativas/portipo.do?numexp=12-24%2FDL-000007&accion=Ver+iniciativas&desdeanyo=&desdemes=&estado=&hastaanyo=&hastames=&legislatura=12&seleccion=publicadosen&sinpaginacion=1&situacion=&tipoespecifico=&tipogeneral=1,parlamento-andalucia-votacion-https-www-parlamentodeandalucia-es-webdinamica-portal-web-parlamento-pdf-do-tipodoc-diario-id-184594::vote:7
parliament-vote-impact-review-parlamento-andalucia-votacion-https-www-parlamentodeandalucia-es-webdinamica-portal-web-parlamento-pdf-do-tipodoc-diario-id-183794-3,47,92,parliament-vote-review-batch-004,,parlamento-andalucia-votacion-https-www-parlamentodeandalucia-es-webdinamica-portal-web-parlamento-pdf-do-tipodoc-diario-id-183794-3,12/06/2024,43,3,12-23/PL-000004,parlamento-andalucia-12-23-pl-000004,matched_official_initiative,PL,Proyecto de Ley,sanidad,Sanidad,official_initiative,no,11,91,0,0,109,"PP:no:si=0,no=57,abs=0; PSOE-A:no:si=0,no=28,abs=0; VOX:si:si=11,no=0,abs=0; PorA:no:si=0,no=5,abs=0; ADELANTE ANDALUCIA:no:si=0,no=1,abs=0",needs_human_review,rule_triaged_needs_review,law_final_approval_vote_rejected,rechazo de aprobacion final de ley,high,,unreviewed,actor_not_attributed,parliament_vote_review_queue_only_no_public_claim,,"12-23/PL-000004, DEBATE FINAL DEL PROYECTO DE LEY DE CREACIÓN DEL INSTITUTO DE SALUD DE ANDALUCÍA",,,https://www.parlamentodeandalucia.es/webdinamica/portal-web-parlamento/pdf.do?tipodoc=diario&id=183794,https://www.parlamentodeandalucia.es/webdinamica/portal-web-parlamento/actividadparlamentaria/todaslasiniciativas/portipo.do?numexp=12-23%2FPL-000004&accion=Ver+iniciativas&desdeanyo=&desdemes=&estado=&hastaanyo=&hastames=&legislatura=12&seleccion=publicadosen&sinpaginacion=1&situacion=&tipoespecifico=&tipogeneral=1,parlamento-andalucia-votacion-https-www-parlamentodeandalucia-es-webdinamica-portal-web-parlamento-pdf-do-tipodoc-diario-id-183794::vote:3
parliament-vote-impact-review-parlamento-andalucia-votacion-https-www-parlamentodeandalucia-es-webdinamica-portal-web-parlamento-pdf-do-tipodoc-diario-id-183794-4,48,92,parliament-vote-review-batch-004,,parlamento-andalucia-votacion-https-www-parlamentodeandalucia-es-webdinamica-portal-web-parlamento-pdf-do-tipodoc-diario-id-183794-4,12/06/2024,43,4,12-23/PL-000004,parlamento-andalucia-12-23-pl-000004,matched_official_initiative,PL,Proyecto de Ley,sanidad,Sanidad,official_initiative,no,34,68,0,0,109,"PP:no:si=0,no=57,abs=0; PSOE-A:si:si=28,no=0,abs=0; VOX:no:si=0,no=11,abs=0; PorA:si:si=5,no=0,abs=0; ADELANTE ANDALUCIA:si:si=1,no=0,abs=0",needs_human_review,rule_triaged_needs_review,law_final_approval_vote_rejected,rechazo de aprobacion final de ley,high,,unreviewed,actor_not_attributed,parliament_vote_review_queue_only_no_public_claim,,"12-23/PL-000004, DEBATE FINAL DEL PROYECTO DE LEY DE CREACIÓN DEL INSTITUTO DE SALUD DE ANDALUCÍA",,,https://www.parlamentodeandalucia.es/webdinamica/portal-web-parlamento/pdf.do?tipodoc=diario&id=183794,https://www.parlamentodeandalucia.es/webdinamica/portal-web-parlamento/actividadparlamentaria/todaslasiniciativas/portipo.do?numexp=12-23%2FPL-000004&accion=Ver+iniciativas&desdeanyo=&desdemes=&estado=&hastaanyo=&hastames=&legislatura=12&seleccion=publicadosen&sinpaginacion=1&situacion=&tipoespecifico=&tipogeneral=1,parlamento-andalucia-votacion-https-www-parlamentodeandalucia-es-webdinamica-portal-web-parlamento-pdf-do-tipodoc-diario-id-183794::vote:4
parliament-vote-impact-review-parlamento-andalucia-votacion-https-www-parlamentodeandalucia-es-webdinamica-portal-web-parlamento-pdf-do-tipodoc-diario-id-183794-5,49,92,parliament-vote-review-batch-005,,parlamento-andalucia-votacion-https-www-parlamentodeandalucia-es-webdinamica-portal-web-parlamento-pdf-do-tipodoc-diario-id-183794-5,12/06/2024,43,5,12-23/PL-000004,parlamento-andalucia-12-23-pl-000004,matched_official_initiative,PL,Proyecto de Ley,sanidad,Sanidad,official_initiative,si,57,34,11,0,109,"PP:si:si=57,no=0,abs=0; PSOE-A:no:si=0,no=28,abs=0; VOX:abstenciones:si=0,no=0,abs=11; PorA:no:si=0,no=5,abs=0; ADELANTE ANDALUCIA:no:si=0,no=1,abs=0",needs_human_review,rule_triaged_needs_review,law_final_approval_vote_passed,aprobacion final de ley,high,,unreviewed,actor_not_attributed,parliament_vote_review_queue_only_no_public_claim,,"12-23/PL-000004, DEBATE FINAL DEL PROYECTO DE LEY DE CREACIÓN DEL INSTITUTO DE SALUD DE ANDALUCÍA",,,https://www.parlamentodeandalucia.es/webdinamica/portal-web-parlamento/pdf.do?tipodoc=diario&id=183794,https://www.parlamentodeandalucia.es/webdinamica/portal-web-parlamento/actividadparlamentaria/todaslasiniciativas/portipo.do?numexp=12-23%2FPL-000004&accion=Ver+iniciativas&desdeanyo=&desdemes=&estado=&hastaanyo=&hastames=&legislatura=12&seleccion=publicadosen&sinpaginacion=1&situacion=&tipoespecifico=&tipogeneral=1,parlamento-andalucia-votacion-https-www-parlamentodeandalucia-es-webdinamica-portal-web-parlamento-pdf-do-tipodoc-diario-id-183794::vote:5
parliament-vote-impact-review-parlamento-andalucia-votacion-https-www-parlamentodeandalucia-es-webdinamica-portal-web-parlamento-pdf-do-tipodoc-diario-id-174674-9,50,92,parliament-vote-review-batch-005,,parlamento-andalucia-votacion-https-www-parlamentodeandalucia-es-webdinamica-portal-web-parlamento-pdf-do-tipodoc-diario-id-174674-9,29/06/2023,23,9,12-22/PL-000004,parlamento-andalucia-12-22-pl-000004,matched_official_initiative,PL,Proyecto de Ley,seguridad_libertades,Seguridad y libertades,official_initiative,si,56,50,0,0,109,"PP:si:si=56,no=0,abs=0; PSOE-A:no:si=0,no=30,abs=0; VOX:no:si=0,no=14,abs=0; PorA:no:si=0,no=4,abs=0; ADELANTE ANDALUCIA:no:si=0,no=2,abs=0",needs_human_review,rule_triaged_needs_review,law_final_approval_vote_passed,aprobacion final de ley,high,,unreviewed,actor_not_attributed,parliament_vote_review_queue_only_no_public_claim,,"12-22/PL-000004, DEBATE FINAL DEL PROYECTO DE LEY DE POLICÍAS LOCALES DE ANDALUCÍA",,,https://www.parlamentodeandalucia.es/webdinamica/portal-web-parlamento/pdf.do?tipodoc=diario&id=174674,https://www.parlamentodeandalucia.es/webdinamica/portal-web-parlamento/actividadparlamentaria/todaslasiniciativas/portipo.do?numexp=12-22%2FPL-000004&accion=Ver+iniciativas&desdeanyo=&desdemes=&estado=&hastaanyo=&hastames=&legislatura=12&seleccion=publicadosen&sinpaginacion=1&situacion=&tipoespecifico=&tipogeneral=1,parlamento-andalucia-votacion-https-www-parlamentodeandalucia-es-webdinamica-portal-web-parlamento-pdf-do-tipodoc-diario-id-174674::vote:9
parliament-vote-impact-review-parlamento-andalucia-votacion-https-www-parlamentodeandalucia-es-webdinamica-portal-web-parlamento-pdf-do-tipodoc-diario-id-194954-1,51,91,parliament-vote-review-batch-005,,parlamento-andalucia-votacion-https-www-parlamentodeandalucia-es-webdinamica-portal-web-parlamento-pdf-do-tipodoc-diario-id-194954-1,23/07/2025,67,1,12-25/PPL-000002,parlamento-andalucia-12-25-ppl-000002,matched_official_initiative,PPL,Proposicion de Ley,educacion,Educacion,official_initiative,no,36,57,13,0,109,"PP:no:si=0,no=57,abs=0; PSOE-A:si:si=29,no=0,abs=0; VOX:abstenciones:si=0,no=0,abs=13; PorA:si:si=5,no=0,abs=0; ADELANTE ANDALUCIA:si:si=2,no=0,abs=0",needs_human_review,rule_triaged_needs_review,bill_consideration_vote_rejected,toma en consideracion rechazada,medium,,unreviewed,actor_not_attributed,parliament_vote_review_queue_only_no_public_claim,,"12-25/PPL-000002, PROPUESTA DE TOMA EN CONSIDERACIÓN DE LA PROPOSICIÓN DE LEY DEL DERECHO AL COMEDOR ESCOLAR EN LA EDUCACIÓN PÚBLICA ANDALUZA",,,https://www.parlamentodeandalucia.es/webdinamica/portal-web-parlamento/pdf.do?tipodoc=diario&id=194954,https://www.parlamentodeandalucia.es/webdinamica/portal-web-parlamento/actividadparlamentaria/todaslasiniciativas/portipo.do?numexp=12-25%2FPPL-000002&accion=Ver+iniciativas&desdeanyo=&desdemes=&estado=&hastaanyo=&hastames=&legislatura=12&seleccion=publicadosen&sinpaginacion=1&situacion=&tipoespecifico=&tipogeneral=1,parlamento-andalucia-votacion-https-www-parlamentodeandalucia-es-webdinamica-portal-web-parlamento-pdf-do-tipodoc-diario-id-194954::vote:1
parliament-vote-impact-review-parlamento-andalucia-votacion-https-www-parlamentodeandalucia-es-webdinamica-portal-web-parlamento-pdf-do-tipodoc-diario-id-191796-1,52,91,parliament-vote-review-batch-005,,parlamento-andalucia-votacion-https-www-parlamentodeandalucia-es-webdinamica-portal-web-parlamento-pdf-do-tipodoc-diario-id-191796-1,19/03/2025,58,1,12-24/PPL-000003,parlamento-andalucia-12-24-ppl-000003,matched_official_initiative,PPL,Proposicion de Ley,sanidad,Sanidad,official_initiative,no,37,71,0,0,109,"PP:no:si=0,no=57,abs=0; PSOE-A:si:si=30,no=0,abs=0; VOX:no:si=0,no=14,abs=0; PorA:si:si=5,no=0,abs=0; ADELANTE ANDALUCIA:si:si=2,no=0,abs=0",needs_human_review,rule_triaged_needs_review,bill_consideration_vote_rejected,toma en consideracion rechazada,medium,,unreviewed,actor_not_attributed,parliament_vote_review_queue_only_no_public_claim,,"12-24/PPL-000003, PROPUESTA DE TOMA EN CONSIDERACIÓN DE LA PROPOSICIÓN DE LEY RELATIVA A REFUERZO DE LA OBLIGACIÓN DE EXCLUSIÓN DE ALTOS CARGOS EN SITUACIÓN DE INCOMPATIBILIDAD...",,,https://www.parlamentodeandalucia.es/webdinamica/portal-web-parlamento/pdf.do?tipodoc=diario&id=191796,https://www.parlamentodeandalucia.es/webdinamica/portal-web-parlamento/actividadparlamentaria/todaslasiniciativas/portipo.do?numexp=12-24%2FPPL-000003&accion=Ver+iniciativas&desdeanyo=&desdemes=&estado=&hastaanyo=&hastames=&legislatura=12&seleccion=publicadosen&sinpaginacion=1&situacion=&tipoespecifico=&tipogeneral=1,parlamento-andalucia-votacion-https-www-parlamentodeandalucia-es-webdinamica-portal-web-parlamento-pdf-do-tipodoc-diario-id-191796::vote:1
parliament-vote-impact-review-parlamento-andalucia-votacion-https-www-parlamentodeandalucia-es-webdinamica-portal-web-parlamento-pdf-do-tipodoc-diario-id-188394-1,53,91,parliament-vote-review-batch-005,,parlamento-andalucia-votacion-https-www-parlamentodeandalucia-es-webdinamica-portal-web-parlamento-pdf-do-tipodoc-diario-id-188394-1,18/12/2024,54,1,12-24/DL-000008,parlamento-andalucia-12-24-dl-000008,matched_official_initiative,DL,Decreto-ley,fiscalidad,Fiscalidad,official_initiative,si,104,0,2,0,109,"PP:si:si=58,no=0,abs=0; PSOE-A:si:si=29,no=0,abs=0; VOX:si:si=12,no=0,abs=0; PorA:si:si=5,no=0,abs=0; ADELANTE ANDALUCIA:abstenciones:si=0,no=0,abs=2",needs_human_review,rule_triaged_needs_review,decree_law_validation_vote_passed,convalidacion de decreto-ley aprobada,high,,unreviewed,actor_not_attributed,parliament_vote_review_queue_only_no_public_claim,,"12-24/DL-000008, CONVALIDACIÓN O DEROGACIÓN DEL DECRETO-LEY 8/2024 DE 5 DE DICIEMBRE DE 2024, POR EL QUE SE ADOPTAN CON CARÁCTER URGENTE MEDIDAS DE AGILIZACIÓN DE PAGOS...",,,https://www.parlamentodeandalucia.es/webdinamica/portal-web-parlamento/pdf.do?tipodoc=diario&id=188394,https://www.parlamentodeandalucia.es/webdinamica/portal-web-parlamento/actividadparlamentaria/todaslasiniciativas/portipo.do?numexp=12-24%2FDL-000008&accion=Ver+iniciativas&desdeanyo=&desdemes=&estado=&hastaanyo=&hastames=&legislatura=12&seleccion=publicadosen&sinpaginacion=1&situacion=&tipoespecifico=&tipogeneral=1,parlamento-andalucia-votacion-https-www-parlamentodeandalucia-es-webdinamica-portal-web-parlamento-pdf-do-tipodoc-diario-id-188394::vote:1
parliament-vote-impact-review-parlamento-andalucia-votacion-https-www-parlamentodeandalucia-es-webdinamica-portal-web-parlamento-pdf-do-tipodoc-diario-id-184894-1,54,91,parliament-vote-review-batch-005,,parlamento-andalucia-votacion-https-www-parlamentodeandalucia-es-webdinamica-portal-web-parlamento-pdf-do-tipodoc-diario-id-184894-1,24/07/2024,46,1,12-24/PL-000002,parlamento-andalucia-12-24-pl-000002,matched_official_initiative,PL,Proyecto de Ley,educacion,Educacion,official_initiative,si,71,37,0,0,109,"PP:si:si=58,no=0,abs=0; PSOE-A:no:si=0,no=30,abs=0; VOX:si:si=13,no=0,abs=0; PorA:no:si=0,no=5,abs=0; ADELANTE ANDALUCIA:no:si=0,no=2,abs=0",needs_human_review,rule_triaged_needs_review,legislative_bill_vote_passed,voto legislativo aprobado,medium,,unreviewed,actor_not_attributed,parliament_vote_review_queue_only_no_public_claim,,"12-24/PL-000002, PROYECTO DE LEY DE RECONOCIMIENTO DE LA UNIVERSIDAD PRIVADA UNIVERSIDAD ALFONSO X EL SABIO MARE NOSTRUM",,,https://www.parlamentodeandalucia.es/webdinamica/portal-web-parlamento/pdf.do?tipodoc=diario&id=184894,https://www.parlamentodeandalucia.es/webdinamica/portal-web-parlamento/actividadparlamentaria/todaslasiniciativas/portipo.do?numexp=12-24%2FPL-000002&accion=Ver+iniciativas&desdeanyo=&desdemes=&estado=&hastaanyo=&hastames=&legislatura=12&seleccion=publicadosen&sinpaginacion=1&situacion=&tipoespecifico=&tipogeneral=1,parlamento-andalucia-votacion-https-www-parlamentodeandalucia-es-webdinamica-portal-web-parlamento-pdf-do-tipodoc-diario-id-184894::vote:1
parliament-vote-impact-review-parlamento-andalucia-votacion-https-www-parlamentodeandalucia-es-webdinamica-portal-web-parlamento-pdf-do-tipodoc-diario-id-184894-2,55,91,parliament-vote-review-batch-005,,parlamento-andalucia-votacion-https-www-parlamentodeandalucia-es-webdinamica-portal-web-parlamento-pdf-do-tipodoc-diario-id-184894-2,24/07/2024,46,2,12-24/PL-000003,parlamento-andalucia-12-24-pl-000003,matched_official_initiative,PL,Proyecto de Ley,educacion,Educacion,official_initiative,si,71,37,0,0,109,"PP:si:si=58,no=0,abs=0; PSOE-A:no:si=0,no=30,abs=0; VOX:si:si=13,no=0,abs=0; PorA:no:si=0,no=5,abs=0; ADELANTE ANDALUCIA:no:si=0,no=2,abs=0",needs_human_review,rule_triaged_needs_review,legislative_bill_vote_passed,voto legislativo aprobado,medium,,unreviewed,actor_not_attributed,parliament_vote_review_queue_only_no_public_claim,,"12-24/PL-000003, PROYECTO DE LEY DE RECONOCIMIENTO DE LA UNIVERSIDAD PRIVADA UNIVERSIDAD EUROPEA DE ANDALUCÍA",,,https://www.parlamentodeandalucia.es/webdinamica/portal-web-parlamento/pdf.do?tipodoc=diario&id=184894,https://www.parlamentodeandalucia.es/webdinamica/portal-web-parlamento/actividadparlamentaria/todaslasiniciativas/portipo.do?numexp=12-24%2FPL-000003&accion=Ver+iniciativas&desdeanyo=&desdemes=&estado=&hastaanyo=&hastames=&legislatura=12&seleccion=publicadosen&sinpaginacion=1&situacion=&tipoespecifico=&tipogeneral=1,parlamento-andalucia-votacion-https-www-parlamentodeandalucia-es-webdinamica-portal-web-parlamento-pdf-do-tipodoc-diario-id-184894::vote:2
parliament-vote-impact-review-parlamento-andalucia-votacion-https-www-parlamentodeandalucia-es-webdinamica-portal-web-parlamento-pdf-do-tipodoc-diario-id-197174-24,56,90,parliament-vote-review-batch-005,,parlamento-andalucia-votacion-https-www-parlamentodeandalucia-es-webdinamica-portal-web-parlamento-pdf-do-tipodoc-diario-id-197174-24,23/10/2025,71,24,12-25/PNLP-000107,,not_found_in_official_initiative_index,PNLP,Proposicion no de Ley en Pleno,educacion,Educacion,vote_title_keyword_triage,no,51,55,0,0,109,"PP:no:si=0,no=55,abs=0; PSOE-A:si:si=30,no=0,abs=0; VOX:si:si=14,no=0,abs=0; PorA:si:si=5,no=0,abs=0; ADELANTE ANDALUCIA:si:si=2,no=0,abs=0",needs_human_review,rule_triaged_needs_review,nonbinding_resolution_vote_rejected,resolucion no vinculante rechazada,medium,,unreviewed,actor_not_attributed,parliament_vote_review_queue_only_no_public_claim,,"12-25/PNLP-000107, PROPOSICIÓN NO DE LEY EN PLENO RELATIVA A REFORZAR LA FORMACIÓN PROFESIONAL PÚBLICA EN ANDALUCÍA Y LIMITAR LA PRIVATIZACIÓN",,,https://www.parlamentodeandalucia.es/webdinamica/portal-web-parlamento/pdf.do?tipodoc=diario&id=197174,,parlamento-andalucia-votacion-https-www-parlamentodeandalucia-es-webdinamica-portal-web-parlamento-pdf-do-tipodoc-diario-id-197174::vote:24
parliament-vote-impact-review-parlamento-andalucia-votacion-https-www-parlamentodeandalucia-es-webdinamica-portal-web-parlamento-pdf-do-tipodoc-diario-id-182834-3,57,90,parliament-vote-review-batch-005,,parlamento-andalucia-votacion-https-www-parlamentodeandalucia-es-webdinamica-portal-web-parlamento-pdf-do-tipodoc-diario-id-182834-3,16/05/2024,41,3,12-24/PL-000002,parlamento-andalucia-12-24-pl-000002,matched_official_initiative,PL,Proyecto de Ley,educacion,Educacion,official_initiative,no,35,67,0,0,109,"PP:no:si=0,no=55,abs=0; PSOE-A:si:si=28,no=0,abs=0; VOX:no:si=0,no=12,abs=0; PorA:si:si=5,no=0,abs=0; ADELANTE ANDALUCIA:si:si=2,no=0,abs=0",needs_human_review,rule_triaged_needs_review,legislative_bill_vote_rejected,voto legislativo rechazado,medium,,unreviewed,actor_not_attributed,parliament_vote_review_queue_only_no_public_claim,,"DEBATE DE TOTALIDAD AGRUPADO DE LOS SIGUIENTES PROYECTOS DE LEY: 12-24/PL-000002, PROYECTO DE LEY DE RECONOCIMIENTO DE LA UNIVERSIDAD PRIVADA UNIVERSIDAD ALFONSO X EL SABIO MARE...",,,https://www.parlamentodeandalucia.es/webdinamica/portal-web-parlamento/pdf.do?tipodoc=diario&id=182834,https://www.parlamentodeandalucia.es/webdinamica/portal-web-parlamento/actividadparlamentaria/todaslasiniciativas/portipo.do?numexp=12-24%2FPL-000002&accion=Ver+iniciativas&desdeanyo=&desdemes=&estado=&hastaanyo=&hastames=&legislatura=12&seleccion=publicadosen&sinpaginacion=1&situacion=&tipoespecifico=&tipogeneral=1,parlamento-andalucia-votacion-https-www-parlamentodeandalucia-es-webdinamica-portal-web-parlamento-pdf-do-tipodoc-diario-id-182834::vote:3
parliament-vote-impact-review-parlamento-andalucia-votacion-https-www-parlamentodeandalucia-es-webdinamica-portal-web-parlamento-pdf-do-tipodoc-diario-id-182834-4,58,90,parliament-vote-review-batch-005,,parlamento-andalucia-votacion-https-www-parlamentodeandalucia-es-webdinamica-portal-web-parlamento-pdf-do-tipodoc-diario-id-182834-4,16/05/2024,41,4,12-24/PL-000002,parlamento-andalucia-12-24-pl-000002,matched_official_initiative,PL,Proyecto de Ley,educacion,Educacion,official_initiative,no,36,67,0,0,109,"PP:no:si=0,no=55,abs=0; PSOE-A:si:si=29,no=0,abs=0; VOX:no:si=0,no=12,abs=0; PorA:si:si=5,no=0,abs=0; ADELANTE ANDALUCIA:si:si=2,no=0,abs=0",needs_human_review,rule_triaged_needs_review,legislative_bill_vote_rejected,voto legislativo rechazado,medium,,unreviewed,actor_not_attributed,parliament_vote_review_queue_only_no_public_claim,,"DEBATE DE TOTALIDAD AGRUPADO DE LOS SIGUIENTES PROYECTOS DE LEY: 12-24/PL-000002, PROYECTO DE LEY DE RECONOCIMIENTO DE LA UNIVERSIDAD PRIVADA UNIVERSIDAD ALFONSO X EL SABIO MARE...",,,https://www.parlamentodeandalucia.es/webdinamica/portal-web-parlamento/pdf.do?tipodoc=diario&id=182834,https://www.parlamentodeandalucia.es/webdinamica/portal-web-parlamento/actividadparlamentaria/todaslasiniciativas/portipo.do?numexp=12-24%2FPL-000002&accion=Ver+iniciativas&desdeanyo=&desdemes=&estado=&hastaanyo=&hastames=&legislatura=12&seleccion=publicadosen&sinpaginacion=1&situacion=&tipoespecifico=&tipogeneral=1,parlamento-andalucia-votacion-https-www-parlamentodeandalucia-es-webdinamica-portal-web-parlamento-pdf-do-tipodoc-diario-id-182834::vote:4
parliament-vote-impact-review-parlamento-andalucia-votacion-https-www-parlamentodeandalucia-es-webdinamica-portal-web-parlamento-pdf-do-tipodoc-diario-id-179895-2,59,90,parliament-vote-review-batch-005,,parlamento-andalucia-votacion-https-www-parlamentodeandalucia-es-webdinamica-portal-web-parlamento-pdf-do-tipodoc-diario-id-179895-2,07/02/2024,34,2,12-24/DL-000002,parlamento-andalucia-12-24-dl-000002,matched_official_initiative,DL,Decreto-ley,campo_agua,Campo y agua,official_initiative,si,100,1,4,1,108,"PP:si:si=58,no=0,abs=0; PSOE-A:si:si=29,no=0,abs=0; VOX:si:si=13,no=0,abs=0; PorA:abstenciones:si=0,no=0,abs=4; ADELANTE ANDALUCIA:no:si=0,no=1,abs=0",needs_human_review,rule_triaged_needs_review,decree_law_validation_vote_passed,convalidacion de decreto-ley aprobada,high,,unreviewed,actor_not_attributed,parliament_vote_review_queue_only_no_public_claim,,"12-24/DL-000002, CONVALIDACIÓN O DEROGACIÓN DEL DECRETO-LEY 2/2024, DE 29 DE ENERO, POR EL QUE SE APRUEBAN MEDIDAS ADICIONALES PARA PALIAR LOS EFECTOS PRODUCIDOS POR LA SITUACIÓN...",,,https://www.parlamentodeandalucia.es/webdinamica/portal-web-parlamento/pdf.do?tipodoc=diario&id=179895,https://www.parlamentodeandalucia.es/webdinamica/portal-web-parlamento/actividadparlamentaria/todaslasiniciativas/portipo.do?numexp=12-24%2FDL-000002&accion=Ver+iniciativas&desdeanyo=&desdemes=&estado=&hastaanyo=&hastames=&legislatura=12&seleccion=publicadosen&sinpaginacion=1&situacion=&tipoespecifico=&tipogeneral=1,parlamento-andalucia-votacion-https-www-parlamentodeandalucia-es-webdinamica-portal-web-parlamento-pdf-do-tipodoc-diario-id-179895::vote:2
parliament-vote-impact-review-parlamento-andalucia-votacion-https-www-parlamentodeandalucia-es-webdinamica-portal-web-parlamento-pdf-do-tipodoc-diario-id-178954-3,60,90,parliament-vote-review-batch-005,,parlamento-andalucia-votacion-https-www-parlamentodeandalucia-es-webdinamica-portal-web-parlamento-pdf-do-tipodoc-diario-id-178954-3,13/12/2023,32,3,12-23/PL-000004,parlamento-andalucia-12-23-pl-000004,matched_official_initiative,PL,Proyecto de Ley,sanidad,Sanidad,official_initiative,no,37,69,0,0,109,"PP:no:si=0,no=57,abs=0; PSOE-A:si:si=30,no=0,abs=0; VOX:no:si=0,no=12,abs=0; PorA:si:si=5,no=0,abs=0; ADELANTE ANDALUCIA:si:si=2,no=0,abs=0",needs_human_review,rule_triaged_needs_review,legislative_bill_vote_rejected,voto legislativo rechazado,medium,,unreviewed,actor_not_attributed,parliament_vote_review_queue_only_no_public_claim,,"12-23/PL-000004, DEBATE DE TOTALIDAD DEL PROYECTO DE LEY DE CREACIÓN DEL INSTITUTO DE SALUD DE ANDALUCÍA",,,https://www.parlamentodeandalucia.es/webdinamica/portal-web-parlamento/pdf.do?tipodoc=diario&id=178954,https://www.parlamentodeandalucia.es/webdinamica/portal-web-parlamento/actividadparlamentaria/todaslasiniciativas/portipo.do?numexp=12-23%2FPL-000004&accion=Ver+iniciativas&desdeanyo=&desdemes=&estado=&hastaanyo=&hastames=&legislatura=12&seleccion=publicadosen&sinpaginacion=1&situacion=&tipoespecifico=&tipogeneral=1,parlamento-andalucia-votacion-https-www-parlamentodeandalucia-es-webdinamica-portal-web-parlamento-pdf-do-tipodoc-diario-id-178954::vote:3
parliament-vote-impact-review-parlamento-andalucia-votacion-https-www-parlamentodeandalucia-es-webdinamica-portal-web-parlamento-pdf-do-tipodoc-diario-id-178155-1,61,90,parliament-vote-review-batch-006,,parlamento-andalucia-votacion-https-www-parlamentodeandalucia-es-webdinamica-portal-web-parlamento-pdf-do-tipodoc-diario-id-178155-1,15/11/2023,30,1,12-23/DL-000008,parlamento-andalucia-12-23-dl-000008,matched_official_initiative,DL,Decreto-ley,educacion,Educacion,official_initiative,si,103,0,2,0,109,"PP:si:si=56,no=0,abs=0; PSOE-A:si:si=30,no=0,abs=0; VOX:si:si=12,no=0,abs=0; PorA:si:si=5,no=0,abs=0; ADELANTE ANDALUCIA:abstenciones:si=0,no=0,abs=2",needs_human_review,rule_triaged_needs_review,decree_law_validation_vote_passed,convalidacion de decreto-ley aprobada,high,,unreviewed,actor_not_attributed,parliament_vote_review_queue_only_no_public_claim,,"12-23/DL-000008, CONVALIDACIÓN O DEROGACIÓN DEL DECRETO-LEY 8/2023, DE 24 DE OCTUBRE, POR EL QUE SE MODIFICA EL ARTÍCULO 40 DEL TEXTO REFUNDIDO DE LA LEY ANDALUZA...",,,https://www.parlamentodeandalucia.es/webdinamica/portal-web-parlamento/pdf.do?tipodoc=diario&id=178155,https://www.parlamentodeandalucia.es/webdinamica/portal-web-parlamento/actividadparlamentaria/todaslasiniciativas/portipo.do?numexp=12-23%2FDL-000008&accion=Ver+iniciativas&desdeanyo=&desdemes=&estado=&hastaanyo=&hastames=&legislatura=12&seleccion=publicadosen&sinpaginacion=1&situacion=&tipoespecifico=&tipogeneral=1,parlamento-andalucia-votacion-https-www-parlamentodeandalucia-es-webdinamica-portal-web-parlamento-pdf-do-tipodoc-diario-id-178155::vote:1
parliament-vote-impact-review-parlamento-andalucia-votacion-https-www-parlamentodeandalucia-es-webdinamica-portal-web-parlamento-pdf-do-tipodoc-diario-id-201694-1,62,89,parliament-vote-review-batch-006,,parlamento-andalucia-votacion-https-www-parlamentodeandalucia-es-webdinamica-portal-web-parlamento-pdf-do-tipodoc-diario-id-201694-1,25/02/2026,78,1,12-25/PL-000009,parlamento-andalucia-12-25-pl-000009,matched_official_initiative,PL,Proyecto de Ley,energia_clima,Energia y clima,reviewed_issue_label_seed,no,13,93,0,0,109,"PP:no:si=0,no=56,abs=0; PSOE-A:no:si=0,no=30,abs=0; VOX:si:si=13,no=0,abs=0; PorA:no:si=0,no=5,abs=0; ADELANTE ANDALUCIA:no:si=0,no=2,abs=0",reviewed_vote_result_only,observed_rejection_vote,law_final_approval_vote_rejected,rechazo de aprobacion final de ley,high,,outcome_not_reviewed,party_positions_observed,reviewed_legislative_vote_signal_no_merit_claim,,"12-25/PL-000009, DEBATE FINAL DEL PROYECTO DE LEY PARA LA GESTIÓN AMBIENTAL DE ANDALUCÍA",,,https://www.parlamentodeandalucia.es/webdinamica/portal-web-parlamento/pdf.do?tipodoc=diario&id=201694,https://www.parlamentodeandalucia.es/webdinamica/portal-web-parlamento/actividadparlamentaria/todaslasiniciativas/portipo.do?numexp=12-25%2FPL-000009&accion=Ver+iniciativas&desdeanyo=&desdemes=&estado=&hastaanyo=&hastames=&legislatura=12&seleccion=publicadosen&sinpaginacion=1&situacion=&tipoespecifico=&tipogeneral=1,parlamento-andalucia-votacion-https-www-parlamentodeandalucia-es-webdinamica-portal-web-parlamento-pdf-do-tipodoc-diario-id-201694::vote:1
parliament-vote-impact-review-parlamento-andalucia-votacion-https-www-parlamentodeandalucia-es-webdinamica-portal-web-parlamento-pdf-do-tipodoc-diario-id-201694-10,63,89,parliament-vote-review-batch-006,,parlamento-andalucia-votacion-https-www-parlamentodeandalucia-es-webdinamica-portal-web-parlamento-pdf-do-tipodoc-diario-id-201694-10,25/02/2026,78,10,12-25/PL-000010,parlamento-andalucia-12-25-pl-000010,matched_official_initiative,PL,Proyecto de Ley,campo_agua,Campo y agua,reviewed_issue_label_seed,si,93,13,0,0,109,"PP:si:si=56,no=0,abs=0; PSOE-A:si:si=30,no=0,abs=0; VOX:no:si=0,no=13,abs=0; PorA:si:si=5,no=0,abs=0; ADELANTE ANDALUCIA:si:si=2,no=0,abs=0",reviewed_vote_result_only,observed_approval_vote,law_final_approval_vote_passed,aprobacion final de ley,high,,outcome_not_reviewed,party_positions_observed,reviewed_legislative_vote_signal_no_merit_claim,,"12-25/PL-000010, DEBATE FINAL DEL PROYECTO DE LEY DE MONTES DE ANDALUCÍA",,,https://www.parlamentodeandalucia.es/webdinamica/portal-web-parlamento/pdf.do?tipodoc=diario&id=201694,https://www.parlamentodeandalucia.es/webdinamica/portal-web-parlamento/actividadparlamentaria/todaslasiniciativas/portipo.do?numexp=12-25%2FPL-000010&accion=Ver+iniciativas&desdeanyo=&desdemes=&estado=&hastaanyo=&hastames=&legislatura=12&seleccion=publicadosen&sinpaginacion=1&situacion=&tipoespecifico=&tipogeneral=1,parlamento-andalucia-votacion-https-www-parlamentodeandalucia-es-webdinamica-portal-web-parlamento-pdf-do-tipodoc-diario-id-201694::vote:10
parliament-vote-impact-review-parlamento-andalucia-votacion-https-www-parlamentodeandalucia-es-webdinamica-portal-web-parlamento-pdf-do-tipodoc-diario-id-201694-11,64,89,parliament-vote-review-batch-006,,parlamento-andalucia-votacion-https-www-parlamentodeandalucia-es-webdinamica-portal-web-parlamento-pdf-do-tipodoc-diario-id-201694-11,25/02/2026,78,11,12-25/PL-000010,parlamento-andalucia-12-25-pl-000010,matched_official_initiative,PL,Proyecto de Ley,sin_tema,Sin tema,no_topic_signal,no,37,69,0,0,109,"PP:no:si=0,no=56,abs=0; PSOE-A:si:si=30,no=0,abs=0; VOX:no:si=0,no=13,abs=0; PorA:si:si=5,no=0,abs=0; ADELANTE ANDALUCIA:si:si=2,no=0,abs=0",needs_human_review,rule_triaged_needs_review,law_final_approval_vote_rejected,rechazo de aprobacion final de ley,high,,unreviewed,actor_not_attributed,parliament_vote_review_queue_only_no_public_claim,,"12-25/PL-000010, DEBATE FINAL DEL PROYECTO DE LEY DE MONTES DE ANDALUCÍA",,,https://www.parlamentodeandalucia.es/webdinamica/portal-web-parlamento/pdf.do?tipodoc=diario&id=201694,https://www.parlamentodeandalucia.es/webdinamica/portal-web-parlamento/actividadparlamentaria/todaslasiniciativas/portipo.do?numexp=12-25%2FPL-000010&accion=Ver+iniciativas&desdeanyo=&desdemes=&estado=&hastaanyo=&hastames=&legislatura=12&seleccion=publicadosen&sinpaginacion=1&situacion=&tipoespecifico=&tipogeneral=1,parlamento-andalucia-votacion-https-www-parlamentodeandalucia-es-webdinamica-portal-web-parlamento-pdf-do-tipodoc-diario-id-201694::vote:11
parliament-vote-impact-review-parlamento-andalucia-votacion-https-www-parlamentodeandalucia-es-webdinamica-portal-web-parlamento-pdf-do-tipodoc-diario-id-201694-2,65,89,parliament-vote-review-batch-006,,parlamento-andalucia-votacion-https-www-parlamentodeandalucia-es-webdinamica-portal-web-parlamento-pdf-do-tipodoc-diario-id-201694-2,25/02/2026,78,2,12-25/PL-000009,parlamento-andalucia-12-25-pl-000009,matched_official_initiative,PL,Proyecto de Ley,sin_tema,Sin tema,no_topic_signal,si,93,13,0,0,109,"PP:si:si=56,no=0,abs=0; PSOE-A:si:si=30,no=0,abs=0; VOX:no:si=0,no=13,abs=0; PorA:si:si=5,no=0,abs=0; ADELANTE ANDALUCIA:si:si=2,no=0,abs=0",needs_human_review,rule_triaged_needs_review,law_final_approval_vote_passed,aprobacion final de ley,high,,unreviewed,actor_not_attributed,parliament_vote_review_queue_only_no_public_claim,,"12-25/PL-000009, DEBATE FINAL DEL PROYECTO DE LEY PARA LA GESTIÓN AMBIENTAL DE ANDALUCÍA",,,https://www.parlamentodeandalucia.es/webdinamica/portal-web-parlamento/pdf.do?tipodoc=diario&id=201694,https://www.parlamentodeandalucia.es/webdinamica/portal-web-parlamento/actividadparlamentaria/todaslasiniciativas/portipo.do?numexp=12-25%2FPL-000009&accion=Ver+iniciativas&desdeanyo=&desdemes=&estado=&hastaanyo=&hastames=&legislatura=12&seleccion=publicadosen&sinpaginacion=1&situacion=&tipoespecifico=&tipogeneral=1,parlamento-andalucia-votacion-https-www-parlamentodeandalucia-es-webdinamica-portal-web-parlamento-pdf-do-tipodoc-diario-id-201694::vote:2
parliament-vote-impact-review-parlamento-andalucia-votacion-https-www-parlamentodeandalucia-es-webdinamica-portal-web-parlamento-pdf-do-tipodoc-diario-id-201694-3,66,89,parliament-vote-review-batch-006,,parlamento-andalucia-votacion-https-www-parlamentodeandalucia-es-webdinamica-portal-web-parlamento-pdf-do-tipodoc-diario-id-201694-3,25/02/2026,78,3,12-25/PL-000009,parlamento-andalucia-12-25-pl-000009,matched_official_initiative,PL,Proyecto de Ley,sin_tema,Sin tema,no_topic_signal,si,93,13,0,0,109,"PP:si:si=56,no=0,abs=0; PSOE-A:si:si=30,no=0,abs=0; VOX:no:si=0,no=13,abs=0; PorA:si:si=5,no=0,abs=0; ADELANTE ANDALUCIA:si:si=2,no=0,abs=0",needs_human_review,rule_triaged_needs_review,law_final_approval_vote_passed,aprobacion final de ley,high,,unreviewed,actor_not_attributed,parliament_vote_review_queue_only_no_public_claim,,"12-25/PL-000009, DEBATE FINAL DEL PROYECTO DE LEY PARA LA GESTIÓN AMBIENTAL DE ANDALUCÍA",,,https://www.parlamentodeandalucia.es/webdinamica/portal-web-parlamento/pdf.do?tipodoc=diario&id=201694,https://www.parlamentodeandalucia.es/webdinamica/portal-web-parlamento/actividadparlamentaria/todaslasiniciativas/portipo.do?numexp=12-25%2FPL-000009&accion=Ver+iniciativas&desdeanyo=&desdemes=&estado=&hastaanyo=&hastames=&legislatura=12&seleccion=publicadosen&sinpaginacion=1&situacion=&tipoespecifico=&tipogeneral=1,parlamento-andalucia-votacion-https-www-parlamentodeandalucia-es-webdinamica-portal-web-parlamento-pdf-do-tipodoc-diario-id-201694::vote:3
parliament-vote-impact-review-parlamento-andalucia-votacion-https-www-parlamentodeandalucia-es-webdinamica-portal-web-parlamento-pdf-do-tipodoc-diario-id-201694-4,67,89,parliament-vote-review-batch-006,,parlamento-andalucia-votacion-https-www-parlamentodeandalucia-es-webdinamica-portal-web-parlamento-pdf-do-tipodoc-diario-id-201694-4,25/02/2026,78,4,12-25/PL-000009,parlamento-andalucia-12-25-pl-000009,matched_official_initiative,PL,Proyecto de Ley,sin_tema,Sin tema,no_topic_signal,no,37,69,0,0,109,"PP:no:si=0,no=56,abs=0; PSOE-A:si:si=30,no=0,abs=0; VOX:no:si=0,no=13,abs=0; PorA:si:si=5,no=0,abs=0; ADELANTE ANDALUCIA:si:si=2,no=0,abs=0",needs_human_review,rule_triaged_needs_review,law_final_approval_vote_rejected,rechazo de aprobacion final de ley,high,,unreviewed,actor_not_attributed,parliament_vote_review_queue_only_no_public_claim,,"12-25/PL-000009, DEBATE FINAL DEL PROYECTO DE LEY PARA LA GESTIÓN AMBIENTAL DE ANDALUCÍA",,,https://www.parlamentodeandalucia.es/webdinamica/portal-web-parlamento/pdf.do?tipodoc=diario&id=201694,https://www.parlamentodeandalucia.es/webdinamica/portal-web-parlamento/actividadparlamentaria/todaslasiniciativas/portipo.do?numexp=12-25%2FPL-000009&accion=Ver+iniciativas&desdeanyo=&desdemes=&estado=&hastaanyo=&hastames=&legislatura=12&seleccion=publicadosen&sinpaginacion=1&situacion=&tipoespecifico=&tipogeneral=1,parlamento-andalucia-votacion-https-www-parlamentodeandalucia-es-webdinamica-portal-web-parlamento-pdf-do-tipodoc-diario-id-201694::vote:4
parliament-vote-impact-review-parlamento-andalucia-votacion-https-www-parlamentodeandalucia-es-webdinamica-portal-web-parlamento-pdf-do-tipodoc-diario-id-201694-5,68,89,parliament-vote-review-batch-006,,parlamento-andalucia-votacion-https-www-parlamentodeandalucia-es-webdinamica-portal-web-parlamento-pdf-do-tipodoc-diario-id-201694-5,25/02/2026,78,5,12-25/PL-000009,parlamento-andalucia-12-25-pl-000009,matched_official_initiative,PL,Proyecto de Ley,sin_tema,Sin tema,no_topic_signal,no,37,69,0,0,109,"PP:no:si=0,no=56,abs=0; PSOE-A:si:si=30,no=0,abs=0; VOX:no:si=0,no=13,abs=0; PorA:si:si=5,no=0,abs=0; ADELANTE ANDALUCIA:si:si=2,no=0,abs=0",needs_human_review,rule_triaged_needs_review,law_final_approval_vote_rejected,rechazo de aprobacion final de ley,high,,unreviewed,actor_not_attributed,parliament_vote_review_queue_only_no_public_claim,,"12-25/PL-000009, DEBATE FINAL DEL PROYECTO DE LEY PARA LA GESTIÓN AMBIENTAL DE ANDALUCÍA",,,https://www.parlamentodeandalucia.es/webdinamica/portal-web-parlamento/pdf.do?tipodoc=diario&id=201694,https://www.parlamentodeandalucia.es/webdinamica/portal-web-parlamento/actividadparlamentaria/todaslasiniciativas/portipo.do?numexp=12-25%2FPL-000009&accion=Ver+iniciativas&desdeanyo=&desdemes=&estado=&hastaanyo=&hastames=&legislatura=12&seleccion=publicadosen&sinpaginacion=1&situacion=&tipoespecifico=&tipogeneral=1,parlamento-andalucia-votacion-https-www-parlamentodeandalucia-es-webdinamica-portal-web-parlamento-pdf-do-tipodoc-diario-id-201694::vote:5
parliament-vote-impact-review-parlamento-andalucia-votacion-https-www-parlamentodeandalucia-es-webdinamica-portal-web-parlamento-pdf-do-tipodoc-diario-id-201694-7,69,89,parliament-vote-review-batch-006,,parlamento-andalucia-votacion-https-www-parlamentodeandalucia-es-webdinamica-portal-web-parlamento-pdf-do-tipodoc-diario-id-201694-7,25/02/2026,78,7,12-25/PL-000010,parlamento-andalucia-12-25-pl-000010,matched_official_initiative,PL,Proyecto de Ley,sin_tema,Sin tema,no_topic_signal,si,69,7,30,0,109,"PP:si:si=56,no=0,abs=0; PSOE-A:abstenciones:si=0,no=0,abs=30; VOX:si:si=13,no=0,abs=0; PorA:no:si=0,no=5,abs=0; ADELANTE ANDALUCIA:no:si=0,no=2,abs=0",needs_human_review,rule_triaged_needs_review,law_final_approval_vote_passed,aprobacion final de ley,high,,unreviewed,actor_not_attributed,parliament_vote_review_queue_only_no_public_claim,,"12-25/PL-000010, DEBATE FINAL DEL PROYECTO DE LEY DE MONTES DE ANDALUCÍA",,,https://www.parlamentodeandalucia.es/webdinamica/portal-web-parlamento/pdf.do?tipodoc=diario&id=201694,https://www.parlamentodeandalucia.es/webdinamica/portal-web-parlamento/actividadparlamentaria/todaslasiniciativas/portipo.do?numexp=12-25%2FPL-000010&accion=Ver+iniciativas&desdeanyo=&desdemes=&estado=&hastaanyo=&hastames=&legislatura=12&seleccion=publicadosen&sinpaginacion=1&situacion=&tipoespecifico=&tipogeneral=1,parlamento-andalucia-votacion-https-www-parlamentodeandalucia-es-webdinamica-portal-web-parlamento-pdf-do-tipodoc-diario-id-201694::vote:7
parliament-vote-impact-review-parlamento-andalucia-votacion-https-www-parlamentodeandalucia-es-webdinamica-portal-web-parlamento-pdf-do-tipodoc-diario-id-201694-8,70,89,parliament-vote-review-batch-006,,parlamento-andalucia-votacion-https-www-parlamentodeandalucia-es-webdinamica-portal-web-parlamento-pdf-do-tipodoc-diario-id-201694-8,25/02/2026,78,8,12-25/PL-000010,parlamento-andalucia-12-25-pl-000010,matched_official_initiative,PL,Proyecto de Ley,sin_tema,Sin tema,no_topic_signal,no,13,93,0,0,109,"PP:no:si=0,no=56,abs=0; PSOE-A:no:si=0,no=30,abs=0; VOX:si:si=13,no=0,abs=0; PorA:no:si=0,no=5,abs=0; ADELANTE ANDALUCIA:no:si=0,no=2,abs=0",needs_human_review,rule_triaged_needs_review,law_final_approval_vote_rejected,rechazo de aprobacion final de ley,high,,unreviewed,actor_not_attributed,parliament_vote_review_queue_only_no_public_claim,,"12-25/PL-000010, DEBATE FINAL DEL PROYECTO DE LEY DE MONTES DE ANDALUCÍA",,,https://www.parlamentodeandalucia.es/webdinamica/portal-web-parlamento/pdf.do?tipodoc=diario&id=201694,https://www.parlamentodeandalucia.es/webdinamica/portal-web-parlamento/actividadparlamentaria/todaslasiniciativas/portipo.do?numexp=12-25%2FPL-000010&accion=Ver+iniciativas&desdeanyo=&desdemes=&estado=&hastaanyo=&hastames=&legislatura=12&seleccion=publicadosen&sinpaginacion=1&situacion=&tipoespecifico=&tipogeneral=1,parlamento-andalucia-votacion-https-www-parlamentodeandalucia-es-webdinamica-portal-web-parlamento-pdf-do-tipodoc-diario-id-201694::vote:8
parliament-vote-impact-review-parlamento-andalucia-votacion-https-www-parlamentodeandalucia-es-webdinamica-portal-web-parlamento-pdf-do-tipodoc-diario-id-201694-9,71,89,parliament-vote-review-batch-006,,parlamento-andalucia-votacion-https-www-parlamentodeandalucia-es-webdinamica-portal-web-parlamento-pdf-do-tipodoc-diario-id-201694-9,25/02/2026,78,9,12-25/PL-000010,parlamento-andalucia-12-25-pl-000010,matched_official_initiative,PL,Proyecto de Ley,sin_tema,Sin tema,no_topic_signal,no,36,69,0,0,109,"PP:no:si=0,no=56,abs=0; PSOE-A:si:si=30,no=0,abs=0; VOX:no:si=0,no=13,abs=0; PorA:si:si=4,no=0,abs=0; ADELANTE ANDALUCIA:si:si=2,no=0,abs=0",needs_human_review,rule_triaged_needs_review,law_final_approval_vote_rejected,rechazo de aprobacion final de ley,high,,unreviewed,actor_not_attributed,parliament_vote_review_queue_only_no_public_claim,,"12-25/PL-000010, DEBATE FINAL DEL PROYECTO DE LEY DE MONTES DE ANDALUCÍA",,,https://www.parlamentodeandalucia.es/webdinamica/portal-web-parlamento/pdf.do?tipodoc=diario&id=201694,https://www.parlamentodeandalucia.es/webdinamica/portal-web-parlamento/actividadparlamentaria/todaslasiniciativas/portipo.do?numexp=12-25%2FPL-000010&accion=Ver+iniciativas&desdeanyo=&desdemes=&estado=&hastaanyo=&hastames=&legislatura=12&seleccion=publicadosen&sinpaginacion=1&situacion=&tipoespecifico=&tipogeneral=1,parlamento-andalucia-votacion-https-www-parlamentodeandalucia-es-webdinamica-portal-web-parlamento-pdf-do-tipodoc-diario-id-201694::vote:9
parliament-vote-impact-review-parlamento-andalucia-votacion-https-www-parlamentodeandalucia-es-webdinamica-portal-web-parlamento-pdf-do-tipodoc-diario-id-200414-1,72,89,parliament-vote-review-batch-006,,parlamento-andalucia-votacion-https-www-parlamentodeandalucia-es-webdinamica-portal-web-parlamento-pdf-do-tipodoc-diario-id-200414-1,11/02/2026,77,1,12-25/PL-000007,parlamento-andalucia-12-25-pl-000007,matched_official_initiative,PL,Proyecto de Ley,sin_tema,Sin tema,no_topic_signal,no,11,94,0,0,109,"PP:no:si=0,no=58,abs=0; PSOE-A:no:si=0,no=30,abs=0; VOX:si:si=11,no=0,abs=0; PorA:no:si=0,no=4,abs=0; ADELANTE ANDALUCIA:no:si=0,no=2,abs=0",needs_human_review,rule_triaged_needs_review,law_final_approval_vote_rejected,rechazo de aprobacion final de ley,high,,unreviewed,actor_not_attributed,parliament_vote_review_queue_only_no_public_claim,,"12-25/PL-000007, DEBATE FINAL DEL PROYECTO DE LEY UNIVERSITARIA PARA ANDALUCÍA",,,https://www.parlamentodeandalucia.es/webdinamica/portal-web-parlamento/pdf.do?tipodoc=diario&id=200414,https://www.parlamentodeandalucia.es/webdinamica/portal-web-parlamento/actividadparlamentaria/todaslasiniciativas/portipo.do?numexp=12-25%2FPL-000007&accion=Ver+iniciativas&desdeanyo=&desdemes=&estado=&hastaanyo=&hastames=&legislatura=12&seleccion=publicadosen&sinpaginacion=1&situacion=&tipoespecifico=&tipogeneral=1,parlamento-andalucia-votacion-https-www-parlamentodeandalucia-es-webdinamica-portal-web-parlamento-pdf-do-tipodoc-diario-id-200414::vote:1
parliament-vote-impact-review-parlamento-andalucia-votacion-https-www-parlamentodeandalucia-es-webdinamica-portal-web-parlamento-pdf-do-tipodoc-diario-id-200414-2,73,89,parliament-vote-review-batch-007,,parlamento-andalucia-votacion-https-www-parlamentodeandalucia-es-webdinamica-portal-web-parlamento-pdf-do-tipodoc-diario-id-200414-2,11/02/2026,77,2,12-25/PL-000007,parlamento-andalucia-12-25-pl-000007,matched_official_initiative,PL,Proyecto de Ley,sin_tema,Sin tema,no_topic_signal,no,36,69,0,0,109,"PP:no:si=0,no=58,abs=0; PSOE-A:si:si=30,no=0,abs=0; VOX:no:si=0,no=11,abs=0; PorA:si:si=4,no=0,abs=0; ADELANTE ANDALUCIA:si:si=2,no=0,abs=0",needs_human_review,rule_triaged_needs_review,law_final_approval_vote_rejected,rechazo de aprobacion final de ley,high,,unreviewed,actor_not_attributed,parliament_vote_review_queue_only_no_public_claim,,"12-25/PL-000007, DEBATE FINAL DEL PROYECTO DE LEY UNIVERSITARIA PARA ANDALUCÍA",,,https://www.parlamentodeandalucia.es/webdinamica/portal-web-parlamento/pdf.do?tipodoc=diario&id=200414,https://www.parlamentodeandalucia.es/webdinamica/portal-web-parlamento/actividadparlamentaria/todaslasiniciativas/portipo.do?numexp=12-25%2FPL-000007&accion=Ver+iniciativas&desdeanyo=&desdemes=&estado=&hastaanyo=&hastames=&legislatura=12&seleccion=publicadosen&sinpaginacion=1&situacion=&tipoespecifico=&tipogeneral=1,parlamento-andalucia-votacion-https-www-parlamentodeandalucia-es-webdinamica-portal-web-parlamento-pdf-do-tipodoc-diario-id-200414::vote:2
parliament-vote-impact-review-parlamento-andalucia-votacion-https-www-parlamentodeandalucia-es-webdinamica-portal-web-parlamento-pdf-do-tipodoc-diario-id-200414-3,74,89,parliament-vote-review-batch-007,,parlamento-andalucia-votacion-https-www-parlamentodeandalucia-es-webdinamica-portal-web-parlamento-pdf-do-tipodoc-diario-id-200414-3,11/02/2026,77,3,12-25/PL-000007,parlamento-andalucia-12-25-pl-000007,matched_official_initiative,PL,Proyecto de Ley,sin_tema,Sin tema,no_topic_signal,no,36,69,0,0,109,"PP:no:si=0,no=58,abs=0; PSOE-A:si:si=30,no=0,abs=0; VOX:no:si=0,no=11,abs=0; PorA:si:si=4,no=0,abs=0; ADELANTE ANDALUCIA:si:si=2,no=0,abs=0",needs_human_review,rule_triaged_needs_review,law_final_approval_vote_rejected,rechazo de aprobacion final de ley,high,,unreviewed,actor_not_attributed,parliament_vote_review_queue_only_no_public_claim,,"12-25/PL-000007, DEBATE FINAL DEL PROYECTO DE LEY UNIVERSITARIA PARA ANDALUCÍA",,,https://www.parlamentodeandalucia.es/webdinamica/portal-web-parlamento/pdf.do?tipodoc=diario&id=200414,https://www.parlamentodeandalucia.es/webdinamica/portal-web-parlamento/actividadparlamentaria/todaslasiniciativas/portipo.do?numexp=12-25%2FPL-000007&accion=Ver+iniciativas&desdeanyo=&desdemes=&estado=&hastaanyo=&hastames=&legislatura=12&seleccion=publicadosen&sinpaginacion=1&situacion=&tipoespecifico=&tipogeneral=1,parlamento-andalucia-votacion-https-www-parlamentodeandalucia-es-webdinamica-portal-web-parlamento-pdf-do-tipodoc-diario-id-200414::vote:3
parliament-vote-impact-review-parlamento-andalucia-votacion-https-www-parlamentodeandalucia-es-webdinamica-portal-web-parlamento-pdf-do-tipodoc-diario-id-199894-1,75,89,parliament-vote-review-batch-007,,parlamento-andalucia-votacion-https-www-parlamentodeandalucia-es-webdinamica-portal-web-parlamento-pdf-do-tipodoc-diario-id-199894-1,29/01/2026,76,1,12-25/PL-000012,parlamento-andalucia-12-25-pl-000012,matched_official_initiative,PL,Proyecto de Ley,sin_tema,Sin tema,no_topic_signal,no,35,69,0,0,109,"PP:no:si=0,no=57,abs=0; PSOE-A:si:si=30,no=0,abs=0; VOX:no:si=0,no=12,abs=0; PorA:si:si=3,no=0,abs=0; ADELANTE ANDALUCIA:si:si=2,no=0,abs=0",needs_human_review,rule_triaged_needs_review,legislative_bill_vote_rejected,voto legislativo rechazado,medium,,unreviewed,actor_not_attributed,parliament_vote_review_queue_only_no_public_claim,,"12-25/PL-000012, DEBATE DE TOTALIDAD DEL PROYECTO DE LEY PARA EL AVANCE DE LA CIENCIA, LA TECNOLOGÍA Y LA INNOVACIÓN PARA ANDALUCÍA",,,https://www.parlamentodeandalucia.es/webdinamica/portal-web-parlamento/pdf.do?tipodoc=diario&id=199894,https://www.parlamentodeandalucia.es/webdinamica/portal-web-parlamento/actividadparlamentaria/todaslasiniciativas/portipo.do?numexp=12-25%2FPL-000012&accion=Ver+iniciativas&desdeanyo=&desdemes=&estado=&hastaanyo=&hastames=&legislatura=12&seleccion=publicadosen&sinpaginacion=1&situacion=&tipoespecifico=&tipogeneral=1,parlamento-andalucia-votacion-https-www-parlamentodeandalucia-es-webdinamica-portal-web-parlamento-pdf-do-tipodoc-diario-id-199894::vote:1
parliament-vote-impact-review-parlamento-andalucia-votacion-https-www-parlamentodeandalucia-es-webdinamica-portal-web-parlamento-pdf-do-tipodoc-diario-id-199894-2,76,89,parliament-vote-review-batch-007,,parlamento-andalucia-votacion-https-www-parlamentodeandalucia-es-webdinamica-portal-web-parlamento-pdf-do-tipodoc-diario-id-199894-2,29/01/2026,76,2,12-25/PL-000015,parlamento-andalucia-12-25-pl-000015,matched_official_initiative,PL,Proyecto de Ley,sin_tema,Sin tema,no_topic_signal,no,35,69,0,0,109,"PP:no:si=0,no=57,abs=0; PSOE-A:si:si=30,no=0,abs=0; VOX:no:si=0,no=12,abs=0; PorA:si:si=3,no=0,abs=0; ADELANTE ANDALUCIA:si:si=2,no=0,abs=0",needs_human_review,rule_triaged_needs_review,legislative_bill_vote_rejected,voto legislativo rechazado,medium,,unreviewed,actor_not_attributed,parliament_vote_review_queue_only_no_public_claim,,"12-25/PL-000015, DEBATE DE TOTALIDAD DEL PROYECTO DE LEY DEL TURISMO SOSTENIBLE DE ANDALUCÍA",,,https://www.parlamentodeandalucia.es/webdinamica/portal-web-parlamento/pdf.do?tipodoc=diario&id=199894,https://www.parlamentodeandalucia.es/webdinamica/portal-web-parlamento/actividadparlamentaria/todaslasiniciativas/portipo.do?numexp=12-25%2FPL-000015&accion=Ver+iniciativas&desdeanyo=&desdemes=&estado=&hastaanyo=&hastames=&legislatura=12&seleccion=publicadosen&sinpaginacion=1&situacion=&tipoespecifico=&tipogeneral=1,parlamento-andalucia-votacion-https-www-parlamentodeandalucia-es-webdinamica-portal-web-parlamento-pdf-do-tipodoc-diario-id-199894::vote:2
parliament-vote-impact-review-parlamento-andalucia-votacion-https-www-parlamentodeandalucia-es-webdinamica-portal-web-parlamento-pdf-do-tipodoc-diario-id-198534-10,77,88,parliament-vote-review-batch-007,,parlamento-andalucia-votacion-https-www-parlamentodeandalucia-es-webdinamica-portal-web-parlamento-pdf-do-tipodoc-diario-id-198534-10,02/12/2025,74,10,12-25/PL-000004,parlamento-andalucia-12-25-pl-000004,matched_official_initiative,PL,Proyecto de Ley,sin_tema,Sin tema,no_topic_signal,si,92,12,2,0,109,"PP:si:si=58,no=0,abs=0; PSOE-A:si:si=29,no=0,abs=0; VOX:no:si=0,no=12,abs=0; PorA:si:si=5,no=0,abs=0; ADELANTE ANDALUCIA:abstenciones:si=0,no=0,abs=2",needs_human_review,rule_triaged_needs_review,law_final_approval_vote_passed,aprobacion final de ley,high,,unreviewed,actor_not_attributed,parliament_vote_review_queue_only_no_public_claim,,"12-25/PL-000004, DEBATE FINAL DEL PROYECTO DE LEY DE ESPACIOS PRODUCTIVOS PARA EL FOMENTO DE LA INDUSTRIA EN ANDALUCÍA",,,https://www.parlamentodeandalucia.es/webdinamica/portal-web-parlamento/pdf.do?tipodoc=diario&id=198534,https://www.parlamentodeandalucia.es/webdinamica/portal-web-parlamento/actividadparlamentaria/todaslasiniciativas/portipo.do?numexp=12-25%2FPL-000004&accion=Ver+iniciativas&desdeanyo=&desdemes=&estado=&hastaanyo=&hastames=&legislatura=12&seleccion=publicadosen&sinpaginacion=1&situacion=&tipoespecifico=&tipogeneral=1,parlamento-andalucia-votacion-https-www-parlamentodeandalucia-es-webdinamica-portal-web-parlamento-pdf-do-tipodoc-diario-id-198534::vote:10
parliament-vote-impact-review-parlamento-andalucia-votacion-https-www-parlamentodeandalucia-es-webdinamica-portal-web-parlamento-pdf-do-tipodoc-diario-id-198534-11,78,88,parliament-vote-review-batch-007,,parlamento-andalucia-votacion-https-www-parlamentodeandalucia-es-webdinamica-portal-web-parlamento-pdf-do-tipodoc-diario-id-198534-11,02/12/2025,74,11,12-25/PL-000004,parlamento-andalucia-12-25-pl-000004,matched_official_initiative,PL,Proyecto de Ley,sin_tema,Sin tema,no_topic_signal,no,36,70,0,0,109,"PP:no:si=0,no=58,abs=0; PSOE-A:si:si=29,no=0,abs=0; VOX:no:si=0,no=12,abs=0; PorA:si:si=5,no=0,abs=0; ADELANTE ANDALUCIA:si:si=2,no=0,abs=0",needs_human_review,rule_triaged_needs_review,law_final_approval_vote_rejected,rechazo de aprobacion final de ley,high,,unreviewed,actor_not_attributed,parliament_vote_review_queue_only_no_public_claim,,"12-25/PL-000004, DEBATE FINAL DEL PROYECTO DE LEY DE ESPACIOS PRODUCTIVOS PARA EL FOMENTO DE LA INDUSTRIA EN ANDALUCÍA",,,https://www.parlamentodeandalucia.es/webdinamica/portal-web-parlamento/pdf.do?tipodoc=diario&id=198534,https://www.parlamentodeandalucia.es/webdinamica/portal-web-parlamento/actividadparlamentaria/todaslasiniciativas/portipo.do?numexp=12-25%2FPL-000004&accion=Ver+iniciativas&desdeanyo=&desdemes=&estado=&hastaanyo=&hastames=&legislatura=12&seleccion=publicadosen&sinpaginacion=1&situacion=&tipoespecifico=&tipogeneral=1,parlamento-andalucia-votacion-https-www-parlamentodeandalucia-es-webdinamica-portal-web-parlamento-pdf-do-tipodoc-diario-id-198534::vote:11
parliament-vote-impact-review-parlamento-andalucia-votacion-https-www-parlamentodeandalucia-es-webdinamica-portal-web-parlamento-pdf-do-tipodoc-diario-id-198534-14,79,88,parliament-vote-review-batch-007,,parlamento-andalucia-votacion-https-www-parlamentodeandalucia-es-webdinamica-portal-web-parlamento-pdf-do-tipodoc-diario-id-198534-14,02/12/2025,74,14,12-25/PL-000009,parlamento-andalucia-12-25-pl-000009,matched_official_initiative,PL,Proyecto de Ley,sin_tema,Sin tema,no_topic_signal,no,31,70,5,0,109,"PP:no:si=0,no=58,abs=0; PSOE-A:si:si=29,no=0,abs=0; VOX:no:si=0,no=12,abs=0; PorA:abstenciones:si=0,no=0,abs=5; ADELANTE ANDALUCIA:si:si=2,no=0,abs=0",needs_human_review,rule_triaged_needs_review,legislative_bill_vote_rejected,voto legislativo rechazado,medium,,unreviewed,actor_not_attributed,parliament_vote_review_queue_only_no_public_claim,,"12-25/PL-000009, DEBATE DE TOTALIDAD DEL PROYECTO DE LEY PARA LA GESTIÓN AMBIENTAL DE ANDALUCÍA",,,https://www.parlamentodeandalucia.es/webdinamica/portal-web-parlamento/pdf.do?tipodoc=diario&id=198534,https://www.parlamentodeandalucia.es/webdinamica/portal-web-parlamento/actividadparlamentaria/todaslasiniciativas/portipo.do?numexp=12-25%2FPL-000009&accion=Ver+iniciativas&desdeanyo=&desdemes=&estado=&hastaanyo=&hastames=&legislatura=12&seleccion=publicadosen&sinpaginacion=1&situacion=&tipoespecifico=&tipogeneral=1,parlamento-andalucia-votacion-https-www-parlamentodeandalucia-es-webdinamica-portal-web-parlamento-pdf-do-tipodoc-diario-id-198534::vote:14
parliament-vote-impact-review-parlamento-andalucia-votacion-https-www-parlamentodeandalucia-es-webdinamica-portal-web-parlamento-pdf-do-tipodoc-diario-id-198534-15,80,88,parliament-vote-review-batch-007,,parlamento-andalucia-votacion-https-www-parlamentodeandalucia-es-webdinamica-portal-web-parlamento-pdf-do-tipodoc-diario-id-198534-15,02/12/2025,74,15,12-25/PL-000010,parlamento-andalucia-12-25-pl-000010,matched_official_initiative,PL,Proyecto de Ley,sin_tema,Sin tema,no_topic_signal,no,31,70,5,0,109,"PP:no:si=0,no=58,abs=0; PSOE-A:si:si=29,no=0,abs=0; VOX:no:si=0,no=12,abs=0; PorA:abstenciones:si=0,no=0,abs=5; ADELANTE ANDALUCIA:si:si=2,no=0,abs=0",needs_human_review,rule_triaged_needs_review,legislative_bill_vote_rejected,voto legislativo rechazado,medium,,unreviewed,actor_not_attributed,parliament_vote_review_queue_only_no_public_claim,,"12-25/PL-000010, DEBATE DE TOTALIDAD DEL PROYECTO DE LEY DE MONTES DE ANDALUCÍA",,,https://www.parlamentodeandalucia.es/webdinamica/portal-web-parlamento/pdf.do?tipodoc=diario&id=198534,https://www.parlamentodeandalucia.es/webdinamica/portal-web-parlamento/actividadparlamentaria/todaslasiniciativas/portipo.do?numexp=12-25%2FPL-000010&accion=Ver+iniciativas&desdeanyo=&desdemes=&estado=&hastaanyo=&hastames=&legislatura=12&seleccion=publicadosen&sinpaginacion=1&situacion=&tipoespecifico=&tipogeneral=1,parlamento-andalucia-votacion-https-www-parlamentodeandalucia-es-webdinamica-portal-web-parlamento-pdf-do-tipodoc-diario-id-198534::vote:15
parliament-vote-impact-review-parlamento-andalucia-votacion-https-www-parlamentodeandalucia-es-webdinamica-portal-web-parlamento-pdf-do-tipodoc-diario-id-198534-8,81,88,parliament-vote-review-batch-007,,parlamento-andalucia-votacion-https-www-parlamentodeandalucia-es-webdinamica-portal-web-parlamento-pdf-do-tipodoc-diario-id-198534-8,02/12/2025,74,8,12-25/PL-000004,parlamento-andalucia-12-25-pl-000004,matched_official_initiative,PL,Proyecto de Ley,sin_tema,Sin tema,no_topic_signal,no,12,94,0,0,109,"PP:no:si=0,no=58,abs=0; PSOE-A:no:si=0,no=29,abs=0; VOX:si:si=12,no=0,abs=0; PorA:no:si=0,no=5,abs=0; ADELANTE ANDALUCIA:no:si=0,no=2,abs=0",needs_human_review,rule_triaged_needs_review,law_final_approval_vote_rejected,rechazo de aprobacion final de ley,high,,unreviewed,actor_not_attributed,parliament_vote_review_queue_only_no_public_claim,,"12-25/PL-000004, DEBATE FINAL DEL PROYECTO DE LEY DE ESPACIOS PRODUCTIVOS PARA EL FOMENTO DE LA INDUSTRIA EN ANDALUCÍA",,,https://www.parlamentodeandalucia.es/webdinamica/portal-web-parlamento/pdf.do?tipodoc=diario&id=198534,https://www.parlamentodeandalucia.es/webdinamica/portal-web-parlamento/actividadparlamentaria/todaslasiniciativas/portipo.do?numexp=12-25%2FPL-000004&accion=Ver+iniciativas&desdeanyo=&desdemes=&estado=&hastaanyo=&hastames=&legislatura=12&seleccion=publicadosen&sinpaginacion=1&situacion=&tipoespecifico=&tipogeneral=1,parlamento-andalucia-votacion-https-www-parlamentodeandalucia-es-webdinamica-portal-web-parlamento-pdf-do-tipodoc-diario-id-198534::vote:8
parliament-vote-impact-review-parlamento-andalucia-votacion-https-www-parlamentodeandalucia-es-webdinamica-portal-web-parlamento-pdf-do-tipodoc-diario-id-198534-9,82,88,parliament-vote-review-batch-007,,parlamento-andalucia-votacion-https-www-parlamentodeandalucia-es-webdinamica-portal-web-parlamento-pdf-do-tipodoc-diario-id-198534-9,02/12/2025,74,9,12-25/PL-000004,parlamento-andalucia-12-25-pl-000004,matched_official_initiative,PL,Proyecto de Ley,sin_tema,Sin tema,no_topic_signal,no,36,70,0,0,109,"PP:no:si=0,no=58,abs=0; PSOE-A:si:si=29,no=0,abs=0; VOX:no:si=0,no=12,abs=0; PorA:si:si=5,no=0,abs=0; ADELANTE ANDALUCIA:si:si=2,no=0,abs=0",needs_human_review,rule_triaged_needs_review,law_final_approval_vote_rejected,rechazo de aprobacion final de ley,high,,unreviewed,actor_not_attributed,parliament_vote_review_queue_only_no_public_claim,,"12-25/PL-000004, DEBATE FINAL DEL PROYECTO DE LEY DE ESPACIOS PRODUCTIVOS PARA EL FOMENTO DE LA INDUSTRIA EN ANDALUCÍA",,,https://www.parlamentodeandalucia.es/webdinamica/portal-web-parlamento/pdf.do?tipodoc=diario&id=198534,https://www.parlamentodeandalucia.es/webdinamica/portal-web-parlamento/actividadparlamentaria/todaslasiniciativas/portipo.do?numexp=12-25%2FPL-000004&accion=Ver+iniciativas&desdeanyo=&desdemes=&estado=&hastaanyo=&hastames=&legislatura=12&seleccion=publicadosen&sinpaginacion=1&situacion=&tipoespecifico=&tipogeneral=1,parlamento-andalucia-votacion-https-www-parlamentodeandalucia-es-webdinamica-portal-web-parlamento-pdf-do-tipodoc-diario-id-198534::vote:9
parliament-vote-impact-review-parlamento-andalucia-votacion-https-www-parlamentodeandalucia-es-webdinamica-portal-web-parlamento-pdf-do-tipodoc-diario-id-197175-2,83,88,parliament-vote-review-batch-007,,parlamento-andalucia-votacion-https-www-parlamentodeandalucia-es-webdinamica-portal-web-parlamento-pdf-do-tipodoc-diario-id-197175-2,08/10/2025,70,2,12-25/PL-000004,parlamento-andalucia-12-25-pl-000004,matched_official_initiative,PL,Proyecto de Ley,sin_tema,Sin tema,no_topic_signal,no,32,70,5,0,109,"PP:no:si=0,no=56,abs=0; PSOE-A:si:si=30,no=0,abs=0; VOX:no:si=0,no=14,abs=0; PorA:abstenciones:si=0,no=0,abs=5; ADELANTE ANDALUCIA:si:si=2,no=0,abs=0",needs_human_review,rule_triaged_needs_review,legislative_bill_vote_rejected,voto legislativo rechazado,medium,,unreviewed,actor_not_attributed,parliament_vote_review_queue_only_no_public_claim,,"12-25/PL-000004, DEBATE DE TOTALIDAD DEL PROYECTO DE LEY DE ESPACIOS PRODUCTIVOS PARA EL FOMENTO DE LA INDUSTRIA EN ANDALUCÍA",,,https://www.parlamentodeandalucia.es/webdinamica/portal-web-parlamento/pdf.do?tipodoc=diario&id=197175,https://www.parlamentodeandalucia.es/webdinamica/portal-web-parlamento/actividadparlamentaria/todaslasiniciativas/portipo.do?numexp=12-25%2FPL-000004&accion=Ver+iniciativas&desdeanyo=&desdemes=&estado=&hastaanyo=&hastames=&legislatura=12&seleccion=publicadosen&sinpaginacion=1&situacion=&tipoespecifico=&tipogeneral=1,parlamento-andalucia-votacion-https-www-parlamentodeandalucia-es-webdinamica-portal-web-parlamento-pdf-do-tipodoc-diario-id-197175::vote:2
parliament-vote-impact-review-parlamento-andalucia-votacion-https-www-parlamentodeandalucia-es-webdinamica-portal-web-parlamento-pdf-do-tipodoc-diario-id-188394-100,84,88,parliament-vote-review-batch-007,,parlamento-andalucia-votacion-https-www-parlamentodeandalucia-es-webdinamica-portal-web-parlamento-pdf-do-tipodoc-diario-id-188394-100,19/12/2024,54,100,12-24/PL-000004,parlamento-andalucia-12-24-pl-000004,matched_official_initiative,PL,Proyecto de Ley,sin_tema,Sin tema,no_topic_signal,si,58,47,0,1,109,"PP:si:si=58,no=0,abs=0; PSOE-A:no:si=0,no=30,abs=0; VOX:no:si=0,no=10,abs=0; PorA:no:si=0,no=5,abs=0; ADELANTE ANDALUCIA:no:si=0,no=2,abs=0",needs_human_review,rule_triaged_needs_review,law_final_approval_vote_passed,aprobacion final de ley,high,,unreviewed,actor_not_attributed,parliament_vote_review_queue_only_no_public_claim,,"12-24/PL-000004, DEBATE FINAL DEL PROYECTO DE LEY DEL PRESUPUESTO DE LA COMUNIDAD AUTÓNOMA DE ANDALUCÍA PARA EL AÑO 2025",,,https://www.parlamentodeandalucia.es/webdinamica/portal-web-parlamento/pdf.do?tipodoc=diario&id=188394,https://www.parlamentodeandalucia.es/webdinamica/portal-web-parlamento/actividadparlamentaria/todaslasiniciativas/portipo.do?numexp=12-24%2FPL-000004&accion=Ver+iniciativas&desdeanyo=&desdemes=&estado=&hastaanyo=&hastames=&legislatura=12&seleccion=publicadosen&sinpaginacion=1&situacion=&tipoespecifico=&tipogeneral=1,parlamento-andalucia-votacion-https-www-parlamentodeandalucia-es-webdinamica-portal-web-parlamento-pdf-do-tipodoc-diario-id-188394::vote:100
parliament-vote-impact-review-parlamento-andalucia-votacion-https-www-parlamentodeandalucia-es-webdinamica-portal-web-parlamento-pdf-do-tipodoc-diario-id-188394-11,85,88,parliament-vote-review-batch-008,,parlamento-andalucia-votacion-https-www-parlamentodeandalucia-es-webdinamica-portal-web-parlamento-pdf-do-tipodoc-diario-id-188394-11,19/12/2024,54,11,12-24/PL-000004,parlamento-andalucia-12-24-pl-000004,matched_official_initiative,PL,Proyecto de Ley,sin_tema,Sin tema,no_topic_signal,si,58,46,5,0,109,"PP:si:si=58,no=0,abs=0; PSOE-A:no:si=0,no=30,abs=0; VOX:no:si=0,no=14,abs=0; PorA:abstenciones:si=0,no=0,abs=5; ADELANTE ANDALUCIA:no:si=0,no=2,abs=0",needs_human_review,rule_triaged_needs_review,law_final_approval_vote_passed,aprobacion final de ley,high,,unreviewed,actor_not_attributed,parliament_vote_review_queue_only_no_public_claim,,"12-24/PL-000004, DEBATE FINAL DEL PROYECTO DE LEY DEL PRESUPUESTO DE LA COMUNIDAD AUTÓNOMA DE ANDALUCÍA PARA EL AÑO 2025",,,https://www.parlamentodeandalucia.es/webdinamica/portal-web-parlamento/pdf.do?tipodoc=diario&id=188394,https://www.parlamentodeandalucia.es/webdinamica/portal-web-parlamento/actividadparlamentaria/todaslasiniciativas/portipo.do?numexp=12-24%2FPL-000004&accion=Ver+iniciativas&desdeanyo=&desdemes=&estado=&hastaanyo=&hastames=&legislatura=12&seleccion=publicadosen&sinpaginacion=1&situacion=&tipoespecifico=&tipogeneral=1,parlamento-andalucia-votacion-https-www-parlamentodeandalucia-es-webdinamica-portal-web-parlamento-pdf-do-tipodoc-diario-id-188394::vote:11
parliament-vote-impact-review-parlamento-andalucia-votacion-https-www-parlamentodeandalucia-es-webdinamica-portal-web-parlamento-pdf-do-tipodoc-diario-id-188394-61,86,88,parliament-vote-review-batch-008,,parlamento-andalucia-votacion-https-www-parlamentodeandalucia-es-webdinamica-portal-web-parlamento-pdf-do-tipodoc-diario-id-188394-61,19/12/2024,54,61,12-24/PL-000004,parlamento-andalucia-12-24-pl-000004,matched_official_initiative,PL,Proyecto de Ley,sin_tema,Sin tema,no_topic_signal,si,60,49,0,0,109,"PP:si:si=58,no=0,abs=0; PSOE-A:no:si=2,no=28,abs=0; VOX:no:si=0,no=14,abs=0; PorA:no:si=0,no=5,abs=0; ADELANTE ANDALUCIA:no:si=0,no=2,abs=0",needs_human_review,rule_triaged_needs_review,law_final_approval_vote_passed,aprobacion final de ley,high,,unreviewed,actor_not_attributed,parliament_vote_review_queue_only_no_public_claim,,"12-24/PL-000004, DEBATE FINAL DEL PROYECTO DE LEY DEL PRESUPUESTO DE LA COMUNIDAD AUTÓNOMA DE ANDALUCÍA PARA EL AÑO 2025",,,https://www.parlamentodeandalucia.es/webdinamica/portal-web-parlamento/pdf.do?tipodoc=diario&id=188394,https://www.parlamentodeandalucia.es/webdinamica/portal-web-parlamento/actividadparlamentaria/todaslasiniciativas/portipo.do?numexp=12-24%2FPL-000004&accion=Ver+iniciativas&desdeanyo=&desdemes=&estado=&hastaanyo=&hastames=&legislatura=12&seleccion=publicadosen&sinpaginacion=1&situacion=&tipoespecifico=&tipogeneral=1,parlamento-andalucia-votacion-https-www-parlamentodeandalucia-es-webdinamica-portal-web-parlamento-pdf-do-tipodoc-diario-id-188394::vote:61
parliament-vote-impact-review-parlamento-andalucia-votacion-https-www-parlamentodeandalucia-es-webdinamica-portal-web-parlamento-pdf-do-tipodoc-diario-id-183794-1,87,88,parliament-vote-review-batch-008,,parlamento-andalucia-votacion-https-www-parlamentodeandalucia-es-webdinamica-portal-web-parlamento-pdf-do-tipodoc-diario-id-183794-1,12/06/2024,43,1,12-24/DL-000006,parlamento-andalucia-12-24-dl-000006,matched_official_initiative,DL,Decreto-ley,transparencia_corrupcion,Transparencia y corrupcion,official_initiative,si,68,34,0,0,109,"PP:si:si=57,no=0,abs=0; PSOE-A:no:si=0,no=28,abs=0; VOX:si:si=11,no=0,abs=0; PorA:no:si=0,no=5,abs=0; ADELANTE ANDALUCIA:no:si=0,no=1,abs=0",reviewed_vote_result_only,observed_decree_law_validation_vote,decree_law_validation_vote_passed,convalidacion de decreto-ley aprobada,high,,outcome_not_reviewed,party_positions_observed,reviewed_legislative_vote_signal_no_merit_claim,,"12-24/DL-000006, CONVALIDACIÓN O DEROGACIÓN DEL DECRETO-LEY 6/2024, DE 28 DE MAYO, POR EL QUE SE MODIFICA LA LEY 3/2005, DE 8 DE ABRIL, DE INCOMPATIBILIDADES Y...",,,https://www.parlamentodeandalucia.es/webdinamica/portal-web-parlamento/pdf.do?tipodoc=diario&id=183794,https://www.parlamentodeandalucia.es/webdinamica/portal-web-parlamento/actividadparlamentaria/todaslasiniciativas/portipo.do?numexp=12-24%2FDL-000006&accion=Ver+iniciativas&desdeanyo=&desdemes=&estado=&hastaanyo=&hastames=&legislatura=12&seleccion=publicadosen&sinpaginacion=1&situacion=&tipoespecifico=&tipogeneral=1,parlamento-andalucia-votacion-https-www-parlamentodeandalucia-es-webdinamica-portal-web-parlamento-pdf-do-tipodoc-diario-id-183794::vote:1
parliament-vote-impact-review-parlamento-andalucia-votacion-https-www-parlamentodeandalucia-es-webdinamica-portal-web-parlamento-pdf-do-tipodoc-diario-id-183794-2,88,88,parliament-vote-review-batch-008,,parlamento-andalucia-votacion-https-www-parlamentodeandalucia-es-webdinamica-portal-web-parlamento-pdf-do-tipodoc-diario-id-183794-2,12/06/2024,43,2,12-24/DL-000006,parlamento-andalucia-12-24-dl-000006,matched_official_initiative,DL,Decreto-ley,transparencia_corrupcion,Transparencia y corrupcion,official_initiative,no,34,68,0,0,109,"PP:no:si=0,no=57,abs=0; PSOE-A:si:si=28,no=0,abs=0; VOX:no:si=0,no=11,abs=0; PorA:si:si=5,no=0,abs=0; ADELANTE ANDALUCIA:si:si=1,no=0,abs=0",needs_human_review,rule_triaged_needs_review,decree_law_validation_vote_not_passed_or_derogation_supported,voto no favorable en convalidacion de decreto-ley,high,,unreviewed,actor_not_attributed,parliament_vote_review_queue_only_no_public_claim,,"12-24/DL-000006, CONVALIDACIÓN O DEROGACIÓN DEL DECRETO-LEY 6/2024, DE 28 DE MAYO, POR EL QUE SE MODIFICA LA LEY 3/2005, DE 8 DE ABRIL, DE INCOMPATIBILIDADES Y...",,,https://www.parlamentodeandalucia.es/webdinamica/portal-web-parlamento/pdf.do?tipodoc=diario&id=183794,https://www.parlamentodeandalucia.es/webdinamica/portal-web-parlamento/actividadparlamentaria/todaslasiniciativas/portipo.do?numexp=12-24%2FDL-000006&accion=Ver+iniciativas&desdeanyo=&desdemes=&estado=&hastaanyo=&hastames=&legislatura=12&seleccion=publicadosen&sinpaginacion=1&situacion=&tipoespecifico=&tipogeneral=1,parlamento-andalucia-votacion-https-www-parlamentodeandalucia-es-webdinamica-portal-web-parlamento-pdf-do-tipodoc-diario-id-183794::vote:2
parliament-vote-impact-review-parlamento-andalucia-votacion-https-www-parlamentodeandalucia-es-webdinamica-portal-web-parlamento-pdf-do-tipodoc-diario-id-172535-1,89,88,parliament-vote-review-batch-008,,parlamento-andalucia-votacion-https-www-parlamentodeandalucia-es-webdinamica-portal-web-parlamento-pdf-do-tipodoc-diario-id-172535-1,12/04/2023,18,1,12-23/DL-000001,parlamento-andalucia-12-23-dl-000001,matched_official_initiative,DL,Decreto-ley,educacion,Educacion,official_initiative,si,70,37,0,0,109,"PP:si:si=58,no=0,abs=0; PSOE-A:no:si=0,no=30,abs=0; VOX:si:si=12,no=0,abs=0; PorA:no:si=0,no=5,abs=0; ADELANTE ANDALUCIA:no:si=0,no=2,abs=0",needs_human_review,rule_triaged_needs_review,decree_law_validation_vote_passed,convalidacion de decreto-ley aprobada,high,,unreviewed,actor_not_attributed,parliament_vote_review_queue_only_no_public_claim,,"12-23/DL-000001, CONVALIDACIÓN O DEROGACIÓN DEL DECRETO-LEY 1/2023, DE 21 DE MARZO, POR EL SE MODIFICA LA DISPOSICIÓN ADICIONAL SEGUNDA DEL DECRETO-LEY 10/2021, DE 1 DE JUNIO...",,,https://www.parlamentodeandalucia.es/webdinamica/portal-web-parlamento/pdf.do?tipodoc=diario&id=172535,https://www.parlamentodeandalucia.es/webdinamica/portal-web-parlamento/actividadparlamentaria/todaslasiniciativas/portipo.do?numexp=12-23%2FDL-000001&accion=Ver+iniciativas&desdeanyo=&desdemes=&estado=&hastaanyo=&hastames=&legislatura=12&seleccion=publicadosen&sinpaginacion=1&situacion=&tipoespecifico=&tipogeneral=1,parlamento-andalucia-votacion-https-www-parlamentodeandalucia-es-webdinamica-portal-web-parlamento-pdf-do-tipodoc-diario-id-172535::vote:1
parliament-vote-impact-review-parlamento-andalucia-votacion-https-www-parlamentodeandalucia-es-webdinamica-portal-web-parlamento-pdf-do-tipodoc-diario-id-168134-1,90,88,parliament-vote-review-batch-008,,parlamento-andalucia-votacion-https-www-parlamentodeandalucia-es-webdinamica-portal-web-parlamento-pdf-do-tipodoc-diario-id-168134-1,26/10/2022,7,1,12-22/DL-000004,parlamento-andalucia-12-22-dl-000004,matched_official_initiative,DL,Decreto-ley,sin_tema,Sin tema,no_topic_signal,si,58,48,0,0,109,"PP:si:si=58,no=0,abs=0; PSOE-A:no:si=0,no=29,abs=0; VOX:no:si=0,no=13,abs=0; PorA:no:si=0,no=5,abs=0; ADELANTE ANDALUCIA:no:si=0,no=1,abs=0",needs_human_review,rule_triaged_needs_review,decree_law_validation_vote_passed,convalidacion de decreto-ley aprobada,high,,unreviewed,actor_not_attributed,parliament_vote_review_queue_only_no_public_claim,,"12-22/DL-000004, CONVALIDACIÓN O DEROGACIÓN DEL DECRETO-LEY 9/2022, DE 18 DE OCTUBRE, POR EL QUE SE MODIFICAN LA LEY 9/2021, DE 23 DE DICIEMBRE, POR LA QUE...",,,https://www.parlamentodeandalucia.es/webdinamica/portal-web-parlamento/pdf.do?tipodoc=diario&id=168134,https://www.parlamentodeandalucia.es/webdinamica/portal-web-parlamento/actividadparlamentaria/todaslasiniciativas/portipo.do?numexp=12-22%2FDL-000004&accion=Ver+iniciativas&desdeanyo=&desdemes=&estado=&hastaanyo=&hastames=&legislatura=12&seleccion=publicadosen&sinpaginacion=1&situacion=&tipoespecifico=&tipogeneral=1,parlamento-andalucia-votacion-https-www-parlamentodeandalucia-es-webdinamica-portal-web-parlamento-pdf-do-tipodoc-diario-id-168134::vote:1
parliament-vote-impact-review-parlamento-andalucia-votacion-https-www-parlamentodeandalucia-es-webdinamica-portal-web-parlamento-pdf-do-tipodoc-diario-id-176614-2,91,87,parliament-vote-review-batch-008,,parlamento-andalucia-votacion-https-www-parlamentodeandalucia-es-webdinamica-portal-web-parlamento-pdf-do-tipodoc-diario-id-176614-2,27/09/2023,27,2,12-23/PL-000002,parlamento-andalucia-12-23-pl-000002,matched_official_initiative,PL,Proyecto de Ley,educacion,Educacion,official_initiative,si,70,37,0,0,109,"PP:si:si=58,no=0,abs=0; PSOE-A:no:si=0,no=30,abs=0; VOX:si:si=12,no=0,abs=0; PorA:no:si=0,no=5,abs=0; ADELANTE ANDALUCIA:no:si=0,no=2,abs=0",needs_human_review,rule_triaged_needs_review,legislative_bill_vote_passed,voto legislativo aprobado,medium,,unreviewed,actor_not_attributed,parliament_vote_review_queue_only_no_public_claim,,"12-23/PL-000002, PROYECTO DE LEY DE RECONOCIMIENTO DE LA UNIVERSIDAD PRIVADA CEU FERNANDO III",,,https://www.parlamentodeandalucia.es/webdinamica/portal-web-parlamento/pdf.do?tipodoc=diario&id=176614,https://www.parlamentodeandalucia.es/webdinamica/portal-web-parlamento/actividadparlamentaria/todaslasiniciativas/portipo.do?numexp=12-23%2FPL-000002&accion=Ver+iniciativas&desdeanyo=&desdemes=&estado=&hastaanyo=&hastames=&legislatura=12&seleccion=publicadosen&sinpaginacion=1&situacion=&tipoespecifico=&tipogeneral=1,parlamento-andalucia-votacion-https-www-parlamentodeandalucia-es-webdinamica-portal-web-parlamento-pdf-do-tipodoc-diario-id-176614::vote:2
parliament-vote-impact-review-parlamento-andalucia-votacion-https-www-parlamentodeandalucia-es-webdinamica-portal-web-parlamento-pdf-do-tipodoc-diario-id-176614-3,92,87,parliament-vote-review-batch-008,,parlamento-andalucia-votacion-https-www-parlamentodeandalucia-es-webdinamica-portal-web-parlamento-pdf-do-tipodoc-diario-id-176614-3,27/09/2023,27,3,12-23/PL-000003,parlamento-andalucia-12-23-pl-000003,matched_official_initiative,PL,Proyecto de Ley,educacion,Educacion,official_initiative,si,70,37,0,0,109,"PP:si:si=58,no=0,abs=0; PSOE-A:no:si=0,no=30,abs=0; VOX:si:si=12,no=0,abs=0; PorA:no:si=0,no=5,abs=0; ADELANTE ANDALUCIA:no:si=0,no=2,abs=0",needs_human_review,rule_triaged_needs_review,legislative_bill_vote_passed,voto legislativo aprobado,medium,,unreviewed,actor_not_attributed,parliament_vote_review_queue_only_no_public_claim,,"12-23/PL-000003, PROYECTO DE LEY DE RECONOCIMIENTO DE LA UNIVERSIDAD PRIVADA UNIVERSIDAD TECNOLÓGICA ATLÁNTICO-MEDITERRÁNEA",,,https://www.parlamentodeandalucia.es/webdinamica/portal-web-parlamento/pdf.do?tipodoc=diario&id=176614,https://www.parlamentodeandalucia.es/webdinamica/portal-web-parlamento/actividadparlamentaria/todaslasiniciativas/portipo.do?numexp=12-23%2FPL-000003&accion=Ver+iniciativas&desdeanyo=&desdemes=&estado=&hastaanyo=&hastames=&legislatura=12&seleccion=publicadosen&sinpaginacion=1&situacion=&tipoespecifico=&tipogeneral=1,parlamento-andalucia-votacion-https-www-parlamentodeandalucia-es-webdinamica-portal-web-parlamento-pdf-do-tipodoc-diario-id-176614::vote:3
parliament-vote-impact-review-parlamento-andalucia-votacion-https-www-parlamentodeandalucia-es-webdinamica-portal-web-parlamento-pdf-do-tipodoc-diario-id-173414-1,93,87,parliament-vote-review-batch-008,,parlamento-andalucia-votacion-https-www-parlamentodeandalucia-es-webdinamica-portal-web-parlamento-pdf-do-tipodoc-diario-id-173414-1,17/05/2023,20,1,12-23/DL-000003,parlamento-andalucia-12-23-dl-000003,matched_official_initiative,DL,Decreto-ley,campo_agua,Campo y agua,official_initiative,si,67,0,35,0,109,"PP:si:si=56,no=0,abs=0; PSOE-A:abstenciones:si=0,no=0,abs=28; VOX:si:si=11,no=0,abs=0; PorA:abstenciones:si=0,no=0,abs=5; ADELANTE ANDALUCIA:abstenciones:si=0,no=0,abs=2",needs_human_review,rule_triaged_needs_review,decree_law_validation_vote_passed,convalidacion de decreto-ley aprobada,high,,unreviewed,actor_not_attributed,parliament_vote_review_queue_only_no_public_claim,,"12-23/DL-000003, CONVALIDACIÓN O DEROGACIÓN DEL DECRETO-LEY 3/2023, DE 25 DE ABRIL, POR EL QUE SE APRUEBAN MEDIDAS ADICIONALES PARA PALIAR LOS EFECTOS PRODUCIDOS POR LA SITUACIÓN...",,,https://www.parlamentodeandalucia.es/webdinamica/portal-web-parlamento/pdf.do?tipodoc=diario&id=173414,https://www.parlamentodeandalucia.es/webdinamica/portal-web-parlamento/actividadparlamentaria/todaslasiniciativas/portipo.do?numexp=12-23%2FDL-000003&accion=Ver+iniciativas&desdeanyo=&desdemes=&estado=&hastaanyo=&hastames=&legislatura=12&seleccion=publicadosen&sinpaginacion=1&situacion=&tipoespecifico=&tipogeneral=1,parlamento-andalucia-votacion-https-www-parlamentodeandalucia-es-webdinamica-portal-web-parlamento-pdf-do-tipodoc-diario-id-173414::vote:1
parliament-vote-impact-review-parlamento-andalucia-votacion-https-www-parlamentodeandalucia-es-webdinamica-portal-web-parlamento-pdf-do-tipodoc-diario-id-201495-19,94,86,parliament-vote-review-batch-008,,parlamento-andalucia-votacion-https-www-parlamentodeandalucia-es-webdinamica-portal-web-parlamento-pdf-do-tipodoc-diario-id-201495-19,12/03/2026,79,19,12-26/PNLP-000029,,not_found_in_official_initiative_index,PNLP,Proposicion no de Ley en Pleno,campo_agua,Campo y agua,vote_title_keyword_triage,no,21,28,56,0,109,"PP:abstenciones:si=0,no=0,abs=56; PSOE-A:no:si=0,no=28,abs=0; VOX:si:si=14,no=0,abs=0; PorA:si:si=5,no=0,abs=0; ADELANTE ANDALUCIA:si:si=2,no=0,abs=0",needs_human_review,rule_triaged_needs_review,nonbinding_resolution_vote_rejected,resolucion no vinculante rechazada,medium,,unreviewed,actor_not_attributed,parliament_vote_review_queue_only_no_public_claim,,"12-26/PNLP-000029, PROPOSICIÓN NO DE LEY EN PLENO RELATIVA A DEFENSA DE LA AGRICULTURA Y LA GANADERÍA SOCIAL Y PROFESIONAL, LA SOBERANÍA ALIMENTARIA Y CONTRA EL ACUERDO...",,,https://www.parlamentodeandalucia.es/webdinamica/portal-web-parlamento/pdf.do?tipodoc=diario&id=201495,,parlamento-andalucia-votacion-https-www-parlamentodeandalucia-es-webdinamica-portal-web-parlamento-pdf-do-tipodoc-diario-id-201495::vote:19
parliament-vote-impact-review-parlamento-andalucia-votacion-https-www-parlamentodeandalucia-es-webdinamica-portal-web-parlamento-pdf-do-tipodoc-diario-id-201495-23,95,86,parliament-vote-review-batch-008,,parlamento-andalucia-votacion-https-www-parlamentodeandalucia-es-webdinamica-portal-web-parlamento-pdf-do-tipodoc-diario-id-201495-23,12/03/2026,79,23,12-26/PNLP-000029,,not_found_in_official_initiative_index,PNLP,Proposicion no de Ley en Pleno,campo_agua,Campo y agua,vote_title_keyword_triage,no,48,56,0,0,109,"PP:no:si=0,no=56,abs=0; PSOE-A:si:si=27,no=0,abs=0; VOX:si:si=14,no=0,abs=0; PorA:si:si=5,no=0,abs=0; ADELANTE ANDALUCIA:si:si=2,no=0,abs=0",needs_human_review,rule_triaged_needs_review,nonbinding_resolution_vote_rejected,resolucion no vinculante rechazada,medium,,unreviewed,actor_not_attributed,parliament_vote_review_queue_only_no_public_claim,,"12-26/PNLP-000029, PROPOSICIÓN NO DE LEY EN PLENO RELATIVA A DEFENSA DE LA AGRICULTURA Y LA GANADERÍA SOCIAL Y PROFESIONAL, LA SOBERANÍA ALIMENTARIA Y CONTRA EL ACUERDO...",,,https://www.parlamentodeandalucia.es/webdinamica/portal-web-parlamento/pdf.do?tipodoc=diario&id=201495,,parlamento-andalucia-votacion-https-www-parlamentodeandalucia-es-webdinamica-portal-web-parlamento-pdf-do-tipodoc-diario-id-201495::vote:23
parliament-vote-impact-review-parlamento-andalucia-votacion-https-www-parlamentodeandalucia-es-webdinamica-portal-web-parlamento-pdf-do-tipodoc-diario-id-173835-15,96,86,parliament-vote-review-batch-008,,parlamento-andalucia-votacion-https-www-parlamentodeandalucia-es-webdinamica-portal-web-parlamento-pdf-do-tipodoc-diario-id-173835-15,31/05/2023,21,15,12-23/PL-000002,parlamento-andalucia-12-23-pl-000002,matched_official_initiative,PL,Proyecto de Ley,educacion,Educacion,official_initiative,no,36,71,0,0,109,"PP:no:si=0,no=57,abs=0; PSOE-A:si:si=29,no=1,abs=0; VOX:no:si=0,no=13,abs=0; PorA:si:si=5,no=0,abs=0; ADELANTE ANDALUCIA:si:si=2,no=0,abs=0",needs_human_review,rule_triaged_needs_review,legislative_bill_vote_rejected,voto legislativo rechazado,medium,,unreviewed,actor_not_attributed,parliament_vote_review_queue_only_no_public_claim,,"12-23/PL-000002, PROYECTO DE LEY DE RECONOCIMIENTO DE LA UNIVERSIDAD PRIVADA CEU FERNANDO III",,,https://www.parlamentodeandalucia.es/webdinamica/portal-web-parlamento/pdf.do?tipodoc=diario&id=173835,https://www.parlamentodeandalucia.es/webdinamica/portal-web-parlamento/actividadparlamentaria/todaslasiniciativas/portipo.do?numexp=12-23%2FPL-000002&accion=Ver+iniciativas&desdeanyo=&desdemes=&estado=&hastaanyo=&hastames=&legislatura=12&seleccion=publicadosen&sinpaginacion=1&situacion=&tipoespecifico=&tipogeneral=1,parlamento-andalucia-votacion-https-www-parlamentodeandalucia-es-webdinamica-portal-web-parlamento-pdf-do-tipodoc-diario-id-173835::vote:15
parliament-vote-impact-review-parlamento-andalucia-votacion-https-www-parlamentodeandalucia-es-webdinamica-portal-web-parlamento-pdf-do-tipodoc-diario-id-173835-16,97,86,parliament-vote-review-batch-009,,parlamento-andalucia-votacion-https-www-parlamentodeandalucia-es-webdinamica-portal-web-parlamento-pdf-do-tipodoc-diario-id-173835-16,31/05/2023,21,16,12-23/PL-000003,parlamento-andalucia-12-23-pl-000003,matched_official_initiative,PL,Proyecto de Ley,educacion,Educacion,official_initiative,no,37,70,0,0,109,"PP:no:si=0,no=57,abs=0; PSOE-A:si:si=30,no=0,abs=0; VOX:no:si=0,no=13,abs=0; PorA:si:si=5,no=0,abs=0; ADELANTE ANDALUCIA:si:si=2,no=0,abs=0",needs_human_review,rule_triaged_needs_review,legislative_bill_vote_rejected,voto legislativo rechazado,medium,,unreviewed,actor_not_attributed,parliament_vote_review_queue_only_no_public_claim,,"12-23/PL-000003, PROYECTO DE LEY DE RECONOCIMIENTO DE LA UNIVERSIDAD PRIVADA UNIVERSIDAD TECNOLÓGICA ATLÁNTICO-MEDITERRÁNEA",,,https://www.parlamentodeandalucia.es/webdinamica/portal-web-parlamento/pdf.do?tipodoc=diario&id=173835,https://www.parlamentodeandalucia.es/webdinamica/portal-web-parlamento/actividadparlamentaria/todaslasiniciativas/portipo.do?numexp=12-23%2FPL-000003&accion=Ver+iniciativas&desdeanyo=&desdemes=&estado=&hastaanyo=&hastames=&legislatura=12&seleccion=publicadosen&sinpaginacion=1&situacion=&tipoespecifico=&tipogeneral=1,parlamento-andalucia-votacion-https-www-parlamentodeandalucia-es-webdinamica-portal-web-parlamento-pdf-do-tipodoc-diario-id-173835::vote:16
parliament-vote-impact-review-parlamento-andalucia-votacion-https-www-parlamentodeandalucia-es-webdinamica-portal-web-parlamento-pdf-do-tipodoc-diario-id-173835-4,98,85,parliament-vote-review-batch-009,,parlamento-andalucia-votacion-https-www-parlamentodeandalucia-es-webdinamica-portal-web-parlamento-pdf-do-tipodoc-diario-id-173835-4,31/05/2023,21,4,12-23/DL-000004,parlamento-andalucia-12-23-dl-000004,matched_official_initiative,DL,Decreto-ley,fiscalidad,Fiscalidad,official_initiative,si,71,6,30,0,109,"PP:si:si=57,no=0,abs=0; PSOE-A:abstenciones:si=0,no=0,abs=30; VOX:si:si=13,no=0,abs=0; PorA:no:si=1,no=4,abs=0; ADELANTE ANDALUCIA:no:si=0,no=2,abs=0",needs_human_review,rule_triaged_needs_review,decree_law_validation_vote_passed,convalidacion de decreto-ley aprobada,high,,unreviewed,actor_not_attributed,parliament_vote_review_queue_only_no_public_claim,,"12-23/DL-000004, CONVALIDACIÓN O DEROGACIÓN DEL DECRETO-LEY 4/2023, DE 16 DE MAYO, POR EL QUE SE MODIFICAN EL DECRETO-LEY 26/2021, DE 14 DE DICIEMBRE, POR EL QUE...",,,https://www.parlamentodeandalucia.es/webdinamica/portal-web-parlamento/pdf.do?tipodoc=diario&id=173835,https://www.parlamentodeandalucia.es/webdinamica/portal-web-parlamento/actividadparlamentaria/todaslasiniciativas/portipo.do?numexp=12-23%2FDL-000004&accion=Ver+iniciativas&desdeanyo=&desdemes=&estado=&hastaanyo=&hastames=&legislatura=12&seleccion=publicadosen&sinpaginacion=1&situacion=&tipoespecifico=&tipogeneral=1,parlamento-andalucia-votacion-https-www-parlamentodeandalucia-es-webdinamica-portal-web-parlamento-pdf-do-tipodoc-diario-id-173835::vote:4
parliament-vote-impact-review-parlamento-andalucia-votacion-https-www-parlamentodeandalucia-es-webdinamica-portal-web-parlamento-pdf-do-tipodoc-diario-id-173835-5,99,85,parliament-vote-review-batch-009,,parlamento-andalucia-votacion-https-www-parlamentodeandalucia-es-webdinamica-portal-web-parlamento-pdf-do-tipodoc-diario-id-173835-5,31/05/2023,21,5,12-23/DL-000004,parlamento-andalucia-12-23-dl-000004,matched_official_initiative,DL,Decreto-ley,fiscalidad,Fiscalidad,official_initiative,no,37,68,0,0,109,"PP:no:si=0,no=56,abs=0; PSOE-A:si:si=30,no=0,abs=0; VOX:no:si=0,no=12,abs=0; PorA:si:si=5,no=0,abs=0; ADELANTE ANDALUCIA:si:si=2,no=0,abs=0",needs_human_review,rule_triaged_needs_review,decree_law_validation_vote_not_passed_or_derogation_supported,voto no favorable en convalidacion de decreto-ley,high,,unreviewed,actor_not_attributed,parliament_vote_review_queue_only_no_public_claim,,"12-23/DL-000004, CONVALIDACIÓN O DEROGACIÓN DEL DECRETO-LEY 4/2023, DE 16 DE MAYO, POR EL QUE SE MODIFICAN EL DECRETO-LEY 26/2021, DE 14 DE DICIEMBRE, POR EL QUE...",,,https://www.parlamentodeandalucia.es/webdinamica/portal-web-parlamento/pdf.do?tipodoc=diario&id=173835,https://www.parlamentodeandalucia.es/webdinamica/portal-web-parlamento/actividadparlamentaria/todaslasiniciativas/portipo.do?numexp=12-23%2FDL-000004&accion=Ver+iniciativas&desdeanyo=&desdemes=&estado=&hastaanyo=&hastames=&legislatura=12&seleccion=publicadosen&sinpaginacion=1&situacion=&tipoespecifico=&tipogeneral=1,parlamento-andalucia-votacion-https-www-parlamentodeandalucia-es-webdinamica-portal-web-parlamento-pdf-do-tipodoc-diario-id-173835::vote:5
parliament-vote-impact-review-parlamento-andalucia-votacion-https-www-parlamentodeandalucia-es-webdinamica-portal-web-parlamento-pdf-do-tipodoc-diario-id-169694-3,100,85,parliament-vote-review-batch-009,,parlamento-andalucia-votacion-https-www-parlamentodeandalucia-es-webdinamica-portal-web-parlamento-pdf-do-tipodoc-diario-id-169694-3,14/12/2022,10,3,12-22/DL-000007,parlamento-andalucia-12-22-dl-000007,matched_official_initiative,DL,Decreto-ley,empleo,Empleo,official_initiative,si,58,0,50,0,109,"PP:si:si=58,no=0,abs=0; PSOE-A:abstenciones:si=0,no=0,abs=30; VOX:abstenciones:si=0,no=0,abs=13; PorA:abstenciones:si=0,no=0,abs=5; ADELANTE ANDALUCIA:abstenciones:si=0,no=0,abs=2",reviewed_vote_result_only,observed_decree_law_validation_vote,decree_law_validation_vote_passed,convalidacion de decreto-ley aprobada,high,,outcome_not_reviewed,party_positions_observed,reviewed_legislative_vote_signal_no_merit_claim,,"12-22/DL-000007, CONVALIDACIÓN O DEROGACIÓN DEL DECRETO-LEY 12/2022, DE 29 DE NOVIEMBRE, POR EL QUE SE REGULAN LOS PROCESOS SELECTIVOS DERIVADOS DE LA LEY 20/2021, DE 28...",,,https://www.parlamentodeandalucia.es/webdinamica/portal-web-parlamento/pdf.do?tipodoc=diario&id=169694,https://www.parlamentodeandalucia.es/webdinamica/portal-web-parlamento/actividadparlamentaria/todaslasiniciativas/portipo.do?numexp=12-22%2FDL-000007&accion=Ver+iniciativas&desdeanyo=&desdemes=&estado=&hastaanyo=&hastames=&legislatura=12&seleccion=publicadosen&sinpaginacion=1&situacion=&tipoespecifico=&tipogeneral=1,parlamento-andalucia-votacion-https-www-parlamentodeandalucia-es-webdinamica-portal-web-parlamento-pdf-do-tipodoc-diario-id-169694::vote:3
parliament-vote-impact-review-parlamento-andalucia-votacion-https-www-parlamentodeandalucia-es-webdinamica-portal-web-parlamento-pdf-do-tipodoc-diario-id-169694-4,101,85,parliament-vote-review-batch-009,,parlamento-andalucia-votacion-https-www-parlamentodeandalucia-es-webdinamica-portal-web-parlamento-pdf-do-tipodoc-diario-id-169694-4,14/12/2022,10,4,12-22/DL-000008,parlamento-andalucia-12-22-dl-000008,matched_official_initiative,DL,Decreto-ley,empleo,Empleo,official_initiative,si,88,13,7,0,109,"PP:si:si=58,no=0,abs=0; PSOE-A:si:si=30,no=0,abs=0; VOX:no:si=0,no=13,abs=0; PorA:abstenciones:si=0,no=0,abs=5; ADELANTE ANDALUCIA:abstenciones:si=0,no=0,abs=2",needs_human_review,rule_triaged_needs_review,decree_law_validation_vote_passed,convalidacion de decreto-ley aprobada,high,,unreviewed,actor_not_attributed,parliament_vote_review_queue_only_no_public_claim,,"12-22/DL-000008, CONVALIDACIÓN O DEROGACIÓN DEL DECRETO-LEY 13/2022, DE 5 DE DICIEMBRE, POR EL QUE SE MODIFICA EL DECRETO-LEY 27/2021, DE 14 DE DICIEMBRE, POR EL QUE...",,,https://www.parlamentodeandalucia.es/webdinamica/portal-web-parlamento/pdf.do?tipodoc=diario&id=169694,https://www.parlamentodeandalucia.es/webdinamica/portal-web-parlamento/actividadparlamentaria/todaslasiniciativas/portipo.do?numexp=12-22%2FDL-000008&accion=Ver+iniciativas&desdeanyo=&desdemes=&estado=&hastaanyo=&hastames=&legislatura=12&seleccion=publicadosen&sinpaginacion=1&situacion=&tipoespecifico=&tipogeneral=1,parlamento-andalucia-votacion-https-www-parlamentodeandalucia-es-webdinamica-portal-web-parlamento-pdf-do-tipodoc-diario-id-169694::vote:4
parliament-vote-impact-review-parlamento-andalucia-votacion-https-www-parlamentodeandalucia-es-webdinamica-portal-web-parlamento-pdf-do-tipodoc-diario-id-169034-1,102,85,parliament-vote-review-batch-009,,parlamento-andalucia-votacion-https-www-parlamentodeandalucia-es-webdinamica-portal-web-parlamento-pdf-do-tipodoc-diario-id-169034-1,23/11/2022,9,1,12-22/DL-000005,parlamento-andalucia-12-22-dl-000005,matched_official_initiative,DL,Decreto-ley,campo_agua,Campo y agua,official_initiative,si,108,0,0,0,109,"PP:si:si=58,no=0,abs=0; PSOE-A:si:si=30,no=0,abs=0; VOX:si:si=13,no=0,abs=0; PorA:si:si=5,no=0,abs=0; ADELANTE ANDALUCIA:si:si=2,no=0,abs=0",needs_human_review,rule_triaged_needs_review,decree_law_validation_vote_passed,convalidacion de decreto-ley aprobada,high,,unreviewed,actor_not_attributed,parliament_vote_review_queue_only_no_public_claim,,"12-22/DL-000005, CONVALIDACIÓN O DEROGACIÓN DEL DECRETO-LEY 10/2022, DE 16 DE NOVIEMBRE, POR EL QUE SE REGULAN AYUDAS TEMPORALES EXCEPCIONALES EN EL MARCO DEL FONDO EUROPEO AGRÍCOLA...",,,https://www.parlamentodeandalucia.es/webdinamica/portal-web-parlamento/pdf.do?tipodoc=diario&id=169034,https://www.parlamentodeandalucia.es/webdinamica/portal-web-parlamento/actividadparlamentaria/todaslasiniciativas/portipo.do?numexp=12-22%2FDL-000005&accion=Ver+iniciativas&desdeanyo=&desdemes=&estado=&hastaanyo=&hastames=&legislatura=12&seleccion=publicadosen&sinpaginacion=1&situacion=&tipoespecifico=&tipogeneral=1,parlamento-andalucia-votacion-https-www-parlamentodeandalucia-es-webdinamica-portal-web-parlamento-pdf-do-tipodoc-diario-id-169034::vote:1
parliament-vote-impact-review-parlamento-andalucia-votacion-https-www-parlamentodeandalucia-es-webdinamica-portal-web-parlamento-pdf-do-tipodoc-diario-id-194954-4,103,84,parliament-vote-review-batch-009,,parlamento-andalucia-votacion-https-www-parlamentodeandalucia-es-webdinamica-portal-web-parlamento-pdf-do-tipodoc-diario-id-194954-4,24/07/2025,67,4,12-25/PNLP-000092,,not_found_in_official_initiative_index,PNLP,Proposicion no de Ley en Pleno,empleo,Empleo,vote_title_keyword_triage,no,48,57,0,0,109,"PP:no:si=0,no=57,abs=0; PSOE-A:si:si=29,no=0,abs=0; VOX:si:si=13,no=0,abs=0; PorA:si:si=4,no=0,abs=0; ADELANTE ANDALUCIA:si:si=2,no=0,abs=0",needs_human_review,rule_triaged_needs_review,nonbinding_resolution_vote_rejected,resolucion no vinculante rechazada,medium,,unreviewed,actor_not_attributed,parliament_vote_review_queue_only_no_public_claim,,"12-25/PNLP-000092, PROPOSICIÓN NO DE LEY EN PLENO RELATIVA A ACTUALIZACIÓN DE LA BOLSA ÚNICA DE EMPLEO DEL SERVICIO ANDALUZ DE SALUD Y PUBLICACIÓN DE LISTADOS DEFINITIVOS...",,,https://www.parlamentodeandalucia.es/webdinamica/portal-web-parlamento/pdf.do?tipodoc=diario&id=194954,,parlamento-andalucia-votacion-https-www-parlamentodeandalucia-es-webdinamica-portal-web-parlamento-pdf-do-tipodoc-diario-id-194954::vote:4
parliament-vote-impact-review-parlamento-andalucia-votacion-https-www-parlamentodeandalucia-es-webdinamica-portal-web-parlamento-pdf-do-tipodoc-diario-id-188394-10,104,84,parliament-vote-review-batch-009,,parlamento-andalucia-votacion-https-www-parlamentodeandalucia-es-webdinamica-portal-web-parlamento-pdf-do-tipodoc-diario-id-188394-10,19/12/2024,54,10,12-24/PL-000004,parlamento-andalucia-12-24-pl-000004,matched_official_initiative,PL,Proyecto de Ley,sin_tema,Sin tema,no_topic_signal,no,14,61,34,0,109,"PP:no:si=0,no=58,abs=0; PSOE-A:abstenciones:si=0,no=0,abs=30; VOX:si:si=14,no=0,abs=0; PorA:abstenciones:si=0,no=1,abs=4; ADELANTE ANDALUCIA:no:si=0,no=2,abs=0",needs_human_review,rule_triaged_needs_review,law_final_approval_vote_rejected,rechazo de aprobacion final de ley,high,,unreviewed,actor_not_attributed,parliament_vote_review_queue_only_no_public_claim,,"12-24/PL-000004, DEBATE FINAL DEL PROYECTO DE LEY DEL PRESUPUESTO DE LA COMUNIDAD AUTÓNOMA DE ANDALUCÍA PARA EL AÑO 2025",,,https://www.parlamentodeandalucia.es/webdinamica/portal-web-parlamento/pdf.do?tipodoc=diario&id=188394,https://www.parlamentodeandalucia.es/webdinamica/portal-web-parlamento/actividadparlamentaria/todaslasiniciativas/portipo.do?numexp=12-24%2FPL-000004&accion=Ver+iniciativas&desdeanyo=&desdemes=&estado=&hastaanyo=&hastames=&legislatura=12&seleccion=publicadosen&sinpaginacion=1&situacion=&tipoespecifico=&tipogeneral=1,parlamento-andalucia-votacion-https-www-parlamentodeandalucia-es-webdinamica-portal-web-parlamento-pdf-do-tipodoc-diario-id-188394::vote:10
parliament-vote-impact-review-parlamento-andalucia-votacion-https-www-parlamentodeandalucia-es-webdinamica-portal-web-parlamento-pdf-do-tipodoc-diario-id-188394-102,105,84,parliament-vote-review-batch-009,,parlamento-andalucia-votacion-https-www-parlamentodeandalucia-es-webdinamica-portal-web-parlamento-pdf-do-tipodoc-diario-id-188394-102,19/12/2024,54,102,12-24/PL-000004,parlamento-andalucia-12-24-pl-000004,matched_official_initiative,PL,Proyecto de Ley,sin_tema,Sin tema,no_topic_signal,no,32,72,5,0,109,"PP:no:si=0,no=58,abs=0; PSOE-A:si:si=30,no=0,abs=0; VOX:no:si=0,no=14,abs=0; PorA:abstenciones:si=0,no=0,abs=5; ADELANTE ANDALUCIA:si:si=2,no=0,abs=0",needs_human_review,rule_triaged_needs_review,law_final_approval_vote_rejected,rechazo de aprobacion final de ley,high,,unreviewed,actor_not_attributed,parliament_vote_review_queue_only_no_public_claim,,"12-24/PL-000004, DEBATE FINAL DEL PROYECTO DE LEY DEL PRESUPUESTO DE LA COMUNIDAD AUTÓNOMA DE ANDALUCÍA PARA EL AÑO 2025",,,https://www.parlamentodeandalucia.es/webdinamica/portal-web-parlamento/pdf.do?tipodoc=diario&id=188394,https://www.parlamentodeandalucia.es/webdinamica/portal-web-parlamento/actividadparlamentaria/todaslasiniciativas/portipo.do?numexp=12-24%2FPL-000004&accion=Ver+iniciativas&desdeanyo=&desdemes=&estado=&hastaanyo=&hastames=&legislatura=12&seleccion=publicadosen&sinpaginacion=1&situacion=&tipoespecifico=&tipogeneral=1,parlamento-andalucia-votacion-https-www-parlamentodeandalucia-es-webdinamica-portal-web-parlamento-pdf-do-tipodoc-diario-id-188394::vote:102
parliament-vote-impact-review-parlamento-andalucia-votacion-https-www-parlamentodeandalucia-es-webdinamica-portal-web-parlamento-pdf-do-tipodoc-diario-id-188394-103,106,84,parliament-vote-review-batch-009,,parlamento-andalucia-votacion-https-www-parlamentodeandalucia-es-webdinamica-portal-web-parlamento-pdf-do-tipodoc-diario-id-188394-103,19/12/2024,54,103,12-24/PL-000004,parlamento-andalucia-12-24-pl-000004,matched_official_initiative,PL,Proyecto de Ley,sin_tema,Sin tema,no_topic_signal,no,35,71,3,0,109,"PP:no:si=0,no=58,abs=0; PSOE-A:si:si=30,no=0,abs=0; VOX:no:si=1,no=13,abs=0; PorA:abstenciones:si=2,no=0,abs=3; ADELANTE ANDALUCIA:si:si=2,no=0,abs=0",needs_human_review,rule_triaged_needs_review,law_final_approval_vote_rejected,rechazo de aprobacion final de ley,high,,unreviewed,actor_not_attributed,parliament_vote_review_queue_only_no_public_claim,,"12-24/PL-000004, DEBATE FINAL DEL PROYECTO DE LEY DEL PRESUPUESTO DE LA COMUNIDAD AUTÓNOMA DE ANDALUCÍA PARA EL AÑO 2025",,,https://www.parlamentodeandalucia.es/webdinamica/portal-web-parlamento/pdf.do?tipodoc=diario&id=188394,https://www.parlamentodeandalucia.es/webdinamica/portal-web-parlamento/actividadparlamentaria/todaslasiniciativas/portipo.do?numexp=12-24%2FPL-000004&accion=Ver+iniciativas&desdeanyo=&desdemes=&estado=&hastaanyo=&hastames=&legislatura=12&seleccion=publicadosen&sinpaginacion=1&situacion=&tipoespecifico=&tipogeneral=1,parlamento-andalucia-votacion-https-www-parlamentodeandalucia-es-webdinamica-portal-web-parlamento-pdf-do-tipodoc-diario-id-188394::vote:103
parliament-vote-impact-review-parlamento-andalucia-votacion-https-www-parlamentodeandalucia-es-webdinamica-portal-web-parlamento-pdf-do-tipodoc-diario-id-188394-104,107,84,parliament-vote-review-batch-009,,parlamento-andalucia-votacion-https-www-parlamentodeandalucia-es-webdinamica-portal-web-parlamento-pdf-do-tipodoc-diario-id-188394-104,19/12/2024,54,104,12-24/PL-000004,parlamento-andalucia-12-24-pl-000004,matched_official_initiative,PL,Proyecto de Ley,sin_tema,Sin tema,no_topic_signal,no,14,95,0,0,109,"PP:no:si=0,no=58,abs=0; PSOE-A:no:si=0,no=30,abs=0; VOX:si:si=14,no=0,abs=0; PorA:no:si=0,no=5,abs=0; ADELANTE ANDALUCIA:no:si=0,no=2,abs=0",needs_human_review,rule_triaged_needs_review,law_final_approval_vote_rejected,rechazo de aprobacion final de ley,high,,unreviewed,actor_not_attributed,parliament_vote_review_queue_only_no_public_claim,,"12-24/PL-000004, DEBATE FINAL DEL PROYECTO DE LEY DEL PRESUPUESTO DE LA COMUNIDAD AUTÓNOMA DE ANDALUCÍA PARA EL AÑO 2025",,,https://www.parlamentodeandalucia.es/webdinamica/portal-web-parlamento/pdf.do?tipodoc=diario&id=188394,https://www.parlamentodeandalucia.es/webdinamica/portal-web-parlamento/actividadparlamentaria/todaslasiniciativas/portipo.do?numexp=12-24%2FPL-000004&accion=Ver+iniciativas&desdeanyo=&desdemes=&estado=&hastaanyo=&hastames=&legislatura=12&seleccion=publicadosen&sinpaginacion=1&situacion=&tipoespecifico=&tipogeneral=1,parlamento-andalucia-votacion-https-www-parlamentodeandalucia-es-webdinamica-portal-web-parlamento-pdf-do-tipodoc-diario-id-188394::vote:104
parliament-vote-impact-review-parlamento-andalucia-votacion-https-www-parlamentodeandalucia-es-webdinamica-portal-web-parlamento-pdf-do-tipodoc-diario-id-188394-105,108,84,parliament-vote-review-batch-009,,parlamento-andalucia-votacion-https-www-parlamentodeandalucia-es-webdinamica-portal-web-parlamento-pdf-do-tipodoc-diario-id-188394-105,19/12/2024,54,105,12-24/PL-000004,parlamento-andalucia-12-24-pl-000004,matched_official_initiative,PL,Proyecto de Ley,sin_tema,Sin tema,no_topic_signal,no,32,72,5,0,109,"PP:no:si=0,no=58,abs=0; PSOE-A:si:si=30,no=0,abs=0; VOX:no:si=0,no=14,abs=0; PorA:abstenciones:si=0,no=0,abs=5; ADELANTE ANDALUCIA:si:si=2,no=0,abs=0",needs_human_review,rule_triaged_needs_review,law_final_approval_vote_rejected,rechazo de aprobacion final de ley,high,,unreviewed,actor_not_attributed,parliament_vote_review_queue_only_no_public_claim,,"12-24/PL-000004, DEBATE FINAL DEL PROYECTO DE LEY DEL PRESUPUESTO DE LA COMUNIDAD AUTÓNOMA DE ANDALUCÍA PARA EL AÑO 2025",,,https://www.parlamentodeandalucia.es/webdinamica/portal-web-parlamento/pdf.do?tipodoc=diario&id=188394,https://www.parlamentodeandalucia.es/webdinamica/portal-web-parlamento/actividadparlamentaria/todaslasiniciativas/portipo.do?numexp=12-24%2FPL-000004&accion=Ver+iniciativas&desdeanyo=&desdemes=&estado=&hastaanyo=&hastames=&legislatura=12&seleccion=publicadosen&sinpaginacion=1&situacion=&tipoespecifico=&tipogeneral=1,parlamento-andalucia-votacion-https-www-parlamentodeandalucia-es-webdinamica-portal-web-parlamento-pdf-do-tipodoc-diario-id-188394::vote:105
parliament-vote-impact-review-parlamento-andalucia-votacion-https-www-parlamentodeandalucia-es-webdinamica-portal-web-parlamento-pdf-do-tipodoc-diario-id-188394-12,109,84,parliament-vote-review-batch-010,,parlamento-andalucia-votacion-https-www-parlamentodeandalucia-es-webdinamica-portal-web-parlamento-pdf-do-tipodoc-diario-id-188394-12,19/12/2024,54,12,12-24/PL-000004,parlamento-andalucia-12-24-pl-000004,matched_official_initiative,PL,Proyecto de Ley,sin_tema,Sin tema,no_topic_signal,no,32,72,5,0,109,"PP:no:si=0,no=58,abs=0; PSOE-A:si:si=30,no=0,abs=0; VOX:no:si=0,no=14,abs=0; PorA:abstenciones:si=0,no=0,abs=5; ADELANTE ANDALUCIA:si:si=2,no=0,abs=0",needs_human_review,rule_triaged_needs_review,law_final_approval_vote_rejected,rechazo de aprobacion final de ley,high,,unreviewed,actor_not_attributed,parliament_vote_review_queue_only_no_public_claim,,"12-24/PL-000004, DEBATE FINAL DEL PROYECTO DE LEY DEL PRESUPUESTO DE LA COMUNIDAD AUTÓNOMA DE ANDALUCÍA PARA EL AÑO 2025",,,https://www.parlamentodeandalucia.es/webdinamica/portal-web-parlamento/pdf.do?tipodoc=diario&id=188394,https://www.parlamentodeandalucia.es/webdinamica/portal-web-parlamento/actividadparlamentaria/todaslasiniciativas/portipo.do?numexp=12-24%2FPL-000004&accion=Ver+iniciativas&desdeanyo=&desdemes=&estado=&hastaanyo=&hastames=&legislatura=12&seleccion=publicadosen&sinpaginacion=1&situacion=&tipoespecifico=&tipogeneral=1,parlamento-andalucia-votacion-https-www-parlamentodeandalucia-es-webdinamica-portal-web-parlamento-pdf-do-tipodoc-diario-id-188394::vote:12
parliament-vote-impact-review-parlamento-andalucia-votacion-https-www-parlamentodeandalucia-es-webdinamica-portal-web-parlamento-pdf-do-tipodoc-diario-id-188394-13,110,84,parliament-vote-review-batch-010,,parlamento-andalucia-votacion-https-www-parlamentodeandalucia-es-webdinamica-portal-web-parlamento-pdf-do-tipodoc-diario-id-188394-13,19/12/2024,54,13,12-24/PL-000004,parlamento-andalucia-12-24-pl-000004,matched_official_initiative,PL,Proyecto de Ley,sin_tema,Sin tema,no_topic_signal,no,37,72,0,0,109,"PP:no:si=0,no=58,abs=0; PSOE-A:si:si=30,no=0,abs=0; VOX:no:si=0,no=14,abs=0; PorA:si:si=5,no=0,abs=0; ADELANTE ANDALUCIA:si:si=2,no=0,abs=0",needs_human_review,rule_triaged_needs_review,law_final_approval_vote_rejected,rechazo de aprobacion final de ley,high,,unreviewed,actor_not_attributed,parliament_vote_review_queue_only_no_public_claim,,"12-24/PL-000004, DEBATE FINAL DEL PROYECTO DE LEY DEL PRESUPUESTO DE LA COMUNIDAD AUTÓNOMA DE ANDALUCÍA PARA EL AÑO 2025",,,https://www.parlamentodeandalucia.es/webdinamica/portal-web-parlamento/pdf.do?tipodoc=diario&id=188394,https://www.parlamentodeandalucia.es/webdinamica/portal-web-parlamento/actividadparlamentaria/todaslasiniciativas/portipo.do?numexp=12-24%2FPL-000004&accion=Ver+iniciativas&desdeanyo=&desdemes=&estado=&hastaanyo=&hastames=&legislatura=12&seleccion=publicadosen&sinpaginacion=1&situacion=&tipoespecifico=&tipogeneral=1,parlamento-andalucia-votacion-https-www-parlamentodeandalucia-es-webdinamica-portal-web-parlamento-pdf-do-tipodoc-diario-id-188394::vote:13
parliament-vote-impact-review-parlamento-andalucia-votacion-https-www-parlamentodeandalucia-es-webdinamica-portal-web-parlamento-pdf-do-tipodoc-diario-id-188394-14,111,84,parliament-vote-review-batch-010,,parlamento-andalucia-votacion-https-www-parlamentodeandalucia-es-webdinamica-portal-web-parlamento-pdf-do-tipodoc-diario-id-188394-14,19/12/2024,54,14,12-24/PL-000004,parlamento-andalucia-12-24-pl-000004,matched_official_initiative,PL,Proyecto de Ley,sin_tema,Sin tema,no_topic_signal,si,72,37,0,0,109,"PP:si:si=58,no=0,abs=0; PSOE-A:no:si=0,no=30,abs=0; VOX:si:si=14,no=0,abs=0; PorA:no:si=0,no=5,abs=0; ADELANTE ANDALUCIA:no:si=0,no=2,abs=0",needs_human_review,rule_triaged_needs_review,law_final_approval_vote_passed,aprobacion final de ley,high,,unreviewed,actor_not_attributed,parliament_vote_review_queue_only_no_public_claim,,"12-24/PL-000004, DEBATE FINAL DEL PROYECTO DE LEY DEL PRESUPUESTO DE LA COMUNIDAD AUTÓNOMA DE ANDALUCÍA PARA EL AÑO 2025",,,https://www.parlamentodeandalucia.es/webdinamica/portal-web-parlamento/pdf.do?tipodoc=diario&id=188394,https://www.parlamentodeandalucia.es/webdinamica/portal-web-parlamento/actividadparlamentaria/todaslasiniciativas/portipo.do?numexp=12-24%2FPL-000004&accion=Ver+iniciativas&desdeanyo=&desdemes=&estado=&hastaanyo=&hastames=&legislatura=12&seleccion=publicadosen&sinpaginacion=1&situacion=&tipoespecifico=&tipogeneral=1,parlamento-andalucia-votacion-https-www-parlamentodeandalucia-es-webdinamica-portal-web-parlamento-pdf-do-tipodoc-diario-id-188394::vote:14
parliament-vote-impact-review-parlamento-andalucia-votacion-https-www-parlamentodeandalucia-es-webdinamica-portal-web-parlamento-pdf-do-tipodoc-diario-id-188394-15,112,84,parliament-vote-review-batch-010,,parlamento-andalucia-votacion-https-www-parlamentodeandalucia-es-webdinamica-portal-web-parlamento-pdf-do-tipodoc-diario-id-188394-15,19/12/2024,54,15,12-24/PL-000004,parlamento-andalucia-12-24-pl-000004,matched_official_initiative,PL,Proyecto de Ley,sin_tema,Sin tema,no_topic_signal,no,14,93,0,0,109,"PP:no:si=0,no=57,abs=0; PSOE-A:no:si=0,no=30,abs=0; VOX:si:si=14,no=0,abs=0; PorA:no:si=0,no=4,abs=0; ADELANTE ANDALUCIA:no:si=0,no=2,abs=0",needs_human_review,rule_triaged_needs_review,law_final_approval_vote_rejected,rechazo de aprobacion final de ley,high,,unreviewed,actor_not_attributed,parliament_vote_review_queue_only_no_public_claim,,"12-24/PL-000004, DEBATE FINAL DEL PROYECTO DE LEY DEL PRESUPUESTO DE LA COMUNIDAD AUTÓNOMA DE ANDALUCÍA PARA EL AÑO 2025",,,https://www.parlamentodeandalucia.es/webdinamica/portal-web-parlamento/pdf.do?tipodoc=diario&id=188394,https://www.parlamentodeandalucia.es/webdinamica/portal-web-parlamento/actividadparlamentaria/todaslasiniciativas/portipo.do?numexp=12-24%2FPL-000004&accion=Ver+iniciativas&desdeanyo=&desdemes=&estado=&hastaanyo=&hastames=&legislatura=12&seleccion=publicadosen&sinpaginacion=1&situacion=&tipoespecifico=&tipogeneral=1,parlamento-andalucia-votacion-https-www-parlamentodeandalucia-es-webdinamica-portal-web-parlamento-pdf-do-tipodoc-diario-id-188394::vote:15
parliament-vote-impact-review-parlamento-andalucia-votacion-https-www-parlamentodeandalucia-es-webdinamica-portal-web-parlamento-pdf-do-tipodoc-diario-id-188394-16,113,84,parliament-vote-review-batch-010,,parlamento-andalucia-votacion-https-www-parlamentodeandalucia-es-webdinamica-portal-web-parlamento-pdf-do-tipodoc-diario-id-188394-16,19/12/2024,54,16,12-24/PL-000004,parlamento-andalucia-12-24-pl-000004,matched_official_initiative,PL,Proyecto de Ley,sin_tema,Sin tema,no_topic_signal,no,32,72,5,0,109,"PP:no:si=0,no=58,abs=0; PSOE-A:si:si=30,no=0,abs=0; VOX:no:si=0,no=14,abs=0; PorA:abstenciones:si=0,no=0,abs=5; ADELANTE ANDALUCIA:si:si=2,no=0,abs=0",needs_human_review,rule_triaged_needs_review,law_final_approval_vote_rejected,rechazo de aprobacion final de ley,high,,unreviewed,actor_not_attributed,parliament_vote_review_queue_only_no_public_claim,,"12-24/PL-000004, DEBATE FINAL DEL PROYECTO DE LEY DEL PRESUPUESTO DE LA COMUNIDAD AUTÓNOMA DE ANDALUCÍA PARA EL AÑO 2025",,,https://www.parlamentodeandalucia.es/webdinamica/portal-web-parlamento/pdf.do?tipodoc=diario&id=188394,https://www.parlamentodeandalucia.es/webdinamica/portal-web-parlamento/actividadparlamentaria/todaslasiniciativas/portipo.do?numexp=12-24%2FPL-000004&accion=Ver+iniciativas&desdeanyo=&desdemes=&estado=&hastaanyo=&hastames=&legislatura=12&seleccion=publicadosen&sinpaginacion=1&situacion=&tipoespecifico=&tipogeneral=1,parlamento-andalucia-votacion-https-www-parlamentodeandalucia-es-webdinamica-portal-web-parlamento-pdf-do-tipodoc-diario-id-188394::vote:16
parliament-vote-impact-review-parlamento-andalucia-votacion-https-www-parlamentodeandalucia-es-webdinamica-portal-web-parlamento-pdf-do-tipodoc-diario-id-188394-18,114,84,parliament-vote-review-batch-010,,parlamento-andalucia-votacion-https-www-parlamentodeandalucia-es-webdinamica-portal-web-parlamento-pdf-do-tipodoc-diario-id-188394-18,19/12/2024,54,18,12-24/PL-000004,parlamento-andalucia-12-24-pl-000004,matched_official_initiative,PL,Proyecto de Ley,sin_tema,Sin tema,no_topic_signal,si,95,14,0,0,109,"PP:si:si=58,no=0,abs=0; PSOE-A:si:si=30,no=0,abs=0; VOX:no:si=0,no=14,abs=0; PorA:si:si=5,no=0,abs=0; ADELANTE ANDALUCIA:si:si=2,no=0,abs=0",needs_human_review,rule_triaged_needs_review,law_final_approval_vote_passed,aprobacion final de ley,high,,unreviewed,actor_not_attributed,parliament_vote_review_queue_only_no_public_claim,,"12-24/PL-000004, DEBATE FINAL DEL PROYECTO DE LEY DEL PRESUPUESTO DE LA COMUNIDAD AUTÓNOMA DE ANDALUCÍA PARA EL AÑO 2025",,,https://www.parlamentodeandalucia.es/webdinamica/portal-web-parlamento/pdf.do?tipodoc=diario&id=188394,https://www.parlamentodeandalucia.es/webdinamica/portal-web-parlamento/actividadparlamentaria/todaslasiniciativas/portipo.do?numexp=12-24%2FPL-000004&accion=Ver+iniciativas&desdeanyo=&desdemes=&estado=&hastaanyo=&hastames=&legislatura=12&seleccion=publicadosen&sinpaginacion=1&situacion=&tipoespecifico=&tipogeneral=1,parlamento-andalucia-votacion-https-www-parlamentodeandalucia-es-webdinamica-portal-web-parlamento-pdf-do-tipodoc-diario-id-188394::vote:18
parliament-vote-impact-review-parlamento-andalucia-votacion-https-www-parlamentodeandalucia-es-webdinamica-portal-web-parlamento-pdf-do-tipodoc-diario-id-188394-19,115,84,parliament-vote-review-batch-010,,parlamento-andalucia-votacion-https-www-parlamentodeandalucia-es-webdinamica-portal-web-parlamento-pdf-do-tipodoc-diario-id-188394-19,19/12/2024,54,19,12-24/PL-000004,parlamento-andalucia-12-24-pl-000004,matched_official_initiative,PL,Proyecto de Ley,sin_tema,Sin tema,no_topic_signal,no,37,72,0,0,109,"PP:no:si=0,no=58,abs=0; PSOE-A:si:si=30,no=0,abs=0; VOX:no:si=0,no=14,abs=0; PorA:si:si=5,no=0,abs=0; ADELANTE ANDALUCIA:si:si=2,no=0,abs=0",needs_human_review,rule_triaged_needs_review,law_final_approval_vote_rejected,rechazo de aprobacion final de ley,high,,unreviewed,actor_not_attributed,parliament_vote_review_queue_only_no_public_claim,,"12-24/PL-000004, DEBATE FINAL DEL PROYECTO DE LEY DEL PRESUPUESTO DE LA COMUNIDAD AUTÓNOMA DE ANDALUCÍA PARA EL AÑO 2025",,,https://www.parlamentodeandalucia.es/webdinamica/portal-web-parlamento/pdf.do?tipodoc=diario&id=188394,https://www.parlamentodeandalucia.es/webdinamica/portal-web-parlamento/actividadparlamentaria/todaslasiniciativas/portipo.do?numexp=12-24%2FPL-000004&accion=Ver+iniciativas&desdeanyo=&desdemes=&estado=&hastaanyo=&hastames=&legislatura=12&seleccion=publicadosen&sinpaginacion=1&situacion=&tipoespecifico=&tipogeneral=1,parlamento-andalucia-votacion-https-www-parlamentodeandalucia-es-webdinamica-portal-web-parlamento-pdf-do-tipodoc-diario-id-188394::vote:19
parliament-vote-impact-review-parlamento-andalucia-votacion-https-www-parlamentodeandalucia-es-webdinamica-portal-web-parlamento-pdf-do-tipodoc-diario-id-188394-20,116,84,parliament-vote-review-batch-010,,parlamento-andalucia-votacion-https-www-parlamentodeandalucia-es-webdinamica-portal-web-parlamento-pdf-do-tipodoc-diario-id-188394-20,19/12/2024,54,20,12-24/PL-000004,parlamento-andalucia-12-24-pl-000004,matched_official_initiative,PL,Proyecto de Ley,sin_tema,Sin tema,no_topic_signal,no,14,95,0,0,109,"PP:no:si=0,no=58,abs=0; PSOE-A:no:si=0,no=30,abs=0; VOX:si:si=14,no=0,abs=0; PorA:no:si=0,no=5,abs=0; ADELANTE ANDALUCIA:no:si=0,no=2,abs=0",needs_human_review,rule_triaged_needs_review,law_final_approval_vote_rejected,rechazo de aprobacion final de ley,high,,unreviewed,actor_not_attributed,parliament_vote_review_queue_only_no_public_claim,,"12-24/PL-000004, DEBATE FINAL DEL PROYECTO DE LEY DEL PRESUPUESTO DE LA COMUNIDAD AUTÓNOMA DE ANDALUCÍA PARA EL AÑO 2025",,,https://www.parlamentodeandalucia.es/webdinamica/portal-web-parlamento/pdf.do?tipodoc=diario&id=188394,https://www.parlamentodeandalucia.es/webdinamica/portal-web-parlamento/actividadparlamentaria/todaslasiniciativas/portipo.do?numexp=12-24%2FPL-000004&accion=Ver+iniciativas&desdeanyo=&desdemes=&estado=&hastaanyo=&hastames=&legislatura=12&seleccion=publicadosen&sinpaginacion=1&situacion=&tipoespecifico=&tipogeneral=1,parlamento-andalucia-votacion-https-www-parlamentodeandalucia-es-webdinamica-portal-web-parlamento-pdf-do-tipodoc-diario-id-188394::vote:20
parliament-vote-impact-review-parlamento-andalucia-votacion-https-www-parlamentodeandalucia-es-webdinamica-portal-web-parlamento-pdf-do-tipodoc-diario-id-188394-21,117,84,parliament-vote-review-batch-010,,parlamento-andalucia-votacion-https-www-parlamentodeandalucia-es-webdinamica-portal-web-parlamento-pdf-do-tipodoc-diario-id-188394-21,19/12/2024,54,21,12-24/PL-000004,parlamento-andalucia-12-24-pl-000004,matched_official_initiative,PL,Proyecto de Ley,sin_tema,Sin tema,no_topic_signal,no,32,72,5,0,109,"PP:no:si=0,no=58,abs=0; PSOE-A:si:si=30,no=0,abs=0; VOX:no:si=0,no=14,abs=0; PorA:abstenciones:si=0,no=0,abs=5; ADELANTE ANDALUCIA:si:si=2,no=0,abs=0",needs_human_review,rule_triaged_needs_review,law_final_approval_vote_rejected,rechazo de aprobacion final de ley,high,,unreviewed,actor_not_attributed,parliament_vote_review_queue_only_no_public_claim,,"12-24/PL-000004, DEBATE FINAL DEL PROYECTO DE LEY DEL PRESUPUESTO DE LA COMUNIDAD AUTÓNOMA DE ANDALUCÍA PARA EL AÑO 2025",,,https://www.parlamentodeandalucia.es/webdinamica/portal-web-parlamento/pdf.do?tipodoc=diario&id=188394,https://www.parlamentodeandalucia.es/webdinamica/portal-web-parlamento/actividadparlamentaria/todaslasiniciativas/portipo.do?numexp=12-24%2FPL-000004&accion=Ver+iniciativas&desdeanyo=&desdemes=&estado=&hastaanyo=&hastames=&legislatura=12&seleccion=publicadosen&sinpaginacion=1&situacion=&tipoespecifico=&tipogeneral=1,parlamento-andalucia-votacion-https-www-parlamentodeandalucia-es-webdinamica-portal-web-parlamento-pdf-do-tipodoc-diario-id-188394::vote:21
parliament-vote-impact-review-parlamento-andalucia-votacion-https-www-parlamentodeandalucia-es-webdinamica-portal-web-parlamento-pdf-do-tipodoc-diario-id-188394-23,118,84,parliament-vote-review-batch-010,,parlamento-andalucia-votacion-https-www-parlamentodeandalucia-es-webdinamica-portal-web-parlamento-pdf-do-tipodoc-diario-id-188394-23,19/12/2024,54,23,12-24/PL-000004,parlamento-andalucia-12-24-pl-000004,matched_official_initiative,PL,Proyecto de Ley,sin_tema,Sin tema,no_topic_signal,no,32,72,5,0,109,"PP:no:si=0,no=58,abs=0; PSOE-A:si:si=30,no=0,abs=0; VOX:no:si=0,no=14,abs=0; PorA:abstenciones:si=0,no=0,abs=5; ADELANTE ANDALUCIA:si:si=2,no=0,abs=0",needs_human_review,rule_triaged_needs_review,law_final_approval_vote_rejected,rechazo de aprobacion final de ley,high,,unreviewed,actor_not_attributed,parliament_vote_review_queue_only_no_public_claim,,"12-24/PL-000004, DEBATE FINAL DEL PROYECTO DE LEY DEL PRESUPUESTO DE LA COMUNIDAD AUTÓNOMA DE ANDALUCÍA PARA EL AÑO 2025",,,https://www.parlamentodeandalucia.es/webdinamica/portal-web-parlamento/pdf.do?tipodoc=diario&id=188394,https://www.parlamentodeandalucia.es/webdinamica/portal-web-parlamento/actividadparlamentaria/todaslasiniciativas/portipo.do?numexp=12-24%2FPL-000004&accion=Ver+iniciativas&desdeanyo=&desdemes=&estado=&hastaanyo=&hastames=&legislatura=12&seleccion=publicadosen&sinpaginacion=1&situacion=&tipoespecifico=&tipogeneral=1,parlamento-andalucia-votacion-https-www-parlamentodeandalucia-es-webdinamica-portal-web-parlamento-pdf-do-tipodoc-diario-id-188394::vote:23
parliament-vote-impact-review-parlamento-andalucia-votacion-https-www-parlamentodeandalucia-es-webdinamica-portal-web-parlamento-pdf-do-tipodoc-diario-id-188394-24,119,84,parliament-vote-review-batch-010,,parlamento-andalucia-votacion-https-www-parlamentodeandalucia-es-webdinamica-portal-web-parlamento-pdf-do-tipodoc-diario-id-188394-24,19/12/2024,54,24,12-24/PL-000004,parlamento-andalucia-12-24-pl-000004,matched_official_initiative,PL,Proyecto de Ley,sin_tema,Sin tema,no_topic_signal,si,95,14,0,0,109,"PP:si:si=58,no=0,abs=0; PSOE-A:si:si=30,no=0,abs=0; VOX:no:si=0,no=14,abs=0; PorA:si:si=5,no=0,abs=0; ADELANTE ANDALUCIA:si:si=2,no=0,abs=0",needs_human_review,rule_triaged_needs_review,law_final_approval_vote_passed,aprobacion final de ley,high,,unreviewed,actor_not_attributed,parliament_vote_review_queue_only_no_public_claim,,"12-24/PL-000004, DEBATE FINAL DEL PROYECTO DE LEY DEL PRESUPUESTO DE LA COMUNIDAD AUTÓNOMA DE ANDALUCÍA PARA EL AÑO 2025",,,https://www.parlamentodeandalucia.es/webdinamica/portal-web-parlamento/pdf.do?tipodoc=diario&id=188394,https://www.parlamentodeandalucia.es/webdinamica/portal-web-parlamento/actividadparlamentaria/todaslasiniciativas/portipo.do?numexp=12-24%2FPL-000004&accion=Ver+iniciativas&desdeanyo=&desdemes=&estado=&hastaanyo=&hastames=&legislatura=12&seleccion=publicadosen&sinpaginacion=1&situacion=&tipoespecifico=&tipogeneral=1,parlamento-andalucia-votacion-https-www-parlamentodeandalucia-es-webdinamica-portal-web-parlamento-pdf-do-tipodoc-diario-id-188394::vote:24
parliament-vote-impact-review-parlamento-andalucia-votacion-https-www-parlamentodeandalucia-es-webdinamica-portal-web-parlamento-pdf-do-tipodoc-diario-id-188394-25,120,84,parliament-vote-review-batch-010,,parlamento-andalucia-votacion-https-www-parlamentodeandalucia-es-webdinamica-portal-web-parlamento-pdf-do-tipodoc-diario-id-188394-25,19/12/2024,54,25,12-24/PL-000004,parlamento-andalucia-12-24-pl-000004,matched_official_initiative,PL,Proyecto de Ley,sin_tema,Sin tema,no_topic_signal,no,36,73,0,0,109,"PP:no:si=0,no=58,abs=0; PSOE-A:si:si=29,no=1,abs=0; VOX:no:si=0,no=14,abs=0; PorA:si:si=5,no=0,abs=0; ADELANTE ANDALUCIA:si:si=2,no=0,abs=0",needs_human_review,rule_triaged_needs_review,law_final_approval_vote_rejected,rechazo de aprobacion final de ley,high,,unreviewed,actor_not_attributed,parliament_vote_review_queue_only_no_public_claim,,"12-24/PL-000004, DEBATE FINAL DEL PROYECTO DE LEY DEL PRESUPUESTO DE LA COMUNIDAD AUTÓNOMA DE ANDALUCÍA PARA EL AÑO 2025",,,https://www.parlamentodeandalucia.es/webdinamica/portal-web-parlamento/pdf.do?tipodoc=diario&id=188394,https://www.parlamentodeandalucia.es/webdinamica/portal-web-parlamento/actividadparlamentaria/todaslasiniciativas/portipo.do?numexp=12-24%2FPL-000004&accion=Ver+iniciativas&desdeanyo=&desdemes=&estado=&hastaanyo=&hastames=&legislatura=12&seleccion=publicadosen&sinpaginacion=1&situacion=&tipoespecifico=&tipogeneral=1,parlamento-andalucia-votacion-https-www-parlamentodeandalucia-es-webdinamica-portal-web-parlamento-pdf-do-tipodoc-diario-id-188394::vote:25
