link_key,fragment_id,norm_id,boe_id_context,delegated_institution_label,designated_role_title,query,query_variant,search_url,candidate_rank,candidate_score,candidate_boe_id,candidate_doc_url,candidate_publication_date,candidate_department,candidate_title,candidate_person_hint,match_institution,match_role
delegated_enforcement_v1|es:boe-a-1994-8985:fragment:articulo:bloque-procedimental-sancionador|Ministerio competente en trafico|DGT|Unidad sancionadora DGT|https://www.boe.es/buscar/act.php?id=BOE-A-1994-8985,es:boe-a-1994-8985:fragment:articulo:bloque-procedimental-sancionador,es:boe-a-1994-8985,BOE-A-1994-8985,DGT,Subdireccion de Gestion de Sanciones,"nombramiento ""Dirección General de Tráfico""",13,"https://www.boe.es/buscar/boe.php?campo[1]=TITULOS&dato[1]=nombramiento%20""Direcci%C3%B3n%20General%20de%20Tr%C3%A1fico""&accion=Buscar&sort_field[0]=FPU&sort_order[0]=desc",1,29,BOE-A-2003-23115,https://www.boe.es/buscar/doc.php?id=BOE-A-2003-23115,17/12/2003,Ministerio del Interior,"Orden INT/3514/2003, de 5 de diciembre, por la que se dispone el nombramiento de don Mariano Fernández Fernández como Subdirector General de Normativa y Recursos de la Dirección General de Tráfico.",Mariano Fernández Fernández,1,0
delegated_enforcement_v1|es:boe-a-1994-8985:fragment:articulo:bloque-procedimental-sancionador|Ministerio competente en trafico|DGT|Unidad sancionadora DGT|https://www.boe.es/buscar/act.php?id=BOE-A-1994-8985,es:boe-a-1994-8985:fragment:articulo:bloque-procedimental-sancionador,es:boe-a-1994-8985,BOE-A-1994-8985,DGT,Subdireccion de Gestion de Sanciones,"nombramiento ""Dirección General de Tráfico""",13,"https://www.boe.es/buscar/boe.php?campo[1]=TITULOS&dato[1]=nombramiento%20""Direcci%C3%B3n%20General%20de%20Tr%C3%A1fico""&accion=Buscar&sort_field[0]=FPU&sort_order[0]=desc",2,28,BOE-A-1997-2771,https://www.boe.es/buscar/doc.php?id=BOE-A-1997-2771,08/02/1997,Ministerio del Interior,Orden de 24 de enero de 1997 por la que se dispone el nombramiento de don Ventura Hernando Barberán como Subdirector general de Legislación y Recursos de la Dirección General de Tráfico.,Ventura Hernando Barberán,1,0
delegated_enforcement_v1|es:boe-a-1994-8985:fragment:articulo:bloque-procedimental-sancionador|Ministerio competente en trafico|DGT|Unidad sancionadora DGT|https://www.boe.es/buscar/act.php?id=BOE-A-1994-8985,es:boe-a-1994-8985:fragment:articulo:bloque-procedimental-sancionador,es:boe-a-1994-8985,BOE-A-1994-8985,DGT,Subdireccion de Gestion de Sanciones,"nombramiento ""Dirección General de Tráfico""",13,"https://www.boe.es/buscar/boe.php?campo[1]=TITULOS&dato[1]=nombramiento%20""Direcci%C3%B3n%20General%20de%20Tr%C3%A1fico""&accion=Buscar&sort_field[0]=FPU&sort_order[0]=desc",3,27,BOE-A-1996-25171,https://www.boe.es/buscar/doc.php?id=BOE-A-1996-25171,13/11/1996,Ministerio del Interior,"Orden de 29 de octubre de 1996 por la que se dispone el nombramiento de doña Enriqueta Zepeda Aguilar, como Secretaría general, de la Dirección General de Tráfico.",Enriqueta Zepeda Aguilar,1,0
delegated_enforcement_v1|es:boe-a-1994-8985:fragment:articulo:bloque-procedimental-sancionador|Ministerio competente en trafico|DGT|Unidad sancionadora DGT|https://www.boe.es/buscar/act.php?id=BOE-A-1994-8985,es:boe-a-1994-8985:fragment:articulo:bloque-procedimental-sancionador,es:boe-a-1994-8985,BOE-A-1994-8985,DGT,Subdireccion de Gestion de Sanciones,"nombramiento ""Dirección General de Tráfico""",13,"https://www.boe.es/buscar/boe.php?campo[1]=TITULOS&dato[1]=nombramiento%20""Direcci%C3%B3n%20General%20de%20Tr%C3%A1fico""&accion=Buscar&sort_field[0]=FPU&sort_order[0]=desc",4,26,BOE-A-1990-16923,https://www.boe.es/buscar/doc.php?id=BOE-A-1990-16923,17/07/1990,Ministerio del Interior,"Resolución de 1 de julio de 1990, de la Subsecretaría, por la que se hace público el nombramiento, por el sistema de libre designación, del funcionario don Eduardo Berzosa Alonso-Martínez para el puesto de trabajo de Subdirector general adjunto de Personal de la Dirección General de Tráfico.",,1,0
delegated_enforcement_v1|es:boe-a-1994-8985:fragment:articulo:bloque-procedimental-sancionador|Ministerio competente en trafico|DGT|Unidad sancionadora DGT|https://www.boe.es/buscar/act.php?id=BOE-A-1994-8985,es:boe-a-1994-8985:fragment:articulo:bloque-procedimental-sancionador,es:boe-a-1994-8985,BOE-A-1994-8985,DGT,Subdireccion de Gestion de Sanciones,"nombramiento ""Dirección General de Tráfico""",13,"https://www.boe.es/buscar/boe.php?campo[1]=TITULOS&dato[1]=nombramiento%20""Direcci%C3%B3n%20General%20de%20Tr%C3%A1fico""&accion=Buscar&sort_field[0]=FPU&sort_order[0]=desc",5,25,BOE-A-1983-28146,https://www.boe.es/buscar/doc.php?id=BOE-A-1983-28146,26/10/1983,Ministerio del Interior,Orden de 13 de octubre de 1983 por la que se dispone el nombramiento de don Miguel María Muñoz Medina como Subdirector general de Circulación y Seguridad Vial de la Dirección General de Tráfico.,Miguel María Muñoz Medina,1,0
delegated_enforcement_v1|es:boe-a-1994-8985:fragment:articulo:bloque-procedimental-sancionador|Ministerio competente en trafico|DGT|Unidad sancionadora DGT|https://www.boe.es/buscar/act.php?id=BOE-A-1994-8985,es:boe-a-1994-8985:fragment:articulo:bloque-procedimental-sancionador,es:boe-a-1994-8985,BOE-A-1994-8985,DGT,Subdireccion de Gestion de Sanciones,"nombramiento ""Dirección General de Tráfico""",13,"https://www.boe.es/buscar/boe.php?campo[1]=TITULOS&dato[1]=nombramiento%20""Direcci%C3%B3n%20General%20de%20Tr%C3%A1fico""&accion=Buscar&sort_field[0]=FPU&sort_order[0]=desc",6,24,BOE-A-1983-26523,https://www.boe.es/buscar/doc.php?id=BOE-A-1983-26523,06/10/1983,Ministerio del Interior,Orden de 29 de septiembre de 1983 por la que se dispone el nombramiento de doña María Isabel Herrarte del Alamo como Subdirectora general de Servicios de la Dirección General de Tráfico.,María Isabel Herrarte del Alamo,1,0
delegated_enforcement_v1|es:boe-a-1994-8985:fragment:articulo:bloque-procedimental-sancionador|Ministerio competente en trafico|DGT|Unidad sancionadora DGT|https://www.boe.es/buscar/act.php?id=BOE-A-1994-8985,es:boe-a-1994-8985:fragment:articulo:bloque-procedimental-sancionador,es:boe-a-1994-8985,BOE-A-1994-8985,DGT,Subdireccion de Gestion de Sanciones,nombramiento Dirección General de Tráfico,14,https://www.boe.es/buscar/boe.php?campo[1]=TITULOS&dato[1]=nombramiento%20Direcci%C3%B3n%20General%20de%20Tr%C3%A1fico&accion=Buscar&sort_field[0]=FPU&sort_order[0]=desc,7,23,BOE-A-1985-13094,https://www.boe.es/buscar/doc.php?id=BOE-A-1985-13094,05/07/1985,"Ministerio de Transportes, Turismo y Comunicaciones","Orden de 28 de junio de 1985 por la que se dispone el nombramiento como Subdirector general de Tráfico Marítimo, en la Dirección General de la Marina Mercante, de don Miguel Hernández Hernández.",Miguel Hernández Hernández,1,0
delegated_enforcement_v1|es:boe-a-1994-8985:fragment:articulo:bloque-procedimental-sancionador|Ministerio competente en trafico|DGT|Unidad sancionadora DGT|https://www.boe.es/buscar/act.php?id=BOE-A-1994-8985,es:boe-a-1994-8985:fragment:articulo:bloque-procedimental-sancionador,es:boe-a-1994-8985,BOE-A-1994-8985,DGT,Subdireccion de Gestion de Sanciones,nombramiento Dirección General de Tráfico,14,https://www.boe.es/buscar/boe.php?campo[1]=TITULOS&dato[1]=nombramiento%20Direcci%C3%B3n%20General%20de%20Tr%C3%A1fico&accion=Buscar&sort_field[0]=FPU&sort_order[0]=desc,8,22,BOE-A-1976-22164,https://www.boe.es/buscar/doc.php?id=BOE-A-1976-22164,05/11/1976,Ministerio de Comercio,Orden de 30 de septiembre de 1976 sobre nombramiento de Subdirector general de Tráfico Marítimo de la Dirección General de Navegación a don José María Moréu Curbera.,,1,0
delegated_enforcement_v1|es:boe-a-2000-15060:fragment:articulo:bloque-de-tipificacion-laboral|Ministerio de Trabajo|Inspeccion de Trabajo y Seguridad Social||https://www.boe.es/buscar/act.php?id=BOE-A-2000-15060,es:boe-a-2000-15060:fragment:articulo:bloque-de-tipificacion-laboral,es:boe-a-2000-15060,BOE-A-2000-15060,Inspeccion de Trabajo y Seguridad Social,Jefatura de Inspeccion,"nombramiento ""Jefe de Inspeccion""",3,"https://www.boe.es/buscar/boe.php?campo[1]=TITULOS&dato[1]=nombramiento%20""Jefe%20de%20Inspeccion""&accion=Buscar&sort_field[0]=FPU&sort_order[0]=desc",1,29,BOE-A-1988-24053,https://www.boe.es/buscar/doc.php?id=BOE-A-1988-24053,19/10/1988,Ministerio de Asuntos Sociales,Orden de 14 de octubre de 1988 por la que se dispone el nombramiento de don Miguel José Sanz Aranda como Jefe de Inspección General de Servicios.,Miguel José Sanz Aranda,1,0
delegated_enforcement_v1|es:boe-a-2000-15060:fragment:articulo:bloque-de-tipificacion-laboral|Ministerio de Trabajo|Inspeccion de Trabajo y Seguridad Social||https://www.boe.es/buscar/act.php?id=BOE-A-2000-15060,es:boe-a-2000-15060:fragment:articulo:bloque-de-tipificacion-laboral,es:boe-a-2000-15060,BOE-A-2000-15060,Inspeccion de Trabajo y Seguridad Social,Jefatura de Inspeccion,nombramiento Jefe de Inspeccion,4,https://www.boe.es/buscar/boe.php?campo[1]=TITULOS&dato[1]=nombramiento%20Jefe%20de%20Inspeccion&accion=Buscar&sort_field[0]=FPU&sort_order[0]=desc,2,28,BOE-A-2006-5093,https://www.boe.es/buscar/doc.php?id=BOE-A-2006-5093,21/03/2006,Ministerio de Defensa,"Orden DEF/795/2006, de 13 de marzo, por la que se dispone el nombramiento como Segundo Jefe de la Dirección de Infraestructura de la Inspección General del Ejército de Tierra, del General de Brigada del Cuerpo de Ingenieros Politécnicos don Gabriel Sierra Escriche.",,1,0
delegated_enforcement_v1|es:boe-a-2000-15060:fragment:articulo:bloque-de-tipificacion-laboral|Ministerio de Trabajo|Inspeccion de Trabajo y Seguridad Social||https://www.boe.es/buscar/act.php?id=BOE-A-2000-15060,es:boe-a-2000-15060:fragment:articulo:bloque-de-tipificacion-laboral,es:boe-a-2000-15060,BOE-A-2000-15060,Inspeccion de Trabajo y Seguridad Social,Jefatura de Inspeccion,nombramiento Jefe de Inspeccion,4,https://www.boe.es/buscar/boe.php?campo[1]=TITULOS&dato[1]=nombramiento%20Jefe%20de%20Inspeccion&accion=Buscar&sort_field[0]=FPU&sort_order[0]=desc,3,27,BOE-A-2006-1118,https://www.boe.es/buscar/doc.php?id=BOE-A-2006-1118,25/01/2006,Ministerio de Economía y Hacienda,"Resolución de 17 de enero de 2006, de la Presidencia de la Agencia Estatal de Administración Tributaria, por la que se dispone el nombramiento de don Luis Carmelo de Andrés Herranz como Jefe de la Oficina Nacional de Investigación del Fraude del Departamento de Inspección Financiera y Tributaria.",Luis Carmelo de Andrés Herranz,1,0
delegated_enforcement_v1|es:boe-a-2000-15060:fragment:articulo:bloque-de-tipificacion-laboral|Ministerio de Trabajo|Inspeccion de Trabajo y Seguridad Social||https://www.boe.es/buscar/act.php?id=BOE-A-2000-15060,es:boe-a-2000-15060:fragment:articulo:bloque-de-tipificacion-laboral,es:boe-a-2000-15060,BOE-A-2000-15060,Inspeccion de Trabajo y Seguridad Social,Jefatura de Inspeccion,nombramiento Jefe de Inspeccion,4,https://www.boe.es/buscar/boe.php?campo[1]=TITULOS&dato[1]=nombramiento%20Jefe%20de%20Inspeccion&accion=Buscar&sort_field[0]=FPU&sort_order[0]=desc,4,26,BOE-A-2004-14329,https://www.boe.es/buscar/doc.php?id=BOE-A-2004-14329,02/08/2004,Ministerio de Defensa,"Orden DEF/2605/2004, de 27 de julio, por la que se dispone el nombramiento del General de Brigada Veterinario del Cuerpo Militar de Sanidad don David Tabanera del Real como Jefe de Apoyo Veterinario de la Inspección General de Sanidad.",,1,0
delegated_enforcement_v1|es:boe-a-2000-15060:fragment:articulo:bloque-de-tipificacion-laboral|Ministerio de Trabajo|Inspeccion de Trabajo y Seguridad Social||https://www.boe.es/buscar/act.php?id=BOE-A-2000-15060,es:boe-a-2000-15060:fragment:articulo:bloque-de-tipificacion-laboral,es:boe-a-2000-15060,BOE-A-2000-15060,Inspeccion de Trabajo y Seguridad Social,Jefatura de Inspeccion,nombramiento Jefe de Inspeccion,4,https://www.boe.es/buscar/boe.php?campo[1]=TITULOS&dato[1]=nombramiento%20Jefe%20de%20Inspeccion&accion=Buscar&sort_field[0]=FPU&sort_order[0]=desc,5,25,BOE-A-2004-10572,https://www.boe.es/buscar/doc.php?id=BOE-A-2004-10572,08/06/2004,Ministerio de Defensa,"Orden DEF/1678/2004, de 31 de mayo, por la que se dispone el nombramiento del General de Brigada del Cuerpo General de las Armas del Ejército de Tierra don Jesús Carlos Fernández Asensio como Jefe del Estado Mayor de la Inspección General del Ejército de Tierra.",,1,0
delegated_enforcement_v1|es:boe-a-2000-15060:fragment:articulo:bloque-de-tipificacion-laboral|Ministerio de Trabajo|Inspeccion de Trabajo y Seguridad Social||https://www.boe.es/buscar/act.php?id=BOE-A-2000-15060,es:boe-a-2000-15060:fragment:articulo:bloque-de-tipificacion-laboral,es:boe-a-2000-15060,BOE-A-2000-15060,Inspeccion de Trabajo y Seguridad Social,Jefatura de Inspeccion,nombramiento Jefe de Inspeccion,4,https://www.boe.es/buscar/boe.php?campo[1]=TITULOS&dato[1]=nombramiento%20Jefe%20de%20Inspeccion&accion=Buscar&sort_field[0]=FPU&sort_order[0]=desc,6,24,BOE-A-2004-9370,https://www.boe.es/buscar/doc.php?id=BOE-A-2004-9370,20/05/2004,Ministerio de Economía y Hacienda,"Resolución de 14 de mayo de 2004, de la Presidencia de la Agencia Estatal de Administración Tributaria, por la que se dispone el nombramiento como Inspector Jefe de la Oficina Nacional de Inspección del Departamento de Inspección Financiera y Tributaria de don Ángel Mariano Serrano Gutiérrez.",Ángel Mariano Serrano Gutiérrez,1,0
delegated_enforcement_v1|es:boe-a-2000-15060:fragment:articulo:bloque-de-tipificacion-laboral|Ministerio de Trabajo|Inspeccion de Trabajo y Seguridad Social||https://www.boe.es/buscar/act.php?id=BOE-A-2000-15060,es:boe-a-2000-15060:fragment:articulo:bloque-de-tipificacion-laboral,es:boe-a-2000-15060,BOE-A-2000-15060,Inspeccion de Trabajo y Seguridad Social,Jefatura de Inspeccion,nombramiento Jefe de Inspeccion,4,https://www.boe.es/buscar/boe.php?campo[1]=TITULOS&dato[1]=nombramiento%20Jefe%20de%20Inspeccion&accion=Buscar&sort_field[0]=FPU&sort_order[0]=desc,7,23,BOE-A-2004-9371,https://www.boe.es/buscar/doc.php?id=BOE-A-2004-9371,20/05/2004,Ministerio de Economía y Hacienda,"Resolución de 14 de mayo de 2004, de la Presidencia de la Agencia Estatal de Administración Tributaria, por la que se dispone el nombramiento como Inspectora Jefe de la Oficina Nacional de Investigación del Fraude del Departamento de Inspección Financiera y Tributaria de doña Inmaculada Vela Sastre.",Inmaculada Vela Sastre,1,0
delegated_enforcement_v1|es:boe-a-2000-15060:fragment:articulo:bloque-de-tipificacion-laboral|Ministerio de Trabajo|Inspeccion de Trabajo y Seguridad Social||https://www.boe.es/buscar/act.php?id=BOE-A-2000-15060,es:boe-a-2000-15060:fragment:articulo:bloque-de-tipificacion-laboral,es:boe-a-2000-15060,BOE-A-2000-15060,Inspeccion de Trabajo y Seguridad Social,Jefatura de Inspeccion,nombramiento Jefe de Inspeccion,4,https://www.boe.es/buscar/boe.php?campo[1]=TITULOS&dato[1]=nombramiento%20Jefe%20de%20Inspeccion&accion=Buscar&sort_field[0]=FPU&sort_order[0]=desc,8,22,BOE-A-2004-1308,https://www.boe.es/buscar/doc.php?id=BOE-A-2004-1308,22/01/2004,Ministerio de Defensa,"Orden DEF/58/2004, de 13 de enero, por la que se dispone el nombramiento del General de Brigada del Cuerpo de Intendencia del Ejército del Aire don Gonzalo Martínez Laorden como Jefe de Administración Económica de la Inspección General de Sanidad de la Defensa.",,1,0
delegated_enforcement_v1|es:boe-a-2000-15060:fragment:articulo:bloque-de-tipificacion-laboral|Ministerio de Trabajo|Inspeccion de Trabajo y Seguridad Social||https://www.boe.es/buscar/act.php?id=BOE-A-2000-15060,es:boe-a-2000-15060:fragment:articulo:bloque-de-tipificacion-laboral,es:boe-a-2000-15060,BOE-A-2000-15060,Inspeccion de Trabajo y Seguridad Social,Jefatura de Inspeccion,nombramiento Jefe de Inspeccion,4,https://www.boe.es/buscar/boe.php?campo[1]=TITULOS&dato[1]=nombramiento%20Jefe%20de%20Inspeccion&accion=Buscar&sort_field[0]=FPU&sort_order[0]=desc,9,21,BOE-A-2003-9523,https://www.boe.es/buscar/doc.php?id=BOE-A-2003-9523,10/05/2003,Ministerio de Defensa,"Orden DEF/1135/2003, de 9 de mayo, por la que se dispone el nombramiento del Coronel Interventor del Cuerpo Militar de Intervención D. Juan Antonio Miguélez Paz como Jefe Adjunto de Administración Económica de la Inspección General de Sanidad de la Defensa.",Juan Antonio Miguélez Paz como Jefe,1,0
delegated_enforcement_v1|es:boe-a-2000-15060:fragment:articulo:bloque-de-tipificacion-laboral|Ministerio de Trabajo|Inspeccion de Trabajo y Seguridad Social||https://www.boe.es/buscar/act.php?id=BOE-A-2000-15060,es:boe-a-2000-15060:fragment:articulo:bloque-de-tipificacion-laboral,es:boe-a-2000-15060,BOE-A-2000-15060,Inspeccion de Trabajo y Seguridad Social,Jefatura de Inspeccion,nombramiento Jefe de Inspeccion,4,https://www.boe.es/buscar/boe.php?campo[1]=TITULOS&dato[1]=nombramiento%20Jefe%20de%20Inspeccion&accion=Buscar&sort_field[0]=FPU&sort_order[0]=desc,10,20,BOE-A-2003-6450,https://www.boe.es/buscar/doc.php?id=BOE-A-2003-6450,31/03/2003,Ministerio de Defensa,"Orden DEF/703/2003, de 20 de marzo, por la que se dispone el nombramiento del General de División del Cuerpo General de las Armas del Ejército de Tierra don Pedro Vigil Gallego como Jefe del Centro de Control de Generación de Fuerzas de la Inspección General de Movilización y Comandante Militar de las provincias de Burgos y Cantabria.",,1,0
delegated_enforcement_v1|es:boe-a-2000-15060:fragment:articulo:bloque-de-tipificacion-laboral|Ministerio de Trabajo|Inspeccion de Trabajo y Seguridad Social||https://www.boe.es/buscar/act.php?id=BOE-A-2000-15060,es:boe-a-2000-15060:fragment:articulo:bloque-de-tipificacion-laboral,es:boe-a-2000-15060,BOE-A-2000-15060,Inspeccion de Trabajo y Seguridad Social,Jefatura de Inspeccion,nombramiento Jefe de Inspeccion,4,https://www.boe.es/buscar/boe.php?campo[1]=TITULOS&dato[1]=nombramiento%20Jefe%20de%20Inspeccion&accion=Buscar&sort_field[0]=FPU&sort_order[0]=desc,11,20,BOE-A-2003-1595,https://www.boe.es/buscar/doc.php?id=BOE-A-2003-1595,25/01/2003,Ministerio de Defensa,"Orden DEF/75/2003, de 20 de enero, por la que se dispone el nombramiento del General de División Médico del Cuerpo Militar de Sanidad don Alfonso López Miranda como Jefe de la División Asistencial de la Inspección General de Sanidad de la Defensa.",,1,0
delegated_enforcement_v1|es:boe-a-2000-15060:fragment:articulo:bloque-de-tipificacion-laboral|Ministerio de Trabajo|Inspeccion de Trabajo y Seguridad Social||https://www.boe.es/buscar/act.php?id=BOE-A-2000-15060,es:boe-a-2000-15060:fragment:articulo:bloque-de-tipificacion-laboral,es:boe-a-2000-15060,BOE-A-2000-15060,Inspeccion de Trabajo y Seguridad Social,Jefatura de Inspeccion,nombramiento Jefe de Inspeccion,4,https://www.boe.es/buscar/boe.php?campo[1]=TITULOS&dato[1]=nombramiento%20Jefe%20de%20Inspeccion&accion=Buscar&sort_field[0]=FPU&sort_order[0]=desc,12,20,BOE-A-2002-13462,https://www.boe.es/buscar/doc.php?id=BOE-A-2002-13462,09/07/2002,Ministerio de Defensa,"Orden DEF/1710/2002, de 27 de junio, por la que se dispone el nombramiento del General de División Médico del Cuerpo Militar de Sanidad, don Antonio Pérez Peña como Jefe de la División Asistencial de la Inspección General de Sanidad de la Defensa.",,1,0
delegated_enforcement_v1|es:boe-a-2000-15060:fragment:articulo:bloque-de-tipificacion-laboral|Ministerio de Trabajo|Inspeccion de Trabajo y Seguridad Social||https://www.boe.es/buscar/act.php?id=BOE-A-2000-15060,es:boe-a-2000-15060:fragment:articulo:bloque-de-tipificacion-laboral,es:boe-a-2000-15060,BOE-A-2000-15060,Inspeccion de Trabajo y Seguridad Social,Jefatura de Inspeccion,nombramiento Jefe de Inspeccion,4,https://www.boe.es/buscar/boe.php?campo[1]=TITULOS&dato[1]=nombramiento%20Jefe%20de%20Inspeccion&accion=Buscar&sort_field[0]=FPU&sort_order[0]=desc,13,20,BOE-A-2002-13465,https://www.boe.es/buscar/doc.php?id=BOE-A-2002-13465,09/07/2002,Ministerio de Defensa,"Orden DEF/1713/2002, de 3 de julio, por la que se dispone el nombramiento del General de División Médico del Cuerpo Militar de Sanidad, don Vicente Carlos Navarro Ruiz como Jefe de la División Logístico-Operativa de la Inspección General de Sanidad de la Defensa.",,1,0
delegated_enforcement_v1|es:boe-a-2000-15060:fragment:articulo:bloque-de-tipificacion-laboral|Ministerio de Trabajo|Inspeccion de Trabajo y Seguridad Social||https://www.boe.es/buscar/act.php?id=BOE-A-2000-15060,es:boe-a-2000-15060:fragment:articulo:bloque-de-tipificacion-laboral,es:boe-a-2000-15060,BOE-A-2000-15060,Inspeccion de Trabajo y Seguridad Social,Jefatura de Inspeccion,nombramiento Jefe de Inspeccion,4,https://www.boe.es/buscar/boe.php?campo[1]=TITULOS&dato[1]=nombramiento%20Jefe%20de%20Inspeccion&accion=Buscar&sort_field[0]=FPU&sort_order[0]=desc,14,20,BOE-A-2002-1660,https://www.boe.es/buscar/doc.php?id=BOE-A-2002-1660,28/01/2002,Ministerio de Defensa,"Orden DEF/121/2002, de 21 de enero, por la que se dispone el nombramiento del General de Brigada Médico del Cuerpo Militar de Sanidad don Julián Relanzón López como 2.o Jefe de la División Asistencial de la Inspección General de Sanidad de la Defensa.",,1,0
delegated_enforcement_v1|es:boe-a-2000-15060:fragment:articulo:bloque-de-tipificacion-laboral|Ministerio de Trabajo|Inspeccion de Trabajo y Seguridad Social||https://www.boe.es/buscar/act.php?id=BOE-A-2000-15060,es:boe-a-2000-15060:fragment:articulo:bloque-de-tipificacion-laboral,es:boe-a-2000-15060,BOE-A-2000-15060,Inspeccion de Trabajo y Seguridad Social,Jefatura de Inspeccion,nombramiento Jefe de Inspeccion,4,https://www.boe.es/buscar/boe.php?campo[1]=TITULOS&dato[1]=nombramiento%20Jefe%20de%20Inspeccion&accion=Buscar&sort_field[0]=FPU&sort_order[0]=desc,15,20,BOE-A-2002-1661,https://www.boe.es/buscar/doc.php?id=BOE-A-2002-1661,28/01/2002,Ministerio de Defensa,"Orden DEF/122/2002, de 21 de enero, por la que se dispone el nombramiento del General de División Médico del Cuerpo Militar de Sanidad don Antonio Pérez Peña como Jefe de la División Logística-Operativa de la Inspección General de Sanidad de la Defensa.",,1,0
delegated_enforcement_v1|es:boe-a-2000-15060:fragment:articulo:bloque-de-tipificacion-laboral|Ministerio de Trabajo|Inspeccion de Trabajo y Seguridad Social||https://www.boe.es/buscar/act.php?id=BOE-A-2000-15060,es:boe-a-2000-15060:fragment:articulo:bloque-de-tipificacion-laboral,es:boe-a-2000-15060,BOE-A-2000-15060,Inspeccion de Trabajo y Seguridad Social,Jefatura de Inspeccion,nombramiento Jefe de Inspeccion,4,https://www.boe.es/buscar/boe.php?campo[1]=TITULOS&dato[1]=nombramiento%20Jefe%20de%20Inspeccion&accion=Buscar&sort_field[0]=FPU&sort_order[0]=desc,16,20,BOE-A-2000-12611,https://www.boe.es/buscar/doc.php?id=BOE-A-2000-12611,04/07/2000,Ministerio de Hacienda,"Resolución de 22 de junio de 2000, de la Agencia Estatal de Administración Tributaria, por la que se dispone el nombramiento de don Santiago Domínguez Rodicio como Jefe de la Oficina Nacional de Inspección del Departamento de Inspección Financiera y Tributaria.",Santiago Domínguez Rodicio,1,0
delegated_enforcement_v1|es:boe-a-2000-15060:fragment:articulo:bloque-de-tipificacion-laboral|Ministerio de Trabajo|Inspeccion de Trabajo y Seguridad Social||https://www.boe.es/buscar/act.php?id=BOE-A-2000-15060,es:boe-a-2000-15060:fragment:articulo:bloque-de-tipificacion-laboral,es:boe-a-2000-15060,BOE-A-2000-15060,Inspeccion de Trabajo y Seguridad Social,Jefatura de Inspeccion,nombramiento Jefe de Inspeccion,4,https://www.boe.es/buscar/boe.php?campo[1]=TITULOS&dato[1]=nombramiento%20Jefe%20de%20Inspeccion&accion=Buscar&sort_field[0]=FPU&sort_order[0]=desc,17,20,BOE-A-2000-12612,https://www.boe.es/buscar/doc.php?id=BOE-A-2000-12612,04/07/2000,Ministerio de Hacienda,"Resolución de 22 de junio de 2000, de la Agencia Estatal de Administración Tributaria, por la que se dispone el nombramiento de don Jesús Bermejo Ramos como Jefe de la Oficina Nacional de Investigación del Fraude del Departamento de Inspección Financiera y Tributaria.",Jesús Bermejo Ramos,1,0
delegated_enforcement_v1|es:boe-a-2000-15060:fragment:articulo:bloque-de-tipificacion-laboral|Ministerio de Trabajo|Inspeccion de Trabajo y Seguridad Social||https://www.boe.es/buscar/act.php?id=BOE-A-2000-15060,es:boe-a-2000-15060:fragment:articulo:bloque-de-tipificacion-laboral,es:boe-a-2000-15060,BOE-A-2000-15060,Inspeccion de Trabajo y Seguridad Social,Jefatura de Inspeccion,nombramiento Jefe de Inspeccion,4,https://www.boe.es/buscar/boe.php?campo[1]=TITULOS&dato[1]=nombramiento%20Jefe%20de%20Inspeccion&accion=Buscar&sort_field[0]=FPU&sort_order[0]=desc,18,20,BOE-A-2000-10837,https://www.boe.es/buscar/doc.php?id=BOE-A-2000-10837,09/06/2000,Ministerio de Defensa,"Orden 430/38253/2000, de 31 de mayo, por la que se dispone el nombramiento del General de División del Cuerpo General de las Armas del Ejército de Tierra don Carlos Álvarez Tejero como Jefe del Centro de Control de Generación de Fuerzas de la Inspección General de Movilización y Comandante Militar de las provincias de Burgos y Cantabria.",,1,0
delegated_enforcement_v1|es:boe-a-2000-15060:fragment:articulo:bloque-de-tipificacion-laboral|Ministerio de Trabajo|Inspeccion de Trabajo y Seguridad Social||https://www.boe.es/buscar/act.php?id=BOE-A-2000-15060,es:boe-a-2000-15060:fragment:articulo:bloque-de-tipificacion-laboral,es:boe-a-2000-15060,BOE-A-2000-15060,Inspeccion de Trabajo y Seguridad Social,Jefatura de Inspeccion,nombramiento Jefe de Inspeccion,4,https://www.boe.es/buscar/boe.php?campo[1]=TITULOS&dato[1]=nombramiento%20Jefe%20de%20Inspeccion&accion=Buscar&sort_field[0]=FPU&sort_order[0]=desc,19,20,BOE-A-1999-5276,https://www.boe.es/buscar/doc.php?id=BOE-A-1999-5276,04/03/1999,Ministerio de Economía y Hacienda,"Resolución de 26 de febrero de 1999, de la Agencia Estatal de Administración Tributaria, por la que se dispone el nombramiento de don José Aparicio Pérez como Jefe de la Oficina Nacional de Investigación del Fraude del Departamento de Inspección Financiera y Tributaria.",José Aparicio Pérez,1,0
delegated_enforcement_v1|es:boe-a-2000-15060:fragment:articulo:bloque-de-tipificacion-laboral|Ministerio de Trabajo|Inspeccion de Trabajo y Seguridad Social||https://www.boe.es/buscar/act.php?id=BOE-A-2000-15060,es:boe-a-2000-15060:fragment:articulo:bloque-de-tipificacion-laboral,es:boe-a-2000-15060,BOE-A-2000-15060,Inspeccion de Trabajo y Seguridad Social,Jefatura de Inspeccion,nombramiento Jefe de Inspeccion,4,https://www.boe.es/buscar/boe.php?campo[1]=TITULOS&dato[1]=nombramiento%20Jefe%20de%20Inspeccion&accion=Buscar&sort_field[0]=FPU&sort_order[0]=desc,20,20,BOE-A-1999-4379,https://www.boe.es/buscar/doc.php?id=BOE-A-1999-4379,22/02/1999,Ministerio de Defensa,"Orden 430/38103/1999, de 12 de febrero, por la que se dispone el nombramiento del General de División del Cuerpo General de las Armas del Ejército de Tierra don Miguel González Sacristán como Jefe del Centro de Control de Generación de Fuerzas, de la Inspección General de Movilización y Comandante Militar de las provincias de Burgos y Cantabria.",,1,0
delegated_enforcement_v1|es:boe-a-2000-15060:fragment:articulo:bloque-de-tipificacion-laboral|Ministerio de Trabajo|Inspeccion de Trabajo y Seguridad Social||https://www.boe.es/buscar/act.php?id=BOE-A-2000-15060,es:boe-a-2000-15060:fragment:articulo:bloque-de-tipificacion-laboral,es:boe-a-2000-15060,BOE-A-2000-15060,Inspeccion de Trabajo y Seguridad Social,Jefatura de Inspeccion,nombramiento Jefe de Inspeccion,4,https://www.boe.es/buscar/boe.php?campo[1]=TITULOS&dato[1]=nombramiento%20Jefe%20de%20Inspeccion&accion=Buscar&sort_field[0]=FPU&sort_order[0]=desc,21,20,BOE-A-1998-17207,https://www.boe.es/buscar/doc.php?id=BOE-A-1998-17207,18/07/1998,Ministerio de Defensa,"Orden 430/38604/1998, de 9 de julio, por la que se dispone el nombramiento del General de División del Cuerpo General de las Armas del Ejército de Tierra don Félix González Bueno como Jefe del Centro de Control de Generación de Fuerzas de la Inspección General de Movilización y Comandante Militar de las provincias de Burgos y Cantabria.",,1,0
delegated_enforcement_v1|es:boe-a-2000-15060:fragment:articulo:bloque-de-tipificacion-laboral|Ministerio de Trabajo|Inspeccion de Trabajo y Seguridad Social||https://www.boe.es/buscar/act.php?id=BOE-A-2000-15060,es:boe-a-2000-15060:fragment:articulo:bloque-de-tipificacion-laboral,es:boe-a-2000-15060,BOE-A-2000-15060,Inspeccion de Trabajo y Seguridad Social,Jefatura de Inspeccion,nombramiento Jefe de Inspeccion,4,https://www.boe.es/buscar/boe.php?campo[1]=TITULOS&dato[1]=nombramiento%20Jefe%20de%20Inspeccion&accion=Buscar&sort_field[0]=FPU&sort_order[0]=desc,22,20,BOE-A-1996-13908,https://www.boe.es/buscar/doc.php?id=BOE-A-1996-13908,18/06/1996,Ministerio de Economía y Hacienda,"Resolución de 13 de junio de 1996, de la Agencia Estatal de Administración Tributaria, por la que se dispone el nombramiento de don Gerardo Pérez Rodilla como Inspector Jefe de la Oficina Nacional de Inspección en el Departamento de Inspección Financiera y Tributaria.",Gerardo Pérez Rodilla,1,0
delegated_enforcement_v1|es:boe-a-2000-15060:fragment:articulo:bloque-de-tipificacion-laboral|Ministerio de Trabajo|Inspeccion de Trabajo y Seguridad Social||https://www.boe.es/buscar/act.php?id=BOE-A-2000-15060,es:boe-a-2000-15060:fragment:articulo:bloque-de-tipificacion-laboral,es:boe-a-2000-15060,BOE-A-2000-15060,Inspeccion de Trabajo y Seguridad Social,Jefatura de Inspeccion,nombramiento Jefe de Inspeccion,4,https://www.boe.es/buscar/boe.php?campo[1]=TITULOS&dato[1]=nombramiento%20Jefe%20de%20Inspeccion&accion=Buscar&sort_field[0]=FPU&sort_order[0]=desc,23,20,BOE-A-1992-21476,https://www.boe.es/buscar/doc.php?id=BOE-A-1992-21476,22/09/1992,Ministerio de Justicia,"Orden de 14 de septiembre de 1992, por la que se dispone el nombramiento, por el sistema de libre designación, de don Mariano Sánchez -Ortiz Rodríguez como Jefe de Area de Inspección, nivel 28, en la Secretaría General de Asuntos Penitenciarios.",Mariano Sánchez -Ortiz Rodríguez,1,0
delegated_enforcement_v1|es:boe-a-2000-15060:fragment:articulo:bloque-de-tipificacion-laboral|Ministerio de Trabajo|Inspeccion de Trabajo y Seguridad Social||https://www.boe.es/buscar/act.php?id=BOE-A-2000-15060,es:boe-a-2000-15060:fragment:articulo:bloque-de-tipificacion-laboral,es:boe-a-2000-15060,BOE-A-2000-15060,Inspeccion de Trabajo y Seguridad Social,Jefatura de Inspeccion,nombramiento Jefe de Inspeccion,4,https://www.boe.es/buscar/boe.php?campo[1]=TITULOS&dato[1]=nombramiento%20Jefe%20de%20Inspeccion&accion=Buscar&sort_field[0]=FPU&sort_order[0]=desc,24,20,BOE-A-1992-12353,https://www.boe.es/buscar/doc.php?id=BOE-A-1992-12353,29/05/1992,Ministerio de Defensa,"Orden de 26 de mayo de 1992 por la que se dispone el nombramiento del General de Brigada del Cuerpo General de las Armas (Cabellería) del Ejército de Tierra don Carlos Bravo Guerreira, como Segundo Jefe de la Inspección de Caballería.",,1,0
delegated_enforcement_v1|es:boe-a-2000-15060:fragment:articulo:bloque-de-tipificacion-laboral|Ministerio de Trabajo|Inspeccion de Trabajo y Seguridad Social||https://www.boe.es/buscar/act.php?id=BOE-A-2000-15060,es:boe-a-2000-15060:fragment:articulo:bloque-de-tipificacion-laboral,es:boe-a-2000-15060,BOE-A-2000-15060,Inspeccion de Trabajo y Seguridad Social,Jefatura de Inspeccion,nombramiento Jefe de Inspeccion,4,https://www.boe.es/buscar/boe.php?campo[1]=TITULOS&dato[1]=nombramiento%20Jefe%20de%20Inspeccion&accion=Buscar&sort_field[0]=FPU&sort_order[0]=desc,25,20,BOE-A-1992-3374,https://www.boe.es/buscar/doc.php?id=BOE-A-1992-3374,14/02/1992,Ministerio de Defensa,Orden de 11 de febrero de 1992 por la que se dispone el nombramiento del General del Brigada del Cuerpo General de las Armas (Artillería) del Ejército de Tierra don Pío Castrillo Mazeres como Segundo Jefe de la Inspección de Artillería.,,1,0
delegated_enforcement_v1|es:boe-a-2003-23186:fragment:articulo:bloque-sancionador-principal|Ministerio de Hacienda|AEAT|Delegaciones AEAT|https://www.boe.es/buscar/act.php?id=BOE-A-2003-23186,es:boe-a-2003-23186:fragment:articulo:bloque-sancionador-principal,es:boe-a-2003-23186,BOE-A-2003-23186,AEAT,Delegacion Especial,"nombramiento ""Delegacion Especial"" ""Agencia Estatal de Administración Tributaria""",1,"https://www.boe.es/buscar/boe.php?campo[1]=TITULOS&dato[1]=nombramiento%20""Delegacion%20Especial""%20""Agencia%20Estatal%20de%20Administraci%C3%B3n%20Tributaria""&accion=Buscar&sort_field[0]=FPU&sort_order[0]=desc",1,49,BOE-A-2007-12769,https://www.boe.es/buscar/doc.php?id=BOE-A-2007-12769,30/06/2007,Ministerio de Economía y Hacienda,"Resolución de 21 de junio de 2007, de la Presidencia de la Agencia Estatal de Administración Tributaria, por la que se dispone el nombramiento como Delegado Ejecutivo de la Delegación Especial de Andalucía, Ceuta y Melilla de don José Alberto García Valera.",José Alberto García Valera,1,1
delegated_enforcement_v1|es:boe-a-2003-23186:fragment:articulo:bloque-sancionador-principal|Ministerio de Hacienda|AEAT|Delegaciones AEAT|https://www.boe.es/buscar/act.php?id=BOE-A-2003-23186,es:boe-a-2003-23186:fragment:articulo:bloque-sancionador-principal,es:boe-a-2003-23186,BOE-A-2003-23186,AEAT,Delegacion Especial,"nombramiento ""Delegacion Especial"" ""Agencia Estatal de Administración Tributaria""",1,"https://www.boe.es/buscar/boe.php?campo[1]=TITULOS&dato[1]=nombramiento%20""Delegacion%20Especial""%20""Agencia%20Estatal%20de%20Administraci%C3%B3n%20Tributaria""&accion=Buscar&sort_field[0]=FPU&sort_order[0]=desc",2,48,BOE-A-2006-2465,https://www.boe.es/buscar/doc.php?id=BOE-A-2006-2465,14/02/2006,Ministerio de Economía y Hacienda,"Resolución de 8 de febrero de 2006, de la Presidencia de la Agencia Estatal de Administración Tributaria, por la que se dispone el nombramiento de don Jesús Manuel Andradas Heranz, como Delegado de Planificación y Control de la Delegación Especial de la Agencia Estatal de Administración Tributaria de Madrid.",Jesús Manuel Andradas Heranz,1,1
delegated_enforcement_v1|es:boe-a-2003-23186:fragment:articulo:bloque-sancionador-principal|Ministerio de Hacienda|AEAT|Delegaciones AEAT|https://www.boe.es/buscar/act.php?id=BOE-A-2003-23186,es:boe-a-2003-23186:fragment:articulo:bloque-sancionador-principal,es:boe-a-2003-23186,BOE-A-2003-23186,AEAT,Delegacion Especial,"nombramiento ""Delegacion Especial"" ""Agencia Estatal de Administración Tributaria""",1,"https://www.boe.es/buscar/boe.php?campo[1]=TITULOS&dato[1]=nombramiento%20""Delegacion%20Especial""%20""Agencia%20Estatal%20de%20Administraci%C3%B3n%20Tributaria""&accion=Buscar&sort_field[0]=FPU&sort_order[0]=desc",3,47,BOE-A-2004-9367,https://www.boe.es/buscar/doc.php?id=BOE-A-2004-9367,20/05/2004,Ministerio de Economía y Hacienda,"Resolución de 14 de mayo de 2004, de la Presidencia de la Agencia Estatal de Administración Tributaria, por la que se dispone el nombramiento como Delegado Especial Adjunto Ejecutivo en la Delegación Especial de la Agencia Estatal de Administración Tributaria en Madrid de don Manuel Trillo Álvarez.",Manuel Trillo Álvarez,1,1
delegated_enforcement_v1|es:boe-a-2003-23186:fragment:articulo:bloque-sancionador-principal|Ministerio de Hacienda|AEAT|Delegaciones AEAT|https://www.boe.es/buscar/act.php?id=BOE-A-2003-23186,es:boe-a-2003-23186:fragment:articulo:bloque-sancionador-principal,es:boe-a-2003-23186,BOE-A-2003-23186,AEAT,Delegacion Especial,"nombramiento ""Delegacion Especial"" ""Agencia Estatal de Administración Tributaria""",1,"https://www.boe.es/buscar/boe.php?campo[1]=TITULOS&dato[1]=nombramiento%20""Delegacion%20Especial""%20""Agencia%20Estatal%20de%20Administraci%C3%B3n%20Tributaria""&accion=Buscar&sort_field[0]=FPU&sort_order[0]=desc",4,46,BOE-A-2000-9987,https://www.boe.es/buscar/doc.php?id=BOE-A-2000-9987,30/05/2000,Ministerio de Hacienda,"Resolución de 22 de mayo de 2000, de la Agencia Estatal de Administración Tributaria, por la que se dispone el nombramiento de don Manuel Trigo Portela como Delegado especial adjunto de Planificación y Control en la Delegación Especial de la Agencia Estatal de Administración Tributaria en Madrid.",Manuel Trigo Portela,1,1
delegated_enforcement_v1|es:boe-a-2003-23186:fragment:articulo:bloque-sancionador-principal|Ministerio de Hacienda|AEAT|Delegaciones AEAT|https://www.boe.es/buscar/act.php?id=BOE-A-2003-23186,es:boe-a-2003-23186:fragment:articulo:bloque-sancionador-principal,es:boe-a-2003-23186,BOE-A-2003-23186,AEAT,Delegacion Especial,"nombramiento ""Delegacion Especial"" ""Agencia Estatal de Administración Tributaria""",1,"https://www.boe.es/buscar/boe.php?campo[1]=TITULOS&dato[1]=nombramiento%20""Delegacion%20Especial""%20""Agencia%20Estatal%20de%20Administraci%C3%B3n%20Tributaria""&accion=Buscar&sort_field[0]=FPU&sort_order[0]=desc",5,45,BOE-A-1999-7873,https://www.boe.es/buscar/doc.php?id=BOE-A-1999-7873,08/04/1999,Ministerio de Economía y Hacienda,"Resolución de 18 de marzo de 1999, de la Agencia Estatal de Administración Tributaria, por la que se dispone el nombramiento de don Eduardo Córdoba Ocaña como Delegado especial adjunto ejecutivo en la Delegación Especial de la Agencia Estatal de Administración Tributaria en Madrid.",Eduardo Córdoba Ocaña,1,1
delegated_enforcement_v1|es:boe-a-2003-23186:fragment:articulo:bloque-sancionador-principal|Ministerio de Hacienda|AEAT|Delegaciones AEAT|https://www.boe.es/buscar/act.php?id=BOE-A-2003-23186,es:boe-a-2003-23186:fragment:articulo:bloque-sancionador-principal,es:boe-a-2003-23186,BOE-A-2003-23186,AEAT,Delegacion Especial,"nombramiento ""Delegacion Especial"" ""Agencia Estatal de Administración Tributaria""",1,"https://www.boe.es/buscar/boe.php?campo[1]=TITULOS&dato[1]=nombramiento%20""Delegacion%20Especial""%20""Agencia%20Estatal%20de%20Administraci%C3%B3n%20Tributaria""&accion=Buscar&sort_field[0]=FPU&sort_order[0]=desc",6,44,BOE-A-1999-7874,https://www.boe.es/buscar/doc.php?id=BOE-A-1999-7874,08/04/1999,Ministerio de Economía y Hacienda,"Resolución de 18 de marzo de 1999, de la Agencia Estatal de Administración Tributaria, por la que se dispone el nombramiento de don Juan Daniel Salido del Pozo como Delegado especial adjunto de Planificación y Control en la Delegación Especial de la Agencia Estatal de Administración Tributaria en Madrid.",Juan Daniel Salido del Pozo,1,1
delegated_enforcement_v1|es:boe-a-2003-23186:fragment:articulo:bloque-sancionador-principal|Ministerio de Hacienda|AEAT|Delegaciones AEAT|https://www.boe.es/buscar/act.php?id=BOE-A-2003-23186,es:boe-a-2003-23186:fragment:articulo:bloque-sancionador-principal,es:boe-a-2003-23186,BOE-A-2003-23186,AEAT,Delegacion Especial,"nombramiento ""Delegacion Especial"" ""Agencia Estatal de Administración Tributaria""",1,"https://www.boe.es/buscar/boe.php?campo[1]=TITULOS&dato[1]=nombramiento%20""Delegacion%20Especial""%20""Agencia%20Estatal%20de%20Administraci%C3%B3n%20Tributaria""&accion=Buscar&sort_field[0]=FPU&sort_order[0]=desc",7,43,BOE-A-1999-7877,https://www.boe.es/buscar/doc.php?id=BOE-A-1999-7877,08/04/1999,Ministerio de Economía y Hacienda,"Resolución de 18 de marzo de 1999, de la Agencia Estatal de Administración Tributaria, por la que se dispone el nombramiento de don Antonio Monill Serra como Delegado especial adjunto en la Delegación Especial de la Agencia Estatal de Administración Tributaria en Cataluña.",Antonio Monill Serra,1,1
delegated_enforcement_v1|es:boe-a-2003-23186:fragment:articulo:bloque-sancionador-principal|Ministerio de Hacienda|AEAT|Delegaciones AEAT|https://www.boe.es/buscar/act.php?id=BOE-A-2003-23186,es:boe-a-2003-23186:fragment:articulo:bloque-sancionador-principal,es:boe-a-2003-23186,BOE-A-2003-23186,AEAT,Delegacion Especial,"nombramiento ""Delegacion Especial"" ""Agencia Estatal de Administración Tributaria""",1,"https://www.boe.es/buscar/boe.php?campo[1]=TITULOS&dato[1]=nombramiento%20""Delegacion%20Especial""%20""Agencia%20Estatal%20de%20Administraci%C3%B3n%20Tributaria""&accion=Buscar&sort_field[0]=FPU&sort_order[0]=desc",8,42,BOE-A-1999-7878,https://www.boe.es/buscar/doc.php?id=BOE-A-1999-7878,08/04/1999,Ministerio de Economía y Hacienda,"Resolución de 18 de marzo de 1999, de la Agencia Estatal de Administración Tributaria, por la que se dispone el nombramiento de don Inocente Altozano Ferragut como Delegado especial adjunto en la Delegación Especial de la Agencia Estatal de Administración Tributaria en Valencia.",Inocente Altozano Ferragut,1,1
delegated_enforcement_v1|es:boe-a-2003-23186:fragment:articulo:bloque-sancionador-principal|Ministerio de Hacienda|AEAT|Delegaciones AEAT|https://www.boe.es/buscar/act.php?id=BOE-A-2003-23186,es:boe-a-2003-23186:fragment:articulo:bloque-sancionador-principal,es:boe-a-2003-23186,BOE-A-2003-23186,AEAT,Delegacion Especial,"nombramiento ""Delegacion Especial"" ""Agencia Estatal de Administración Tributaria""",1,"https://www.boe.es/buscar/boe.php?campo[1]=TITULOS&dato[1]=nombramiento%20""Delegacion%20Especial""%20""Agencia%20Estatal%20de%20Administraci%C3%B3n%20Tributaria""&accion=Buscar&sort_field[0]=FPU&sort_order[0]=desc",9,41,BOE-A-1998-21461,https://www.boe.es/buscar/doc.php?id=BOE-A-1998-21461,11/09/1998,Ministerio de Economía y Hacienda,"Resolución de 4 de septiembre de 1998, de la Agencia Estatal de Administración Tributaria, por la que se dispone el nombramiento de doña Yolanda González Carballeira como Delegada Especial adjunta para los Servicios en la Delegación Especial de la Agencia Estatal de Administración Tributaria en Madrid.",Yolanda González Carballeira,1,1
delegated_enforcement_v1|es:boe-a-2003-23186:fragment:articulo:bloque-sancionador-principal|Ministerio de Hacienda|AEAT|Delegaciones AEAT|https://www.boe.es/buscar/act.php?id=BOE-A-2003-23186,es:boe-a-2003-23186:fragment:articulo:bloque-sancionador-principal,es:boe-a-2003-23186,BOE-A-2003-23186,AEAT,Delegacion Especial,"nombramiento ""Delegacion Especial"" ""Agencia Estatal de Administración Tributaria""",1,"https://www.boe.es/buscar/boe.php?campo[1]=TITULOS&dato[1]=nombramiento%20""Delegacion%20Especial""%20""Agencia%20Estatal%20de%20Administraci%C3%B3n%20Tributaria""&accion=Buscar&sort_field[0]=FPU&sort_order[0]=desc",10,40,BOE-A-1997-24693,https://www.boe.es/buscar/doc.php?id=BOE-A-1997-24693,19/11/1997,Ministerio de Economía y Hacienda,"Resolución de 12 de noviembre de 1997, de la Agencia Estatal de Administración Tributaria, por la que se dispone el nombramiento de doña Ana María Naveira Naveira como Delegada Especial de la Delegación Especial de la Agencia Estatal de Administración Tributaria de Madrid.",Ana María Naveira Naveira,1,1
delegated_enforcement_v1|es:boe-a-2003-23186:fragment:articulo:bloque-sancionador-principal|Ministerio de Hacienda|AEAT|Delegaciones AEAT|https://www.boe.es/buscar/act.php?id=BOE-A-2003-23186,es:boe-a-2003-23186:fragment:articulo:bloque-sancionador-principal,es:boe-a-2003-23186,BOE-A-2003-23186,AEAT,Delegacion Especial,"nombramiento ""Delegacion Especial"" ""Agencia Estatal de Administración Tributaria""",1,"https://www.boe.es/buscar/boe.php?campo[1]=TITULOS&dato[1]=nombramiento%20""Delegacion%20Especial""%20""Agencia%20Estatal%20de%20Administraci%C3%B3n%20Tributaria""&accion=Buscar&sort_field[0]=FPU&sort_order[0]=desc",11,40,BOE-A-1997-17834,https://www.boe.es/buscar/doc.php?id=BOE-A-1997-17834,07/08/1997,Ministerio de Economía y Hacienda,"Resolución de 30 de julio de 1997, de la Agencia Estatal de Administración Tributaria, por la que se dispone el nombramiento de don Juan Daniel Salido del Pozo como Delegado especial adjunto para las Administraciones en la Delegación Especial de la Agencia Estatal de Administración Tributaria en Madrid.",Juan Daniel Salido del Pozo,1,1
delegated_enforcement_v1|es:boe-a-2003-23186:fragment:articulo:bloque-sancionador-principal|Ministerio de Hacienda|AEAT|Delegaciones AEAT|https://www.boe.es/buscar/act.php?id=BOE-A-2003-23186,es:boe-a-2003-23186:fragment:articulo:bloque-sancionador-principal,es:boe-a-2003-23186,BOE-A-2003-23186,AEAT,Delegacion Especial,"nombramiento ""Delegacion Especial"" ""Agencia Estatal de Administración Tributaria""",1,"https://www.boe.es/buscar/boe.php?campo[1]=TITULOS&dato[1]=nombramiento%20""Delegacion%20Especial""%20""Agencia%20Estatal%20de%20Administraci%C3%B3n%20Tributaria""&accion=Buscar&sort_field[0]=FPU&sort_order[0]=desc",12,40,BOE-A-1996-17115,https://www.boe.es/buscar/doc.php?id=BOE-A-1996-17115,26/07/1996,Ministerio de Economía y Hacienda,"Resolución de 22 de julio de 1996, de la Agencia Estatal de Administración Tributaria, por la que se dispone el nombramiento de doña María Soledad Fernández Doctor, como Delegada Especial Adjunta para las Administraciones en la Delegación Especial de la Agencia Estatal de Administración Tributaria en Madrid.",María Soledad Fernández Doctor,1,1
delegated_enforcement_v1|es:boe-a-2003-23186:fragment:articulo:bloque-sancionador-principal|Ministerio de Hacienda|AEAT|Delegaciones AEAT|https://www.boe.es/buscar/act.php?id=BOE-A-2003-23186,es:boe-a-2003-23186:fragment:articulo:bloque-sancionador-principal,es:boe-a-2003-23186,BOE-A-2003-23186,AEAT,Delegacion Especial,"nombramiento ""Delegacion Especial"" ""Agencia Estatal de Administración Tributaria""",1,"https://www.boe.es/buscar/boe.php?campo[1]=TITULOS&dato[1]=nombramiento%20""Delegacion%20Especial""%20""Agencia%20Estatal%20de%20Administraci%C3%B3n%20Tributaria""&accion=Buscar&sort_field[0]=FPU&sort_order[0]=desc",13,40,BOE-A-1995-18276,https://www.boe.es/buscar/doc.php?id=BOE-A-1995-18276,28/07/1995,Ministerio de Economía y Hacienda,"Resolución de 25 de julio de 1995, de la Agencia Estatal de Administración Tributaria, por la que se dispone el nombramiento de don Julio Gutiérrez Díez como Delegado especial adjunto para las dependencias en la Delegación Especial de la Agencia Estatal de Administración Tributaria en Madrid.",Julio Gutiérrez Díez,1,1
delegated_enforcement_v1|es:boe-a-2003-23186:fragment:articulo:bloque-sancionador-principal|Ministerio de Hacienda|AEAT|Delegaciones AEAT|https://www.boe.es/buscar/act.php?id=BOE-A-2003-23186,es:boe-a-2003-23186:fragment:articulo:bloque-sancionador-principal,es:boe-a-2003-23186,BOE-A-2003-23186,AEAT,Delegacion Especial,"nombramiento ""Delegacion Especial"" ""Agencia Estatal de Administración Tributaria""",1,"https://www.boe.es/buscar/boe.php?campo[1]=TITULOS&dato[1]=nombramiento%20""Delegacion%20Especial""%20""Agencia%20Estatal%20de%20Administraci%C3%B3n%20Tributaria""&accion=Buscar&sort_field[0]=FPU&sort_order[0]=desc",14,40,BOE-A-1995-18277,https://www.boe.es/buscar/doc.php?id=BOE-A-1995-18277,28/07/1995,Ministerio de Economía y Hacienda,"Resolución de 25 de julio de 1995, de la Agencia Estatal de Administración Tributaria, por la que se dispone el nombramiento de don Iván José Gómez Guzmán como Delegado especial adjunto para los Servicios en la Delegación Especial de la Agencia Estatal de Administración Tributaria en Madrid.",Iván José Gómez Guzmán,1,1
delegated_enforcement_v1|es:boe-a-2003-23186:fragment:articulo:bloque-sancionador-principal|Ministerio de Hacienda|AEAT|Delegaciones AEAT|https://www.boe.es/buscar/act.php?id=BOE-A-2003-23186,es:boe-a-2003-23186:fragment:articulo:bloque-sancionador-principal,es:boe-a-2003-23186,BOE-A-2003-23186,AEAT,Delegacion Especial,"nombramiento ""Delegacion Especial"" ""Agencia Estatal de Administración Tributaria""",1,"https://www.boe.es/buscar/boe.php?campo[1]=TITULOS&dato[1]=nombramiento%20""Delegacion%20Especial""%20""Agencia%20Estatal%20de%20Administraci%C3%B3n%20Tributaria""&accion=Buscar&sort_field[0]=FPU&sort_order[0]=desc",15,40,BOE-A-1995-18278,https://www.boe.es/buscar/doc.php?id=BOE-A-1995-18278,28/07/1995,Ministerio de Economía y Hacienda,"Resolución de 25 de julio de 1995, de la Agencia Estatal de Administración Tributaria, por la que se dispone el nombramiento de don Julián Pombo Garzón como Delegado especial adjunto para las Administraciones en la Delegación Especial de la Agencia Estatal de Administración Tributaria en Madrid.",Julián Pombo Garzón,1,1
delegated_enforcement_v1|es:boe-a-2003-23186:fragment:articulo:bloque-sancionador-principal|Ministerio de Hacienda|AEAT|Delegaciones AEAT|https://www.boe.es/buscar/act.php?id=BOE-A-2003-23186,es:boe-a-2003-23186:fragment:articulo:bloque-sancionador-principal,es:boe-a-2003-23186,BOE-A-2003-23186,AEAT,Delegacion Especial,"nombramiento ""Agencia Estatal de Administración Tributaria""",7,"https://www.boe.es/buscar/boe.php?campo[1]=TITULOS&dato[1]=nombramiento%20""Agencia%20Estatal%20de%20Administraci%C3%B3n%20Tributaria""&accion=Buscar&sort_field[0]=FPU&sort_order[0]=desc",19,40,BOE-A-2008-9782,https://www.boe.es/buscar/doc.php?id=BOE-A-2008-9782,06/06/2008,Ministerio de Economía y Hacienda,"Resolución de 4 de junio de 2008, de la Presidencia de la Agencia Estatal de Administración Tributaria, por la que se dispone el nombramiento como Delegado Especial de la Agencia Estatal de Administración Tributaria de Galicia de don Luis Antonio Pazos Franco.",Luis Antonio Pazos Franco,1,1
delegated_enforcement_v1|es:boe-a-2003-23186:fragment:articulo:bloque-sancionador-principal|Ministerio de Hacienda|AEAT|Delegaciones AEAT|https://www.boe.es/buscar/act.php?id=BOE-A-2003-23186,es:boe-a-2003-23186:fragment:articulo:bloque-sancionador-principal,es:boe-a-2003-23186,BOE-A-2003-23186,AEAT,Delegacion Especial,"nombramiento ""Agencia Estatal de Administración Tributaria""",7,"https://www.boe.es/buscar/boe.php?campo[1]=TITULOS&dato[1]=nombramiento%20""Agencia%20Estatal%20de%20Administraci%C3%B3n%20Tributaria""&accion=Buscar&sort_field[0]=FPU&sort_order[0]=desc",22,40,BOE-A-2007-21930,https://www.boe.es/buscar/doc.php?id=BOE-A-2007-21930,20/12/2007,Ministerio de Economía y Hacienda,"Resolución de 12 de diciembre de 2007, de la Presidencia de la Agencia Estatal de Administración Tributaria, por la que se dispone el nombramiento como Delegada Especial de la Agencia en Aragón de doña Nuria Pozuelo Antoni.",Nuria Pozuelo Antoni,1,1
delegated_enforcement_v1|es:boe-a-2003-23186:fragment:articulo:bloque-sancionador-principal|Ministerio de Hacienda|AEAT|Delegaciones AEAT|https://www.boe.es/buscar/act.php?id=BOE-A-2003-23186,es:boe-a-2003-23186:fragment:articulo:bloque-sancionador-principal,es:boe-a-2003-23186,BOE-A-2003-23186,AEAT,Delegacion Especial,"nombramiento ""Agencia Estatal de Administración Tributaria""",7,"https://www.boe.es/buscar/boe.php?campo[1]=TITULOS&dato[1]=nombramiento%20""Agencia%20Estatal%20de%20Administraci%C3%B3n%20Tributaria""&accion=Buscar&sort_field[0]=FPU&sort_order[0]=desc",16,20,BOE-A-2024-12397,https://www.boe.es/buscar/doc.php?id=BOE-A-2024-12397,19/06/2024,Ministerio de Hacienda,"Resolución de 12 de junio de 2024, de la Presidencia de la Agencia Estatal de Administración Tributaria, por la que se renueva el nombramiento de vocales de la Comisión Consultiva de Ética.",,1,0
delegated_enforcement_v1|es:boe-a-2003-23186:fragment:articulo:bloque-sancionador-principal|Ministerio de Hacienda|AEAT|Delegaciones AEAT|https://www.boe.es/buscar/act.php?id=BOE-A-2003-23186,es:boe-a-2003-23186:fragment:articulo:bloque-sancionador-principal,es:boe-a-2003-23186,BOE-A-2003-23186,AEAT,Delegacion Especial,"nombramiento ""Agencia Estatal de Administración Tributaria""",7,"https://www.boe.es/buscar/boe.php?campo[1]=TITULOS&dato[1]=nombramiento%20""Agencia%20Estatal%20de%20Administraci%C3%B3n%20Tributaria""&accion=Buscar&sort_field[0]=FPU&sort_order[0]=desc",17,20,BOE-A-2010-5072,https://www.boe.es/buscar/doc.php?id=BOE-A-2010-5072,27/03/2010,Ministerio de Economía y Hacienda,"Resolución de 17 de marzo de 2010, de la Presidencia de la Agencia Estatal de Administración Tributaria, por la que se delega el ejercicio de las competencias para el nombramiento y cese de los representantes de la Agencia Estatal de Administración Tributaria en las Comisiones o grupos de trabajo del Consejo Superior para la Dirección y Coordinación de la Gestión Tributaria, así como para el nombramiento y cese de los representantes y sus sustitutos de la Agencia en los Consejos Territoriales para la Dirección y Coordinación de la Gestión Tributaria.",,1,0
delegated_enforcement_v1|es:boe-a-2003-23186:fragment:articulo:bloque-sancionador-principal|Ministerio de Hacienda|AEAT|Delegaciones AEAT|https://www.boe.es/buscar/act.php?id=BOE-A-2003-23186,es:boe-a-2003-23186:fragment:articulo:bloque-sancionador-principal,es:boe-a-2003-23186,BOE-A-2003-23186,AEAT,Delegacion Especial,"nombramiento ""Agencia Estatal de Administración Tributaria""",7,"https://www.boe.es/buscar/boe.php?campo[1]=TITULOS&dato[1]=nombramiento%20""Agencia%20Estatal%20de%20Administraci%C3%B3n%20Tributaria""&accion=Buscar&sort_field[0]=FPU&sort_order[0]=desc",18,20,BOE-A-2008-9974,https://www.boe.es/buscar/doc.php?id=BOE-A-2008-9974,11/06/2008,Ministerio de Economía y Hacienda,"Resolución de 10 de junio de 2008, de la Presidencia de la Agencia Estatal de Administración Tributaria, por la que se dispone el nombramiento como Director del Servicio de Auditoría Interna de la Agencia Estatal de Administración Tributaria, de don Tomás Merola Macanás.",Tomás Merola Macanás,1,0
delegated_enforcement_v1|es:boe-a-2003-23186:fragment:articulo:bloque-sancionador-principal|Ministerio de Hacienda|AEAT|Delegaciones AEAT|https://www.boe.es/buscar/act.php?id=BOE-A-2003-23186,es:boe-a-2003-23186:fragment:articulo:bloque-sancionador-principal,es:boe-a-2003-23186,BOE-A-2003-23186,AEAT,Delegacion Especial,"nombramiento ""Agencia Estatal de Administración Tributaria""",7,"https://www.boe.es/buscar/boe.php?campo[1]=TITULOS&dato[1]=nombramiento%20""Agencia%20Estatal%20de%20Administraci%C3%B3n%20Tributaria""&accion=Buscar&sort_field[0]=FPU&sort_order[0]=desc",20,20,BOE-A-2008-8196,https://www.boe.es/buscar/doc.php?id=BOE-A-2008-8196,09/05/2008,Ministerio de Economía y Hacienda,"Resolución de 29 de abril de 2008, de la Presidencia de la Agencia Estatal de Administración Tributaria, por la que se dispone el nombramiento como Secretario Técnico Permanente de la Comisión Mixta de Coordinación de la Gestión Tributaria y Director Adjunto del Departamento de Organización, Planificación y Relaciones Institucionales de don Gaspar Caballo Mingo.",Gaspar Caballo Mingo,1,0
delegated_enforcement_v1|es:boe-a-2003-23186:fragment:articulo:bloque-sancionador-principal|Ministerio de Hacienda|AEAT|Delegaciones AEAT|https://www.boe.es/buscar/act.php?id=BOE-A-2003-23186,es:boe-a-2003-23186:fragment:articulo:bloque-sancionador-principal,es:boe-a-2003-23186,BOE-A-2003-23186,AEAT,Delegacion Especial,"nombramiento ""Agencia Estatal de Administración Tributaria""",7,"https://www.boe.es/buscar/boe.php?campo[1]=TITULOS&dato[1]=nombramiento%20""Agencia%20Estatal%20de%20Administraci%C3%B3n%20Tributaria""&accion=Buscar&sort_field[0]=FPU&sort_order[0]=desc",21,20,BOE-A-2008-1343,https://www.boe.es/buscar/doc.php?id=BOE-A-2008-1343,25/01/2008,Ministerio de Economía y Hacienda,"Resolución de 22 de enero de 2008, de la Presidencia de la Agencia Estatal de Administración Tributaria, por la que se dispone el nombramiento de don Luciano Alfonso Losada Suárez como Delegado de la Agencia Estatal de Administración Tributaria en Tarragona.",Luciano Alfonso Losada Suárez,1,0
delegated_enforcement_v1|es:boe-a-2003-23186:fragment:articulo:bloque-sancionador-principal|Ministerio de Hacienda|AEAT|Delegaciones AEAT|https://www.boe.es/buscar/act.php?id=BOE-A-2003-23186,es:boe-a-2003-23186:fragment:articulo:bloque-sancionador-principal,es:boe-a-2003-23186,BOE-A-2003-23186,AEAT,Delegacion Especial,"nombramiento ""Agencia Estatal de Administración Tributaria""",7,"https://www.boe.es/buscar/boe.php?campo[1]=TITULOS&dato[1]=nombramiento%20""Agencia%20Estatal%20de%20Administraci%C3%B3n%20Tributaria""&accion=Buscar&sort_field[0]=FPU&sort_order[0]=desc",23,20,BOE-A-2007-21931,https://www.boe.es/buscar/doc.php?id=BOE-A-2007-21931,20/12/2007,Ministerio de Economía y Hacienda,"Resolución de 12 de diciembre de 2007, de la Presidencia de la Agencia Estatal de Administración Tributaria, por la que se dispone el nombramiento como Delegado de la Agencia en Ávila de don Juan José Fernández Sánchez.",Juan José Fernández Sánchez,1,0
delegated_enforcement_v1|es:boe-a-2003-23186:fragment:articulo:bloque-sancionador-principal|Ministerio de Hacienda|AEAT|Delegaciones AEAT|https://www.boe.es/buscar/act.php?id=BOE-A-2003-23186,es:boe-a-2003-23186:fragment:articulo:bloque-sancionador-principal,es:boe-a-2003-23186,BOE-A-2003-23186,AEAT,Delegacion Especial,"nombramiento ""Agencia Estatal de Administración Tributaria""",7,"https://www.boe.es/buscar/boe.php?campo[1]=TITULOS&dato[1]=nombramiento%20""Agencia%20Estatal%20de%20Administraci%C3%B3n%20Tributaria""&accion=Buscar&sort_field[0]=FPU&sort_order[0]=desc",24,20,BOE-A-2007-21932,https://www.boe.es/buscar/doc.php?id=BOE-A-2007-21932,20/12/2007,Ministerio de Economía y Hacienda,"Resolución de 12 de diciembre de 2007, de la Presidencia de la Agencia Estatal de Administración Tributaria, por la que se dispone el nombramiento como Subdirector General de Información y Asistencia Tributaria en el Departamento de Gestión y Tributaria de don Francisco Luis Via Ozalla.",Francisco Luis Via Ozalla,1,0
delegated_enforcement_v1|es:boe-a-2003-23186:fragment:articulo:bloque-sancionador-principal|Ministerio de Hacienda|AEAT|Delegaciones AEAT|https://www.boe.es/buscar/act.php?id=BOE-A-2003-23186,es:boe-a-2003-23186:fragment:articulo:bloque-sancionador-principal,es:boe-a-2003-23186,BOE-A-2003-23186,AEAT,Delegacion Especial,"nombramiento ""Agencia Estatal de Administración Tributaria""",7,"https://www.boe.es/buscar/boe.php?campo[1]=TITULOS&dato[1]=nombramiento%20""Agencia%20Estatal%20de%20Administraci%C3%B3n%20Tributaria""&accion=Buscar&sort_field[0]=FPU&sort_order[0]=desc",25,20,BOE-A-2007-17354,https://www.boe.es/buscar/doc.php?id=BOE-A-2007-17354,04/10/2007,Ministerio de Economía y Hacienda,"Resolución de 26 de septiembre de 2007, de la Presidencia de la Agencia Estatal de Administración Tributaria, por la que se dispone el nombramiento de don Domingo Javier Molina Moscoso como Subdirector General de Aplicaciones en el Departamento de Informática Tributaria.",Domingo Javier Molina Moscoso,1,0
delegated_enforcement_v1|es:boe-a-2003-23514:fragment:articulo:bloque-de-infracciones-tributarias|Ministerio de Hacienda|AEAT|Agencia Estatal de Administracion Tributaria|https://www.boe.es/buscar/act.php?id=BOE-A-2003-23514,es:boe-a-2003-23514:fragment:articulo:bloque-de-infracciones-tributarias,es:boe-a-2003-23514,BOE-A-2003-23514,AEAT,Direccion General de la AEAT,nombramiento Director General de Agencia Estatal de Administración Tributaria,4,https://www.boe.es/buscar/boe.php?campo[1]=TITULOS&dato[1]=nombramiento%20Director%20General%20de%20Agencia%20Estatal%20de%20Administraci%C3%B3n%20Tributaria&accion=Buscar&sort_field[0]=FPU&sort_order[0]=desc,1,49,BOE-A-2004-7862,https://www.boe.es/buscar/doc.php?id=BOE-A-2004-7862,29/04/2004,Ministerio de Economía y Hacienda,"Corrección de erratas de la Resolución de 23 de abril de 2004, de la Presidencia de la Agencia Estatal de Administración Tributaria, por la que se dispone el nombramiento de doña Marta Guelbenzu Robles como Directora del Gabinete del Director General de la Agencia Estatal de Administración Tributaria.",Marta Guelbenzu Robles,1,1
delegated_enforcement_v1|es:boe-a-2003-23514:fragment:articulo:bloque-de-infracciones-tributarias|Ministerio de Hacienda|AEAT|Agencia Estatal de Administracion Tributaria|https://www.boe.es/buscar/act.php?id=BOE-A-2003-23514,es:boe-a-2003-23514:fragment:articulo:bloque-de-infracciones-tributarias,es:boe-a-2003-23514,BOE-A-2003-23514,AEAT,Direccion General de la AEAT,nombramiento Director General de Agencia Estatal de Administración Tributaria,4,https://www.boe.es/buscar/boe.php?campo[1]=TITULOS&dato[1]=nombramiento%20Director%20General%20de%20Agencia%20Estatal%20de%20Administraci%C3%B3n%20Tributaria&accion=Buscar&sort_field[0]=FPU&sort_order[0]=desc,2,48,BOE-A-2004-7797,https://www.boe.es/buscar/doc.php?id=BOE-A-2004-7797,28/04/2004,Ministerio de Economía y Hacienda,"Resolución de 23 de abril de 2004, de la Presidencia de la Agencia Estatal de Administración Tributaria, por la que se dispone el nombramiento de doña Marta Guelbenzu Robles como Directora del Gabinete del Director General de la Agencia Estatal de Administración Tributaria.",Marta Guelbenzu Robles,1,1
delegated_enforcement_v1|es:boe-a-2003-23514:fragment:articulo:bloque-de-infracciones-tributarias|Ministerio de Hacienda|AEAT|Agencia Estatal de Administracion Tributaria|https://www.boe.es/buscar/act.php?id=BOE-A-2003-23514,es:boe-a-2003-23514:fragment:articulo:bloque-de-infracciones-tributarias,es:boe-a-2003-23514,BOE-A-2003-23514,AEAT,Direccion General de la AEAT,nombramiento Director General de Agencia Estatal de Administración Tributaria,4,https://www.boe.es/buscar/boe.php?campo[1]=TITULOS&dato[1]=nombramiento%20Director%20General%20de%20Agencia%20Estatal%20de%20Administraci%C3%B3n%20Tributaria&accion=Buscar&sort_field[0]=FPU&sort_order[0]=desc,3,47,BOE-A-2001-17172,https://www.boe.es/buscar/doc.php?id=BOE-A-2001-17172,11/09/2001,Ministerio de Hacienda,"Resolución de 6 de septiembre de 2001, de la Agencia Estatal de Administración Tributaria, por la que se dispone el nombramiento de don Manuel de Vicente-Tutor Rodríguez como Jefe del Gabinete Técnico del Director general de la Agencia Estatal de Administración Tributaria.",Manuel de Vicente-Tutor Rodríguez,1,1
delegated_enforcement_v1|es:boe-a-2003-23514:fragment:articulo:bloque-de-infracciones-tributarias|Ministerio de Hacienda|AEAT|Agencia Estatal de Administracion Tributaria|https://www.boe.es/buscar/act.php?id=BOE-A-2003-23514,es:boe-a-2003-23514:fragment:articulo:bloque-de-infracciones-tributarias,es:boe-a-2003-23514,BOE-A-2003-23514,AEAT,Direccion General de la AEAT,nombramiento Director General de Agencia Estatal de Administración Tributaria,4,https://www.boe.es/buscar/boe.php?campo[1]=TITULOS&dato[1]=nombramiento%20Director%20General%20de%20Agencia%20Estatal%20de%20Administraci%C3%B3n%20Tributaria&accion=Buscar&sort_field[0]=FPU&sort_order[0]=desc,4,46,BOE-A-1998-28124,https://www.boe.es/buscar/doc.php?id=BOE-A-1998-28124,05/12/1998,Ministerio de Economía y Hacienda,"Resolución de 2 de diciembre de 1998, de la Presidencia de la Agencia Estatal de la Administración Tributaria, por la que se dispone el nombramiento de doña Ángeles Fernández Pérez como Jefe del Gabinete Técnico del Director general de la Agencia Estatal de Administración Tributaria.",Ángeles Fernández Pérez,1,1
delegated_enforcement_v1|es:boe-a-2003-23514:fragment:articulo:bloque-de-infracciones-tributarias|Ministerio de Hacienda|AEAT|Agencia Estatal de Administracion Tributaria|https://www.boe.es/buscar/act.php?id=BOE-A-2003-23514,es:boe-a-2003-23514:fragment:articulo:bloque-de-infracciones-tributarias,es:boe-a-2003-23514,BOE-A-2003-23514,AEAT,Direccion General de la AEAT,nombramiento Director General de Agencia Estatal de Administración Tributaria,4,https://www.boe.es/buscar/boe.php?campo[1]=TITULOS&dato[1]=nombramiento%20Director%20General%20de%20Agencia%20Estatal%20de%20Administraci%C3%B3n%20Tributaria&accion=Buscar&sort_field[0]=FPU&sort_order[0]=desc,5,45,BOE-A-1993-22987,https://www.boe.es/buscar/doc.php?id=BOE-A-1993-22987,14/09/1993,Ministerio de Economía y Hacienda,"Resolución de 13 de septiembre de 1993, de la Agencia Estatal de Administración Tributaria, por la que se dispone el nombramiento de doña María Isabel Martínez Gil como Jefa del Gabinete Técnico del Director general de la Agencia.",María Isabel Martínez Gil,1,1
delegated_enforcement_v1|es:boe-a-2003-23514:fragment:articulo:bloque-de-infracciones-tributarias|Ministerio de Hacienda|AEAT|Agencia Estatal de Administracion Tributaria|https://www.boe.es/buscar/act.php?id=BOE-A-2003-23514,es:boe-a-2003-23514:fragment:articulo:bloque-de-infracciones-tributarias,es:boe-a-2003-23514,BOE-A-2003-23514,AEAT,Direccion General de la AEAT,"nombramiento ""Direccion General de la Agencia Estatal de Administración Tributaria""",11,"https://www.boe.es/buscar/boe.php?campo[1]=TITULOS&dato[1]=nombramiento%20""Direccion%20General%20de%20la%20Agencia%20Estatal%20de%20Administraci%C3%B3n%20Tributaria""&accion=Buscar&sort_field[0]=FPU&sort_order[0]=desc",6,44,BOE-A-2000-15274,https://www.boe.es/buscar/doc.php?id=BOE-A-2000-15274,11/08/2000,Ministerio de Hacienda,"Resolución de 2 de agosto de 2000, de la Agencia Estatal de Administración Tributaria, por la que se dispone el nombramiento de don Vicente Peirats Cuesta como Vocal Asesor del Gabinete Técnico de la Dirección General de la Agencia Estatal de Administración Tributaria.",Vicente Peirats Cuesta,1,1
delegated_enforcement_v1|es:boe-a-2003-23514:fragment:articulo:bloque-de-infracciones-tributarias|Ministerio de Hacienda|AEAT|Agencia Estatal de Administracion Tributaria|https://www.boe.es/buscar/act.php?id=BOE-A-2003-23514,es:boe-a-2003-23514:fragment:articulo:bloque-de-infracciones-tributarias,es:boe-a-2003-23514,BOE-A-2003-23514,AEAT,Direccion General de la AEAT,"nombramiento ""Direccion General de la Agencia Estatal de Administración Tributaria""",11,"https://www.boe.es/buscar/boe.php?campo[1]=TITULOS&dato[1]=nombramiento%20""Direccion%20General%20de%20la%20Agencia%20Estatal%20de%20Administraci%C3%B3n%20Tributaria""&accion=Buscar&sort_field[0]=FPU&sort_order[0]=desc",7,43,BOE-A-1997-17316,https://www.boe.es/buscar/doc.php?id=BOE-A-1997-17316,31/07/1997,Ministerio de Economía y Hacienda,"Resolución de 24 de julio de 1997, de la Agencia Estatal de Administración Tributaria, por la que se dispone el nombramiento de don Emilio Pujalte Méndez-Leite como Vocal asesor en el Gabinete Técnico de la Dirección General de la Agencia Estatal de Administración Tributaria.",Emilio Pujalte Méndez-Leite,1,1
delegated_enforcement_v1|es:boe-a-2003-23514:fragment:articulo:bloque-de-infracciones-tributarias|Ministerio de Hacienda|AEAT|Agencia Estatal de Administracion Tributaria|https://www.boe.es/buscar/act.php?id=BOE-A-2003-23514,es:boe-a-2003-23514:fragment:articulo:bloque-de-infracciones-tributarias,es:boe-a-2003-23514,BOE-A-2003-23514,AEAT,Direccion General de la AEAT,"nombramiento ""Direccion General de la Agencia Estatal de Administración Tributaria""",11,"https://www.boe.es/buscar/boe.php?campo[1]=TITULOS&dato[1]=nombramiento%20""Direccion%20General%20de%20la%20Agencia%20Estatal%20de%20Administraci%C3%B3n%20Tributaria""&accion=Buscar&sort_field[0]=FPU&sort_order[0]=desc",8,42,BOE-A-1997-89,https://www.boe.es/buscar/doc.php?id=BOE-A-1997-89,03/01/1997,Ministerio de Economía y Hacienda,"Resolución de 30 de diciembre de 1996, de la Agencia Estatal de Administración Tributaria, por la que se dispone el nombramiento a don José Ignacio Ruiz Toledano como Vocal asesor en el Gabinete de la Dirección General de la Agencia Estatal de Administración Tributaria.",,1,1
delegated_enforcement_v1|es:boe-a-2003-23514:fragment:articulo:bloque-de-infracciones-tributarias|Ministerio de Hacienda|AEAT|Agencia Estatal de Administracion Tributaria|https://www.boe.es/buscar/act.php?id=BOE-A-2003-23514,es:boe-a-2003-23514:fragment:articulo:bloque-de-infracciones-tributarias,es:boe-a-2003-23514,BOE-A-2003-23514,AEAT,Direccion General de la AEAT,"nombramiento ""Direccion General de la Agencia Estatal de Administración Tributaria""",11,"https://www.boe.es/buscar/boe.php?campo[1]=TITULOS&dato[1]=nombramiento%20""Direccion%20General%20de%20la%20Agencia%20Estatal%20de%20Administraci%C3%B3n%20Tributaria""&accion=Buscar&sort_field[0]=FPU&sort_order[0]=desc",9,41,BOE-A-1996-22470,https://www.boe.es/buscar/doc.php?id=BOE-A-1996-22470,12/10/1996,Ministerio de Economía y Hacienda,"Resolución de 26 de septiembre de 1996, de la Agencia Estatal de Administración Tributaria, por la que se dispone el nombramiento de doña Nieves Peral Pacheco, como Vocal Asesor en el Gabinete de la Dirección General de la Agencia Estatal de Administración Tributaria.",Nieves Peral Pacheco,1,1
delegated_enforcement_v1|es:boe-a-2003-23514:fragment:articulo:bloque-de-infracciones-tributarias|Ministerio de Hacienda|AEAT|Agencia Estatal de Administracion Tributaria|https://www.boe.es/buscar/act.php?id=BOE-A-2003-23514,es:boe-a-2003-23514:fragment:articulo:bloque-de-infracciones-tributarias,es:boe-a-2003-23514,BOE-A-2003-23514,AEAT,Direccion General de la AEAT,"nombramiento ""Direccion General de la Agencia Estatal de Administración Tributaria""",11,"https://www.boe.es/buscar/boe.php?campo[1]=TITULOS&dato[1]=nombramiento%20""Direccion%20General%20de%20la%20Agencia%20Estatal%20de%20Administraci%C3%B3n%20Tributaria""&accion=Buscar&sort_field[0]=FPU&sort_order[0]=desc",10,40,BOE-A-1996-15179,https://www.boe.es/buscar/doc.php?id=BOE-A-1996-15179,03/07/1996,Ministerio de Economía y Hacienda,"Resolución de 28 de junio de 1996, de la Agencia Estatal de Administración Tributaria, por la que se dispone el nombramiento de doña Asunción Pérez Román como Vocal Asesor en el Gabinete de la Dirección General de la Agencia Estatal de Administración Tributaria.",Asunción Pérez Román,1,1
delegated_enforcement_v1|es:boe-a-2003-23514:fragment:articulo:bloque-de-infracciones-tributarias|Ministerio de Hacienda|AEAT|Agencia Estatal de Administracion Tributaria|https://www.boe.es/buscar/act.php?id=BOE-A-2003-23514,es:boe-a-2003-23514:fragment:articulo:bloque-de-infracciones-tributarias,es:boe-a-2003-23514,BOE-A-2003-23514,AEAT,Direccion General de la AEAT,nombramiento Direccion General de la Agencia Estatal de Administración Tributaria,12,https://www.boe.es/buscar/boe.php?campo[1]=TITULOS&dato[1]=nombramiento%20Direccion%20General%20de%20la%20Agencia%20Estatal%20de%20Administraci%C3%B3n%20Tributaria&accion=Buscar&sort_field[0]=FPU&sort_order[0]=desc,11,40,BOE-A-2001-4311,https://www.boe.es/buscar/doc.php?id=BOE-A-2001-4311,03/03/2001,Ministerio de Hacienda,"Resolución de 31 de enero de 2001, de la Agencia Estatal de Administración Tributaria, por la que se dispone el nombramiento de doña María José Bárbara Silvar Formoso como Vocal Asesor en el Gabinete Técnico de la Dirección General de la Agencia.",María José Bárbara Silvar Formoso,1,1
delegated_enforcement_v1|es:boe-a-2003-23514:fragment:articulo:bloque-de-infracciones-tributarias|Ministerio de Hacienda|AEAT|Agencia Estatal de Administracion Tributaria|https://www.boe.es/buscar/act.php?id=BOE-A-2003-23514,es:boe-a-2003-23514:fragment:articulo:bloque-de-infracciones-tributarias,es:boe-a-2003-23514,BOE-A-2003-23514,AEAT,Direccion General de la AEAT,nombramiento Direccion General de la Agencia Estatal de Administración Tributaria,12,https://www.boe.es/buscar/boe.php?campo[1]=TITULOS&dato[1]=nombramiento%20Direccion%20General%20de%20la%20Agencia%20Estatal%20de%20Administraci%C3%B3n%20Tributaria&accion=Buscar&sort_field[0]=FPU&sort_order[0]=desc,12,40,BOE-A-2001-4312,https://www.boe.es/buscar/doc.php?id=BOE-A-2001-4312,03/03/2001,Ministerio de Hacienda,"Resolución de 15 de febrero de 2001, de la Agencia Estatal de Administración Tributaria, por la que se dispone el nombramiento de don Juan Francisco Redondo Sánchez como Vocal Asesor en el Gabinete Técnico de la Dirección General de la Agencia.",Juan Francisco Redondo Sánchez,1,1
delegated_enforcement_v1|es:boe-a-2003-23514:fragment:articulo:bloque-de-infracciones-tributarias|Ministerio de Hacienda|AEAT|Agencia Estatal de Administracion Tributaria|https://www.boe.es/buscar/act.php?id=BOE-A-2003-23514,es:boe-a-2003-23514:fragment:articulo:bloque-de-infracciones-tributarias,es:boe-a-2003-23514,BOE-A-2003-23514,AEAT,Direccion General de la AEAT,nombramiento Direccion General de la Agencia Estatal de Administración Tributaria,12,https://www.boe.es/buscar/boe.php?campo[1]=TITULOS&dato[1]=nombramiento%20Direccion%20General%20de%20la%20Agencia%20Estatal%20de%20Administraci%C3%B3n%20Tributaria&accion=Buscar&sort_field[0]=FPU&sort_order[0]=desc,13,40,BOE-A-1995-3177,https://www.boe.es/buscar/doc.php?id=BOE-A-1995-3177,07/02/1995,Ministerio de Economía y Hacienda,"Resolución de 31 de enero de 1995, de la Agencia Estatal de Administración Tributaria, por la que se dispone el nombramiento de don Ubaldo González de Frutos, como Vocal asesor en el Gabinete Técnico de la Dirección General de la Agencia.",Ubaldo González de Frutos,1,1
delegated_enforcement_v1|es:boe-a-2003-23514:fragment:articulo:bloque-de-infracciones-tributarias|Ministerio de Hacienda|AEAT|Agencia Estatal de Administracion Tributaria|https://www.boe.es/buscar/act.php?id=BOE-A-2003-23514,es:boe-a-2003-23514:fragment:articulo:bloque-de-infracciones-tributarias,es:boe-a-2003-23514,BOE-A-2003-23514,AEAT,Direccion General de la AEAT,"nombramiento ""Agencia Estatal de Administración Tributaria""",13,"https://www.boe.es/buscar/boe.php?campo[1]=TITULOS&dato[1]=nombramiento%20""Agencia%20Estatal%20de%20Administraci%C3%B3n%20Tributaria""&accion=Buscar&sort_field[0]=FPU&sort_order[0]=desc",22,40,BOE-A-2007-21932,https://www.boe.es/buscar/doc.php?id=BOE-A-2007-21932,20/12/2007,Ministerio de Economía y Hacienda,"Resolución de 12 de diciembre de 2007, de la Presidencia de la Agencia Estatal de Administración Tributaria, por la que se dispone el nombramiento como Subdirector General de Información y Asistencia Tributaria en el Departamento de Gestión y Tributaria de don Francisco Luis Via Ozalla.",Francisco Luis Via Ozalla,1,1
delegated_enforcement_v1|es:boe-a-2003-23514:fragment:articulo:bloque-de-infracciones-tributarias|Ministerio de Hacienda|AEAT|Agencia Estatal de Administracion Tributaria|https://www.boe.es/buscar/act.php?id=BOE-A-2003-23514,es:boe-a-2003-23514:fragment:articulo:bloque-de-infracciones-tributarias,es:boe-a-2003-23514,BOE-A-2003-23514,AEAT,Direccion General de la AEAT,"nombramiento ""Agencia Estatal de Administración Tributaria""",13,"https://www.boe.es/buscar/boe.php?campo[1]=TITULOS&dato[1]=nombramiento%20""Agencia%20Estatal%20de%20Administraci%C3%B3n%20Tributaria""&accion=Buscar&sort_field[0]=FPU&sort_order[0]=desc",23,40,BOE-A-2007-17354,https://www.boe.es/buscar/doc.php?id=BOE-A-2007-17354,04/10/2007,Ministerio de Economía y Hacienda,"Resolución de 26 de septiembre de 2007, de la Presidencia de la Agencia Estatal de Administración Tributaria, por la que se dispone el nombramiento de don Domingo Javier Molina Moscoso como Subdirector General de Aplicaciones en el Departamento de Informática Tributaria.",Domingo Javier Molina Moscoso,1,1
delegated_enforcement_v1|es:boe-a-2003-23514:fragment:articulo:bloque-de-infracciones-tributarias|Ministerio de Hacienda|AEAT|Agencia Estatal de Administracion Tributaria|https://www.boe.es/buscar/act.php?id=BOE-A-2003-23514,es:boe-a-2003-23514:fragment:articulo:bloque-de-infracciones-tributarias,es:boe-a-2003-23514,BOE-A-2003-23514,AEAT,Direccion General de la AEAT,"nombramiento ""Agencia Estatal de Administración Tributaria""",13,"https://www.boe.es/buscar/boe.php?campo[1]=TITULOS&dato[1]=nombramiento%20""Agencia%20Estatal%20de%20Administraci%C3%B3n%20Tributaria""&accion=Buscar&sort_field[0]=FPU&sort_order[0]=desc",24,40,BOE-A-2007-14895,https://www.boe.es/buscar/doc.php?id=BOE-A-2007-14895,04/08/2007,Ministerio de Economía y Hacienda,"Resolución de 27 de julio de 2007, de la Presidencia de la Agencia Estatal de Administración Tributaria, por la que se dispone el nombramiento de doña María Consuelo Sánchez García como Subdirectora General de Organización y Planificación en el Departamento de Recaudación.",María Consuelo Sánchez García,1,1
delegated_enforcement_v1|es:boe-a-2003-23514:fragment:articulo:bloque-de-infracciones-tributarias|Ministerio de Hacienda|AEAT|Agencia Estatal de Administracion Tributaria|https://www.boe.es/buscar/act.php?id=BOE-A-2003-23514,es:boe-a-2003-23514:fragment:articulo:bloque-de-infracciones-tributarias,es:boe-a-2003-23514,BOE-A-2003-23514,AEAT,Direccion General de la AEAT,"nombramiento ""Agencia Estatal de Administración Tributaria""",13,"https://www.boe.es/buscar/boe.php?campo[1]=TITULOS&dato[1]=nombramiento%20""Agencia%20Estatal%20de%20Administraci%C3%B3n%20Tributaria""&accion=Buscar&sort_field[0]=FPU&sort_order[0]=desc",14,20,BOE-A-2024-12397,https://www.boe.es/buscar/doc.php?id=BOE-A-2024-12397,19/06/2024,Ministerio de Hacienda,"Resolución de 12 de junio de 2024, de la Presidencia de la Agencia Estatal de Administración Tributaria, por la que se renueva el nombramiento de vocales de la Comisión Consultiva de Ética.",,1,0
delegated_enforcement_v1|es:boe-a-2003-23514:fragment:articulo:bloque-de-infracciones-tributarias|Ministerio de Hacienda|AEAT|Agencia Estatal de Administracion Tributaria|https://www.boe.es/buscar/act.php?id=BOE-A-2003-23514,es:boe-a-2003-23514:fragment:articulo:bloque-de-infracciones-tributarias,es:boe-a-2003-23514,BOE-A-2003-23514,AEAT,Direccion General de la AEAT,"nombramiento ""Agencia Estatal de Administración Tributaria""",13,"https://www.boe.es/buscar/boe.php?campo[1]=TITULOS&dato[1]=nombramiento%20""Agencia%20Estatal%20de%20Administraci%C3%B3n%20Tributaria""&accion=Buscar&sort_field[0]=FPU&sort_order[0]=desc",15,20,BOE-A-2010-5072,https://www.boe.es/buscar/doc.php?id=BOE-A-2010-5072,27/03/2010,Ministerio de Economía y Hacienda,"Resolución de 17 de marzo de 2010, de la Presidencia de la Agencia Estatal de Administración Tributaria, por la que se delega el ejercicio de las competencias para el nombramiento y cese de los representantes de la Agencia Estatal de Administración Tributaria en las Comisiones o grupos de trabajo del Consejo Superior para la Dirección y Coordinación de la Gestión Tributaria, así como para el nombramiento y cese de los representantes y sus sustitutos de la Agencia en los Consejos Territoriales para la Dirección y Coordinación de la Gestión Tributaria.",,1,0
delegated_enforcement_v1|es:boe-a-2003-23514:fragment:articulo:bloque-de-infracciones-tributarias|Ministerio de Hacienda|AEAT|Agencia Estatal de Administracion Tributaria|https://www.boe.es/buscar/act.php?id=BOE-A-2003-23514,es:boe-a-2003-23514:fragment:articulo:bloque-de-infracciones-tributarias,es:boe-a-2003-23514,BOE-A-2003-23514,AEAT,Direccion General de la AEAT,"nombramiento ""Agencia Estatal de Administración Tributaria""",13,"https://www.boe.es/buscar/boe.php?campo[1]=TITULOS&dato[1]=nombramiento%20""Agencia%20Estatal%20de%20Administraci%C3%B3n%20Tributaria""&accion=Buscar&sort_field[0]=FPU&sort_order[0]=desc",16,20,BOE-A-2008-9974,https://www.boe.es/buscar/doc.php?id=BOE-A-2008-9974,11/06/2008,Ministerio de Economía y Hacienda,"Resolución de 10 de junio de 2008, de la Presidencia de la Agencia Estatal de Administración Tributaria, por la que se dispone el nombramiento como Director del Servicio de Auditoría Interna de la Agencia Estatal de Administración Tributaria, de don Tomás Merola Macanás.",Tomás Merola Macanás,1,0
delegated_enforcement_v1|es:boe-a-2003-23514:fragment:articulo:bloque-de-infracciones-tributarias|Ministerio de Hacienda|AEAT|Agencia Estatal de Administracion Tributaria|https://www.boe.es/buscar/act.php?id=BOE-A-2003-23514,es:boe-a-2003-23514:fragment:articulo:bloque-de-infracciones-tributarias,es:boe-a-2003-23514,BOE-A-2003-23514,AEAT,Direccion General de la AEAT,"nombramiento ""Agencia Estatal de Administración Tributaria""",13,"https://www.boe.es/buscar/boe.php?campo[1]=TITULOS&dato[1]=nombramiento%20""Agencia%20Estatal%20de%20Administraci%C3%B3n%20Tributaria""&accion=Buscar&sort_field[0]=FPU&sort_order[0]=desc",17,20,BOE-A-2008-9782,https://www.boe.es/buscar/doc.php?id=BOE-A-2008-9782,06/06/2008,Ministerio de Economía y Hacienda,"Resolución de 4 de junio de 2008, de la Presidencia de la Agencia Estatal de Administración Tributaria, por la que se dispone el nombramiento como Delegado Especial de la Agencia Estatal de Administración Tributaria de Galicia de don Luis Antonio Pazos Franco.",Luis Antonio Pazos Franco,1,0
delegated_enforcement_v1|es:boe-a-2003-23514:fragment:articulo:bloque-de-infracciones-tributarias|Ministerio de Hacienda|AEAT|Agencia Estatal de Administracion Tributaria|https://www.boe.es/buscar/act.php?id=BOE-A-2003-23514,es:boe-a-2003-23514:fragment:articulo:bloque-de-infracciones-tributarias,es:boe-a-2003-23514,BOE-A-2003-23514,AEAT,Direccion General de la AEAT,"nombramiento ""Agencia Estatal de Administración Tributaria""",13,"https://www.boe.es/buscar/boe.php?campo[1]=TITULOS&dato[1]=nombramiento%20""Agencia%20Estatal%20de%20Administraci%C3%B3n%20Tributaria""&accion=Buscar&sort_field[0]=FPU&sort_order[0]=desc",18,20,BOE-A-2008-8196,https://www.boe.es/buscar/doc.php?id=BOE-A-2008-8196,09/05/2008,Ministerio de Economía y Hacienda,"Resolución de 29 de abril de 2008, de la Presidencia de la Agencia Estatal de Administración Tributaria, por la que se dispone el nombramiento como Secretario Técnico Permanente de la Comisión Mixta de Coordinación de la Gestión Tributaria y Director Adjunto del Departamento de Organización, Planificación y Relaciones Institucionales de don Gaspar Caballo Mingo.",Gaspar Caballo Mingo,1,0
delegated_enforcement_v1|es:boe-a-2003-23514:fragment:articulo:bloque-de-infracciones-tributarias|Ministerio de Hacienda|AEAT|Agencia Estatal de Administracion Tributaria|https://www.boe.es/buscar/act.php?id=BOE-A-2003-23514,es:boe-a-2003-23514:fragment:articulo:bloque-de-infracciones-tributarias,es:boe-a-2003-23514,BOE-A-2003-23514,AEAT,Direccion General de la AEAT,"nombramiento ""Agencia Estatal de Administración Tributaria""",13,"https://www.boe.es/buscar/boe.php?campo[1]=TITULOS&dato[1]=nombramiento%20""Agencia%20Estatal%20de%20Administraci%C3%B3n%20Tributaria""&accion=Buscar&sort_field[0]=FPU&sort_order[0]=desc",19,20,BOE-A-2008-1343,https://www.boe.es/buscar/doc.php?id=BOE-A-2008-1343,25/01/2008,Ministerio de Economía y Hacienda,"Resolución de 22 de enero de 2008, de la Presidencia de la Agencia Estatal de Administración Tributaria, por la que se dispone el nombramiento de don Luciano Alfonso Losada Suárez como Delegado de la Agencia Estatal de Administración Tributaria en Tarragona.",Luciano Alfonso Losada Suárez,1,0
delegated_enforcement_v1|es:boe-a-2003-23514:fragment:articulo:bloque-de-infracciones-tributarias|Ministerio de Hacienda|AEAT|Agencia Estatal de Administracion Tributaria|https://www.boe.es/buscar/act.php?id=BOE-A-2003-23514,es:boe-a-2003-23514:fragment:articulo:bloque-de-infracciones-tributarias,es:boe-a-2003-23514,BOE-A-2003-23514,AEAT,Direccion General de la AEAT,"nombramiento ""Agencia Estatal de Administración Tributaria""",13,"https://www.boe.es/buscar/boe.php?campo[1]=TITULOS&dato[1]=nombramiento%20""Agencia%20Estatal%20de%20Administraci%C3%B3n%20Tributaria""&accion=Buscar&sort_field[0]=FPU&sort_order[0]=desc",20,20,BOE-A-2007-21930,https://www.boe.es/buscar/doc.php?id=BOE-A-2007-21930,20/12/2007,Ministerio de Economía y Hacienda,"Resolución de 12 de diciembre de 2007, de la Presidencia de la Agencia Estatal de Administración Tributaria, por la que se dispone el nombramiento como Delegada Especial de la Agencia en Aragón de doña Nuria Pozuelo Antoni.",Nuria Pozuelo Antoni,1,0
delegated_enforcement_v1|es:boe-a-2003-23514:fragment:articulo:bloque-de-infracciones-tributarias|Ministerio de Hacienda|AEAT|Agencia Estatal de Administracion Tributaria|https://www.boe.es/buscar/act.php?id=BOE-A-2003-23514,es:boe-a-2003-23514:fragment:articulo:bloque-de-infracciones-tributarias,es:boe-a-2003-23514,BOE-A-2003-23514,AEAT,Direccion General de la AEAT,"nombramiento ""Agencia Estatal de Administración Tributaria""",13,"https://www.boe.es/buscar/boe.php?campo[1]=TITULOS&dato[1]=nombramiento%20""Agencia%20Estatal%20de%20Administraci%C3%B3n%20Tributaria""&accion=Buscar&sort_field[0]=FPU&sort_order[0]=desc",21,20,BOE-A-2007-21931,https://www.boe.es/buscar/doc.php?id=BOE-A-2007-21931,20/12/2007,Ministerio de Economía y Hacienda,"Resolución de 12 de diciembre de 2007, de la Presidencia de la Agencia Estatal de Administración Tributaria, por la que se dispone el nombramiento como Delegado de la Agencia en Ávila de don Juan José Fernández Sánchez.",Juan José Fernández Sánchez,1,0
delegated_enforcement_v1|es:boe-a-2003-23514:fragment:articulo:bloque-de-infracciones-tributarias|Ministerio de Hacienda|AEAT|Agencia Estatal de Administracion Tributaria|https://www.boe.es/buscar/act.php?id=BOE-A-2003-23514,es:boe-a-2003-23514:fragment:articulo:bloque-de-infracciones-tributarias,es:boe-a-2003-23514,BOE-A-2003-23514,AEAT,Direccion General de la AEAT,"nombramiento ""Agencia Estatal de Administración Tributaria""",13,"https://www.boe.es/buscar/boe.php?campo[1]=TITULOS&dato[1]=nombramiento%20""Agencia%20Estatal%20de%20Administraci%C3%B3n%20Tributaria""&accion=Buscar&sort_field[0]=FPU&sort_order[0]=desc",25,20,BOE-A-2007-12768,https://www.boe.es/buscar/doc.php?id=BOE-A-2007-12768,30/06/2007,Ministerio de Economía y Hacienda,"Resolución de 21 de junio de 2007, de la Agencia Estatal de Administración Tributaria, por la que se dispone el nombramiento como Delegado Especial de Canarias de don José Luis Rodríguez Díaz.",José Luis Rodríguez Díaz,1,0
delegated_enforcement_v1|es:boe-a-2004-18398:fragment:articulo:bloque-procedimental-y-de-graduacion|Ministerio de Hacienda|AEAT||https://www.boe.es/buscar/act.php?id=BOE-A-2004-18398,es:boe-a-2004-18398:fragment:articulo:bloque-procedimental-y-de-graduacion,es:boe-a-2004-18398,BOE-A-2004-18398,AEAT,Unidad procedimental sancionadora,"nombramiento ""Agencia Estatal de Administración Tributaria""",7,"https://www.boe.es/buscar/boe.php?campo[1]=TITULOS&dato[1]=nombramiento%20""Agencia%20Estatal%20de%20Administraci%C3%B3n%20Tributaria""&accion=Buscar&sort_field[0]=FPU&sort_order[0]=desc",1,29,BOE-A-2024-12397,https://www.boe.es/buscar/doc.php?id=BOE-A-2024-12397,19/06/2024,Ministerio de Hacienda,"Resolución de 12 de junio de 2024, de la Presidencia de la Agencia Estatal de Administración Tributaria, por la que se renueva el nombramiento de vocales de la Comisión Consultiva de Ética.",,1,0
delegated_enforcement_v1|es:boe-a-2004-18398:fragment:articulo:bloque-procedimental-y-de-graduacion|Ministerio de Hacienda|AEAT||https://www.boe.es/buscar/act.php?id=BOE-A-2004-18398,es:boe-a-2004-18398:fragment:articulo:bloque-procedimental-y-de-graduacion,es:boe-a-2004-18398,BOE-A-2004-18398,AEAT,Unidad procedimental sancionadora,"nombramiento ""Agencia Estatal de Administración Tributaria""",7,"https://www.boe.es/buscar/boe.php?campo[1]=TITULOS&dato[1]=nombramiento%20""Agencia%20Estatal%20de%20Administraci%C3%B3n%20Tributaria""&accion=Buscar&sort_field[0]=FPU&sort_order[0]=desc",2,28,BOE-A-2010-5072,https://www.boe.es/buscar/doc.php?id=BOE-A-2010-5072,27/03/2010,Ministerio de Economía y Hacienda,"Resolución de 17 de marzo de 2010, de la Presidencia de la Agencia Estatal de Administración Tributaria, por la que se delega el ejercicio de las competencias para el nombramiento y cese de los representantes de la Agencia Estatal de Administración Tributaria en las Comisiones o grupos de trabajo del Consejo Superior para la Dirección y Coordinación de la Gestión Tributaria, así como para el nombramiento y cese de los representantes y sus sustitutos de la Agencia en los Consejos Territoriales para la Dirección y Coordinación de la Gestión Tributaria.",,1,0
delegated_enforcement_v1|es:boe-a-2004-18398:fragment:articulo:bloque-procedimental-y-de-graduacion|Ministerio de Hacienda|AEAT||https://www.boe.es/buscar/act.php?id=BOE-A-2004-18398,es:boe-a-2004-18398:fragment:articulo:bloque-procedimental-y-de-graduacion,es:boe-a-2004-18398,BOE-A-2004-18398,AEAT,Unidad procedimental sancionadora,"nombramiento ""Agencia Estatal de Administración Tributaria""",7,"https://www.boe.es/buscar/boe.php?campo[1]=TITULOS&dato[1]=nombramiento%20""Agencia%20Estatal%20de%20Administraci%C3%B3n%20Tributaria""&accion=Buscar&sort_field[0]=FPU&sort_order[0]=desc",3,27,BOE-A-2008-9974,https://www.boe.es/buscar/doc.php?id=BOE-A-2008-9974,11/06/2008,Ministerio de Economía y Hacienda,"Resolución de 10 de junio de 2008, de la Presidencia de la Agencia Estatal de Administración Tributaria, por la que se dispone el nombramiento como Director del Servicio de Auditoría Interna de la Agencia Estatal de Administración Tributaria, de don Tomás Merola Macanás.",Tomás Merola Macanás,1,0
delegated_enforcement_v1|es:boe-a-2004-18398:fragment:articulo:bloque-procedimental-y-de-graduacion|Ministerio de Hacienda|AEAT||https://www.boe.es/buscar/act.php?id=BOE-A-2004-18398,es:boe-a-2004-18398:fragment:articulo:bloque-procedimental-y-de-graduacion,es:boe-a-2004-18398,BOE-A-2004-18398,AEAT,Unidad procedimental sancionadora,"nombramiento ""Agencia Estatal de Administración Tributaria""",7,"https://www.boe.es/buscar/boe.php?campo[1]=TITULOS&dato[1]=nombramiento%20""Agencia%20Estatal%20de%20Administraci%C3%B3n%20Tributaria""&accion=Buscar&sort_field[0]=FPU&sort_order[0]=desc",4,26,BOE-A-2008-9782,https://www.boe.es/buscar/doc.php?id=BOE-A-2008-9782,06/06/2008,Ministerio de Economía y Hacienda,"Resolución de 4 de junio de 2008, de la Presidencia de la Agencia Estatal de Administración Tributaria, por la que se dispone el nombramiento como Delegado Especial de la Agencia Estatal de Administración Tributaria de Galicia de don Luis Antonio Pazos Franco.",Luis Antonio Pazos Franco,1,0
delegated_enforcement_v1|es:boe-a-2004-18398:fragment:articulo:bloque-procedimental-y-de-graduacion|Ministerio de Hacienda|AEAT||https://www.boe.es/buscar/act.php?id=BOE-A-2004-18398,es:boe-a-2004-18398:fragment:articulo:bloque-procedimental-y-de-graduacion,es:boe-a-2004-18398,BOE-A-2004-18398,AEAT,Unidad procedimental sancionadora,"nombramiento ""Agencia Estatal de Administración Tributaria""",7,"https://www.boe.es/buscar/boe.php?campo[1]=TITULOS&dato[1]=nombramiento%20""Agencia%20Estatal%20de%20Administraci%C3%B3n%20Tributaria""&accion=Buscar&sort_field[0]=FPU&sort_order[0]=desc",5,25,BOE-A-2008-8196,https://www.boe.es/buscar/doc.php?id=BOE-A-2008-8196,09/05/2008,Ministerio de Economía y Hacienda,"Resolución de 29 de abril de 2008, de la Presidencia de la Agencia Estatal de Administración Tributaria, por la que se dispone el nombramiento como Secretario Técnico Permanente de la Comisión Mixta de Coordinación de la Gestión Tributaria y Director Adjunto del Departamento de Organización, Planificación y Relaciones Institucionales de don Gaspar Caballo Mingo.",Gaspar Caballo Mingo,1,0
delegated_enforcement_v1|es:boe-a-2004-18398:fragment:articulo:bloque-procedimental-y-de-graduacion|Ministerio de Hacienda|AEAT||https://www.boe.es/buscar/act.php?id=BOE-A-2004-18398,es:boe-a-2004-18398:fragment:articulo:bloque-procedimental-y-de-graduacion,es:boe-a-2004-18398,BOE-A-2004-18398,AEAT,Unidad procedimental sancionadora,"nombramiento ""Agencia Estatal de Administración Tributaria""",7,"https://www.boe.es/buscar/boe.php?campo[1]=TITULOS&dato[1]=nombramiento%20""Agencia%20Estatal%20de%20Administraci%C3%B3n%20Tributaria""&accion=Buscar&sort_field[0]=FPU&sort_order[0]=desc",6,24,BOE-A-2008-1343,https://www.boe.es/buscar/doc.php?id=BOE-A-2008-1343,25/01/2008,Ministerio de Economía y Hacienda,"Resolución de 22 de enero de 2008, de la Presidencia de la Agencia Estatal de Administración Tributaria, por la que se dispone el nombramiento de don Luciano Alfonso Losada Suárez como Delegado de la Agencia Estatal de Administración Tributaria en Tarragona.",Luciano Alfonso Losada Suárez,1,0
delegated_enforcement_v1|es:boe-a-2004-18398:fragment:articulo:bloque-procedimental-y-de-graduacion|Ministerio de Hacienda|AEAT||https://www.boe.es/buscar/act.php?id=BOE-A-2004-18398,es:boe-a-2004-18398:fragment:articulo:bloque-procedimental-y-de-graduacion,es:boe-a-2004-18398,BOE-A-2004-18398,AEAT,Unidad procedimental sancionadora,"nombramiento ""Agencia Estatal de Administración Tributaria""",7,"https://www.boe.es/buscar/boe.php?campo[1]=TITULOS&dato[1]=nombramiento%20""Agencia%20Estatal%20de%20Administraci%C3%B3n%20Tributaria""&accion=Buscar&sort_field[0]=FPU&sort_order[0]=desc",7,23,BOE-A-2007-21930,https://www.boe.es/buscar/doc.php?id=BOE-A-2007-21930,20/12/2007,Ministerio de Economía y Hacienda,"Resolución de 12 de diciembre de 2007, de la Presidencia de la Agencia Estatal de Administración Tributaria, por la que se dispone el nombramiento como Delegada Especial de la Agencia en Aragón de doña Nuria Pozuelo Antoni.",Nuria Pozuelo Antoni,1,0
delegated_enforcement_v1|es:boe-a-2004-18398:fragment:articulo:bloque-procedimental-y-de-graduacion|Ministerio de Hacienda|AEAT||https://www.boe.es/buscar/act.php?id=BOE-A-2004-18398,es:boe-a-2004-18398:fragment:articulo:bloque-procedimental-y-de-graduacion,es:boe-a-2004-18398,BOE-A-2004-18398,AEAT,Unidad procedimental sancionadora,"nombramiento ""Agencia Estatal de Administración Tributaria""",7,"https://www.boe.es/buscar/boe.php?campo[1]=TITULOS&dato[1]=nombramiento%20""Agencia%20Estatal%20de%20Administraci%C3%B3n%20Tributaria""&accion=Buscar&sort_field[0]=FPU&sort_order[0]=desc",8,22,BOE-A-2007-21931,https://www.boe.es/buscar/doc.php?id=BOE-A-2007-21931,20/12/2007,Ministerio de Economía y Hacienda,"Resolución de 12 de diciembre de 2007, de la Presidencia de la Agencia Estatal de Administración Tributaria, por la que se dispone el nombramiento como Delegado de la Agencia en Ávila de don Juan José Fernández Sánchez.",Juan José Fernández Sánchez,1,0
delegated_enforcement_v1|es:boe-a-2004-18398:fragment:articulo:bloque-procedimental-y-de-graduacion|Ministerio de Hacienda|AEAT||https://www.boe.es/buscar/act.php?id=BOE-A-2004-18398,es:boe-a-2004-18398:fragment:articulo:bloque-procedimental-y-de-graduacion,es:boe-a-2004-18398,BOE-A-2004-18398,AEAT,Unidad procedimental sancionadora,"nombramiento ""Agencia Estatal de Administración Tributaria""",7,"https://www.boe.es/buscar/boe.php?campo[1]=TITULOS&dato[1]=nombramiento%20""Agencia%20Estatal%20de%20Administraci%C3%B3n%20Tributaria""&accion=Buscar&sort_field[0]=FPU&sort_order[0]=desc",9,21,BOE-A-2007-21932,https://www.boe.es/buscar/doc.php?id=BOE-A-2007-21932,20/12/2007,Ministerio de Economía y Hacienda,"Resolución de 12 de diciembre de 2007, de la Presidencia de la Agencia Estatal de Administración Tributaria, por la que se dispone el nombramiento como Subdirector General de Información y Asistencia Tributaria en el Departamento de Gestión y Tributaria de don Francisco Luis Via Ozalla.",Francisco Luis Via Ozalla,1,0
delegated_enforcement_v1|es:boe-a-2004-18398:fragment:articulo:bloque-procedimental-y-de-graduacion|Ministerio de Hacienda|AEAT||https://www.boe.es/buscar/act.php?id=BOE-A-2004-18398,es:boe-a-2004-18398:fragment:articulo:bloque-procedimental-y-de-graduacion,es:boe-a-2004-18398,BOE-A-2004-18398,AEAT,Unidad procedimental sancionadora,"nombramiento ""Agencia Estatal de Administración Tributaria""",7,"https://www.boe.es/buscar/boe.php?campo[1]=TITULOS&dato[1]=nombramiento%20""Agencia%20Estatal%20de%20Administraci%C3%B3n%20Tributaria""&accion=Buscar&sort_field[0]=FPU&sort_order[0]=desc",10,20,BOE-A-2007-17354,https://www.boe.es/buscar/doc.php?id=BOE-A-2007-17354,04/10/2007,Ministerio de Economía y Hacienda,"Resolución de 26 de septiembre de 2007, de la Presidencia de la Agencia Estatal de Administración Tributaria, por la que se dispone el nombramiento de don Domingo Javier Molina Moscoso como Subdirector General de Aplicaciones en el Departamento de Informática Tributaria.",Domingo Javier Molina Moscoso,1,0
delegated_enforcement_v1|es:boe-a-2004-18398:fragment:articulo:bloque-procedimental-y-de-graduacion|Ministerio de Hacienda|AEAT||https://www.boe.es/buscar/act.php?id=BOE-A-2004-18398,es:boe-a-2004-18398:fragment:articulo:bloque-procedimental-y-de-graduacion,es:boe-a-2004-18398,BOE-A-2004-18398,AEAT,Unidad procedimental sancionadora,"nombramiento ""Agencia Estatal de Administración Tributaria""",7,"https://www.boe.es/buscar/boe.php?campo[1]=TITULOS&dato[1]=nombramiento%20""Agencia%20Estatal%20de%20Administraci%C3%B3n%20Tributaria""&accion=Buscar&sort_field[0]=FPU&sort_order[0]=desc",11,20,BOE-A-2007-14895,https://www.boe.es/buscar/doc.php?id=BOE-A-2007-14895,04/08/2007,Ministerio de Economía y Hacienda,"Resolución de 27 de julio de 2007, de la Presidencia de la Agencia Estatal de Administración Tributaria, por la que se dispone el nombramiento de doña María Consuelo Sánchez García como Subdirectora General de Organización y Planificación en el Departamento de Recaudación.",María Consuelo Sánchez García,1,0
delegated_enforcement_v1|es:boe-a-2004-18398:fragment:articulo:bloque-procedimental-y-de-graduacion|Ministerio de Hacienda|AEAT||https://www.boe.es/buscar/act.php?id=BOE-A-2004-18398,es:boe-a-2004-18398:fragment:articulo:bloque-procedimental-y-de-graduacion,es:boe-a-2004-18398,BOE-A-2004-18398,AEAT,Unidad procedimental sancionadora,"nombramiento ""Agencia Estatal de Administración Tributaria""",7,"https://www.boe.es/buscar/boe.php?campo[1]=TITULOS&dato[1]=nombramiento%20""Agencia%20Estatal%20de%20Administraci%C3%B3n%20Tributaria""&accion=Buscar&sort_field[0]=FPU&sort_order[0]=desc",12,20,BOE-A-2007-12768,https://www.boe.es/buscar/doc.php?id=BOE-A-2007-12768,30/06/2007,Ministerio de Economía y Hacienda,"Resolución de 21 de junio de 2007, de la Agencia Estatal de Administración Tributaria, por la que se dispone el nombramiento como Delegado Especial de Canarias de don José Luis Rodríguez Díaz.",José Luis Rodríguez Díaz,1,0
delegated_enforcement_v1|es:boe-a-2004-18398:fragment:articulo:bloque-procedimental-y-de-graduacion|Ministerio de Hacienda|AEAT||https://www.boe.es/buscar/act.php?id=BOE-A-2004-18398,es:boe-a-2004-18398:fragment:articulo:bloque-procedimental-y-de-graduacion,es:boe-a-2004-18398,BOE-A-2004-18398,AEAT,Unidad procedimental sancionadora,"nombramiento ""Agencia Estatal de Administración Tributaria""",7,"https://www.boe.es/buscar/boe.php?campo[1]=TITULOS&dato[1]=nombramiento%20""Agencia%20Estatal%20de%20Administraci%C3%B3n%20Tributaria""&accion=Buscar&sort_field[0]=FPU&sort_order[0]=desc",13,20,BOE-A-2007-12769,https://www.boe.es/buscar/doc.php?id=BOE-A-2007-12769,30/06/2007,Ministerio de Economía y Hacienda,"Resolución de 21 de junio de 2007, de la Presidencia de la Agencia Estatal de Administración Tributaria, por la que se dispone el nombramiento como Delegado Ejecutivo de la Delegación Especial de Andalucía, Ceuta y Melilla de don José Alberto García Valera.",José Alberto García Valera,1,0
delegated_enforcement_v1|es:boe-a-2004-18398:fragment:articulo:bloque-procedimental-y-de-graduacion|Ministerio de Hacienda|AEAT||https://www.boe.es/buscar/act.php?id=BOE-A-2004-18398,es:boe-a-2004-18398:fragment:articulo:bloque-procedimental-y-de-graduacion,es:boe-a-2004-18398,BOE-A-2004-18398,AEAT,Unidad procedimental sancionadora,"nombramiento ""Agencia Estatal de Administración Tributaria""",7,"https://www.boe.es/buscar/boe.php?campo[1]=TITULOS&dato[1]=nombramiento%20""Agencia%20Estatal%20de%20Administraci%C3%B3n%20Tributaria""&accion=Buscar&sort_field[0]=FPU&sort_order[0]=desc",14,20,BOE-A-2007-7488,https://www.boe.es/buscar/doc.php?id=BOE-A-2007-7488,10/04/2007,Ministerio de Economía y Hacienda,"Corrección de errores de la Resolución de 20 de marzo de 2007, de la Presidencia de la Agencia Estatal de Administración Tributaria, por la que se dispone el nombramiento como Subdirector General de Planificación y Programación en el Departamento de Organización, Planificación y Relaciones Institucionales de don Antonio Francisco Ansón Latorre.",Antonio Francisco Ansón Latorre,1,0
delegated_enforcement_v1|es:boe-a-2004-18398:fragment:articulo:bloque-procedimental-y-de-graduacion|Ministerio de Hacienda|AEAT||https://www.boe.es/buscar/act.php?id=BOE-A-2004-18398,es:boe-a-2004-18398:fragment:articulo:bloque-procedimental-y-de-graduacion,es:boe-a-2004-18398,BOE-A-2004-18398,AEAT,Unidad procedimental sancionadora,"nombramiento ""Agencia Estatal de Administración Tributaria""",7,"https://www.boe.es/buscar/boe.php?campo[1]=TITULOS&dato[1]=nombramiento%20""Agencia%20Estatal%20de%20Administraci%C3%B3n%20Tributaria""&accion=Buscar&sort_field[0]=FPU&sort_order[0]=desc",15,20,BOE-A-2007-6343,https://www.boe.es/buscar/doc.php?id=BOE-A-2007-6343,26/03/2007,Ministerio de Economía y Hacienda,"Resolución de 20 de marzo de 2007, de la Presidencia de la Agencia Estatal de Administración Tributaria, por la que se dispone el nombramiento como Subdirector General de Planificación y Programación en el Departamento de Organización, Planificación y Relaciones Internacionales de don Antonio Francisco Ansón Latorre.",Antonio Francisco Ansón Latorre,1,0
delegated_enforcement_v1|es:boe-a-2004-18398:fragment:articulo:bloque-procedimental-y-de-graduacion|Ministerio de Hacienda|AEAT||https://www.boe.es/buscar/act.php?id=BOE-A-2004-18398,es:boe-a-2004-18398:fragment:articulo:bloque-procedimental-y-de-graduacion,es:boe-a-2004-18398,BOE-A-2004-18398,AEAT,Unidad procedimental sancionadora,"nombramiento ""Agencia Estatal de Administración Tributaria""",7,"https://www.boe.es/buscar/boe.php?campo[1]=TITULOS&dato[1]=nombramiento%20""Agencia%20Estatal%20de%20Administraci%C3%B3n%20Tributaria""&accion=Buscar&sort_field[0]=FPU&sort_order[0]=desc",16,20,BOE-A-2007-1227,https://www.boe.es/buscar/doc.php?id=BOE-A-2007-1227,20/01/2007,Ministerio de Economía y Hacienda,"Resolución de 16 de enero de 2007, de la Agencia Estatal de Administración Tributaria, por la que se dispone el nombramiento como Delegado Central Adjunto de la Delegación Central de Grandes Contribuyentes de don Valentín González Pérez.",Valentín González Pérez,1,0
delegated_enforcement_v1|es:boe-a-2004-18398:fragment:articulo:bloque-procedimental-y-de-graduacion|Ministerio de Hacienda|AEAT||https://www.boe.es/buscar/act.php?id=BOE-A-2004-18398,es:boe-a-2004-18398:fragment:articulo:bloque-procedimental-y-de-graduacion,es:boe-a-2004-18398,BOE-A-2004-18398,AEAT,Unidad procedimental sancionadora,"nombramiento ""Agencia Estatal de Administración Tributaria""",7,"https://www.boe.es/buscar/boe.php?campo[1]=TITULOS&dato[1]=nombramiento%20""Agencia%20Estatal%20de%20Administraci%C3%B3n%20Tributaria""&accion=Buscar&sort_field[0]=FPU&sort_order[0]=desc",17,20,BOE-A-2006-18149,https://www.boe.es/buscar/doc.php?id=BOE-A-2006-18149,18/10/2006,Ministerio de Economía y Hacienda,"Resolución de 10 de octubre de 2006, de la Presidencia de la Agencia Estatal de Administración Tributaria, por la que se dispone el nombramiento como Subdirector General de Gestión Administrativa de Personal del Departamento de Recursos Humanos y Administración Económica de don Salvador Martínez Arroyo.",Salvador Martínez Arroyo,1,0
delegated_enforcement_v1|es:boe-a-2004-18398:fragment:articulo:bloque-procedimental-y-de-graduacion|Ministerio de Hacienda|AEAT||https://www.boe.es/buscar/act.php?id=BOE-A-2004-18398,es:boe-a-2004-18398:fragment:articulo:bloque-procedimental-y-de-graduacion,es:boe-a-2004-18398,BOE-A-2004-18398,AEAT,Unidad procedimental sancionadora,"nombramiento ""Agencia Estatal de Administración Tributaria""",7,"https://www.boe.es/buscar/boe.php?campo[1]=TITULOS&dato[1]=nombramiento%20""Agencia%20Estatal%20de%20Administraci%C3%B3n%20Tributaria""&accion=Buscar&sort_field[0]=FPU&sort_order[0]=desc",18,20,BOE-A-2006-18150,https://www.boe.es/buscar/doc.php?id=BOE-A-2006-18150,18/10/2006,Ministerio de Economía y Hacienda,"Resolución de 10 de octubre de 2006, de la Presidencia de la Agencia Estatal de Administración Tributaria, por la que se dispone el nombramiento como Subdirector General de Relaciones Laborales del Departamento de Recursos Humanos y Administración Económica de don Magín Méndez Rodríguez.",Magín Méndez Rodríguez,1,0
delegated_enforcement_v1|es:boe-a-2004-18398:fragment:articulo:bloque-procedimental-y-de-graduacion|Ministerio de Hacienda|AEAT||https://www.boe.es/buscar/act.php?id=BOE-A-2004-18398,es:boe-a-2004-18398:fragment:articulo:bloque-procedimental-y-de-graduacion,es:boe-a-2004-18398,BOE-A-2004-18398,AEAT,Unidad procedimental sancionadora,"nombramiento ""Agencia Estatal de Administración Tributaria""",7,"https://www.boe.es/buscar/boe.php?campo[1]=TITULOS&dato[1]=nombramiento%20""Agencia%20Estatal%20de%20Administraci%C3%B3n%20Tributaria""&accion=Buscar&sort_field[0]=FPU&sort_order[0]=desc",19,20,BOE-A-2006-13670,https://www.boe.es/buscar/doc.php?id=BOE-A-2006-13670,28/07/2006,Ministerio de Economía y Hacienda,"Resolución de 27 de julio de 2006, de la Agencia Estatal de Administración Tributaria, por la que se dispone el nombramiento de doña Marta Álvarez Morato, como Delegada de la Agencia Estatal de Administración Tributaria de Málaga.",Marta Álvarez Morato,1,0
delegated_enforcement_v1|es:boe-a-2004-18398:fragment:articulo:bloque-procedimental-y-de-graduacion|Ministerio de Hacienda|AEAT||https://www.boe.es/buscar/act.php?id=BOE-A-2004-18398,es:boe-a-2004-18398:fragment:articulo:bloque-procedimental-y-de-graduacion,es:boe-a-2004-18398,BOE-A-2004-18398,AEAT,Unidad procedimental sancionadora,"nombramiento ""Agencia Estatal de Administración Tributaria""",7,"https://www.boe.es/buscar/boe.php?campo[1]=TITULOS&dato[1]=nombramiento%20""Agencia%20Estatal%20de%20Administraci%C3%B3n%20Tributaria""&accion=Buscar&sort_field[0]=FPU&sort_order[0]=desc",20,20,BOE-A-2006-13671,https://www.boe.es/buscar/doc.php?id=BOE-A-2006-13671,28/07/2006,Ministerio de Economía y Hacienda,"Resolución de 27 de julio de 2006, de la Agencia Estatal de Administración Tributaria, por la que se dispone el nombramiento de doña Olga Bobadilla Pérez, como Delegada de la Agencia Estatal de Administración Tributaria de Vigo.",Olga Bobadilla Pérez,1,0
delegated_enforcement_v1|es:boe-a-2004-18398:fragment:articulo:bloque-procedimental-y-de-graduacion|Ministerio de Hacienda|AEAT||https://www.boe.es/buscar/act.php?id=BOE-A-2004-18398,es:boe-a-2004-18398:fragment:articulo:bloque-procedimental-y-de-graduacion,es:boe-a-2004-18398,BOE-A-2004-18398,AEAT,Unidad procedimental sancionadora,"nombramiento ""Agencia Estatal de Administración Tributaria""",7,"https://www.boe.es/buscar/boe.php?campo[1]=TITULOS&dato[1]=nombramiento%20""Agencia%20Estatal%20de%20Administraci%C3%B3n%20Tributaria""&accion=Buscar&sort_field[0]=FPU&sort_order[0]=desc",21,20,BOE-A-2006-13672,https://www.boe.es/buscar/doc.php?id=BOE-A-2006-13672,28/07/2006,Ministerio de Economía y Hacienda,"Resolución de 27 de julio de 2006, de la Agencia Estatal de Administración Tributaria, por la que se dispone el nombramiento de don Juan Pedro de Gracia Guindo, como Delegado de la Agencia Estatal de Administración Tributaria de Huelva.",Juan Pedro de Gracia Guindo,1,0
delegated_enforcement_v1|es:boe-a-2004-18398:fragment:articulo:bloque-procedimental-y-de-graduacion|Ministerio de Hacienda|AEAT||https://www.boe.es/buscar/act.php?id=BOE-A-2004-18398,es:boe-a-2004-18398:fragment:articulo:bloque-procedimental-y-de-graduacion,es:boe-a-2004-18398,BOE-A-2004-18398,AEAT,Unidad procedimental sancionadora,"nombramiento ""Agencia Estatal de Administración Tributaria""",7,"https://www.boe.es/buscar/boe.php?campo[1]=TITULOS&dato[1]=nombramiento%20""Agencia%20Estatal%20de%20Administraci%C3%B3n%20Tributaria""&accion=Buscar&sort_field[0]=FPU&sort_order[0]=desc",22,20,BOE-A-2006-13673,https://www.boe.es/buscar/doc.php?id=BOE-A-2006-13673,28/07/2006,Ministerio de Economía y Hacienda,"Resolución de 27 de julio de 2006, de la Agencia Estatal de Administración Tributaria, por la que se dispone el nombramiento de don Miguel Ángel Orti Vallejo, como Delegado de la Agencia Estatal de Administración Tributaria de Córdoba.",Miguel Ángel Orti Vallejo,1,0
delegated_enforcement_v1|es:boe-a-2004-18398:fragment:articulo:bloque-procedimental-y-de-graduacion|Ministerio de Hacienda|AEAT||https://www.boe.es/buscar/act.php?id=BOE-A-2004-18398,es:boe-a-2004-18398:fragment:articulo:bloque-procedimental-y-de-graduacion,es:boe-a-2004-18398,BOE-A-2004-18398,AEAT,Unidad procedimental sancionadora,"nombramiento ""Agencia Estatal de Administración Tributaria""",7,"https://www.boe.es/buscar/boe.php?campo[1]=TITULOS&dato[1]=nombramiento%20""Agencia%20Estatal%20de%20Administraci%C3%B3n%20Tributaria""&accion=Buscar&sort_field[0]=FPU&sort_order[0]=desc",23,20,BOE-A-2006-13674,https://www.boe.es/buscar/doc.php?id=BOE-A-2006-13674,28/07/2006,Ministerio de Economía y Hacienda,"Resolución de 27 de julio de 2006, de la Agencia Estatal de Administración Tributaria, por la que se dispone el nombramiento de doña Victorina Pérez Pérez, como Delegada de la Agencia Estatal de Administración Tributaria de Ávila.",Victorina Pérez Pérez,1,0
delegated_enforcement_v1|es:boe-a-2004-18398:fragment:articulo:bloque-procedimental-y-de-graduacion|Ministerio de Hacienda|AEAT||https://www.boe.es/buscar/act.php?id=BOE-A-2004-18398,es:boe-a-2004-18398:fragment:articulo:bloque-procedimental-y-de-graduacion,es:boe-a-2004-18398,BOE-A-2004-18398,AEAT,Unidad procedimental sancionadora,"nombramiento ""Agencia Estatal de Administración Tributaria""",7,"https://www.boe.es/buscar/boe.php?campo[1]=TITULOS&dato[1]=nombramiento%20""Agencia%20Estatal%20de%20Administraci%C3%B3n%20Tributaria""&accion=Buscar&sort_field[0]=FPU&sort_order[0]=desc",24,20,BOE-A-2006-13675,https://www.boe.es/buscar/doc.php?id=BOE-A-2006-13675,28/07/2006,Ministerio de Economía y Hacienda,"Resolución de 27 de julio de 2006, de la Agencia Estatal de Administración Tributaria, por la que se dispone el nombramiento de don Francisco Ruiz Bocanegra, como Delegado de la Agencia Estatal de Administración Tributaria de Granada.",Francisco Ruiz Bocanegra,1,0
delegated_enforcement_v1|es:boe-a-2004-18398:fragment:articulo:bloque-procedimental-y-de-graduacion|Ministerio de Hacienda|AEAT||https://www.boe.es/buscar/act.php?id=BOE-A-2004-18398,es:boe-a-2004-18398:fragment:articulo:bloque-procedimental-y-de-graduacion,es:boe-a-2004-18398,BOE-A-2004-18398,AEAT,Unidad procedimental sancionadora,"nombramiento ""Agencia Estatal de Administración Tributaria""",7,"https://www.boe.es/buscar/boe.php?campo[1]=TITULOS&dato[1]=nombramiento%20""Agencia%20Estatal%20de%20Administraci%C3%B3n%20Tributaria""&accion=Buscar&sort_field[0]=FPU&sort_order[0]=desc",25,20,BOE-A-2006-11416,https://www.boe.es/buscar/doc.php?id=BOE-A-2006-11416,27/06/2006,Ministerio de Economía y Hacienda,"Resolución de 23 de junio de 2006, de la Presidencia de la Agencia Estatal de Administración Tributaria, por la que se dispone el nombramiento de doña Sara Ugarte Alonso-Vega, como Directora del Departamento de Recursos Humanos y Administración Económica.",Sara Ugarte Alonso-Vega,1,0
delegated_enforcement_v1|es:boe-a-2015-11722:fragment:articulo:bloque-sancionador-principal|Ministerio competente en trafico|DGT|Direccion General de Trafico|https://www.boe.es/buscar/act.php?id=BOE-A-2015-11722,es:boe-a-2015-11722:fragment:articulo:bloque-sancionador-principal,es:boe-a-2015-11722,BOE-A-2015-11722,DGT,Direccion General,"nombramiento ""Director General de Tráfico""",5,"https://www.boe.es/buscar/boe.php?campo[1]=TITULOS&dato[1]=nombramiento%20""Director%20General%20de%20Tr%C3%A1fico""&accion=Buscar&sort_field[0]=FPU&sort_order[0]=desc",1,49,BOE-A-1996-12484,https://www.boe.es/buscar/doc.php?id=BOE-A-1996-12484,01/06/1996,Ministerio del Interior,"Real Decreto 1343/1996, de 31 de mayo, por el que se dispone el nombramiento de don Carlos Muñoz-Repiso Izaguirre como Director general de Tráfico.",Carlos Muñoz-Repiso Izaguirre,1,1
delegated_enforcement_v1|es:boe-a-2015-11722:fragment:articulo:bloque-sancionador-principal|Ministerio competente en trafico|DGT|Direccion General de Trafico|https://www.boe.es/buscar/act.php?id=BOE-A-2015-11722,es:boe-a-2015-11722:fragment:articulo:bloque-sancionador-principal,es:boe-a-2015-11722,BOE-A-2015-11722,DGT,Direccion General,"nombramiento ""Director General de Tráfico""",5,"https://www.boe.es/buscar/boe.php?campo[1]=TITULOS&dato[1]=nombramiento%20""Director%20General%20de%20Tr%C3%A1fico""&accion=Buscar&sort_field[0]=FPU&sort_order[0]=desc",2,48,BOE-A-1988-20990,https://www.boe.es/buscar/doc.php?id=BOE-A-1988-20990,03/09/1988,Ministerio del Interior,"Real Decreto 932/1988, de 2 de septiembre, por el que se dispone el nombramiento de don Miguel María Muñoz Medina como Director general de Tráfico.",Miguel María Muñoz Medina,1,1
delegated_enforcement_v1|es:boe-a-2015-11722:fragment:articulo:bloque-sancionador-principal|Ministerio competente en trafico|DGT|Direccion General de Trafico|https://www.boe.es/buscar/act.php?id=BOE-A-2015-11722,es:boe-a-2015-11722:fragment:articulo:bloque-sancionador-principal,es:boe-a-2015-11722,BOE-A-2015-11722,DGT,Direccion General,"nombramiento ""Director General de Tráfico""",5,"https://www.boe.es/buscar/boe.php?campo[1]=TITULOS&dato[1]=nombramiento%20""Director%20General%20de%20Tr%C3%A1fico""&accion=Buscar&sort_field[0]=FPU&sort_order[0]=desc",3,47,BOE-A-1986-28415,https://www.boe.es/buscar/doc.php?id=BOE-A-1986-28415,27/10/1986,Ministerio del Interior,"Real Decreto 2221/1986, de 24 de octubre, por el que se dispone el nombramiento de don David León Blanco como Director general de Tráfico.",David León Blanco,1,1
delegated_enforcement_v1|es:boe-a-2015-11722:fragment:articulo:bloque-sancionador-principal|Ministerio competente en trafico|DGT|Direccion General de Trafico|https://www.boe.es/buscar/act.php?id=BOE-A-2015-11722,es:boe-a-2015-11722:fragment:articulo:bloque-sancionador-principal,es:boe-a-2015-11722,BOE-A-2015-11722,DGT,Direccion General,"nombramiento ""Director General""",11,"https://www.boe.es/buscar/boe.php?campo[1]=TITULOS&dato[1]=nombramiento%20""Director%20General""&accion=Buscar&sort_field[0]=FPU&sort_order[0]=desc",4,46,BOE-A-2025-17408,https://www.boe.es/buscar/doc.php?id=BOE-A-2025-17408,01/09/2025,Comisión Nacional del Mercado de Valores,"Resolución de 28 de agosto de 2025, de la Comisión Nacional del Mercado de Valores, por la que se publica cese y nombramiento de Director/a General del Servicio Jurídico y Secretario/a del Consejo, y cese de Director General Adjunto del Servicio Jurídico y Vicesecretario del Consejo.",,1,1
delegated_enforcement_v1|es:boe-a-2015-11722:fragment:articulo:bloque-sancionador-principal|Ministerio competente en trafico|DGT|Direccion General de Trafico|https://www.boe.es/buscar/act.php?id=BOE-A-2015-11722,es:boe-a-2015-11722:fragment:articulo:bloque-sancionador-principal,es:boe-a-2015-11722,BOE-A-2015-11722,DGT,Direccion General,"nombramiento ""Director General""",11,"https://www.boe.es/buscar/boe.php?campo[1]=TITULOS&dato[1]=nombramiento%20""Director%20General""&accion=Buscar&sort_field[0]=FPU&sort_order[0]=desc",5,45,BOE-A-2021-9014,https://www.boe.es/buscar/doc.php?id=BOE-A-2021-9014,31/05/2021,Comisión Nacional del Mercado de Valores,"Resolución de 28 de mayo de 2021, de la Comisión Nacional del Mercado de Valores, por la que se publican el cese y nombramiento del Director General del Servicio Jurídico y Secretario del Consejo.",,1,1
delegated_enforcement_v1|es:boe-a-2015-11722:fragment:articulo:bloque-sancionador-principal|Ministerio competente en trafico|DGT|Direccion General de Trafico|https://www.boe.es/buscar/act.php?id=BOE-A-2015-11722,es:boe-a-2015-11722:fragment:articulo:bloque-sancionador-principal,es:boe-a-2015-11722,BOE-A-2015-11722,DGT,Direccion General,"nombramiento ""Director General""",11,"https://www.boe.es/buscar/boe.php?campo[1]=TITULOS&dato[1]=nombramiento%20""Director%20General""&accion=Buscar&sort_field[0]=FPU&sort_order[0]=desc",6,44,BOE-A-2021-7143,https://www.boe.es/buscar/doc.php?id=BOE-A-2021-7143,01/05/2021,Comisión Nacional del Mercado de Valores,"Resolución de 21 de abril de 2021, de la Comisión Nacional del Mercado de Valores, por la que se publican el cese y nombramiento del Director General de Mercados.",,1,1
delegated_enforcement_v1|es:boe-a-2015-11722:fragment:articulo:bloque-sancionador-principal|Ministerio competente en trafico|DGT|Direccion General de Trafico|https://www.boe.es/buscar/act.php?id=BOE-A-2015-11722,es:boe-a-2015-11722:fragment:articulo:bloque-sancionador-principal,es:boe-a-2015-11722,BOE-A-2015-11722,DGT,Direccion General,"nombramiento ""Director General""",11,"https://www.boe.es/buscar/boe.php?campo[1]=TITULOS&dato[1]=nombramiento%20""Director%20General""&accion=Buscar&sort_field[0]=FPU&sort_order[0]=desc",7,43,BOE-A-2012-867,https://www.boe.es/buscar/doc.php?id=BOE-A-2012-867,20/01/2012,Comunidad Autónoma del País Vasco,"Ley 4/1996, de 11 de octubre, de reforma de la Ley de creación del Ente Público ""Radio Televisión Vasca"" (Ley 5/1982, de 20 de mayo), referente a nombramiento y cese del Director General de EITB.",,1,1
delegated_enforcement_v1|es:boe-a-2015-11722:fragment:articulo:bloque-sancionador-principal|Ministerio competente en trafico|DGT|Direccion General de Trafico|https://www.boe.es/buscar/act.php?id=BOE-A-2015-11722,es:boe-a-2015-11722:fragment:articulo:bloque-sancionador-principal,es:boe-a-2015-11722,BOE-A-2015-11722,DGT,Direccion General,"nombramiento ""Director General""",11,"https://www.boe.es/buscar/boe.php?campo[1]=TITULOS&dato[1]=nombramiento%20""Director%20General""&accion=Buscar&sort_field[0]=FPU&sort_order[0]=desc",8,42,BOE-A-2011-1716,https://www.boe.es/buscar/doc.php?id=BOE-A-2011-1716,31/01/2011,Tribunal Supremo,"Sentencia de 11 de noviembre de 2010, de la Sala Tercera del Tribunal Supremo, por la que se anula el artículo 17.3 y disposición adicional primera del Real Decreto 1039/2009, de 29 de junio, en lo que se refiere a la Dirección General de Coordinación y Administración de los Servicios Periféricos, así como la disposición final primera, apartado 1.b) 2º y apartado 1.d) del Real Decreto 1086/2009, de 3 de julio, en lo que se refiere a la Dirección General de Formación y Orientación Universitaria y la de Relaciones Internacionales, anulando igualmente el nombramiento de Director General de Coordinación y Administración de los Servicios Periféricos efectuado por el Real Decreto 1095/2009 y de Director General de Formación y Orientación Universitaria efectuado por Real Decreto 1094/2009.",,1,1
delegated_enforcement_v1|es:boe-a-2015-11722:fragment:articulo:bloque-sancionador-principal|Ministerio competente en trafico|DGT|Direccion General de Trafico|https://www.boe.es/buscar/act.php?id=BOE-A-2015-11722,es:boe-a-2015-11722:fragment:articulo:bloque-sancionador-principal,es:boe-a-2015-11722,BOE-A-2015-11722,DGT,Direccion General,"nombramiento ""Director General""",11,"https://www.boe.es/buscar/boe.php?campo[1]=TITULOS&dato[1]=nombramiento%20""Director%20General""&accion=Buscar&sort_field[0]=FPU&sort_order[0]=desc",9,41,BOE-A-2008-8777,https://www.boe.es/buscar/doc.php?id=BOE-A-2008-8777,20/05/2008,"Ministerio de Industria, Turismo y Comercio","Orden ITC/1379/2008, de 19 de mayo, por la que se dispone el nombramiento como Director General de Promoción del Instituto Español de Comercio Exterior de don Jaime Montalvo Domínguez de la Torre.",Jaime Montalvo Domínguez de la Torre,1,1
delegated_enforcement_v1|es:boe-a-2015-11722:fragment:articulo:bloque-sancionador-principal|Ministerio competente en trafico|DGT|Direccion General de Trafico|https://www.boe.es/buscar/act.php?id=BOE-A-2015-11722,es:boe-a-2015-11722:fragment:articulo:bloque-sancionador-principal,es:boe-a-2015-11722,BOE-A-2015-11722,DGT,Direccion General,"nombramiento ""Director General""",11,"https://www.boe.es/buscar/boe.php?campo[1]=TITULOS&dato[1]=nombramiento%20""Director%20General""&accion=Buscar&sort_field[0]=FPU&sort_order[0]=desc",10,40,BOE-A-2004-9251,https://www.boe.es/buscar/doc.php?id=BOE-A-2004-9251,18/05/2004,"Ministerio de Industria, Turismo y Comercio","Orden ITC/1353/2004, de 12 de mayo, por la que se dispone el nombramiento de don Mario Fernando Buisán García como Director General de Información e Inversiones del Instituto Español de Comercio Exterior.",Mario Fernando Buisán García,1,1
delegated_enforcement_v1|es:boe-a-2015-11722:fragment:articulo:bloque-sancionador-principal|Ministerio competente en trafico|DGT|Direccion General de Trafico|https://www.boe.es/buscar/act.php?id=BOE-A-2015-11722,es:boe-a-2015-11722:fragment:articulo:bloque-sancionador-principal,es:boe-a-2015-11722,BOE-A-2015-11722,DGT,Direccion General,"nombramiento ""Director General""",11,"https://www.boe.es/buscar/boe.php?campo[1]=TITULOS&dato[1]=nombramiento%20""Director%20General""&accion=Buscar&sort_field[0]=FPU&sort_order[0]=desc",11,40,BOE-A-2004-9252,https://www.boe.es/buscar/doc.php?id=BOE-A-2004-9252,18/05/2004,"Ministerio de Industria, Turismo y Comercio","Orden ITC/1354/2004, de 12 de mayo, por la que se dispone el nombramiento de don Pedro Moriyón Díez-Canedo como Director General de Promoción del Instituto Español de Comercio Exterior.",Pedro Moriyón Díez-Canedo,1,1
delegated_enforcement_v1|es:boe-a-2015-11722:fragment:articulo:bloque-sancionador-principal|Ministerio competente en trafico|DGT|Direccion General de Trafico|https://www.boe.es/buscar/act.php?id=BOE-A-2015-11722,es:boe-a-2015-11722:fragment:articulo:bloque-sancionador-principal,es:boe-a-2015-11722,BOE-A-2015-11722,DGT,Direccion General,"nombramiento ""Director General""",11,"https://www.boe.es/buscar/boe.php?campo[1]=TITULOS&dato[1]=nombramiento%20""Director%20General""&accion=Buscar&sort_field[0]=FPU&sort_order[0]=desc",12,40,BOE-A-2004-8194,https://www.boe.es/buscar/doc.php?id=BOE-A-2004-8194,04/05/2004,Ministerio de Fomento,"Orden FOM/1149/2004, de 29 de abril, por la que se dispone el nombramiento de don Manuel Azuaga Moreno como Director General de la Entidad Pública Empresarial Aeropuertos Españoles y Navegación Aérea.",Manuel Azuaga Moreno,1,1
delegated_enforcement_v1|es:boe-a-2015-11722:fragment:articulo:bloque-sancionador-principal|Ministerio competente en trafico|DGT|Direccion General de Trafico|https://www.boe.es/buscar/act.php?id=BOE-A-2015-11722,es:boe-a-2015-11722:fragment:articulo:bloque-sancionador-principal,es:boe-a-2015-11722,BOE-A-2015-11722,DGT,Direccion General,"nombramiento ""Director General""",11,"https://www.boe.es/buscar/boe.php?campo[1]=TITULOS&dato[1]=nombramiento%20""Director%20General""&accion=Buscar&sort_field[0]=FPU&sort_order[0]=desc",13,40,BOE-A-2004-7862,https://www.boe.es/buscar/doc.php?id=BOE-A-2004-7862,29/04/2004,Ministerio de Economía y Hacienda,"Corrección de erratas de la Resolución de 23 de abril de 2004, de la Presidencia de la Agencia Estatal de Administración Tributaria, por la que se dispone el nombramiento de doña Marta Guelbenzu Robles como Directora del Gabinete del Director General de la Agencia Estatal de Administración Tributaria.",Marta Guelbenzu Robles,1,1
delegated_enforcement_v1|es:boe-a-2015-11722:fragment:articulo:bloque-sancionador-principal|Ministerio competente en trafico|DGT|Direccion General de Trafico|https://www.boe.es/buscar/act.php?id=BOE-A-2015-11722,es:boe-a-2015-11722:fragment:articulo:bloque-sancionador-principal,es:boe-a-2015-11722,BOE-A-2015-11722,DGT,Direccion General,"nombramiento ""Director General""",11,"https://www.boe.es/buscar/boe.php?campo[1]=TITULOS&dato[1]=nombramiento%20""Director%20General""&accion=Buscar&sort_field[0]=FPU&sort_order[0]=desc",14,40,BOE-A-2004-7797,https://www.boe.es/buscar/doc.php?id=BOE-A-2004-7797,28/04/2004,Ministerio de Economía y Hacienda,"Resolución de 23 de abril de 2004, de la Presidencia de la Agencia Estatal de Administración Tributaria, por la que se dispone el nombramiento de doña Marta Guelbenzu Robles como Directora del Gabinete del Director General de la Agencia Estatal de Administración Tributaria.",Marta Guelbenzu Robles,1,1
delegated_enforcement_v1|es:boe-a-2015-11722:fragment:articulo:bloque-sancionador-principal|Ministerio competente en trafico|DGT|Direccion General de Trafico|https://www.boe.es/buscar/act.php?id=BOE-A-2015-11722,es:boe-a-2015-11722:fragment:articulo:bloque-sancionador-principal,es:boe-a-2015-11722,BOE-A-2015-11722,DGT,Direccion General,"nombramiento ""Director General""",11,"https://www.boe.es/buscar/boe.php?campo[1]=TITULOS&dato[1]=nombramiento%20""Director%20General""&accion=Buscar&sort_field[0]=FPU&sort_order[0]=desc",15,40,BOE-A-2003-19298,https://www.boe.es/buscar/doc.php?id=BOE-A-2003-19298,18/10/2003,Ministerio de Economía,"Orden ECO/2871/2003, de 8 de octubre, por la que se dispone el nombramiento de don Francisco de Asís Temes Lorenzo como Director General de Información e Inversiones del Instituto Español de Comercio Exterior (ICEX).",Francisco de Asís Temes Lorenzo,1,1
delegated_enforcement_v1|es:boe-a-2015-11722:fragment:articulo:bloque-sancionador-principal|Ministerio competente en trafico|DGT|Direccion General de Trafico|https://www.boe.es/buscar/act.php?id=BOE-A-2015-11722,es:boe-a-2015-11722:fragment:articulo:bloque-sancionador-principal,es:boe-a-2015-11722,BOE-A-2015-11722,DGT,Direccion General,"nombramiento ""Director General""",11,"https://www.boe.es/buscar/boe.php?campo[1]=TITULOS&dato[1]=nombramiento%20""Director%20General""&accion=Buscar&sort_field[0]=FPU&sort_order[0]=desc",16,40,BOE-A-2002-4229,https://www.boe.es/buscar/doc.php?id=BOE-A-2002-4229,02/03/2002,Ministerio de Fomento,"Orden FOM/437/2002, de 1 de marzo, por la que se dispone el nombramiento de don José Eladio Seco Domínguez como Director general del ente público Aeropuertos Españoles y Navegación Aérea.",José Eladio Seco Domínguez,1,1
delegated_enforcement_v1|es:boe-a-2015-11722:fragment:articulo:bloque-sancionador-principal|Ministerio competente en trafico|DGT|Direccion General de Trafico|https://www.boe.es/buscar/act.php?id=BOE-A-2015-11722,es:boe-a-2015-11722:fragment:articulo:bloque-sancionador-principal,es:boe-a-2015-11722,BOE-A-2015-11722,DGT,Direccion General,"nombramiento ""Director General""",11,"https://www.boe.es/buscar/boe.php?campo[1]=TITULOS&dato[1]=nombramiento%20""Director%20General""&accion=Buscar&sort_field[0]=FPU&sort_order[0]=desc",17,40,BOE-A-2001-17172,https://www.boe.es/buscar/doc.php?id=BOE-A-2001-17172,11/09/2001,Ministerio de Hacienda,"Resolución de 6 de septiembre de 2001, de la Agencia Estatal de Administración Tributaria, por la que se dispone el nombramiento de don Manuel de Vicente-Tutor Rodríguez como Jefe del Gabinete Técnico del Director general de la Agencia Estatal de Administración Tributaria.",Manuel de Vicente-Tutor Rodríguez,1,1
delegated_enforcement_v1|es:boe-a-2015-11722:fragment:articulo:bloque-sancionador-principal|Ministerio competente en trafico|DGT|Direccion General de Trafico|https://www.boe.es/buscar/act.php?id=BOE-A-2015-11722,es:boe-a-2015-11722:fragment:articulo:bloque-sancionador-principal,es:boe-a-2015-11722,BOE-A-2015-11722,DGT,Direccion General,"nombramiento ""Director General""",11,"https://www.boe.es/buscar/boe.php?campo[1]=TITULOS&dato[1]=nombramiento%20""Director%20General""&accion=Buscar&sort_field[0]=FPU&sort_order[0]=desc",18,40,BOE-A-2000-20323,https://www.boe.es/buscar/doc.php?id=BOE-A-2000-20323,10/11/2000,Ministerio de Defensa,"Orden 430/38496/2000, de 31 de octubre, por la que se dispone el nombramiento del Contralmirante del Cuerpo de Ingenieros de la Armada don José Juan Sala Santa Ana como Adjunto al Director general de Armamento y Material para Sistemas de Información C3.",,1,1
delegated_enforcement_v1|es:boe-a-2015-11722:fragment:articulo:bloque-sancionador-principal|Ministerio competente en trafico|DGT|Direccion General de Trafico|https://www.boe.es/buscar/act.php?id=BOE-A-2015-11722,es:boe-a-2015-11722:fragment:articulo:bloque-sancionador-principal,es:boe-a-2015-11722,BOE-A-2015-11722,DGT,Direccion General,"nombramiento ""Director General""",11,"https://www.boe.es/buscar/boe.php?campo[1]=TITULOS&dato[1]=nombramiento%20""Director%20General""&accion=Buscar&sort_field[0]=FPU&sort_order[0]=desc",19,40,BOE-A-2000-13883,https://www.boe.es/buscar/doc.php?id=BOE-A-2000-13883,22/07/2000,Ministerio de Fomento,Orden de 21 de julio de 2000 por la que se dispone el nombramiento de don Pedro Argüelles Salaverria como Director general del ente público Aeropuertos Españoles y Navegación Aérea.,Pedro Argüelles Salaverria,1,1
delegated_enforcement_v1|es:boe-a-2015-11722:fragment:articulo:bloque-sancionador-principal|Ministerio competente en trafico|DGT|Direccion General de Trafico|https://www.boe.es/buscar/act.php?id=BOE-A-2015-11722,es:boe-a-2015-11722:fragment:articulo:bloque-sancionador-principal,es:boe-a-2015-11722,BOE-A-2015-11722,DGT,Direccion General,"nombramiento ""Director General""",11,"https://www.boe.es/buscar/boe.php?campo[1]=TITULOS&dato[1]=nombramiento%20""Director%20General""&accion=Buscar&sort_field[0]=FPU&sort_order[0]=desc",20,40,BOE-A-1998-28124,https://www.boe.es/buscar/doc.php?id=BOE-A-1998-28124,05/12/1998,Ministerio de Economía y Hacienda,"Resolución de 2 de diciembre de 1998, de la Presidencia de la Agencia Estatal de la Administración Tributaria, por la que se dispone el nombramiento de doña Ángeles Fernández Pérez como Jefe del Gabinete Técnico del Director general de la Agencia Estatal de Administración Tributaria.",Ángeles Fernández Pérez,1,1
delegated_enforcement_v1|es:boe-a-2015-11722:fragment:articulo:bloque-sancionador-principal|Ministerio competente en trafico|DGT|Direccion General de Trafico|https://www.boe.es/buscar/act.php?id=BOE-A-2015-11722,es:boe-a-2015-11722:fragment:articulo:bloque-sancionador-principal,es:boe-a-2015-11722,BOE-A-2015-11722,DGT,Direccion General,"nombramiento ""Director General""",11,"https://www.boe.es/buscar/boe.php?campo[1]=TITULOS&dato[1]=nombramiento%20""Director%20General""&accion=Buscar&sort_field[0]=FPU&sort_order[0]=desc",21,40,BOE-A-1998-26575,https://www.boe.es/buscar/doc.php?id=BOE-A-1998-26575,18/11/1998,Ministerio de Fomento,Orden de 17 de noviembre de 1998 por la que se dispone el nombramiento de don Francisco Cal Pardo como Director general del ente público Aeropuertos Españoles y Navegación Aérea.,Francisco Cal Pardo,1,1
delegated_enforcement_v1|es:boe-a-2015-11722:fragment:articulo:bloque-sancionador-principal|Ministerio competente en trafico|DGT|Direccion General de Trafico|https://www.boe.es/buscar/act.php?id=BOE-A-2015-11722,es:boe-a-2015-11722:fragment:articulo:bloque-sancionador-principal,es:boe-a-2015-11722,BOE-A-2015-11722,DGT,Direccion General,"nombramiento ""Director General""",11,"https://www.boe.es/buscar/boe.php?campo[1]=TITULOS&dato[1]=nombramiento%20""Director%20General""&accion=Buscar&sort_field[0]=FPU&sort_order[0]=desc",22,40,BOE-A-1998-10599,https://www.boe.es/buscar/doc.php?id=BOE-A-1998-10599,07/05/1998,Ministerio de Trabajo y Asuntos Sociales,Orden de 23 de abril de 1998 por la que se dispone el nombramiento de doña Consuelo Pérez Martín como Secretaria del Director general del Instituto Social de la Marina.,Consuelo Pérez Martín,1,1
delegated_enforcement_v1|es:boe-a-2015-11722:fragment:articulo:bloque-sancionador-principal|Ministerio competente en trafico|DGT|Direccion General de Trafico|https://www.boe.es/buscar/act.php?id=BOE-A-2015-11722,es:boe-a-2015-11722:fragment:articulo:bloque-sancionador-principal,es:boe-a-2015-11722,BOE-A-2015-11722,DGT,Direccion General,"nombramiento ""Director General""",11,"https://www.boe.es/buscar/boe.php?campo[1]=TITULOS&dato[1]=nombramiento%20""Director%20General""&accion=Buscar&sort_field[0]=FPU&sort_order[0]=desc",23,40,BOE-A-1998-10600,https://www.boe.es/buscar/doc.php?id=BOE-A-1998-10600,07/05/1998,Ministerio de Trabajo y Asuntos Sociales,Orden de 23 de abril de 1998 por la que se dispone el nombramiento de don José Ernesto García Iriarte como Adjunto al Director general del Instituto de Migraciones y Servicios Sociales.,José Ernesto García Iriarte,1,1
delegated_enforcement_v1|es:boe-a-2015-11722:fragment:articulo:bloque-sancionador-principal|Ministerio competente en trafico|DGT|Direccion General de Trafico|https://www.boe.es/buscar/act.php?id=BOE-A-2015-11722,es:boe-a-2015-11722:fragment:articulo:bloque-sancionador-principal,es:boe-a-2015-11722,BOE-A-2015-11722,DGT,Direccion General,"nombramiento ""Director General""",11,"https://www.boe.es/buscar/boe.php?campo[1]=TITULOS&dato[1]=nombramiento%20""Director%20General""&accion=Buscar&sort_field[0]=FPU&sort_order[0]=desc",24,40,BOE-A-1998-10601,https://www.boe.es/buscar/doc.php?id=BOE-A-1998-10601,07/05/1998,Ministerio de Trabajo y Asuntos Sociales,Orden de 23 de abril de 1998 por la que se dispone el nombramiento de doña María Nieves Díaz Domínguez como Adjunta al Director general del Instituto de Migraciones y Servicios Sociales.,María Nieves Díaz Domínguez,1,1
delegated_enforcement_v1|es:boe-a-2015-11722:fragment:articulo:bloque-sancionador-principal|Ministerio competente en trafico|DGT|Direccion General de Trafico|https://www.boe.es/buscar/act.php?id=BOE-A-2015-11722,es:boe-a-2015-11722:fragment:articulo:bloque-sancionador-principal,es:boe-a-2015-11722,BOE-A-2015-11722,DGT,Direccion General,"nombramiento ""Director General""",11,"https://www.boe.es/buscar/boe.php?campo[1]=TITULOS&dato[1]=nombramiento%20""Director%20General""&accion=Buscar&sort_field[0]=FPU&sort_order[0]=desc",25,40,BOE-A-1997-25923,https://www.boe.es/buscar/doc.php?id=BOE-A-1997-25923,04/12/1997,Ministerio de Fomento,"Orden de 1 de diciembre de 1997, por la que se dispone el nombramiento de don Carlos Medrano Rodríguez como Director general del ente público Aeropuertos Españoles y Navegación Aérea.",Carlos Medrano Rodríguez,1,1
delegated_enforcement_v1|es:boe-a-2015-11724:fragment:articulo:bloque-de-infracciones-y-sanciones|Ministerio de Trabajo|Inspeccion de Trabajo y Seguridad Social|Organismo Estatal ITSS|https://www.boe.es/buscar/act.php?id=BOE-A-2015-11724,es:boe-a-2015-11724:fragment:articulo:bloque-de-infracciones-y-sanciones,es:boe-a-2015-11724,BOE-A-2015-11724,Inspeccion de Trabajo y Seguridad Social,Direccion del Organismo Estatal ITSS,"nombramiento ""Director General de Inspección de Trabajo y Seguridad Social""",3,"https://www.boe.es/buscar/boe.php?campo[1]=TITULOS&dato[1]=nombramiento%20""Director%20General%20de%20Inspecci%C3%B3n%20de%20Trabajo%20y%20Seguridad%20Social""&accion=Buscar&sort_field[0]=FPU&sort_order[0]=desc",1,29,BOE-A-1984-27292,https://www.boe.es/buscar/doc.php?id=BOE-A-1984-27292,15/12/1984,Ministerio de Trabajo y Seguridad Social,"Real Decreto 2206/1984, de 12 de diciembre, por el que se dispone el nombramiento de don Juan Ignacio Moltó García como Director general de Inspección de Trabajo y Seguridad Social.",Juan Ignacio Moltó García,1,0
delegated_enforcement_v1|es:boe-a-2015-11724:fragment:articulo:bloque-de-infracciones-y-sanciones|Ministerio de Trabajo|Inspeccion de Trabajo y Seguridad Social|Organismo Estatal ITSS|https://www.boe.es/buscar/act.php?id=BOE-A-2015-11724,es:boe-a-2015-11724:fragment:articulo:bloque-de-infracciones-y-sanciones,es:boe-a-2015-11724,BOE-A-2015-11724,Inspeccion de Trabajo y Seguridad Social,Direccion del Organismo Estatal ITSS,"nombramiento ""Inspección de Trabajo y Seguridad Social""",9,"https://www.boe.es/buscar/boe.php?campo[1]=TITULOS&dato[1]=nombramiento%20""Inspecci%C3%B3n%20de%20Trabajo%20y%20Seguridad%20Social""&accion=Buscar&sort_field[0]=FPU&sort_order[0]=desc",2,28,BOE-A-2001-17717,https://www.boe.es/buscar/doc.php?id=BOE-A-2001-17717,19/09/2001,Ministerio de Trabajo y Asuntos Sociales,"Orden de 6 de septiembre de 2001 por la que se dispone el nombramiento, por el procedimiento de libre designación, de don Jaime Garicano Rojas como Subdirector general de Asuntos Generales de la Dirección General de la Inspección de Trabajo y Seguridad Social.",Jaime Garicano Rojas,1,0
delegated_enforcement_v1|es:boe-a-2015-11724:fragment:articulo:bloque-de-infracciones-y-sanciones|Ministerio de Trabajo|Inspeccion de Trabajo y Seguridad Social|Organismo Estatal ITSS|https://www.boe.es/buscar/act.php?id=BOE-A-2015-11724,es:boe-a-2015-11724:fragment:articulo:bloque-de-infracciones-y-sanciones,es:boe-a-2015-11724,BOE-A-2015-11724,Inspeccion de Trabajo y Seguridad Social,Direccion del Organismo Estatal ITSS,"nombramiento ""Inspección de Trabajo y Seguridad Social""",9,"https://www.boe.es/buscar/boe.php?campo[1]=TITULOS&dato[1]=nombramiento%20""Inspecci%C3%B3n%20de%20Trabajo%20y%20Seguridad%20Social""&accion=Buscar&sort_field[0]=FPU&sort_order[0]=desc",3,27,BOE-A-1987-15212,https://www.boe.es/buscar/doc.php?id=BOE-A-1987-15212,02/07/1987,Ministerio de Trabajo y Seguridad Social,Orden de 24 de junio de 1987 por la que se dispone el nombramiento de don Angel Allue Buiza como Subdirector general de Coordinación y Planificación de la Dirección General de la Inspección de Trabajo y Seguridad Social.,Angel Allue Buiza,1,0
delegated_enforcement_v1|es:boe-a-2015-11724:fragment:articulo:bloque-de-infracciones-y-sanciones|Ministerio de Trabajo|Inspeccion de Trabajo y Seguridad Social|Organismo Estatal ITSS|https://www.boe.es/buscar/act.php?id=BOE-A-2015-11724,es:boe-a-2015-11724:fragment:articulo:bloque-de-infracciones-y-sanciones,es:boe-a-2015-11724,BOE-A-2015-11724,Inspeccion de Trabajo y Seguridad Social,Direccion del Organismo Estatal ITSS,"nombramiento ""Inspección de Trabajo y Seguridad Social""",9,"https://www.boe.es/buscar/boe.php?campo[1]=TITULOS&dato[1]=nombramiento%20""Inspecci%C3%B3n%20de%20Trabajo%20y%20Seguridad%20Social""&accion=Buscar&sort_field[0]=FPU&sort_order[0]=desc",4,26,BOE-A-1985-12316,https://www.boe.es/buscar/doc.php?id=BOE-A-1985-12316,27/06/1985,Ministerio de Trabajo y Seguridad Social,Orden de 3 de junio de 1985 por la que se dispone el nombramiento de don Urbano Martín Alonso como Subdirector general de Coordinación y Planificación en la Dirección General de la Inspección de Trabajo y Seguridad Social.,Urbano Martín Alonso,1,0
delegated_enforcement_v1|es:boe-a-2015-11724:fragment:articulo:bloque-de-infracciones-y-sanciones|Ministerio de Trabajo|Inspeccion de Trabajo y Seguridad Social|Organismo Estatal ITSS|https://www.boe.es/buscar/act.php?id=BOE-A-2015-11724,es:boe-a-2015-11724:fragment:articulo:bloque-de-infracciones-y-sanciones,es:boe-a-2015-11724,BOE-A-2015-11724,Inspeccion de Trabajo y Seguridad Social,Direccion del Organismo Estatal ITSS,"nombramiento ""Inspección de Trabajo y Seguridad Social""",9,"https://www.boe.es/buscar/boe.php?campo[1]=TITULOS&dato[1]=nombramiento%20""Inspecci%C3%B3n%20de%20Trabajo%20y%20Seguridad%20Social""&accion=Buscar&sort_field[0]=FPU&sort_order[0]=desc",5,25,BOE-A-1985-11137,https://www.boe.es/buscar/doc.php?id=BOE-A-1985-11137,14/06/1985,Ministerio de Trabajo y Seguridad Social,"Orden de 23 de mayo de 1985 por la que se dispone el nombramiento de don Alejandro Mulas García, como Subdirector general de Inspección de Relaciones Laborales y Seguridad e Higiene en la Dirección General de la Inspección de Trabajo y Seguridad Social.",Alejandro Mulas García,1,0
delegated_enforcement_v1|es:boe-a-2015-3442:fragment:articulo:bloque-sancionador-principal|Ministerio del Interior|Delegaciones/Subdelegaciones del Gobierno|Delegaciones del Gobierno|https://www.boe.es/buscar/act.php?id=BOE-A-2015-3442,es:boe-a-2015-3442:fragment:articulo:bloque-sancionador-principal,es:boe-a-2015-3442,BOE-A-2015-3442,Delegaciones/Subdelegaciones del Gobierno,Autoridad gubernativa,"nombramiento ""Delegación del Gobierno""",7,"https://www.boe.es/buscar/boe.php?campo[1]=TITULOS&dato[1]=nombramiento%20""Delegaci%C3%B3n%20del%20Gobierno""&accion=Buscar&sort_field[0]=FPU&sort_order[0]=desc",1,29,BOE-A-2008-12065,https://www.boe.es/buscar/doc.php?id=BOE-A-2008-12065,15/07/2008,Ministerio de Administraciones Públicas,"Resolución de 16 de junio de 2008, de la Delegación del Gobierno en la Comunidad Autónoma de las Illes Balears, por la que se dispone el nombramiento de doña Sofía del Carmen Hernanz Costa como Directora Insular de la Administración General del Estado en Ibiza-Formentera.",Sofía del Carmen Hernanz Costa,1,0
delegated_enforcement_v1|es:boe-a-2015-3442:fragment:articulo:bloque-sancionador-principal|Ministerio del Interior|Delegaciones/Subdelegaciones del Gobierno|Delegaciones del Gobierno|https://www.boe.es/buscar/act.php?id=BOE-A-2015-3442,es:boe-a-2015-3442:fragment:articulo:bloque-sancionador-principal,es:boe-a-2015-3442,BOE-A-2015-3442,Delegaciones/Subdelegaciones del Gobierno,Autoridad gubernativa,"nombramiento ""Delegación del Gobierno""",7,"https://www.boe.es/buscar/boe.php?campo[1]=TITULOS&dato[1]=nombramiento%20""Delegaci%C3%B3n%20del%20Gobierno""&accion=Buscar&sort_field[0]=FPU&sort_order[0]=desc",2,28,BOE-A-2008-11993,https://www.boe.es/buscar/doc.php?id=BOE-A-2008-11993,14/07/2008,Ministerio de Administraciones Públicas,"Resolución de 9 de julio de 2008, de la Delegación del Gobierno en la Comunidad Autónoma de Castilla-La Mancha por la que se dispone el nombramiento de don Julio Magdalena Calvo como Subdelegado del Gobierno en Cuenca.",Julio Magdalena Calvo,1,0
delegated_enforcement_v1|es:boe-a-2015-3442:fragment:articulo:bloque-sancionador-principal|Ministerio del Interior|Delegaciones/Subdelegaciones del Gobierno|Delegaciones del Gobierno|https://www.boe.es/buscar/act.php?id=BOE-A-2015-3442,es:boe-a-2015-3442:fragment:articulo:bloque-sancionador-principal,es:boe-a-2015-3442,BOE-A-2015-3442,Delegaciones/Subdelegaciones del Gobierno,Autoridad gubernativa,"nombramiento ""Delegación del Gobierno""",7,"https://www.boe.es/buscar/boe.php?campo[1]=TITULOS&dato[1]=nombramiento%20""Delegaci%C3%B3n%20del%20Gobierno""&accion=Buscar&sort_field[0]=FPU&sort_order[0]=desc",3,27,BOE-A-2008-11994,https://www.boe.es/buscar/doc.php?id=BOE-A-2008-11994,14/07/2008,Ministerio de Administraciones Públicas,"Resolución de 9 de julio de 2008, de la Delegación del Gobierno en la Comunidad Autónoma de Castilla-La Mancha por la que se dispone el nombramiento de doña Araceli Muñoz de Pedro como Subdelegada del Gobierno en Guadalajara.",Araceli Muñoz de Pedro,1,0
delegated_enforcement_v1|es:boe-a-2015-3442:fragment:articulo:bloque-sancionador-principal|Ministerio del Interior|Delegaciones/Subdelegaciones del Gobierno|Delegaciones del Gobierno|https://www.boe.es/buscar/act.php?id=BOE-A-2015-3442,es:boe-a-2015-3442:fragment:articulo:bloque-sancionador-principal,es:boe-a-2015-3442,BOE-A-2015-3442,Delegaciones/Subdelegaciones del Gobierno,Autoridad gubernativa,"nombramiento ""Delegación del Gobierno""",7,"https://www.boe.es/buscar/boe.php?campo[1]=TITULOS&dato[1]=nombramiento%20""Delegaci%C3%B3n%20del%20Gobierno""&accion=Buscar&sort_field[0]=FPU&sort_order[0]=desc",4,26,BOE-A-2008-2128,https://www.boe.es/buscar/doc.php?id=BOE-A-2008-2128,07/02/2008,Ministerio de Administraciones Públicas,"Resolución de 30 de noviembre de 2007, de la Delegación del Gobierno en Canarias, por la que se dispone el nombramiento como Subdelegado del Gobierno en Santa Cruz de Tenerife de don José Antonio Batista Medina.",José Antonio Batista Medina,1,0
delegated_enforcement_v1|es:boe-a-2015-3442:fragment:articulo:bloque-sancionador-principal|Ministerio del Interior|Delegaciones/Subdelegaciones del Gobierno|Delegaciones del Gobierno|https://www.boe.es/buscar/act.php?id=BOE-A-2015-3442,es:boe-a-2015-3442:fragment:articulo:bloque-sancionador-principal,es:boe-a-2015-3442,BOE-A-2015-3442,Delegaciones/Subdelegaciones del Gobierno,Autoridad gubernativa,"nombramiento ""Delegación del Gobierno""",7,"https://www.boe.es/buscar/boe.php?campo[1]=TITULOS&dato[1]=nombramiento%20""Delegaci%C3%B3n%20del%20Gobierno""&accion=Buscar&sort_field[0]=FPU&sort_order[0]=desc",5,25,BOE-A-2008-1638,https://www.boe.es/buscar/doc.php?id=BOE-A-2008-1638,31/01/2008,Ministerio de Administraciones Públicas,"Resolución de 11 enero de 2008, de la Delegación del Gobierno en Castilla y León, por la que se dispone el nombramiento como Subdelegada del Gobierno en Zamora de doña M. Josefa Chicote Alonso.",M,1,0
delegated_enforcement_v1|es:boe-a-2015-3442:fragment:articulo:bloque-sancionador-principal|Ministerio del Interior|Delegaciones/Subdelegaciones del Gobierno|Delegaciones del Gobierno|https://www.boe.es/buscar/act.php?id=BOE-A-2015-3442,es:boe-a-2015-3442:fragment:articulo:bloque-sancionador-principal,es:boe-a-2015-3442,BOE-A-2015-3442,Delegaciones/Subdelegaciones del Gobierno,Autoridad gubernativa,"nombramiento ""Delegación del Gobierno""",7,"https://www.boe.es/buscar/boe.php?campo[1]=TITULOS&dato[1]=nombramiento%20""Delegaci%C3%B3n%20del%20Gobierno""&accion=Buscar&sort_field[0]=FPU&sort_order[0]=desc",6,24,BOE-A-2008-1639,https://www.boe.es/buscar/doc.php?id=BOE-A-2008-1639,31/01/2008,Ministerio de Administraciones Públicas,"Resolución de 11 enero de 2008, de la Delegación del Gobierno en Castilla y León, por la que se dispone el nombramiento como Subdelegado del Gobierno en Palencia de don Raúl Ruiz Cortés.",Raúl Ruiz Cortés,1,0
delegated_enforcement_v1|es:boe-a-2015-3442:fragment:articulo:bloque-sancionador-principal|Ministerio del Interior|Delegaciones/Subdelegaciones del Gobierno|Delegaciones del Gobierno|https://www.boe.es/buscar/act.php?id=BOE-A-2015-3442,es:boe-a-2015-3442:fragment:articulo:bloque-sancionador-principal,es:boe-a-2015-3442,BOE-A-2015-3442,Delegaciones/Subdelegaciones del Gobierno,Autoridad gubernativa,"nombramiento ""Delegación del Gobierno""",7,"https://www.boe.es/buscar/boe.php?campo[1]=TITULOS&dato[1]=nombramiento%20""Delegaci%C3%B3n%20del%20Gobierno""&accion=Buscar&sort_field[0]=FPU&sort_order[0]=desc",7,23,BOE-A-2007-18255,https://www.boe.es/buscar/doc.php?id=BOE-A-2007-18255,19/10/2007,Ministerio de Administraciones Públicas,"Resolución de 1 de octubre de 2007, de la Delegación del Gobierno en Cataluña, por la que se dispone el nombramiento de doña María Montserrat García Llovera como Subdelegada del Gobierno en Barcelona.",María Montserrat García Llovera,1,0
delegated_enforcement_v1|es:boe-a-2015-3442:fragment:articulo:bloque-sancionador-principal|Ministerio del Interior|Delegaciones/Subdelegaciones del Gobierno|Delegaciones del Gobierno|https://www.boe.es/buscar/act.php?id=BOE-A-2015-3442,es:boe-a-2015-3442:fragment:articulo:bloque-sancionador-principal,es:boe-a-2015-3442,BOE-A-2015-3442,Delegaciones/Subdelegaciones del Gobierno,Autoridad gubernativa,"nombramiento ""Delegación del Gobierno""",7,"https://www.boe.es/buscar/boe.php?campo[1]=TITULOS&dato[1]=nombramiento%20""Delegaci%C3%B3n%20del%20Gobierno""&accion=Buscar&sort_field[0]=FPU&sort_order[0]=desc",8,22,BOE-A-2007-17216,https://www.boe.es/buscar/doc.php?id=BOE-A-2007-17216,02/10/2007,Ministerio de Administraciones Públicas,"Resolución de 5 de septiembre de 2007, de la Delegación del Gobierno en Canarias, por la que se dispone el nombramiento como Director Insular de la Administración General del Estado en Fuerteventura, de don Eustaquio Juan Santana Gil.",Eustaquio Juan Santana Gil,1,0
delegated_enforcement_v1|es:boe-a-2015-3442:fragment:articulo:bloque-sancionador-principal|Ministerio del Interior|Delegaciones/Subdelegaciones del Gobierno|Delegaciones del Gobierno|https://www.boe.es/buscar/act.php?id=BOE-A-2015-3442,es:boe-a-2015-3442:fragment:articulo:bloque-sancionador-principal,es:boe-a-2015-3442,BOE-A-2015-3442,Delegaciones/Subdelegaciones del Gobierno,Autoridad gubernativa,"nombramiento ""Delegación del Gobierno""",7,"https://www.boe.es/buscar/boe.php?campo[1]=TITULOS&dato[1]=nombramiento%20""Delegaci%C3%B3n%20del%20Gobierno""&accion=Buscar&sort_field[0]=FPU&sort_order[0]=desc",9,21,BOE-A-2007-16015,https://www.boe.es/buscar/doc.php?id=BOE-A-2007-16015,06/09/2007,Ministerio de Administraciones Públicas,"Resolución de 8 de agosto de 2007, de la Delegación del Gobierno en Canarias, por la que se dispone el nombramiento de don Carmelo García Déniz, como Director Insular de la Administración General del Estado en Lanzarote.",Carmelo García Déniz,1,0
delegated_enforcement_v1|es:boe-a-2015-3442:fragment:articulo:bloque-sancionador-principal|Ministerio del Interior|Delegaciones/Subdelegaciones del Gobierno|Delegaciones del Gobierno|https://www.boe.es/buscar/act.php?id=BOE-A-2015-3442,es:boe-a-2015-3442:fragment:articulo:bloque-sancionador-principal,es:boe-a-2015-3442,BOE-A-2015-3442,Delegaciones/Subdelegaciones del Gobierno,Autoridad gubernativa,"nombramiento ""Delegación del Gobierno""",7,"https://www.boe.es/buscar/boe.php?campo[1]=TITULOS&dato[1]=nombramiento%20""Delegaci%C3%B3n%20del%20Gobierno""&accion=Buscar&sort_field[0]=FPU&sort_order[0]=desc",10,20,BOE-A-2007-15989,https://www.boe.es/buscar/doc.php?id=BOE-A-2007-15989,05/09/2007,Ministerio de Administraciones Públicas,"Resolución de 23 de julio de 2007, de la Delegación del Gobierno en la Comunitat Valenciana, por la que se dispone el nombramiento como Subdelegada del Gobierno en Alicante de doña Encarnación Llinares Cuesta.",Encarnación Llinares Cuesta,1,0
delegated_enforcement_v1|es:boe-a-2015-3442:fragment:articulo:bloque-sancionador-principal|Ministerio del Interior|Delegaciones/Subdelegaciones del Gobierno|Delegaciones del Gobierno|https://www.boe.es/buscar/act.php?id=BOE-A-2015-3442,es:boe-a-2015-3442:fragment:articulo:bloque-sancionador-principal,es:boe-a-2015-3442,BOE-A-2015-3442,Delegaciones/Subdelegaciones del Gobierno,Autoridad gubernativa,"nombramiento ""Delegación del Gobierno""",7,"https://www.boe.es/buscar/boe.php?campo[1]=TITULOS&dato[1]=nombramiento%20""Delegaci%C3%B3n%20del%20Gobierno""&accion=Buscar&sort_field[0]=FPU&sort_order[0]=desc",11,20,BOE-A-2007-15990,https://www.boe.es/buscar/doc.php?id=BOE-A-2007-15990,05/09/2007,Ministerio de Administraciones Públicas,"Resolución de 23 de julio de 2007, de la Delegación del Gobierno en la Comunitat Valenciana, por la que se dispone el nombramiento como Subdelegado del Gobierno en Castellón de don Antonio Miguel Lorenzo Gorriz.",Antonio Miguel Lorenzo Gorriz,1,0
delegated_enforcement_v1|es:boe-a-2015-3442:fragment:articulo:bloque-sancionador-principal|Ministerio del Interior|Delegaciones/Subdelegaciones del Gobierno|Delegaciones del Gobierno|https://www.boe.es/buscar/act.php?id=BOE-A-2015-3442,es:boe-a-2015-3442:fragment:articulo:bloque-sancionador-principal,es:boe-a-2015-3442,BOE-A-2015-3442,Delegaciones/Subdelegaciones del Gobierno,Autoridad gubernativa,"nombramiento ""Delegación del Gobierno""",7,"https://www.boe.es/buscar/boe.php?campo[1]=TITULOS&dato[1]=nombramiento%20""Delegaci%C3%B3n%20del%20Gobierno""&accion=Buscar&sort_field[0]=FPU&sort_order[0]=desc",12,20,BOE-A-2007-13493,https://www.boe.es/buscar/doc.php?id=BOE-A-2007-13493,13/07/2007,Ministerio de Administraciones Públicas,"Resolución de 28 de junio de 2007, de la Delegación del Gobierno en Galicia, por la que se dispone el nombramiento como Subdelegado del Gobierno en A Coruña de don José Manuel Pose Mesura.",José Manuel Pose Mesura,1,0
delegated_enforcement_v1|es:boe-a-2015-3442:fragment:articulo:bloque-sancionador-principal|Ministerio del Interior|Delegaciones/Subdelegaciones del Gobierno|Delegaciones del Gobierno|https://www.boe.es/buscar/act.php?id=BOE-A-2015-3442,es:boe-a-2015-3442:fragment:articulo:bloque-sancionador-principal,es:boe-a-2015-3442,BOE-A-2015-3442,Delegaciones/Subdelegaciones del Gobierno,Autoridad gubernativa,"nombramiento ""Delegación del Gobierno""",7,"https://www.boe.es/buscar/boe.php?campo[1]=TITULOS&dato[1]=nombramiento%20""Delegaci%C3%B3n%20del%20Gobierno""&accion=Buscar&sort_field[0]=FPU&sort_order[0]=desc",13,20,BOE-A-2007-13422,https://www.boe.es/buscar/doc.php?id=BOE-A-2007-13422,12/07/2007,Ministerio de Administraciones Públicas,"Resolución de 21 de junio de 2007, de la Delegación del Gobierno en la Comunidad de Madrid, por la que se dispone el nombramiento de don Javier García Fernández como Subdelegado del Gobierno en Madrid.",Javier García Fernández,1,0
delegated_enforcement_v1|es:boe-a-2015-3442:fragment:articulo:bloque-sancionador-principal|Ministerio del Interior|Delegaciones/Subdelegaciones del Gobierno|Delegaciones del Gobierno|https://www.boe.es/buscar/act.php?id=BOE-A-2015-3442,es:boe-a-2015-3442:fragment:articulo:bloque-sancionador-principal,es:boe-a-2015-3442,BOE-A-2015-3442,Delegaciones/Subdelegaciones del Gobierno,Autoridad gubernativa,"nombramiento ""Delegación del Gobierno""",7,"https://www.boe.es/buscar/boe.php?campo[1]=TITULOS&dato[1]=nombramiento%20""Delegaci%C3%B3n%20del%20Gobierno""&accion=Buscar&sort_field[0]=FPU&sort_order[0]=desc",14,20,BOE-A-2007-9834,https://www.boe.es/buscar/doc.php?id=BOE-A-2007-9834,15/05/2007,Ministerio de Administraciones Públicas,"Resolución de 11 de mayo de 2007, de la Delegación del Gobierno en Canarias, por la que se dispone el nombramiento de doña Laura María Martín Pérez como Subdelegada del Gobierno en Las Palmas.",Laura María Martín Pérez,1,0
delegated_enforcement_v1|es:boe-a-2015-3442:fragment:articulo:bloque-sancionador-principal|Ministerio del Interior|Delegaciones/Subdelegaciones del Gobierno|Delegaciones del Gobierno|https://www.boe.es/buscar/act.php?id=BOE-A-2015-3442,es:boe-a-2015-3442:fragment:articulo:bloque-sancionador-principal,es:boe-a-2015-3442,BOE-A-2015-3442,Delegaciones/Subdelegaciones del Gobierno,Autoridad gubernativa,"nombramiento ""Delegación del Gobierno""",7,"https://www.boe.es/buscar/boe.php?campo[1]=TITULOS&dato[1]=nombramiento%20""Delegaci%C3%B3n%20del%20Gobierno""&accion=Buscar&sort_field[0]=FPU&sort_order[0]=desc",15,20,BOE-A-2005-12625,https://www.boe.es/buscar/doc.php?id=BOE-A-2005-12625,22/07/2005,Ministerio de Administraciones Públicas,"Resolución de 23 de junio de 2005, de la Delegación del Gobierno en la Comunidad Autónoma de Canarias, por la que se dispone el nombramiento de don José Antonio Batista Medina como Director Insular de la Administración General del Estado en La Palma.",José Antonio Batista Medina,1,0
delegated_enforcement_v1|es:boe-a-2015-3442:fragment:articulo:bloque-sancionador-principal|Ministerio del Interior|Delegaciones/Subdelegaciones del Gobierno|Delegaciones del Gobierno|https://www.boe.es/buscar/act.php?id=BOE-A-2015-3442,es:boe-a-2015-3442:fragment:articulo:bloque-sancionador-principal,es:boe-a-2015-3442,BOE-A-2015-3442,Delegaciones/Subdelegaciones del Gobierno,Autoridad gubernativa,"nombramiento ""Delegación del Gobierno""",7,"https://www.boe.es/buscar/boe.php?campo[1]=TITULOS&dato[1]=nombramiento%20""Delegaci%C3%B3n%20del%20Gobierno""&accion=Buscar&sort_field[0]=FPU&sort_order[0]=desc",16,20,BOE-A-2005-12190,https://www.boe.es/buscar/doc.php?id=BOE-A-2005-12190,15/07/2005,Ministerio de Administraciones Públicas,"Resolución de 21 de junio de 2005, de la Delegación del Gobierno en la Comunidad Autónoma de las Illes Balears, por la que se dispone del nombramiento de don Javier Tejero Isla como Director Insular de la Administración General del Estado en Menorca.",Javier Tejero Isla,1,0
delegated_enforcement_v1|es:boe-a-2015-3442:fragment:articulo:bloque-sancionador-principal|Ministerio del Interior|Delegaciones/Subdelegaciones del Gobierno|Delegaciones del Gobierno|https://www.boe.es/buscar/act.php?id=BOE-A-2015-3442,es:boe-a-2015-3442:fragment:articulo:bloque-sancionador-principal,es:boe-a-2015-3442,BOE-A-2015-3442,Delegaciones/Subdelegaciones del Gobierno,Autoridad gubernativa,"nombramiento ""Delegación del Gobierno""",7,"https://www.boe.es/buscar/boe.php?campo[1]=TITULOS&dato[1]=nombramiento%20""Delegaci%C3%B3n%20del%20Gobierno""&accion=Buscar&sort_field[0]=FPU&sort_order[0]=desc",17,20,BOE-A-2005-957,https://www.boe.es/buscar/doc.php?id=BOE-A-2005-957,19/01/2005,Ministerio de Administraciones Públicas,"Resolución de 23 de diciembre de 2004, de la Delegación del Gobierno en Castilla y León, por la que se dispone el nombramiento de don Germán Andrés Marcos como Subdelegado del Gobierno en Soria.",Germán Andrés Marcos,1,0
delegated_enforcement_v1|es:boe-a-2015-3442:fragment:articulo:bloque-sancionador-principal|Ministerio del Interior|Delegaciones/Subdelegaciones del Gobierno|Delegaciones del Gobierno|https://www.boe.es/buscar/act.php?id=BOE-A-2015-3442,es:boe-a-2015-3442:fragment:articulo:bloque-sancionador-principal,es:boe-a-2015-3442,BOE-A-2015-3442,Delegaciones/Subdelegaciones del Gobierno,Autoridad gubernativa,"nombramiento ""Delegación del Gobierno""",7,"https://www.boe.es/buscar/boe.php?campo[1]=TITULOS&dato[1]=nombramiento%20""Delegaci%C3%B3n%20del%20Gobierno""&accion=Buscar&sort_field[0]=FPU&sort_order[0]=desc",18,20,BOE-A-2004-15997,https://www.boe.es/buscar/doc.php?id=BOE-A-2004-15997,11/09/2004,Ministerio de Administraciones Públicas,"Resolución de 2 de agosto de 2004, de la Delegación del Gobierno en Illes Balears, por la que se dispone el nombramiento de don José Manuel Bar Cendón como Director Insular de la Administración General del Estado en Ibiza-Formentera.",José Manuel Bar Cendón,1,0
delegated_enforcement_v1|es:boe-a-2015-3442:fragment:articulo:bloque-sancionador-principal|Ministerio del Interior|Delegaciones/Subdelegaciones del Gobierno|Delegaciones del Gobierno|https://www.boe.es/buscar/act.php?id=BOE-A-2015-3442,es:boe-a-2015-3442:fragment:articulo:bloque-sancionador-principal,es:boe-a-2015-3442,BOE-A-2015-3442,Delegaciones/Subdelegaciones del Gobierno,Autoridad gubernativa,"nombramiento ""Delegación del Gobierno""",7,"https://www.boe.es/buscar/boe.php?campo[1]=TITULOS&dato[1]=nombramiento%20""Delegaci%C3%B3n%20del%20Gobierno""&accion=Buscar&sort_field[0]=FPU&sort_order[0]=desc",19,20,BOE-A-2004-15998,https://www.boe.es/buscar/doc.php?id=BOE-A-2004-15998,11/09/2004,Ministerio de Administraciones Públicas,"Resolución de 3 de agosto de 2004, de la Delegación del Gobierno en Illes Balears, por la que se dispone el nombramiento de don Marc Pons Pons, como Director Insular de la Administración General del Estado en Menorca.",Marc Pons Pons,1,0
delegated_enforcement_v1|es:boe-a-2015-3442:fragment:articulo:bloque-sancionador-principal|Ministerio del Interior|Delegaciones/Subdelegaciones del Gobierno|Delegaciones del Gobierno|https://www.boe.es/buscar/act.php?id=BOE-A-2015-3442,es:boe-a-2015-3442:fragment:articulo:bloque-sancionador-principal,es:boe-a-2015-3442,BOE-A-2015-3442,Delegaciones/Subdelegaciones del Gobierno,Autoridad gubernativa,"nombramiento ""Delegación del Gobierno""",7,"https://www.boe.es/buscar/boe.php?campo[1]=TITULOS&dato[1]=nombramiento%20""Delegaci%C3%B3n%20del%20Gobierno""&accion=Buscar&sort_field[0]=FPU&sort_order[0]=desc",20,20,BOE-A-2004-15999,https://www.boe.es/buscar/doc.php?id=BOE-A-2004-15999,11/09/2004,Ministerio de Administraciones Públicas,"Resolución de 19 de agosto de 2004, de la Delegación del Gobierno en Canarias, por la que se dispone el nombramiento de don Antonio Padrón Casañas, como Director Insular de la Administración General del Estado en El Hierro.",Antonio Padrón Casañas,1,0
delegated_enforcement_v1|es:boe-a-2015-3442:fragment:articulo:bloque-sancionador-principal|Ministerio del Interior|Delegaciones/Subdelegaciones del Gobierno|Delegaciones del Gobierno|https://www.boe.es/buscar/act.php?id=BOE-A-2015-3442,es:boe-a-2015-3442:fragment:articulo:bloque-sancionador-principal,es:boe-a-2015-3442,BOE-A-2015-3442,Delegaciones/Subdelegaciones del Gobierno,Autoridad gubernativa,"nombramiento ""Delegación del Gobierno""",7,"https://www.boe.es/buscar/boe.php?campo[1]=TITULOS&dato[1]=nombramiento%20""Delegaci%C3%B3n%20del%20Gobierno""&accion=Buscar&sort_field[0]=FPU&sort_order[0]=desc",21,20,BOE-A-2004-14610,https://www.boe.es/buscar/doc.php?id=BOE-A-2004-14610,06/08/2004,Ministerio de Administraciones Públicas,"Resolución de 21 de julio de 2004, de la Delegación del Gobierno en Canarias, por la que se dispone el nombramiento de doña Rita Díaz Hernández, como Directora Insular de la Administración General del Estado en Fuerteventura.",Rita Díaz Hernández,1,0
delegated_enforcement_v1|es:boe-a-2015-3442:fragment:articulo:bloque-sancionador-principal|Ministerio del Interior|Delegaciones/Subdelegaciones del Gobierno|Delegaciones del Gobierno|https://www.boe.es/buscar/act.php?id=BOE-A-2015-3442,es:boe-a-2015-3442:fragment:articulo:bloque-sancionador-principal,es:boe-a-2015-3442,BOE-A-2015-3442,Delegaciones/Subdelegaciones del Gobierno,Autoridad gubernativa,"nombramiento ""Delegación del Gobierno""",7,"https://www.boe.es/buscar/boe.php?campo[1]=TITULOS&dato[1]=nombramiento%20""Delegaci%C3%B3n%20del%20Gobierno""&accion=Buscar&sort_field[0]=FPU&sort_order[0]=desc",22,20,BOE-A-2004-14611,https://www.boe.es/buscar/doc.php?id=BOE-A-2004-14611,06/08/2004,Ministerio de Administraciones Públicas,"Resolución de 21 de julio de 2004, de la Delegación del Gobierno en Canarias, por la que se dispone el nombramiento de doña Pilar Hernández Herrera como Directora Insular de la Administración General del Estado en La Gomera.",Pilar Hernández Herrera,1,0
delegated_enforcement_v1|es:boe-a-2015-3442:fragment:articulo:bloque-sancionador-principal|Ministerio del Interior|Delegaciones/Subdelegaciones del Gobierno|Delegaciones del Gobierno|https://www.boe.es/buscar/act.php?id=BOE-A-2015-3442,es:boe-a-2015-3442:fragment:articulo:bloque-sancionador-principal,es:boe-a-2015-3442,BOE-A-2015-3442,Delegaciones/Subdelegaciones del Gobierno,Autoridad gubernativa,"nombramiento ""Delegación del Gobierno""",7,"https://www.boe.es/buscar/boe.php?campo[1]=TITULOS&dato[1]=nombramiento%20""Delegaci%C3%B3n%20del%20Gobierno""&accion=Buscar&sort_field[0]=FPU&sort_order[0]=desc",23,20,BOE-A-2004-14612,https://www.boe.es/buscar/doc.php?id=BOE-A-2004-14612,06/08/2004,Ministerio de Administraciones Públicas,"Resolución de 21 de julio de 2004, de la Delegación del Gobierno en Canarias, por la que se dispone el nombramiento de don José Imeldo Concepción Acosta como Director Insular de la Administración General del Estado en La Palma.",José Imeldo Concepción Acosta,1,0
delegated_enforcement_v1|es:boe-a-2015-3442:fragment:articulo:bloque-sancionador-principal|Ministerio del Interior|Delegaciones/Subdelegaciones del Gobierno|Delegaciones del Gobierno|https://www.boe.es/buscar/act.php?id=BOE-A-2015-3442,es:boe-a-2015-3442:fragment:articulo:bloque-sancionador-principal,es:boe-a-2015-3442,BOE-A-2015-3442,Delegaciones/Subdelegaciones del Gobierno,Autoridad gubernativa,"nombramiento ""Delegación del Gobierno""",7,"https://www.boe.es/buscar/boe.php?campo[1]=TITULOS&dato[1]=nombramiento%20""Delegaci%C3%B3n%20del%20Gobierno""&accion=Buscar&sort_field[0]=FPU&sort_order[0]=desc",24,20,BOE-A-2004-14613,https://www.boe.es/buscar/doc.php?id=BOE-A-2004-14613,06/08/2004,Ministerio de Administraciones Públicas,"Resolución de 21 de julio de 2004, de la Delegación del Gobierno en Canarias, por la que se dispone el nombramiento de don Marcial Martín Bermúdez, como Director Insular de la Administración General del Estado en Lanzarote.",Marcial Martín Bermúdez,1,0
delegated_enforcement_v1|es:boe-a-2015-3442:fragment:articulo:bloque-sancionador-principal|Ministerio del Interior|Delegaciones/Subdelegaciones del Gobierno|Delegaciones del Gobierno|https://www.boe.es/buscar/act.php?id=BOE-A-2015-3442,es:boe-a-2015-3442:fragment:articulo:bloque-sancionador-principal,es:boe-a-2015-3442,BOE-A-2015-3442,Delegaciones/Subdelegaciones del Gobierno,Autoridad gubernativa,"nombramiento ""Delegación del Gobierno""",7,"https://www.boe.es/buscar/boe.php?campo[1]=TITULOS&dato[1]=nombramiento%20""Delegaci%C3%B3n%20del%20Gobierno""&accion=Buscar&sort_field[0]=FPU&sort_order[0]=desc",25,20,BOE-A-2004-13384,https://www.boe.es/buscar/doc.php?id=BOE-A-2004-13384,17/07/2004,Ministerio de Administraciones Públicas,"Resolución de 5 de julio de 2004, de la Delegación del Gobierno en Cataluña, por la que se dispone el nombramiento de don Joan Abelló i Alfonso, como Subdelegado del Gobierno en Tarragona.",Joan Abelló i Alfonso,1,0
