link_key,fragment_id,norm_id,boe_id_context,delegated_institution_label,designated_role_title,reasons_csv,candidate_rank_for_link,candidate_score,candidate_relevance_bucket,autofill_confidence,candidate_boe_id,candidate_doc_url,candidate_publication_date,candidate_publication_date_iso,candidate_department,candidate_title,candidate_person_hint,role_token_overlap,institution_token_overlap,institution_overlap_min,institution_overlap_ok,suggested_reviewed_designated_actor_label,suggested_reviewed_enforcement_evidence_date,suggested_reviewed_source_url,suggested_reviewed_evidence_quote,recommended_action,review_status,review_note
delegated_enforcement_v1|es:boe-a-1994-8985:fragment:articulo:bloque-procedimental-sancionador|Ministerio competente en trafico|DGT|Unidad sancionadora DGT|https://www.boe.es/buscar/act.php?id=BOE-A-1994-8985,es:boe-a-1994-8985:fragment:articulo:bloque-procedimental-sancionador,es:boe-a-1994-8985,BOE-A-1994-8985,DGT,Subdireccion de Gestion de Sanciones,institutional_designated_actor,1,29,medium,medium,BOE-A-2003-23115,https://www.boe.es/buscar/doc.php?id=BOE-A-2003-23115,17/12/2003,2003-12-17,Ministerio del Interior,"Orden INT/3514/2003, de 5 de diciembre, por la que se dispone el nombramiento de don Mariano Fernández Fernández como Subdirector General de Normativa y Recursos de la Dirección General de Tráfico.",Mariano Fernández Fernández,0,3,1,1,,,https://www.boe.es/buscar/doc.php?id=BOE-A-2003-23115,"Orden INT/3514/2003, de 5 de diciembre, por la que se dispone el nombramiento de don Mariano Fernández Fernández como Subdirector General de Normativa y Recursos de la Dirección General de Tráfico.",review_for_possible_approval,pending,
delegated_enforcement_v1|es:boe-a-1994-8985:fragment:articulo:bloque-procedimental-sancionador|Ministerio competente en trafico|DGT|Unidad sancionadora DGT|https://www.boe.es/buscar/act.php?id=BOE-A-1994-8985,es:boe-a-1994-8985:fragment:articulo:bloque-procedimental-sancionador,es:boe-a-1994-8985,BOE-A-1994-8985,DGT,Subdireccion de Gestion de Sanciones,institutional_designated_actor,2,28,medium,medium,BOE-A-1997-2771,https://www.boe.es/buscar/doc.php?id=BOE-A-1997-2771,08/02/1997,1997-02-08,Ministerio del Interior,Orden de 24 de enero de 1997 por la que se dispone el nombramiento de don Ventura Hernando Barberán como Subdirector general de Legislación y Recursos de la Dirección General de Tráfico.,Ventura Hernando Barberán,0,3,1,1,,,https://www.boe.es/buscar/doc.php?id=BOE-A-1997-2771,Orden de 24 de enero de 1997 por la que se dispone el nombramiento de don Ventura Hernando Barberán como Subdirector general de Legislación y Recursos de la Dirección General de Tráfico.,review_for_possible_approval,pending,
delegated_enforcement_v1|es:boe-a-1994-8985:fragment:articulo:bloque-procedimental-sancionador|Ministerio competente en trafico|DGT|Unidad sancionadora DGT|https://www.boe.es/buscar/act.php?id=BOE-A-1994-8985,es:boe-a-1994-8985:fragment:articulo:bloque-procedimental-sancionador,es:boe-a-1994-8985,BOE-A-1994-8985,DGT,Subdireccion de Gestion de Sanciones,institutional_designated_actor,3,27,medium,medium,BOE-A-1996-25171,https://www.boe.es/buscar/doc.php?id=BOE-A-1996-25171,13/11/1996,1996-11-13,Ministerio del Interior,"Orden de 29 de octubre de 1996 por la que se dispone el nombramiento de doña Enriqueta Zepeda Aguilar, como Secretaría general, de la Dirección General de Tráfico.",Enriqueta Zepeda Aguilar,0,3,1,1,,,https://www.boe.es/buscar/doc.php?id=BOE-A-1996-25171,"Orden de 29 de octubre de 1996 por la que se dispone el nombramiento de doña Enriqueta Zepeda Aguilar, como Secretaría general, de la Dirección General de Tráfico.",review_for_possible_approval,pending,
delegated_enforcement_v1|es:boe-a-1994-8985:fragment:articulo:bloque-procedimental-sancionador|Ministerio competente en trafico|DGT|Unidad sancionadora DGT|https://www.boe.es/buscar/act.php?id=BOE-A-1994-8985,es:boe-a-1994-8985:fragment:articulo:bloque-procedimental-sancionador,es:boe-a-1994-8985,BOE-A-1994-8985,DGT,Subdireccion de Gestion de Sanciones,institutional_designated_actor,4,26,medium,medium,BOE-A-1990-16923,https://www.boe.es/buscar/doc.php?id=BOE-A-1990-16923,17/07/1990,1990-07-17,Ministerio del Interior,"Resolución de 1 de julio de 1990, de la Subsecretaría, por la que se hace público el nombramiento, por el sistema de libre designación, del funcionario don Eduardo Berzosa Alonso-Martínez para el puesto de trabajo de Subdirector general adjunto de Personal de la Dirección General de Tráfico.",,0,3,1,1,,,https://www.boe.es/buscar/doc.php?id=BOE-A-1990-16923,"Resolución de 1 de julio de 1990, de la Subsecretaría, por la que se hace público el nombramiento, por el sistema de libre designación, del funcionario don Eduardo Berzosa Alonso-Martínez para el puesto de trabajo de Subdirector general adjunto de Personal de la Dirección General de Tráfico.",review_for_possible_approval,pending,
delegated_enforcement_v1|es:boe-a-1994-8985:fragment:articulo:bloque-procedimental-sancionador|Ministerio competente en trafico|DGT|Unidad sancionadora DGT|https://www.boe.es/buscar/act.php?id=BOE-A-1994-8985,es:boe-a-1994-8985:fragment:articulo:bloque-procedimental-sancionador,es:boe-a-1994-8985,BOE-A-1994-8985,DGT,Subdireccion de Gestion de Sanciones,institutional_designated_actor,5,25,medium,medium,BOE-A-1983-28146,https://www.boe.es/buscar/doc.php?id=BOE-A-1983-28146,26/10/1983,1983-10-26,Ministerio del Interior,Orden de 13 de octubre de 1983 por la que se dispone el nombramiento de don Miguel María Muñoz Medina como Subdirector general de Circulación y Seguridad Vial de la Dirección General de Tráfico.,Miguel María Muñoz Medina,0,3,1,1,,,https://www.boe.es/buscar/doc.php?id=BOE-A-1983-28146,Orden de 13 de octubre de 1983 por la que se dispone el nombramiento de don Miguel María Muñoz Medina como Subdirector general de Circulación y Seguridad Vial de la Dirección General de Tráfico.,review_for_possible_approval,pending,
delegated_enforcement_v1|es:boe-a-1994-8985:fragment:articulo:bloque-procedimental-sancionador|Ministerio competente en trafico|DGT|Unidad sancionadora DGT|https://www.boe.es/buscar/act.php?id=BOE-A-1994-8985,es:boe-a-1994-8985:fragment:articulo:bloque-procedimental-sancionador,es:boe-a-1994-8985,BOE-A-1994-8985,DGT,Subdireccion de Gestion de Sanciones,institutional_designated_actor,6,24,weak,low,BOE-A-1983-26523,https://www.boe.es/buscar/doc.php?id=BOE-A-1983-26523,06/10/1983,1983-10-06,Ministerio del Interior,Orden de 29 de septiembre de 1983 por la que se dispone el nombramiento de doña María Isabel Herrarte del Alamo como Subdirectora general de Servicios de la Dirección General de Tráfico.,María Isabel Herrarte del Alamo,0,3,1,1,,,https://www.boe.es/buscar/doc.php?id=BOE-A-1983-26523,Orden de 29 de septiembre de 1983 por la que se dispone el nombramiento de doña María Isabel Herrarte del Alamo como Subdirectora general de Servicios de la Dirección General de Tráfico.,inspect_candidate,pending,
delegated_enforcement_v1|es:boe-a-1994-8985:fragment:articulo:bloque-procedimental-sancionador|Ministerio competente en trafico|DGT|Unidad sancionadora DGT|https://www.boe.es/buscar/act.php?id=BOE-A-1994-8985,es:boe-a-1994-8985:fragment:articulo:bloque-procedimental-sancionador,es:boe-a-1994-8985,BOE-A-1994-8985,DGT,Subdireccion de Gestion de Sanciones,institutional_designated_actor,7,23,weak,low,BOE-A-1985-13094,https://www.boe.es/buscar/doc.php?id=BOE-A-1985-13094,05/07/1985,1985-07-05,"Ministerio de Transportes, Turismo y Comunicaciones","Orden de 28 de junio de 1985 por la que se dispone el nombramiento como Subdirector general de Tráfico Marítimo, en la Dirección General de la Marina Mercante, de don Miguel Hernández Hernández.",Miguel Hernández Hernández,0,3,1,1,,,https://www.boe.es/buscar/doc.php?id=BOE-A-1985-13094,"Orden de 28 de junio de 1985 por la que se dispone el nombramiento como Subdirector general de Tráfico Marítimo, en la Dirección General de la Marina Mercante, de don Miguel Hernández Hernández.",inspect_candidate,pending,
delegated_enforcement_v1|es:boe-a-1994-8985:fragment:articulo:bloque-procedimental-sancionador|Ministerio competente en trafico|DGT|Unidad sancionadora DGT|https://www.boe.es/buscar/act.php?id=BOE-A-1994-8985,es:boe-a-1994-8985:fragment:articulo:bloque-procedimental-sancionador,es:boe-a-1994-8985,BOE-A-1994-8985,DGT,Subdireccion de Gestion de Sanciones,institutional_designated_actor,8,22,weak,low,BOE-A-1976-22164,https://www.boe.es/buscar/doc.php?id=BOE-A-1976-22164,05/11/1976,1976-11-05,Ministerio de Comercio,Orden de 30 de septiembre de 1976 sobre nombramiento de Subdirector general de Tráfico Marítimo de la Dirección General de Navegación a don José María Moréu Curbera.,,0,3,1,1,,,https://www.boe.es/buscar/doc.php?id=BOE-A-1976-22164,Orden de 30 de septiembre de 1976 sobre nombramiento de Subdirector general de Tráfico Marítimo de la Dirección General de Navegación a don José María Moréu Curbera.,inspect_candidate,pending,
delegated_enforcement_v1|es:boe-a-2000-15060:fragment:articulo:bloque-de-tipificacion-laboral|Ministerio de Trabajo|Inspeccion de Trabajo y Seguridad Social||https://www.boe.es/buscar/act.php?id=BOE-A-2000-15060,es:boe-a-2000-15060:fragment:articulo:bloque-de-tipificacion-laboral,es:boe-a-2000-15060,BOE-A-2000-15060,Inspeccion de Trabajo y Seguridad Social,Jefatura de Inspeccion,missing_designated_actor,1,29,medium,medium,BOE-A-1988-24053,https://www.boe.es/buscar/doc.php?id=BOE-A-1988-24053,19/10/1988,1988-10-19,Ministerio de Asuntos Sociales,Orden de 14 de octubre de 1988 por la que se dispone el nombramiento de don Miguel José Sanz Aranda como Jefe de Inspección General de Servicios.,Miguel José Sanz Aranda,1,2,2,1,Miguel José Sanz Aranda,,https://www.boe.es/buscar/doc.php?id=BOE-A-1988-24053,Orden de 14 de octubre de 1988 por la que se dispone el nombramiento de don Miguel José Sanz Aranda como Jefe de Inspección General de Servicios.,review_for_possible_approval,pending,
delegated_enforcement_v1|es:boe-a-2000-15060:fragment:articulo:bloque-de-tipificacion-laboral|Ministerio de Trabajo|Inspeccion de Trabajo y Seguridad Social||https://www.boe.es/buscar/act.php?id=BOE-A-2000-15060,es:boe-a-2000-15060:fragment:articulo:bloque-de-tipificacion-laboral,es:boe-a-2000-15060,BOE-A-2000-15060,Inspeccion de Trabajo y Seguridad Social,Jefatura de Inspeccion,missing_designated_actor,2,28,weak,low,BOE-A-2006-5093,https://www.boe.es/buscar/doc.php?id=BOE-A-2006-5093,21/03/2006,2006-03-21,Ministerio de Defensa,"Orden DEF/795/2006, de 13 de marzo, por la que se dispone el nombramiento como Segundo Jefe de la Dirección de Infraestructura de la Inspección General del Ejército de Tierra, del General de Brigada del Cuerpo de Ingenieros Politécnicos don Gabriel Sierra Escriche.",,1,1,2,0,,,https://www.boe.es/buscar/doc.php?id=BOE-A-2006-5093,"Orden DEF/795/2006, de 13 de marzo, por la que se dispone el nombramiento como Segundo Jefe de la Dirección de Infraestructura de la Inspección General del Ejército de Tierra, del General de Brigada del Cuerpo de Ingenieros Politécnicos don Gabriel Sierra Escriche.",inspect_candidate_low_institution_overlap,pending,
delegated_enforcement_v1|es:boe-a-2000-15060:fragment:articulo:bloque-de-tipificacion-laboral|Ministerio de Trabajo|Inspeccion de Trabajo y Seguridad Social||https://www.boe.es/buscar/act.php?id=BOE-A-2000-15060,es:boe-a-2000-15060:fragment:articulo:bloque-de-tipificacion-laboral,es:boe-a-2000-15060,BOE-A-2000-15060,Inspeccion de Trabajo y Seguridad Social,Jefatura de Inspeccion,missing_designated_actor,3,27,weak,low,BOE-A-2006-1118,https://www.boe.es/buscar/doc.php?id=BOE-A-2006-1118,25/01/2006,2006-01-25,Ministerio de Economía y Hacienda,"Resolución de 17 de enero de 2006, de la Presidencia de la Agencia Estatal de Administración Tributaria, por la que se dispone el nombramiento de don Luis Carmelo de Andrés Herranz como Jefe de la Oficina Nacional de Investigación del Fraude del Departamento de Inspección Financiera y Tributaria.",Luis Carmelo de Andrés Herranz,1,1,2,0,Luis Carmelo de Andrés Herranz,,https://www.boe.es/buscar/doc.php?id=BOE-A-2006-1118,"Resolución de 17 de enero de 2006, de la Presidencia de la Agencia Estatal de Administración Tributaria, por la que se dispone el nombramiento de don Luis Carmelo de Andrés Herranz como Jefe de la Oficina Nacional de Investigación del Fraude del Departamento de Inspección Financiera y Tributaria.",inspect_candidate_low_institution_overlap,pending,
delegated_enforcement_v1|es:boe-a-2000-15060:fragment:articulo:bloque-de-tipificacion-laboral|Ministerio de Trabajo|Inspeccion de Trabajo y Seguridad Social||https://www.boe.es/buscar/act.php?id=BOE-A-2000-15060,es:boe-a-2000-15060:fragment:articulo:bloque-de-tipificacion-laboral,es:boe-a-2000-15060,BOE-A-2000-15060,Inspeccion de Trabajo y Seguridad Social,Jefatura de Inspeccion,missing_designated_actor,4,26,weak,low,BOE-A-2004-14329,https://www.boe.es/buscar/doc.php?id=BOE-A-2004-14329,02/08/2004,2004-08-02,Ministerio de Defensa,"Orden DEF/2605/2004, de 27 de julio, por la que se dispone el nombramiento del General de Brigada Veterinario del Cuerpo Militar de Sanidad don David Tabanera del Real como Jefe de Apoyo Veterinario de la Inspección General de Sanidad.",,1,1,2,0,,,https://www.boe.es/buscar/doc.php?id=BOE-A-2004-14329,"Orden DEF/2605/2004, de 27 de julio, por la que se dispone el nombramiento del General de Brigada Veterinario del Cuerpo Militar de Sanidad don David Tabanera del Real como Jefe de Apoyo Veterinario de la Inspección General de Sanidad.",inspect_candidate_low_institution_overlap,pending,
delegated_enforcement_v1|es:boe-a-2000-15060:fragment:articulo:bloque-de-tipificacion-laboral|Ministerio de Trabajo|Inspeccion de Trabajo y Seguridad Social||https://www.boe.es/buscar/act.php?id=BOE-A-2000-15060,es:boe-a-2000-15060:fragment:articulo:bloque-de-tipificacion-laboral,es:boe-a-2000-15060,BOE-A-2000-15060,Inspeccion de Trabajo y Seguridad Social,Jefatura de Inspeccion,missing_designated_actor,5,25,weak,low,BOE-A-2004-10572,https://www.boe.es/buscar/doc.php?id=BOE-A-2004-10572,08/06/2004,2004-06-08,Ministerio de Defensa,"Orden DEF/1678/2004, de 31 de mayo, por la que se dispone el nombramiento del General de Brigada del Cuerpo General de las Armas del Ejército de Tierra don Jesús Carlos Fernández Asensio como Jefe del Estado Mayor de la Inspección General del Ejército de Tierra.",,1,1,2,0,,,https://www.boe.es/buscar/doc.php?id=BOE-A-2004-10572,"Orden DEF/1678/2004, de 31 de mayo, por la que se dispone el nombramiento del General de Brigada del Cuerpo General de las Armas del Ejército de Tierra don Jesús Carlos Fernández Asensio como Jefe del Estado Mayor de la Inspección General del Ejército de Tierra.",inspect_candidate_low_institution_overlap,pending,
delegated_enforcement_v1|es:boe-a-2000-15060:fragment:articulo:bloque-de-tipificacion-laboral|Ministerio de Trabajo|Inspeccion de Trabajo y Seguridad Social||https://www.boe.es/buscar/act.php?id=BOE-A-2000-15060,es:boe-a-2000-15060:fragment:articulo:bloque-de-tipificacion-laboral,es:boe-a-2000-15060,BOE-A-2000-15060,Inspeccion de Trabajo y Seguridad Social,Jefatura de Inspeccion,missing_designated_actor,6,24,weak,low,BOE-A-2004-9370,https://www.boe.es/buscar/doc.php?id=BOE-A-2004-9370,20/05/2004,2004-05-20,Ministerio de Economía y Hacienda,"Resolución de 14 de mayo de 2004, de la Presidencia de la Agencia Estatal de Administración Tributaria, por la que se dispone el nombramiento como Inspector Jefe de la Oficina Nacional de Inspección del Departamento de Inspección Financiera y Tributaria de don Ángel Mariano Serrano Gutiérrez.",Ángel Mariano Serrano Gutiérrez,1,1,2,0,Ángel Mariano Serrano Gutiérrez,,https://www.boe.es/buscar/doc.php?id=BOE-A-2004-9370,"Resolución de 14 de mayo de 2004, de la Presidencia de la Agencia Estatal de Administración Tributaria, por la que se dispone el nombramiento como Inspector Jefe de la Oficina Nacional de Inspección del Departamento de Inspección Financiera y Tributaria de don Ángel Mariano Serrano Gutiérrez.",inspect_candidate_low_institution_overlap,pending,
delegated_enforcement_v1|es:boe-a-2000-15060:fragment:articulo:bloque-de-tipificacion-laboral|Ministerio de Trabajo|Inspeccion de Trabajo y Seguridad Social||https://www.boe.es/buscar/act.php?id=BOE-A-2000-15060,es:boe-a-2000-15060:fragment:articulo:bloque-de-tipificacion-laboral,es:boe-a-2000-15060,BOE-A-2000-15060,Inspeccion de Trabajo y Seguridad Social,Jefatura de Inspeccion,missing_designated_actor,7,23,weak,low,BOE-A-2004-9371,https://www.boe.es/buscar/doc.php?id=BOE-A-2004-9371,20/05/2004,2004-05-20,Ministerio de Economía y Hacienda,"Resolución de 14 de mayo de 2004, de la Presidencia de la Agencia Estatal de Administración Tributaria, por la que se dispone el nombramiento como Inspectora Jefe de la Oficina Nacional de Investigación del Fraude del Departamento de Inspección Financiera y Tributaria de doña Inmaculada Vela Sastre.",Inmaculada Vela Sastre,1,1,2,0,Inmaculada Vela Sastre,,https://www.boe.es/buscar/doc.php?id=BOE-A-2004-9371,"Resolución de 14 de mayo de 2004, de la Presidencia de la Agencia Estatal de Administración Tributaria, por la que se dispone el nombramiento como Inspectora Jefe de la Oficina Nacional de Investigación del Fraude del Departamento de Inspección Financiera y Tributaria de doña Inmaculada Vela Sastre.",inspect_candidate_low_institution_overlap,pending,
delegated_enforcement_v1|es:boe-a-2000-15060:fragment:articulo:bloque-de-tipificacion-laboral|Ministerio de Trabajo|Inspeccion de Trabajo y Seguridad Social||https://www.boe.es/buscar/act.php?id=BOE-A-2000-15060,es:boe-a-2000-15060:fragment:articulo:bloque-de-tipificacion-laboral,es:boe-a-2000-15060,BOE-A-2000-15060,Inspeccion de Trabajo y Seguridad Social,Jefatura de Inspeccion,missing_designated_actor,8,22,weak,low,BOE-A-2004-1308,https://www.boe.es/buscar/doc.php?id=BOE-A-2004-1308,22/01/2004,2004-01-22,Ministerio de Defensa,"Orden DEF/58/2004, de 13 de enero, por la que se dispone el nombramiento del General de Brigada del Cuerpo de Intendencia del Ejército del Aire don Gonzalo Martínez Laorden como Jefe de Administración Económica de la Inspección General de Sanidad de la Defensa.",,1,1,2,0,,,https://www.boe.es/buscar/doc.php?id=BOE-A-2004-1308,"Orden DEF/58/2004, de 13 de enero, por la que se dispone el nombramiento del General de Brigada del Cuerpo de Intendencia del Ejército del Aire don Gonzalo Martínez Laorden como Jefe de Administración Económica de la Inspección General de Sanidad de la Defensa.",inspect_candidate_low_institution_overlap,pending,
delegated_enforcement_v1|es:boe-a-2000-15060:fragment:articulo:bloque-de-tipificacion-laboral|Ministerio de Trabajo|Inspeccion de Trabajo y Seguridad Social||https://www.boe.es/buscar/act.php?id=BOE-A-2000-15060,es:boe-a-2000-15060:fragment:articulo:bloque-de-tipificacion-laboral,es:boe-a-2000-15060,BOE-A-2000-15060,Inspeccion de Trabajo y Seguridad Social,Jefatura de Inspeccion,missing_designated_actor,9,21,weak,low,BOE-A-2003-9523,https://www.boe.es/buscar/doc.php?id=BOE-A-2003-9523,10/05/2003,2003-05-10,Ministerio de Defensa,"Orden DEF/1135/2003, de 9 de mayo, por la que se dispone el nombramiento del Coronel Interventor del Cuerpo Militar de Intervención D. Juan Antonio Miguélez Paz como Jefe Adjunto de Administración Económica de la Inspección General de Sanidad de la Defensa.",Juan Antonio Miguélez Paz como Jefe,1,1,2,0,Juan Antonio Miguélez Paz como Jefe,,https://www.boe.es/buscar/doc.php?id=BOE-A-2003-9523,"Orden DEF/1135/2003, de 9 de mayo, por la que se dispone el nombramiento del Coronel Interventor del Cuerpo Militar de Intervención D. Juan Antonio Miguélez Paz como Jefe Adjunto de Administración Económica de la Inspección General de Sanidad de la Defensa.",inspect_candidate_low_institution_overlap,pending,
delegated_enforcement_v1|es:boe-a-2000-15060:fragment:articulo:bloque-de-tipificacion-laboral|Ministerio de Trabajo|Inspeccion de Trabajo y Seguridad Social||https://www.boe.es/buscar/act.php?id=BOE-A-2000-15060,es:boe-a-2000-15060:fragment:articulo:bloque-de-tipificacion-laboral,es:boe-a-2000-15060,BOE-A-2000-15060,Inspeccion de Trabajo y Seguridad Social,Jefatura de Inspeccion,missing_designated_actor,10,20,weak,low,BOE-A-2003-6450,https://www.boe.es/buscar/doc.php?id=BOE-A-2003-6450,31/03/2003,2003-03-31,Ministerio de Defensa,"Orden DEF/703/2003, de 20 de marzo, por la que se dispone el nombramiento del General de División del Cuerpo General de las Armas del Ejército de Tierra don Pedro Vigil Gallego como Jefe del Centro de Control de Generación de Fuerzas de la Inspección General de Movilización y Comandante Militar de las provincias de Burgos y Cantabria.",,1,1,2,0,,,https://www.boe.es/buscar/doc.php?id=BOE-A-2003-6450,"Orden DEF/703/2003, de 20 de marzo, por la que se dispone el nombramiento del General de División del Cuerpo General de las Armas del Ejército de Tierra don Pedro Vigil Gallego como Jefe del Centro de Control de Generación de Fuerzas de la Inspección General de Movilización y Comandante Militar de las provincias de Burgos y Cantabria.",inspect_candidate_low_institution_overlap,pending,
delegated_enforcement_v1|es:boe-a-2000-15060:fragment:articulo:bloque-de-tipificacion-laboral|Ministerio de Trabajo|Inspeccion de Trabajo y Seguridad Social||https://www.boe.es/buscar/act.php?id=BOE-A-2000-15060,es:boe-a-2000-15060:fragment:articulo:bloque-de-tipificacion-laboral,es:boe-a-2000-15060,BOE-A-2000-15060,Inspeccion de Trabajo y Seguridad Social,Jefatura de Inspeccion,missing_designated_actor,11,20,weak,low,BOE-A-2003-1595,https://www.boe.es/buscar/doc.php?id=BOE-A-2003-1595,25/01/2003,2003-01-25,Ministerio de Defensa,"Orden DEF/75/2003, de 20 de enero, por la que se dispone el nombramiento del General de División Médico del Cuerpo Militar de Sanidad don Alfonso López Miranda como Jefe de la División Asistencial de la Inspección General de Sanidad de la Defensa.",,1,1,2,0,,,https://www.boe.es/buscar/doc.php?id=BOE-A-2003-1595,"Orden DEF/75/2003, de 20 de enero, por la que se dispone el nombramiento del General de División Médico del Cuerpo Militar de Sanidad don Alfonso López Miranda como Jefe de la División Asistencial de la Inspección General de Sanidad de la Defensa.",inspect_candidate_low_institution_overlap,pending,
delegated_enforcement_v1|es:boe-a-2000-15060:fragment:articulo:bloque-de-tipificacion-laboral|Ministerio de Trabajo|Inspeccion de Trabajo y Seguridad Social||https://www.boe.es/buscar/act.php?id=BOE-A-2000-15060,es:boe-a-2000-15060:fragment:articulo:bloque-de-tipificacion-laboral,es:boe-a-2000-15060,BOE-A-2000-15060,Inspeccion de Trabajo y Seguridad Social,Jefatura de Inspeccion,missing_designated_actor,12,20,weak,low,BOE-A-2002-13462,https://www.boe.es/buscar/doc.php?id=BOE-A-2002-13462,09/07/2002,2002-07-09,Ministerio de Defensa,"Orden DEF/1710/2002, de 27 de junio, por la que se dispone el nombramiento del General de División Médico del Cuerpo Militar de Sanidad, don Antonio Pérez Peña como Jefe de la División Asistencial de la Inspección General de Sanidad de la Defensa.",,1,1,2,0,,,https://www.boe.es/buscar/doc.php?id=BOE-A-2002-13462,"Orden DEF/1710/2002, de 27 de junio, por la que se dispone el nombramiento del General de División Médico del Cuerpo Militar de Sanidad, don Antonio Pérez Peña como Jefe de la División Asistencial de la Inspección General de Sanidad de la Defensa.",inspect_candidate_low_institution_overlap,pending,
delegated_enforcement_v1|es:boe-a-2003-23186:fragment:articulo:bloque-sancionador-principal|Ministerio de Hacienda|AEAT|Delegaciones AEAT|https://www.boe.es/buscar/act.php?id=BOE-A-2003-23186,es:boe-a-2003-23186:fragment:articulo:bloque-sancionador-principal,es:boe-a-2003-23186,BOE-A-2003-23186,AEAT,Delegacion Especial,institutional_designated_actor,1,49,strong,high,BOE-A-2007-12769,https://www.boe.es/buscar/doc.php?id=BOE-A-2007-12769,30/06/2007,2007-06-30,Ministerio de Economía y Hacienda,"Resolución de 21 de junio de 2007, de la Presidencia de la Agencia Estatal de Administración Tributaria, por la que se dispone el nombramiento como Delegado Ejecutivo de la Delegación Especial de Andalucía, Ceuta y Melilla de don José Alberto García Valera.",José Alberto García Valera,2,4,1,1,,,https://www.boe.es/buscar/doc.php?id=BOE-A-2007-12769,"Resolución de 21 de junio de 2007, de la Presidencia de la Agencia Estatal de Administración Tributaria, por la que se dispone el nombramiento como Delegado Ejecutivo de la Delegación Especial de Andalucía, Ceuta y Melilla de don José Alberto García Valera.",review_for_possible_approval,pending,
delegated_enforcement_v1|es:boe-a-2003-23186:fragment:articulo:bloque-sancionador-principal|Ministerio de Hacienda|AEAT|Delegaciones AEAT|https://www.boe.es/buscar/act.php?id=BOE-A-2003-23186,es:boe-a-2003-23186:fragment:articulo:bloque-sancionador-principal,es:boe-a-2003-23186,BOE-A-2003-23186,AEAT,Delegacion Especial,institutional_designated_actor,2,48,strong,high,BOE-A-2006-2465,https://www.boe.es/buscar/doc.php?id=BOE-A-2006-2465,14/02/2006,2006-02-14,Ministerio de Economía y Hacienda,"Resolución de 8 de febrero de 2006, de la Presidencia de la Agencia Estatal de Administración Tributaria, por la que se dispone el nombramiento de don Jesús Manuel Andradas Heranz, como Delegado de Planificación y Control de la Delegación Especial de la Agencia Estatal de Administración Tributaria de Madrid.",Jesús Manuel Andradas Heranz,2,4,1,1,,,https://www.boe.es/buscar/doc.php?id=BOE-A-2006-2465,"Resolución de 8 de febrero de 2006, de la Presidencia de la Agencia Estatal de Administración Tributaria, por la que se dispone el nombramiento de don Jesús Manuel Andradas Heranz, como Delegado de Planificación y Control de la Delegación Especial de la Agencia Estatal de Administración Tributaria de Madrid.",review_for_possible_approval,pending,
delegated_enforcement_v1|es:boe-a-2003-23186:fragment:articulo:bloque-sancionador-principal|Ministerio de Hacienda|AEAT|Delegaciones AEAT|https://www.boe.es/buscar/act.php?id=BOE-A-2003-23186,es:boe-a-2003-23186:fragment:articulo:bloque-sancionador-principal,es:boe-a-2003-23186,BOE-A-2003-23186,AEAT,Delegacion Especial,institutional_designated_actor,3,47,strong,high,BOE-A-2004-9367,https://www.boe.es/buscar/doc.php?id=BOE-A-2004-9367,20/05/2004,2004-05-20,Ministerio de Economía y Hacienda,"Resolución de 14 de mayo de 2004, de la Presidencia de la Agencia Estatal de Administración Tributaria, por la que se dispone el nombramiento como Delegado Especial Adjunto Ejecutivo en la Delegación Especial de la Agencia Estatal de Administración Tributaria en Madrid de don Manuel Trillo Álvarez.",Manuel Trillo Álvarez,2,4,1,1,,,https://www.boe.es/buscar/doc.php?id=BOE-A-2004-9367,"Resolución de 14 de mayo de 2004, de la Presidencia de la Agencia Estatal de Administración Tributaria, por la que se dispone el nombramiento como Delegado Especial Adjunto Ejecutivo en la Delegación Especial de la Agencia Estatal de Administración Tributaria en Madrid de don Manuel Trillo Álvarez.",review_for_possible_approval,pending,
delegated_enforcement_v1|es:boe-a-2003-23186:fragment:articulo:bloque-sancionador-principal|Ministerio de Hacienda|AEAT|Delegaciones AEAT|https://www.boe.es/buscar/act.php?id=BOE-A-2003-23186,es:boe-a-2003-23186:fragment:articulo:bloque-sancionador-principal,es:boe-a-2003-23186,BOE-A-2003-23186,AEAT,Delegacion Especial,institutional_designated_actor,4,46,strong,high,BOE-A-2000-9987,https://www.boe.es/buscar/doc.php?id=BOE-A-2000-9987,30/05/2000,2000-05-30,Ministerio de Hacienda,"Resolución de 22 de mayo de 2000, de la Agencia Estatal de Administración Tributaria, por la que se dispone el nombramiento de don Manuel Trigo Portela como Delegado especial adjunto de Planificación y Control en la Delegación Especial de la Agencia Estatal de Administración Tributaria en Madrid.",Manuel Trigo Portela,2,4,1,1,,,https://www.boe.es/buscar/doc.php?id=BOE-A-2000-9987,"Resolución de 22 de mayo de 2000, de la Agencia Estatal de Administración Tributaria, por la que se dispone el nombramiento de don Manuel Trigo Portela como Delegado especial adjunto de Planificación y Control en la Delegación Especial de la Agencia Estatal de Administración Tributaria en Madrid.",review_for_possible_approval,pending,
delegated_enforcement_v1|es:boe-a-2003-23186:fragment:articulo:bloque-sancionador-principal|Ministerio de Hacienda|AEAT|Delegaciones AEAT|https://www.boe.es/buscar/act.php?id=BOE-A-2003-23186,es:boe-a-2003-23186:fragment:articulo:bloque-sancionador-principal,es:boe-a-2003-23186,BOE-A-2003-23186,AEAT,Delegacion Especial,institutional_designated_actor,5,45,strong,high,BOE-A-1999-7873,https://www.boe.es/buscar/doc.php?id=BOE-A-1999-7873,08/04/1999,1999-04-08,Ministerio de Economía y Hacienda,"Resolución de 18 de marzo de 1999, de la Agencia Estatal de Administración Tributaria, por la que se dispone el nombramiento de don Eduardo Córdoba Ocaña como Delegado especial adjunto ejecutivo en la Delegación Especial de la Agencia Estatal de Administración Tributaria en Madrid.",Eduardo Córdoba Ocaña,2,4,1,1,,,https://www.boe.es/buscar/doc.php?id=BOE-A-1999-7873,"Resolución de 18 de marzo de 1999, de la Agencia Estatal de Administración Tributaria, por la que se dispone el nombramiento de don Eduardo Córdoba Ocaña como Delegado especial adjunto ejecutivo en la Delegación Especial de la Agencia Estatal de Administración Tributaria en Madrid.",review_for_possible_approval,pending,
delegated_enforcement_v1|es:boe-a-2003-23186:fragment:articulo:bloque-sancionador-principal|Ministerio de Hacienda|AEAT|Delegaciones AEAT|https://www.boe.es/buscar/act.php?id=BOE-A-2003-23186,es:boe-a-2003-23186:fragment:articulo:bloque-sancionador-principal,es:boe-a-2003-23186,BOE-A-2003-23186,AEAT,Delegacion Especial,institutional_designated_actor,6,44,strong,high,BOE-A-1999-7874,https://www.boe.es/buscar/doc.php?id=BOE-A-1999-7874,08/04/1999,1999-04-08,Ministerio de Economía y Hacienda,"Resolución de 18 de marzo de 1999, de la Agencia Estatal de Administración Tributaria, por la que se dispone el nombramiento de don Juan Daniel Salido del Pozo como Delegado especial adjunto de Planificación y Control en la Delegación Especial de la Agencia Estatal de Administración Tributaria en Madrid.",Juan Daniel Salido del Pozo,2,4,1,1,,,https://www.boe.es/buscar/doc.php?id=BOE-A-1999-7874,"Resolución de 18 de marzo de 1999, de la Agencia Estatal de Administración Tributaria, por la que se dispone el nombramiento de don Juan Daniel Salido del Pozo como Delegado especial adjunto de Planificación y Control en la Delegación Especial de la Agencia Estatal de Administración Tributaria en Madrid.",review_for_possible_approval,pending,
delegated_enforcement_v1|es:boe-a-2003-23186:fragment:articulo:bloque-sancionador-principal|Ministerio de Hacienda|AEAT|Delegaciones AEAT|https://www.boe.es/buscar/act.php?id=BOE-A-2003-23186,es:boe-a-2003-23186:fragment:articulo:bloque-sancionador-principal,es:boe-a-2003-23186,BOE-A-2003-23186,AEAT,Delegacion Especial,institutional_designated_actor,7,43,strong,high,BOE-A-1999-7877,https://www.boe.es/buscar/doc.php?id=BOE-A-1999-7877,08/04/1999,1999-04-08,Ministerio de Economía y Hacienda,"Resolución de 18 de marzo de 1999, de la Agencia Estatal de Administración Tributaria, por la que se dispone el nombramiento de don Antonio Monill Serra como Delegado especial adjunto en la Delegación Especial de la Agencia Estatal de Administración Tributaria en Cataluña.",Antonio Monill Serra,2,4,1,1,,,https://www.boe.es/buscar/doc.php?id=BOE-A-1999-7877,"Resolución de 18 de marzo de 1999, de la Agencia Estatal de Administración Tributaria, por la que se dispone el nombramiento de don Antonio Monill Serra como Delegado especial adjunto en la Delegación Especial de la Agencia Estatal de Administración Tributaria en Cataluña.",review_for_possible_approval,pending,
delegated_enforcement_v1|es:boe-a-2003-23186:fragment:articulo:bloque-sancionador-principal|Ministerio de Hacienda|AEAT|Delegaciones AEAT|https://www.boe.es/buscar/act.php?id=BOE-A-2003-23186,es:boe-a-2003-23186:fragment:articulo:bloque-sancionador-principal,es:boe-a-2003-23186,BOE-A-2003-23186,AEAT,Delegacion Especial,institutional_designated_actor,8,42,strong,high,BOE-A-1999-7878,https://www.boe.es/buscar/doc.php?id=BOE-A-1999-7878,08/04/1999,1999-04-08,Ministerio de Economía y Hacienda,"Resolución de 18 de marzo de 1999, de la Agencia Estatal de Administración Tributaria, por la que se dispone el nombramiento de don Inocente Altozano Ferragut como Delegado especial adjunto en la Delegación Especial de la Agencia Estatal de Administración Tributaria en Valencia.",Inocente Altozano Ferragut,2,4,1,1,,,https://www.boe.es/buscar/doc.php?id=BOE-A-1999-7878,"Resolución de 18 de marzo de 1999, de la Agencia Estatal de Administración Tributaria, por la que se dispone el nombramiento de don Inocente Altozano Ferragut como Delegado especial adjunto en la Delegación Especial de la Agencia Estatal de Administración Tributaria en Valencia.",review_for_possible_approval,pending,
delegated_enforcement_v1|es:boe-a-2003-23186:fragment:articulo:bloque-sancionador-principal|Ministerio de Hacienda|AEAT|Delegaciones AEAT|https://www.boe.es/buscar/act.php?id=BOE-A-2003-23186,es:boe-a-2003-23186:fragment:articulo:bloque-sancionador-principal,es:boe-a-2003-23186,BOE-A-2003-23186,AEAT,Delegacion Especial,institutional_designated_actor,9,41,strong,high,BOE-A-1998-21461,https://www.boe.es/buscar/doc.php?id=BOE-A-1998-21461,11/09/1998,1998-09-11,Ministerio de Economía y Hacienda,"Resolución de 4 de septiembre de 1998, de la Agencia Estatal de Administración Tributaria, por la que se dispone el nombramiento de doña Yolanda González Carballeira como Delegada Especial adjunta para los Servicios en la Delegación Especial de la Agencia Estatal de Administración Tributaria en Madrid.",Yolanda González Carballeira,2,4,1,1,,,https://www.boe.es/buscar/doc.php?id=BOE-A-1998-21461,"Resolución de 4 de septiembre de 1998, de la Agencia Estatal de Administración Tributaria, por la que se dispone el nombramiento de doña Yolanda González Carballeira como Delegada Especial adjunta para los Servicios en la Delegación Especial de la Agencia Estatal de Administración Tributaria en Madrid.",review_for_possible_approval,pending,
delegated_enforcement_v1|es:boe-a-2003-23186:fragment:articulo:bloque-sancionador-principal|Ministerio de Hacienda|AEAT|Delegaciones AEAT|https://www.boe.es/buscar/act.php?id=BOE-A-2003-23186,es:boe-a-2003-23186:fragment:articulo:bloque-sancionador-principal,es:boe-a-2003-23186,BOE-A-2003-23186,AEAT,Delegacion Especial,institutional_designated_actor,10,40,strong,high,BOE-A-1997-24693,https://www.boe.es/buscar/doc.php?id=BOE-A-1997-24693,19/11/1997,1997-11-19,Ministerio de Economía y Hacienda,"Resolución de 12 de noviembre de 1997, de la Agencia Estatal de Administración Tributaria, por la que se dispone el nombramiento de doña Ana María Naveira Naveira como Delegada Especial de la Delegación Especial de la Agencia Estatal de Administración Tributaria de Madrid.",Ana María Naveira Naveira,2,4,1,1,,,https://www.boe.es/buscar/doc.php?id=BOE-A-1997-24693,"Resolución de 12 de noviembre de 1997, de la Agencia Estatal de Administración Tributaria, por la que se dispone el nombramiento de doña Ana María Naveira Naveira como Delegada Especial de la Delegación Especial de la Agencia Estatal de Administración Tributaria de Madrid.",review_for_possible_approval,pending,
delegated_enforcement_v1|es:boe-a-2003-23186:fragment:articulo:bloque-sancionador-principal|Ministerio de Hacienda|AEAT|Delegaciones AEAT|https://www.boe.es/buscar/act.php?id=BOE-A-2003-23186,es:boe-a-2003-23186:fragment:articulo:bloque-sancionador-principal,es:boe-a-2003-23186,BOE-A-2003-23186,AEAT,Delegacion Especial,institutional_designated_actor,11,40,strong,high,BOE-A-1997-17834,https://www.boe.es/buscar/doc.php?id=BOE-A-1997-17834,07/08/1997,1997-08-07,Ministerio de Economía y Hacienda,"Resolución de 30 de julio de 1997, de la Agencia Estatal de Administración Tributaria, por la que se dispone el nombramiento de don Juan Daniel Salido del Pozo como Delegado especial adjunto para las Administraciones en la Delegación Especial de la Agencia Estatal de Administración Tributaria en Madrid.",Juan Daniel Salido del Pozo,2,4,1,1,,,https://www.boe.es/buscar/doc.php?id=BOE-A-1997-17834,"Resolución de 30 de julio de 1997, de la Agencia Estatal de Administración Tributaria, por la que se dispone el nombramiento de don Juan Daniel Salido del Pozo como Delegado especial adjunto para las Administraciones en la Delegación Especial de la Agencia Estatal de Administración Tributaria en Madrid.",review_for_possible_approval,pending,
delegated_enforcement_v1|es:boe-a-2003-23186:fragment:articulo:bloque-sancionador-principal|Ministerio de Hacienda|AEAT|Delegaciones AEAT|https://www.boe.es/buscar/act.php?id=BOE-A-2003-23186,es:boe-a-2003-23186:fragment:articulo:bloque-sancionador-principal,es:boe-a-2003-23186,BOE-A-2003-23186,AEAT,Delegacion Especial,institutional_designated_actor,12,40,strong,high,BOE-A-1996-17115,https://www.boe.es/buscar/doc.php?id=BOE-A-1996-17115,26/07/1996,1996-07-26,Ministerio de Economía y Hacienda,"Resolución de 22 de julio de 1996, de la Agencia Estatal de Administración Tributaria, por la que se dispone el nombramiento de doña María Soledad Fernández Doctor, como Delegada Especial Adjunta para las Administraciones en la Delegación Especial de la Agencia Estatal de Administración Tributaria en Madrid.",María Soledad Fernández Doctor,2,4,1,1,,,https://www.boe.es/buscar/doc.php?id=BOE-A-1996-17115,"Resolución de 22 de julio de 1996, de la Agencia Estatal de Administración Tributaria, por la que se dispone el nombramiento de doña María Soledad Fernández Doctor, como Delegada Especial Adjunta para las Administraciones en la Delegación Especial de la Agencia Estatal de Administración Tributaria en Madrid.",review_for_possible_approval,pending,
delegated_enforcement_v1|es:boe-a-2003-23514:fragment:articulo:bloque-de-infracciones-tributarias|Ministerio de Hacienda|AEAT|Agencia Estatal de Administracion Tributaria|https://www.boe.es/buscar/act.php?id=BOE-A-2003-23514,es:boe-a-2003-23514:fragment:articulo:bloque-de-infracciones-tributarias,es:boe-a-2003-23514,BOE-A-2003-23514,AEAT,Direccion General de la AEAT,institutional_designated_actor,1,49,strong,high,BOE-A-2004-7862,https://www.boe.es/buscar/doc.php?id=BOE-A-2004-7862,29/04/2004,2004-04-29,Ministerio de Economía y Hacienda,"Corrección de erratas de la Resolución de 23 de abril de 2004, de la Presidencia de la Agencia Estatal de Administración Tributaria, por la que se dispone el nombramiento de doña Marta Guelbenzu Robles como Directora del Gabinete del Director General de la Agencia Estatal de Administración Tributaria.",Marta Guelbenzu Robles,1,4,1,1,,,https://www.boe.es/buscar/doc.php?id=BOE-A-2004-7862,"Corrección de erratas de la Resolución de 23 de abril de 2004, de la Presidencia de la Agencia Estatal de Administración Tributaria, por la que se dispone el nombramiento de doña Marta Guelbenzu Robles como Directora del Gabinete del Director General de la Agencia Estatal de Administración Tributaria.",review_for_possible_approval,pending,
delegated_enforcement_v1|es:boe-a-2003-23514:fragment:articulo:bloque-de-infracciones-tributarias|Ministerio de Hacienda|AEAT|Agencia Estatal de Administracion Tributaria|https://www.boe.es/buscar/act.php?id=BOE-A-2003-23514,es:boe-a-2003-23514:fragment:articulo:bloque-de-infracciones-tributarias,es:boe-a-2003-23514,BOE-A-2003-23514,AEAT,Direccion General de la AEAT,institutional_designated_actor,2,48,strong,high,BOE-A-2004-7797,https://www.boe.es/buscar/doc.php?id=BOE-A-2004-7797,28/04/2004,2004-04-28,Ministerio de Economía y Hacienda,"Resolución de 23 de abril de 2004, de la Presidencia de la Agencia Estatal de Administración Tributaria, por la que se dispone el nombramiento de doña Marta Guelbenzu Robles como Directora del Gabinete del Director General de la Agencia Estatal de Administración Tributaria.",Marta Guelbenzu Robles,1,4,1,1,,,https://www.boe.es/buscar/doc.php?id=BOE-A-2004-7797,"Resolución de 23 de abril de 2004, de la Presidencia de la Agencia Estatal de Administración Tributaria, por la que se dispone el nombramiento de doña Marta Guelbenzu Robles como Directora del Gabinete del Director General de la Agencia Estatal de Administración Tributaria.",review_for_possible_approval,pending,
delegated_enforcement_v1|es:boe-a-2003-23514:fragment:articulo:bloque-de-infracciones-tributarias|Ministerio de Hacienda|AEAT|Agencia Estatal de Administracion Tributaria|https://www.boe.es/buscar/act.php?id=BOE-A-2003-23514,es:boe-a-2003-23514:fragment:articulo:bloque-de-infracciones-tributarias,es:boe-a-2003-23514,BOE-A-2003-23514,AEAT,Direccion General de la AEAT,institutional_designated_actor,3,47,strong,high,BOE-A-2001-17172,https://www.boe.es/buscar/doc.php?id=BOE-A-2001-17172,11/09/2001,2001-09-11,Ministerio de Hacienda,"Resolución de 6 de septiembre de 2001, de la Agencia Estatal de Administración Tributaria, por la que se dispone el nombramiento de don Manuel de Vicente-Tutor Rodríguez como Jefe del Gabinete Técnico del Director general de la Agencia Estatal de Administración Tributaria.",Manuel de Vicente-Tutor Rodríguez,1,4,1,1,,,https://www.boe.es/buscar/doc.php?id=BOE-A-2001-17172,"Resolución de 6 de septiembre de 2001, de la Agencia Estatal de Administración Tributaria, por la que se dispone el nombramiento de don Manuel de Vicente-Tutor Rodríguez como Jefe del Gabinete Técnico del Director general de la Agencia Estatal de Administración Tributaria.",review_for_possible_approval,pending,
delegated_enforcement_v1|es:boe-a-2003-23514:fragment:articulo:bloque-de-infracciones-tributarias|Ministerio de Hacienda|AEAT|Agencia Estatal de Administracion Tributaria|https://www.boe.es/buscar/act.php?id=BOE-A-2003-23514,es:boe-a-2003-23514:fragment:articulo:bloque-de-infracciones-tributarias,es:boe-a-2003-23514,BOE-A-2003-23514,AEAT,Direccion General de la AEAT,institutional_designated_actor,4,46,strong,high,BOE-A-1998-28124,https://www.boe.es/buscar/doc.php?id=BOE-A-1998-28124,05/12/1998,1998-12-05,Ministerio de Economía y Hacienda,"Resolución de 2 de diciembre de 1998, de la Presidencia de la Agencia Estatal de la Administración Tributaria, por la que se dispone el nombramiento de doña Ángeles Fernández Pérez como Jefe del Gabinete Técnico del Director general de la Agencia Estatal de Administración Tributaria.",Ángeles Fernández Pérez,1,4,1,1,,,https://www.boe.es/buscar/doc.php?id=BOE-A-1998-28124,"Resolución de 2 de diciembre de 1998, de la Presidencia de la Agencia Estatal de la Administración Tributaria, por la que se dispone el nombramiento de doña Ángeles Fernández Pérez como Jefe del Gabinete Técnico del Director general de la Agencia Estatal de Administración Tributaria.",review_for_possible_approval,pending,
delegated_enforcement_v1|es:boe-a-2003-23514:fragment:articulo:bloque-de-infracciones-tributarias|Ministerio de Hacienda|AEAT|Agencia Estatal de Administracion Tributaria|https://www.boe.es/buscar/act.php?id=BOE-A-2003-23514,es:boe-a-2003-23514:fragment:articulo:bloque-de-infracciones-tributarias,es:boe-a-2003-23514,BOE-A-2003-23514,AEAT,Direccion General de la AEAT,institutional_designated_actor,5,45,strong,high,BOE-A-1993-22987,https://www.boe.es/buscar/doc.php?id=BOE-A-1993-22987,14/09/1993,1993-09-14,Ministerio de Economía y Hacienda,"Resolución de 13 de septiembre de 1993, de la Agencia Estatal de Administración Tributaria, por la que se dispone el nombramiento de doña María Isabel Martínez Gil como Jefa del Gabinete Técnico del Director general de la Agencia.",María Isabel Martínez Gil,1,4,1,1,,,https://www.boe.es/buscar/doc.php?id=BOE-A-1993-22987,"Resolución de 13 de septiembre de 1993, de la Agencia Estatal de Administración Tributaria, por la que se dispone el nombramiento de doña María Isabel Martínez Gil como Jefa del Gabinete Técnico del Director general de la Agencia.",review_for_possible_approval,pending,
delegated_enforcement_v1|es:boe-a-2003-23514:fragment:articulo:bloque-de-infracciones-tributarias|Ministerio de Hacienda|AEAT|Agencia Estatal de Administracion Tributaria|https://www.boe.es/buscar/act.php?id=BOE-A-2003-23514,es:boe-a-2003-23514:fragment:articulo:bloque-de-infracciones-tributarias,es:boe-a-2003-23514,BOE-A-2003-23514,AEAT,Direccion General de la AEAT,institutional_designated_actor,6,44,strong,high,BOE-A-2000-15274,https://www.boe.es/buscar/doc.php?id=BOE-A-2000-15274,11/08/2000,2000-08-11,Ministerio de Hacienda,"Resolución de 2 de agosto de 2000, de la Agencia Estatal de Administración Tributaria, por la que se dispone el nombramiento de don Vicente Peirats Cuesta como Vocal Asesor del Gabinete Técnico de la Dirección General de la Agencia Estatal de Administración Tributaria.",Vicente Peirats Cuesta,2,4,1,1,,,https://www.boe.es/buscar/doc.php?id=BOE-A-2000-15274,"Resolución de 2 de agosto de 2000, de la Agencia Estatal de Administración Tributaria, por la que se dispone el nombramiento de don Vicente Peirats Cuesta como Vocal Asesor del Gabinete Técnico de la Dirección General de la Agencia Estatal de Administración Tributaria.",review_for_possible_approval,pending,
delegated_enforcement_v1|es:boe-a-2003-23514:fragment:articulo:bloque-de-infracciones-tributarias|Ministerio de Hacienda|AEAT|Agencia Estatal de Administracion Tributaria|https://www.boe.es/buscar/act.php?id=BOE-A-2003-23514,es:boe-a-2003-23514:fragment:articulo:bloque-de-infracciones-tributarias,es:boe-a-2003-23514,BOE-A-2003-23514,AEAT,Direccion General de la AEAT,institutional_designated_actor,7,43,strong,high,BOE-A-1997-17316,https://www.boe.es/buscar/doc.php?id=BOE-A-1997-17316,31/07/1997,1997-07-31,Ministerio de Economía y Hacienda,"Resolución de 24 de julio de 1997, de la Agencia Estatal de Administración Tributaria, por la que se dispone el nombramiento de don Emilio Pujalte Méndez-Leite como Vocal asesor en el Gabinete Técnico de la Dirección General de la Agencia Estatal de Administración Tributaria.",Emilio Pujalte Méndez-Leite,2,4,1,1,,,https://www.boe.es/buscar/doc.php?id=BOE-A-1997-17316,"Resolución de 24 de julio de 1997, de la Agencia Estatal de Administración Tributaria, por la que se dispone el nombramiento de don Emilio Pujalte Méndez-Leite como Vocal asesor en el Gabinete Técnico de la Dirección General de la Agencia Estatal de Administración Tributaria.",review_for_possible_approval,pending,
delegated_enforcement_v1|es:boe-a-2003-23514:fragment:articulo:bloque-de-infracciones-tributarias|Ministerio de Hacienda|AEAT|Agencia Estatal de Administracion Tributaria|https://www.boe.es/buscar/act.php?id=BOE-A-2003-23514,es:boe-a-2003-23514:fragment:articulo:bloque-de-infracciones-tributarias,es:boe-a-2003-23514,BOE-A-2003-23514,AEAT,Direccion General de la AEAT,institutional_designated_actor,8,42,medium,medium,BOE-A-1997-89,https://www.boe.es/buscar/doc.php?id=BOE-A-1997-89,03/01/1997,1997-01-03,Ministerio de Economía y Hacienda,"Resolución de 30 de diciembre de 1996, de la Agencia Estatal de Administración Tributaria, por la que se dispone el nombramiento a don José Ignacio Ruiz Toledano como Vocal asesor en el Gabinete de la Dirección General de la Agencia Estatal de Administración Tributaria.",,2,4,1,1,,,https://www.boe.es/buscar/doc.php?id=BOE-A-1997-89,"Resolución de 30 de diciembre de 1996, de la Agencia Estatal de Administración Tributaria, por la que se dispone el nombramiento a don José Ignacio Ruiz Toledano como Vocal asesor en el Gabinete de la Dirección General de la Agencia Estatal de Administración Tributaria.",review_for_possible_approval,pending,
delegated_enforcement_v1|es:boe-a-2003-23514:fragment:articulo:bloque-de-infracciones-tributarias|Ministerio de Hacienda|AEAT|Agencia Estatal de Administracion Tributaria|https://www.boe.es/buscar/act.php?id=BOE-A-2003-23514,es:boe-a-2003-23514:fragment:articulo:bloque-de-infracciones-tributarias,es:boe-a-2003-23514,BOE-A-2003-23514,AEAT,Direccion General de la AEAT,institutional_designated_actor,9,41,strong,high,BOE-A-1996-22470,https://www.boe.es/buscar/doc.php?id=BOE-A-1996-22470,12/10/1996,1996-10-12,Ministerio de Economía y Hacienda,"Resolución de 26 de septiembre de 1996, de la Agencia Estatal de Administración Tributaria, por la que se dispone el nombramiento de doña Nieves Peral Pacheco, como Vocal Asesor en el Gabinete de la Dirección General de la Agencia Estatal de Administración Tributaria.",Nieves Peral Pacheco,2,4,1,1,,,https://www.boe.es/buscar/doc.php?id=BOE-A-1996-22470,"Resolución de 26 de septiembre de 1996, de la Agencia Estatal de Administración Tributaria, por la que se dispone el nombramiento de doña Nieves Peral Pacheco, como Vocal Asesor en el Gabinete de la Dirección General de la Agencia Estatal de Administración Tributaria.",review_for_possible_approval,pending,
delegated_enforcement_v1|es:boe-a-2003-23514:fragment:articulo:bloque-de-infracciones-tributarias|Ministerio de Hacienda|AEAT|Agencia Estatal de Administracion Tributaria|https://www.boe.es/buscar/act.php?id=BOE-A-2003-23514,es:boe-a-2003-23514:fragment:articulo:bloque-de-infracciones-tributarias,es:boe-a-2003-23514,BOE-A-2003-23514,AEAT,Direccion General de la AEAT,institutional_designated_actor,10,40,strong,high,BOE-A-1996-15179,https://www.boe.es/buscar/doc.php?id=BOE-A-1996-15179,03/07/1996,1996-07-03,Ministerio de Economía y Hacienda,"Resolución de 28 de junio de 1996, de la Agencia Estatal de Administración Tributaria, por la que se dispone el nombramiento de doña Asunción Pérez Román como Vocal Asesor en el Gabinete de la Dirección General de la Agencia Estatal de Administración Tributaria.",Asunción Pérez Román,2,4,1,1,,,https://www.boe.es/buscar/doc.php?id=BOE-A-1996-15179,"Resolución de 28 de junio de 1996, de la Agencia Estatal de Administración Tributaria, por la que se dispone el nombramiento de doña Asunción Pérez Román como Vocal Asesor en el Gabinete de la Dirección General de la Agencia Estatal de Administración Tributaria.",review_for_possible_approval,pending,
delegated_enforcement_v1|es:boe-a-2003-23514:fragment:articulo:bloque-de-infracciones-tributarias|Ministerio de Hacienda|AEAT|Agencia Estatal de Administracion Tributaria|https://www.boe.es/buscar/act.php?id=BOE-A-2003-23514,es:boe-a-2003-23514:fragment:articulo:bloque-de-infracciones-tributarias,es:boe-a-2003-23514,BOE-A-2003-23514,AEAT,Direccion General de la AEAT,institutional_designated_actor,11,40,strong,high,BOE-A-2001-4311,https://www.boe.es/buscar/doc.php?id=BOE-A-2001-4311,03/03/2001,2001-03-03,Ministerio de Hacienda,"Resolución de 31 de enero de 2001, de la Agencia Estatal de Administración Tributaria, por la que se dispone el nombramiento de doña María José Bárbara Silvar Formoso como Vocal Asesor en el Gabinete Técnico de la Dirección General de la Agencia.",María José Bárbara Silvar Formoso,2,4,1,1,,,https://www.boe.es/buscar/doc.php?id=BOE-A-2001-4311,"Resolución de 31 de enero de 2001, de la Agencia Estatal de Administración Tributaria, por la que se dispone el nombramiento de doña María José Bárbara Silvar Formoso como Vocal Asesor en el Gabinete Técnico de la Dirección General de la Agencia.",review_for_possible_approval,pending,
delegated_enforcement_v1|es:boe-a-2003-23514:fragment:articulo:bloque-de-infracciones-tributarias|Ministerio de Hacienda|AEAT|Agencia Estatal de Administracion Tributaria|https://www.boe.es/buscar/act.php?id=BOE-A-2003-23514,es:boe-a-2003-23514:fragment:articulo:bloque-de-infracciones-tributarias,es:boe-a-2003-23514,BOE-A-2003-23514,AEAT,Direccion General de la AEAT,institutional_designated_actor,12,40,strong,high,BOE-A-2001-4312,https://www.boe.es/buscar/doc.php?id=BOE-A-2001-4312,03/03/2001,2001-03-03,Ministerio de Hacienda,"Resolución de 15 de febrero de 2001, de la Agencia Estatal de Administración Tributaria, por la que se dispone el nombramiento de don Juan Francisco Redondo Sánchez como Vocal Asesor en el Gabinete Técnico de la Dirección General de la Agencia.",Juan Francisco Redondo Sánchez,2,4,1,1,,,https://www.boe.es/buscar/doc.php?id=BOE-A-2001-4312,"Resolución de 15 de febrero de 2001, de la Agencia Estatal de Administración Tributaria, por la que se dispone el nombramiento de don Juan Francisco Redondo Sánchez como Vocal Asesor en el Gabinete Técnico de la Dirección General de la Agencia.",review_for_possible_approval,pending,
delegated_enforcement_v1|es:boe-a-2004-18398:fragment:articulo:bloque-procedimental-y-de-graduacion|Ministerio de Hacienda|AEAT||https://www.boe.es/buscar/act.php?id=BOE-A-2004-18398,es:boe-a-2004-18398:fragment:articulo:bloque-procedimental-y-de-graduacion,es:boe-a-2004-18398,BOE-A-2004-18398,AEAT,Unidad procedimental sancionadora,missing_designated_actor|missing_enforcement_evidence_date,1,29,medium,medium,BOE-A-2024-12397,https://www.boe.es/buscar/doc.php?id=BOE-A-2024-12397,19/06/2024,2024-06-19,Ministerio de Hacienda,"Resolución de 12 de junio de 2024, de la Presidencia de la Agencia Estatal de Administración Tributaria, por la que se renueva el nombramiento de vocales de la Comisión Consultiva de Ética.",,0,4,1,1,,2024-06-19,https://www.boe.es/buscar/doc.php?id=BOE-A-2024-12397,"Resolución de 12 de junio de 2024, de la Presidencia de la Agencia Estatal de Administración Tributaria, por la que se renueva el nombramiento de vocales de la Comisión Consultiva de Ética.",review_for_possible_approval,pending,
delegated_enforcement_v1|es:boe-a-2004-18398:fragment:articulo:bloque-procedimental-y-de-graduacion|Ministerio de Hacienda|AEAT||https://www.boe.es/buscar/act.php?id=BOE-A-2004-18398,es:boe-a-2004-18398:fragment:articulo:bloque-procedimental-y-de-graduacion,es:boe-a-2004-18398,BOE-A-2004-18398,AEAT,Unidad procedimental sancionadora,missing_designated_actor|missing_enforcement_evidence_date,2,28,medium,medium,BOE-A-2010-5072,https://www.boe.es/buscar/doc.php?id=BOE-A-2010-5072,27/03/2010,2010-03-27,Ministerio de Economía y Hacienda,"Resolución de 17 de marzo de 2010, de la Presidencia de la Agencia Estatal de Administración Tributaria, por la que se delega el ejercicio de las competencias para el nombramiento y cese de los representantes de la Agencia Estatal de Administración Tributaria en las Comisiones o grupos de trabajo del Consejo Superior para la Dirección y Coordinación de la Gestión Tributaria, así como para el nombramiento y cese de los representantes y sus sustitutos de la Agencia en los Consejos Territoriales para la Dirección y Coordinación de la Gestión Tributaria.",,0,4,1,1,,2010-03-27,https://www.boe.es/buscar/doc.php?id=BOE-A-2010-5072,"Resolución de 17 de marzo de 2010, de la Presidencia de la Agencia Estatal de Administración Tributaria, por la que se delega el ejercicio de las competencias para el nombramiento y cese de los representantes de la Agencia Estatal de Administración Tributaria en las Comisiones o grupos de trabajo del Consejo Superior para la Dirección y Coordinación de la Gestión Tributaria, así como para el nombramiento y cese de los representantes y sus sustitutos de la Agencia en los Consejos Territoriales para la Dirección y Coordinación de la Gestión Tributaria.",review_for_possible_approval,pending,
delegated_enforcement_v1|es:boe-a-2004-18398:fragment:articulo:bloque-procedimental-y-de-graduacion|Ministerio de Hacienda|AEAT||https://www.boe.es/buscar/act.php?id=BOE-A-2004-18398,es:boe-a-2004-18398:fragment:articulo:bloque-procedimental-y-de-graduacion,es:boe-a-2004-18398,BOE-A-2004-18398,AEAT,Unidad procedimental sancionadora,missing_designated_actor|missing_enforcement_evidence_date,3,27,medium,medium,BOE-A-2008-9974,https://www.boe.es/buscar/doc.php?id=BOE-A-2008-9974,11/06/2008,2008-06-11,Ministerio de Economía y Hacienda,"Resolución de 10 de junio de 2008, de la Presidencia de la Agencia Estatal de Administración Tributaria, por la que se dispone el nombramiento como Director del Servicio de Auditoría Interna de la Agencia Estatal de Administración Tributaria, de don Tomás Merola Macanás.",Tomás Merola Macanás,0,4,1,1,Tomás Merola Macanás,2008-06-11,https://www.boe.es/buscar/doc.php?id=BOE-A-2008-9974,"Resolución de 10 de junio de 2008, de la Presidencia de la Agencia Estatal de Administración Tributaria, por la que se dispone el nombramiento como Director del Servicio de Auditoría Interna de la Agencia Estatal de Administración Tributaria, de don Tomás Merola Macanás.",review_for_possible_approval,pending,
delegated_enforcement_v1|es:boe-a-2004-18398:fragment:articulo:bloque-procedimental-y-de-graduacion|Ministerio de Hacienda|AEAT||https://www.boe.es/buscar/act.php?id=BOE-A-2004-18398,es:boe-a-2004-18398:fragment:articulo:bloque-procedimental-y-de-graduacion,es:boe-a-2004-18398,BOE-A-2004-18398,AEAT,Unidad procedimental sancionadora,missing_designated_actor|missing_enforcement_evidence_date,4,26,medium,medium,BOE-A-2008-9782,https://www.boe.es/buscar/doc.php?id=BOE-A-2008-9782,06/06/2008,2008-06-06,Ministerio de Economía y Hacienda,"Resolución de 4 de junio de 2008, de la Presidencia de la Agencia Estatal de Administración Tributaria, por la que se dispone el nombramiento como Delegado Especial de la Agencia Estatal de Administración Tributaria de Galicia de don Luis Antonio Pazos Franco.",Luis Antonio Pazos Franco,0,4,1,1,Luis Antonio Pazos Franco,2008-06-06,https://www.boe.es/buscar/doc.php?id=BOE-A-2008-9782,"Resolución de 4 de junio de 2008, de la Presidencia de la Agencia Estatal de Administración Tributaria, por la que se dispone el nombramiento como Delegado Especial de la Agencia Estatal de Administración Tributaria de Galicia de don Luis Antonio Pazos Franco.",review_for_possible_approval,pending,
delegated_enforcement_v1|es:boe-a-2004-18398:fragment:articulo:bloque-procedimental-y-de-graduacion|Ministerio de Hacienda|AEAT||https://www.boe.es/buscar/act.php?id=BOE-A-2004-18398,es:boe-a-2004-18398:fragment:articulo:bloque-procedimental-y-de-graduacion,es:boe-a-2004-18398,BOE-A-2004-18398,AEAT,Unidad procedimental sancionadora,missing_designated_actor|missing_enforcement_evidence_date,5,25,medium,medium,BOE-A-2008-8196,https://www.boe.es/buscar/doc.php?id=BOE-A-2008-8196,09/05/2008,2008-05-09,Ministerio de Economía y Hacienda,"Resolución de 29 de abril de 2008, de la Presidencia de la Agencia Estatal de Administración Tributaria, por la que se dispone el nombramiento como Secretario Técnico Permanente de la Comisión Mixta de Coordinación de la Gestión Tributaria y Director Adjunto del Departamento de Organización, Planificación y Relaciones Institucionales de don Gaspar Caballo Mingo.",Gaspar Caballo Mingo,0,4,1,1,Gaspar Caballo Mingo,2008-05-09,https://www.boe.es/buscar/doc.php?id=BOE-A-2008-8196,"Resolución de 29 de abril de 2008, de la Presidencia de la Agencia Estatal de Administración Tributaria, por la que se dispone el nombramiento como Secretario Técnico Permanente de la Comisión Mixta de Coordinación de la Gestión Tributaria y Director Adjunto del Departamento de Organización, Planificación y Relaciones Institucionales de don Gaspar Caballo Mingo.",review_for_possible_approval,pending,
delegated_enforcement_v1|es:boe-a-2004-18398:fragment:articulo:bloque-procedimental-y-de-graduacion|Ministerio de Hacienda|AEAT||https://www.boe.es/buscar/act.php?id=BOE-A-2004-18398,es:boe-a-2004-18398:fragment:articulo:bloque-procedimental-y-de-graduacion,es:boe-a-2004-18398,BOE-A-2004-18398,AEAT,Unidad procedimental sancionadora,missing_designated_actor|missing_enforcement_evidence_date,6,24,weak,low,BOE-A-2008-1343,https://www.boe.es/buscar/doc.php?id=BOE-A-2008-1343,25/01/2008,2008-01-25,Ministerio de Economía y Hacienda,"Resolución de 22 de enero de 2008, de la Presidencia de la Agencia Estatal de Administración Tributaria, por la que se dispone el nombramiento de don Luciano Alfonso Losada Suárez como Delegado de la Agencia Estatal de Administración Tributaria en Tarragona.",Luciano Alfonso Losada Suárez,0,4,1,1,Luciano Alfonso Losada Suárez,2008-01-25,https://www.boe.es/buscar/doc.php?id=BOE-A-2008-1343,"Resolución de 22 de enero de 2008, de la Presidencia de la Agencia Estatal de Administración Tributaria, por la que se dispone el nombramiento de don Luciano Alfonso Losada Suárez como Delegado de la Agencia Estatal de Administración Tributaria en Tarragona.",inspect_candidate,pending,
delegated_enforcement_v1|es:boe-a-2004-18398:fragment:articulo:bloque-procedimental-y-de-graduacion|Ministerio de Hacienda|AEAT||https://www.boe.es/buscar/act.php?id=BOE-A-2004-18398,es:boe-a-2004-18398:fragment:articulo:bloque-procedimental-y-de-graduacion,es:boe-a-2004-18398,BOE-A-2004-18398,AEAT,Unidad procedimental sancionadora,missing_designated_actor|missing_enforcement_evidence_date,7,23,weak,low,BOE-A-2007-21930,https://www.boe.es/buscar/doc.php?id=BOE-A-2007-21930,20/12/2007,2007-12-20,Ministerio de Economía y Hacienda,"Resolución de 12 de diciembre de 2007, de la Presidencia de la Agencia Estatal de Administración Tributaria, por la que se dispone el nombramiento como Delegada Especial de la Agencia en Aragón de doña Nuria Pozuelo Antoni.",Nuria Pozuelo Antoni,0,4,1,1,Nuria Pozuelo Antoni,2007-12-20,https://www.boe.es/buscar/doc.php?id=BOE-A-2007-21930,"Resolución de 12 de diciembre de 2007, de la Presidencia de la Agencia Estatal de Administración Tributaria, por la que se dispone el nombramiento como Delegada Especial de la Agencia en Aragón de doña Nuria Pozuelo Antoni.",inspect_candidate,pending,
delegated_enforcement_v1|es:boe-a-2004-18398:fragment:articulo:bloque-procedimental-y-de-graduacion|Ministerio de Hacienda|AEAT||https://www.boe.es/buscar/act.php?id=BOE-A-2004-18398,es:boe-a-2004-18398:fragment:articulo:bloque-procedimental-y-de-graduacion,es:boe-a-2004-18398,BOE-A-2004-18398,AEAT,Unidad procedimental sancionadora,missing_designated_actor|missing_enforcement_evidence_date,8,22,weak,low,BOE-A-2007-21931,https://www.boe.es/buscar/doc.php?id=BOE-A-2007-21931,20/12/2007,2007-12-20,Ministerio de Economía y Hacienda,"Resolución de 12 de diciembre de 2007, de la Presidencia de la Agencia Estatal de Administración Tributaria, por la que se dispone el nombramiento como Delegado de la Agencia en Ávila de don Juan José Fernández Sánchez.",Juan José Fernández Sánchez,0,4,1,1,Juan José Fernández Sánchez,2007-12-20,https://www.boe.es/buscar/doc.php?id=BOE-A-2007-21931,"Resolución de 12 de diciembre de 2007, de la Presidencia de la Agencia Estatal de Administración Tributaria, por la que se dispone el nombramiento como Delegado de la Agencia en Ávila de don Juan José Fernández Sánchez.",inspect_candidate,pending,
delegated_enforcement_v1|es:boe-a-2004-18398:fragment:articulo:bloque-procedimental-y-de-graduacion|Ministerio de Hacienda|AEAT||https://www.boe.es/buscar/act.php?id=BOE-A-2004-18398,es:boe-a-2004-18398:fragment:articulo:bloque-procedimental-y-de-graduacion,es:boe-a-2004-18398,BOE-A-2004-18398,AEAT,Unidad procedimental sancionadora,missing_designated_actor|missing_enforcement_evidence_date,9,21,weak,low,BOE-A-2007-21932,https://www.boe.es/buscar/doc.php?id=BOE-A-2007-21932,20/12/2007,2007-12-20,Ministerio de Economía y Hacienda,"Resolución de 12 de diciembre de 2007, de la Presidencia de la Agencia Estatal de Administración Tributaria, por la que se dispone el nombramiento como Subdirector General de Información y Asistencia Tributaria en el Departamento de Gestión y Tributaria de don Francisco Luis Via Ozalla.",Francisco Luis Via Ozalla,0,4,1,1,Francisco Luis Via Ozalla,2007-12-20,https://www.boe.es/buscar/doc.php?id=BOE-A-2007-21932,"Resolución de 12 de diciembre de 2007, de la Presidencia de la Agencia Estatal de Administración Tributaria, por la que se dispone el nombramiento como Subdirector General de Información y Asistencia Tributaria en el Departamento de Gestión y Tributaria de don Francisco Luis Via Ozalla.",inspect_candidate,pending,
delegated_enforcement_v1|es:boe-a-2004-18398:fragment:articulo:bloque-procedimental-y-de-graduacion|Ministerio de Hacienda|AEAT||https://www.boe.es/buscar/act.php?id=BOE-A-2004-18398,es:boe-a-2004-18398:fragment:articulo:bloque-procedimental-y-de-graduacion,es:boe-a-2004-18398,BOE-A-2004-18398,AEAT,Unidad procedimental sancionadora,missing_designated_actor|missing_enforcement_evidence_date,10,20,weak,low,BOE-A-2007-17354,https://www.boe.es/buscar/doc.php?id=BOE-A-2007-17354,04/10/2007,2007-10-04,Ministerio de Economía y Hacienda,"Resolución de 26 de septiembre de 2007, de la Presidencia de la Agencia Estatal de Administración Tributaria, por la que se dispone el nombramiento de don Domingo Javier Molina Moscoso como Subdirector General de Aplicaciones en el Departamento de Informática Tributaria.",Domingo Javier Molina Moscoso,0,4,1,1,Domingo Javier Molina Moscoso,2007-10-04,https://www.boe.es/buscar/doc.php?id=BOE-A-2007-17354,"Resolución de 26 de septiembre de 2007, de la Presidencia de la Agencia Estatal de Administración Tributaria, por la que se dispone el nombramiento de don Domingo Javier Molina Moscoso como Subdirector General de Aplicaciones en el Departamento de Informática Tributaria.",inspect_candidate,pending,
delegated_enforcement_v1|es:boe-a-2004-18398:fragment:articulo:bloque-procedimental-y-de-graduacion|Ministerio de Hacienda|AEAT||https://www.boe.es/buscar/act.php?id=BOE-A-2004-18398,es:boe-a-2004-18398:fragment:articulo:bloque-procedimental-y-de-graduacion,es:boe-a-2004-18398,BOE-A-2004-18398,AEAT,Unidad procedimental sancionadora,missing_designated_actor|missing_enforcement_evidence_date,11,20,weak,low,BOE-A-2007-14895,https://www.boe.es/buscar/doc.php?id=BOE-A-2007-14895,04/08/2007,2007-08-04,Ministerio de Economía y Hacienda,"Resolución de 27 de julio de 2007, de la Presidencia de la Agencia Estatal de Administración Tributaria, por la que se dispone el nombramiento de doña María Consuelo Sánchez García como Subdirectora General de Organización y Planificación en el Departamento de Recaudación.",María Consuelo Sánchez García,0,4,1,1,María Consuelo Sánchez García,2007-08-04,https://www.boe.es/buscar/doc.php?id=BOE-A-2007-14895,"Resolución de 27 de julio de 2007, de la Presidencia de la Agencia Estatal de Administración Tributaria, por la que se dispone el nombramiento de doña María Consuelo Sánchez García como Subdirectora General de Organización y Planificación en el Departamento de Recaudación.",inspect_candidate,pending,
delegated_enforcement_v1|es:boe-a-2004-18398:fragment:articulo:bloque-procedimental-y-de-graduacion|Ministerio de Hacienda|AEAT||https://www.boe.es/buscar/act.php?id=BOE-A-2004-18398,es:boe-a-2004-18398:fragment:articulo:bloque-procedimental-y-de-graduacion,es:boe-a-2004-18398,BOE-A-2004-18398,AEAT,Unidad procedimental sancionadora,missing_designated_actor|missing_enforcement_evidence_date,12,20,weak,low,BOE-A-2007-12768,https://www.boe.es/buscar/doc.php?id=BOE-A-2007-12768,30/06/2007,2007-06-30,Ministerio de Economía y Hacienda,"Resolución de 21 de junio de 2007, de la Agencia Estatal de Administración Tributaria, por la que se dispone el nombramiento como Delegado Especial de Canarias de don José Luis Rodríguez Díaz.",José Luis Rodríguez Díaz,0,4,1,1,José Luis Rodríguez Díaz,2007-06-30,https://www.boe.es/buscar/doc.php?id=BOE-A-2007-12768,"Resolución de 21 de junio de 2007, de la Agencia Estatal de Administración Tributaria, por la que se dispone el nombramiento como Delegado Especial de Canarias de don José Luis Rodríguez Díaz.",inspect_candidate,pending,
delegated_enforcement_v1|es:boe-a-2015-11722:fragment:articulo:bloque-sancionador-principal|Ministerio competente en trafico|DGT|Direccion General de Trafico|https://www.boe.es/buscar/act.php?id=BOE-A-2015-11722,es:boe-a-2015-11722:fragment:articulo:bloque-sancionador-principal,es:boe-a-2015-11722,BOE-A-2015-11722,DGT,Direccion General,institutional_designated_actor,1,49,strong,high,BOE-A-1996-12484,https://www.boe.es/buscar/doc.php?id=BOE-A-1996-12484,01/06/1996,1996-06-01,Ministerio del Interior,"Real Decreto 1343/1996, de 31 de mayo, por el que se dispone el nombramiento de don Carlos Muñoz-Repiso Izaguirre como Director general de Tráfico.",Carlos Muñoz-Repiso Izaguirre,1,2,1,1,,,https://www.boe.es/buscar/doc.php?id=BOE-A-1996-12484,"Real Decreto 1343/1996, de 31 de mayo, por el que se dispone el nombramiento de don Carlos Muñoz-Repiso Izaguirre como Director general de Tráfico.",review_for_possible_approval,pending,
delegated_enforcement_v1|es:boe-a-2015-11722:fragment:articulo:bloque-sancionador-principal|Ministerio competente en trafico|DGT|Direccion General de Trafico|https://www.boe.es/buscar/act.php?id=BOE-A-2015-11722,es:boe-a-2015-11722:fragment:articulo:bloque-sancionador-principal,es:boe-a-2015-11722,BOE-A-2015-11722,DGT,Direccion General,institutional_designated_actor,2,48,strong,high,BOE-A-1988-20990,https://www.boe.es/buscar/doc.php?id=BOE-A-1988-20990,03/09/1988,1988-09-03,Ministerio del Interior,"Real Decreto 932/1988, de 2 de septiembre, por el que se dispone el nombramiento de don Miguel María Muñoz Medina como Director general de Tráfico.",Miguel María Muñoz Medina,1,2,1,1,,,https://www.boe.es/buscar/doc.php?id=BOE-A-1988-20990,"Real Decreto 932/1988, de 2 de septiembre, por el que se dispone el nombramiento de don Miguel María Muñoz Medina como Director general de Tráfico.",review_for_possible_approval,pending,
delegated_enforcement_v1|es:boe-a-2015-11722:fragment:articulo:bloque-sancionador-principal|Ministerio competente en trafico|DGT|Direccion General de Trafico|https://www.boe.es/buscar/act.php?id=BOE-A-2015-11722,es:boe-a-2015-11722:fragment:articulo:bloque-sancionador-principal,es:boe-a-2015-11722,BOE-A-2015-11722,DGT,Direccion General,institutional_designated_actor,3,47,strong,high,BOE-A-1986-28415,https://www.boe.es/buscar/doc.php?id=BOE-A-1986-28415,27/10/1986,1986-10-27,Ministerio del Interior,"Real Decreto 2221/1986, de 24 de octubre, por el que se dispone el nombramiento de don David León Blanco como Director general de Tráfico.",David León Blanco,1,2,1,1,,,https://www.boe.es/buscar/doc.php?id=BOE-A-1986-28415,"Real Decreto 2221/1986, de 24 de octubre, por el que se dispone el nombramiento de don David León Blanco como Director general de Tráfico.",review_for_possible_approval,pending,
delegated_enforcement_v1|es:boe-a-2015-11722:fragment:articulo:bloque-sancionador-principal|Ministerio competente en trafico|DGT|Direccion General de Trafico|https://www.boe.es/buscar/act.php?id=BOE-A-2015-11722,es:boe-a-2015-11722:fragment:articulo:bloque-sancionador-principal,es:boe-a-2015-11722,BOE-A-2015-11722,DGT,Direccion General,institutional_designated_actor,4,46,medium,medium,BOE-A-2025-17408,https://www.boe.es/buscar/doc.php?id=BOE-A-2025-17408,01/09/2025,2025-09-01,Comisión Nacional del Mercado de Valores,"Resolución de 28 de agosto de 2025, de la Comisión Nacional del Mercado de Valores, por la que se publica cese y nombramiento de Director/a General del Servicio Jurídico y Secretario/a del Consejo, y cese de Director General Adjunto del Servicio Jurídico y Vicesecretario del Consejo.",,1,1,1,1,,,https://www.boe.es/buscar/doc.php?id=BOE-A-2025-17408,"Resolución de 28 de agosto de 2025, de la Comisión Nacional del Mercado de Valores, por la que se publica cese y nombramiento de Director/a General del Servicio Jurídico y Secretario/a del Consejo, y cese de Director General Adjunto del Servicio Jurídico y Vicesecretario del Consejo.",review_for_possible_approval,pending,
delegated_enforcement_v1|es:boe-a-2015-11722:fragment:articulo:bloque-sancionador-principal|Ministerio competente en trafico|DGT|Direccion General de Trafico|https://www.boe.es/buscar/act.php?id=BOE-A-2015-11722,es:boe-a-2015-11722:fragment:articulo:bloque-sancionador-principal,es:boe-a-2015-11722,BOE-A-2015-11722,DGT,Direccion General,institutional_designated_actor,5,45,medium,medium,BOE-A-2021-9014,https://www.boe.es/buscar/doc.php?id=BOE-A-2021-9014,31/05/2021,2021-05-31,Comisión Nacional del Mercado de Valores,"Resolución de 28 de mayo de 2021, de la Comisión Nacional del Mercado de Valores, por la que se publican el cese y nombramiento del Director General del Servicio Jurídico y Secretario del Consejo.",,1,1,1,1,,,https://www.boe.es/buscar/doc.php?id=BOE-A-2021-9014,"Resolución de 28 de mayo de 2021, de la Comisión Nacional del Mercado de Valores, por la que se publican el cese y nombramiento del Director General del Servicio Jurídico y Secretario del Consejo.",review_for_possible_approval,pending,
delegated_enforcement_v1|es:boe-a-2015-11722:fragment:articulo:bloque-sancionador-principal|Ministerio competente en trafico|DGT|Direccion General de Trafico|https://www.boe.es/buscar/act.php?id=BOE-A-2015-11722,es:boe-a-2015-11722:fragment:articulo:bloque-sancionador-principal,es:boe-a-2015-11722,BOE-A-2015-11722,DGT,Direccion General,institutional_designated_actor,6,44,medium,medium,BOE-A-2021-7143,https://www.boe.es/buscar/doc.php?id=BOE-A-2021-7143,01/05/2021,2021-05-01,Comisión Nacional del Mercado de Valores,"Resolución de 21 de abril de 2021, de la Comisión Nacional del Mercado de Valores, por la que se publican el cese y nombramiento del Director General de Mercados.",,1,1,1,1,,,https://www.boe.es/buscar/doc.php?id=BOE-A-2021-7143,"Resolución de 21 de abril de 2021, de la Comisión Nacional del Mercado de Valores, por la que se publican el cese y nombramiento del Director General de Mercados.",review_for_possible_approval,pending,
delegated_enforcement_v1|es:boe-a-2015-11722:fragment:articulo:bloque-sancionador-principal|Ministerio competente en trafico|DGT|Direccion General de Trafico|https://www.boe.es/buscar/act.php?id=BOE-A-2015-11722,es:boe-a-2015-11722:fragment:articulo:bloque-sancionador-principal,es:boe-a-2015-11722,BOE-A-2015-11722,DGT,Direccion General,institutional_designated_actor,7,43,medium,medium,BOE-A-2012-867,https://www.boe.es/buscar/doc.php?id=BOE-A-2012-867,20/01/2012,2012-01-20,Comunidad Autónoma del País Vasco,"Ley 4/1996, de 11 de octubre, de reforma de la Ley de creación del Ente Público ""Radio Televisión Vasca"" (Ley 5/1982, de 20 de mayo), referente a nombramiento y cese del Director General de EITB.",,1,1,1,1,,,https://www.boe.es/buscar/doc.php?id=BOE-A-2012-867,"Ley 4/1996, de 11 de octubre, de reforma de la Ley de creación del Ente Público ""Radio Televisión Vasca"" (Ley 5/1982, de 20 de mayo), referente a nombramiento y cese del Director General de EITB.",review_for_possible_approval,pending,
delegated_enforcement_v1|es:boe-a-2015-11722:fragment:articulo:bloque-sancionador-principal|Ministerio competente en trafico|DGT|Direccion General de Trafico|https://www.boe.es/buscar/act.php?id=BOE-A-2015-11722,es:boe-a-2015-11722:fragment:articulo:bloque-sancionador-principal,es:boe-a-2015-11722,BOE-A-2015-11722,DGT,Direccion General,institutional_designated_actor,8,42,medium,medium,BOE-A-2011-1716,https://www.boe.es/buscar/doc.php?id=BOE-A-2011-1716,31/01/2011,2011-01-31,Tribunal Supremo,"Sentencia de 11 de noviembre de 2010, de la Sala Tercera del Tribunal Supremo, por la que se anula el artículo 17.3 y disposición adicional primera del Real Decreto 1039/2009, de 29 de junio, en lo que se refiere a la Dirección General de Coordinación y Administración de los Servicios Periféricos, así como la disposición final primera, apartado 1.b) 2º y apartado 1.d) del Real Decreto 1086/2009, de 3 de julio, en lo que se refiere a la Dirección General de Formación y Orientación Universitaria y la de Relaciones Internacionales, anulando igualmente el nombramiento de Director General de Coordinación y Administración de los Servicios Periféricos efectuado por el Real Decreto 1095/2009 y de Director General de Formación y Orientación Universitaria efectuado por Real Decreto 1094/2009.",,2,2,1,1,,,https://www.boe.es/buscar/doc.php?id=BOE-A-2011-1716,"Sentencia de 11 de noviembre de 2010, de la Sala Tercera del Tribunal Supremo, por la que se anula el artículo 17.3 y disposición adicional primera del Real Decreto 1039/2009, de 29 de junio, en lo que se refiere a la Dirección General de Coordinación y Administración de los Servicios Periféricos, así como la disposición final primera, apartado 1.b) 2º y apartado 1.d) del Real Decreto 1086/2009, de 3 de julio, en lo que se refiere a la Dirección General de Formación y Orientación Universitaria y la de Relaciones Internacionales, anulando igualmente el nombramiento de Director General de Coordinación y Administración de los Servicios Periféricos efectuado por el Real Decreto 1095/2009 y de Director General de Formación y Orientación Universitaria efectuado por Real Decreto 1094/2009.",review_for_possible_approval,pending,
delegated_enforcement_v1|es:boe-a-2015-11722:fragment:articulo:bloque-sancionador-principal|Ministerio competente en trafico|DGT|Direccion General de Trafico|https://www.boe.es/buscar/act.php?id=BOE-A-2015-11722,es:boe-a-2015-11722:fragment:articulo:bloque-sancionador-principal,es:boe-a-2015-11722,BOE-A-2015-11722,DGT,Direccion General,institutional_designated_actor,9,41,strong,high,BOE-A-2008-8777,https://www.boe.es/buscar/doc.php?id=BOE-A-2008-8777,20/05/2008,2008-05-20,"Ministerio de Industria, Turismo y Comercio","Orden ITC/1379/2008, de 19 de mayo, por la que se dispone el nombramiento como Director General de Promoción del Instituto Español de Comercio Exterior de don Jaime Montalvo Domínguez de la Torre.",Jaime Montalvo Domínguez de la Torre,1,1,1,1,,,https://www.boe.es/buscar/doc.php?id=BOE-A-2008-8777,"Orden ITC/1379/2008, de 19 de mayo, por la que se dispone el nombramiento como Director General de Promoción del Instituto Español de Comercio Exterior de don Jaime Montalvo Domínguez de la Torre.",review_for_possible_approval,pending,
delegated_enforcement_v1|es:boe-a-2015-11722:fragment:articulo:bloque-sancionador-principal|Ministerio competente en trafico|DGT|Direccion General de Trafico|https://www.boe.es/buscar/act.php?id=BOE-A-2015-11722,es:boe-a-2015-11722:fragment:articulo:bloque-sancionador-principal,es:boe-a-2015-11722,BOE-A-2015-11722,DGT,Direccion General,institutional_designated_actor,10,40,strong,high,BOE-A-2004-9251,https://www.boe.es/buscar/doc.php?id=BOE-A-2004-9251,18/05/2004,2004-05-18,"Ministerio de Industria, Turismo y Comercio","Orden ITC/1353/2004, de 12 de mayo, por la que se dispone el nombramiento de don Mario Fernando Buisán García como Director General de Información e Inversiones del Instituto Español de Comercio Exterior.",Mario Fernando Buisán García,1,1,1,1,,,https://www.boe.es/buscar/doc.php?id=BOE-A-2004-9251,"Orden ITC/1353/2004, de 12 de mayo, por la que se dispone el nombramiento de don Mario Fernando Buisán García como Director General de Información e Inversiones del Instituto Español de Comercio Exterior.",review_for_possible_approval,pending,
delegated_enforcement_v1|es:boe-a-2015-11722:fragment:articulo:bloque-sancionador-principal|Ministerio competente en trafico|DGT|Direccion General de Trafico|https://www.boe.es/buscar/act.php?id=BOE-A-2015-11722,es:boe-a-2015-11722:fragment:articulo:bloque-sancionador-principal,es:boe-a-2015-11722,BOE-A-2015-11722,DGT,Direccion General,institutional_designated_actor,11,40,strong,high,BOE-A-2004-9252,https://www.boe.es/buscar/doc.php?id=BOE-A-2004-9252,18/05/2004,2004-05-18,"Ministerio de Industria, Turismo y Comercio","Orden ITC/1354/2004, de 12 de mayo, por la que se dispone el nombramiento de don Pedro Moriyón Díez-Canedo como Director General de Promoción del Instituto Español de Comercio Exterior.",Pedro Moriyón Díez-Canedo,1,1,1,1,,,https://www.boe.es/buscar/doc.php?id=BOE-A-2004-9252,"Orden ITC/1354/2004, de 12 de mayo, por la que se dispone el nombramiento de don Pedro Moriyón Díez-Canedo como Director General de Promoción del Instituto Español de Comercio Exterior.",review_for_possible_approval,pending,
delegated_enforcement_v1|es:boe-a-2015-11722:fragment:articulo:bloque-sancionador-principal|Ministerio competente en trafico|DGT|Direccion General de Trafico|https://www.boe.es/buscar/act.php?id=BOE-A-2015-11722,es:boe-a-2015-11722:fragment:articulo:bloque-sancionador-principal,es:boe-a-2015-11722,BOE-A-2015-11722,DGT,Direccion General,institutional_designated_actor,12,40,strong,high,BOE-A-2004-8194,https://www.boe.es/buscar/doc.php?id=BOE-A-2004-8194,04/05/2004,2004-05-04,Ministerio de Fomento,"Orden FOM/1149/2004, de 29 de abril, por la que se dispone el nombramiento de don Manuel Azuaga Moreno como Director General de la Entidad Pública Empresarial Aeropuertos Españoles y Navegación Aérea.",Manuel Azuaga Moreno,1,1,1,1,,,https://www.boe.es/buscar/doc.php?id=BOE-A-2004-8194,"Orden FOM/1149/2004, de 29 de abril, por la que se dispone el nombramiento de don Manuel Azuaga Moreno como Director General de la Entidad Pública Empresarial Aeropuertos Españoles y Navegación Aérea.",review_for_possible_approval,pending,
delegated_enforcement_v1|es:boe-a-2015-11724:fragment:articulo:bloque-de-infracciones-y-sanciones|Ministerio de Trabajo|Inspeccion de Trabajo y Seguridad Social|Organismo Estatal ITSS|https://www.boe.es/buscar/act.php?id=BOE-A-2015-11724,es:boe-a-2015-11724:fragment:articulo:bloque-de-infracciones-y-sanciones,es:boe-a-2015-11724,BOE-A-2015-11724,Inspeccion de Trabajo y Seguridad Social,Direccion del Organismo Estatal ITSS,institutional_designated_actor,1,29,medium,medium,BOE-A-1984-27292,https://www.boe.es/buscar/doc.php?id=BOE-A-1984-27292,15/12/1984,1984-12-15,Ministerio de Trabajo y Seguridad Social,"Real Decreto 2206/1984, de 12 de diciembre, por el que se dispone el nombramiento de don Juan Ignacio Moltó García como Director general de Inspección de Trabajo y Seguridad Social.",Juan Ignacio Moltó García,0,4,2,1,,,https://www.boe.es/buscar/doc.php?id=BOE-A-1984-27292,"Real Decreto 2206/1984, de 12 de diciembre, por el que se dispone el nombramiento de don Juan Ignacio Moltó García como Director general de Inspección de Trabajo y Seguridad Social.",review_for_possible_approval,pending,
delegated_enforcement_v1|es:boe-a-2015-11724:fragment:articulo:bloque-de-infracciones-y-sanciones|Ministerio de Trabajo|Inspeccion de Trabajo y Seguridad Social|Organismo Estatal ITSS|https://www.boe.es/buscar/act.php?id=BOE-A-2015-11724,es:boe-a-2015-11724:fragment:articulo:bloque-de-infracciones-y-sanciones,es:boe-a-2015-11724,BOE-A-2015-11724,Inspeccion de Trabajo y Seguridad Social,Direccion del Organismo Estatal ITSS,institutional_designated_actor,2,28,medium,medium,BOE-A-2001-17717,https://www.boe.es/buscar/doc.php?id=BOE-A-2001-17717,19/09/2001,2001-09-19,Ministerio de Trabajo y Asuntos Sociales,"Orden de 6 de septiembre de 2001 por la que se dispone el nombramiento, por el procedimiento de libre designación, de don Jaime Garicano Rojas como Subdirector general de Asuntos Generales de la Dirección General de la Inspección de Trabajo y Seguridad Social.",Jaime Garicano Rojas,1,4,2,1,,,https://www.boe.es/buscar/doc.php?id=BOE-A-2001-17717,"Orden de 6 de septiembre de 2001 por la que se dispone el nombramiento, por el procedimiento de libre designación, de don Jaime Garicano Rojas como Subdirector general de Asuntos Generales de la Dirección General de la Inspección de Trabajo y Seguridad Social.",review_for_possible_approval,pending,
delegated_enforcement_v1|es:boe-a-2015-11724:fragment:articulo:bloque-de-infracciones-y-sanciones|Ministerio de Trabajo|Inspeccion de Trabajo y Seguridad Social|Organismo Estatal ITSS|https://www.boe.es/buscar/act.php?id=BOE-A-2015-11724,es:boe-a-2015-11724:fragment:articulo:bloque-de-infracciones-y-sanciones,es:boe-a-2015-11724,BOE-A-2015-11724,Inspeccion de Trabajo y Seguridad Social,Direccion del Organismo Estatal ITSS,institutional_designated_actor,3,27,medium,medium,BOE-A-1987-15212,https://www.boe.es/buscar/doc.php?id=BOE-A-1987-15212,02/07/1987,1987-07-02,Ministerio de Trabajo y Seguridad Social,Orden de 24 de junio de 1987 por la que se dispone el nombramiento de don Angel Allue Buiza como Subdirector general de Coordinación y Planificación de la Dirección General de la Inspección de Trabajo y Seguridad Social.,Angel Allue Buiza,1,4,2,1,,,https://www.boe.es/buscar/doc.php?id=BOE-A-1987-15212,Orden de 24 de junio de 1987 por la que se dispone el nombramiento de don Angel Allue Buiza como Subdirector general de Coordinación y Planificación de la Dirección General de la Inspección de Trabajo y Seguridad Social.,review_for_possible_approval,pending,
delegated_enforcement_v1|es:boe-a-2015-11724:fragment:articulo:bloque-de-infracciones-y-sanciones|Ministerio de Trabajo|Inspeccion de Trabajo y Seguridad Social|Organismo Estatal ITSS|https://www.boe.es/buscar/act.php?id=BOE-A-2015-11724,es:boe-a-2015-11724:fragment:articulo:bloque-de-infracciones-y-sanciones,es:boe-a-2015-11724,BOE-A-2015-11724,Inspeccion de Trabajo y Seguridad Social,Direccion del Organismo Estatal ITSS,institutional_designated_actor,4,26,medium,medium,BOE-A-1985-12316,https://www.boe.es/buscar/doc.php?id=BOE-A-1985-12316,27/06/1985,1985-06-27,Ministerio de Trabajo y Seguridad Social,Orden de 3 de junio de 1985 por la que se dispone el nombramiento de don Urbano Martín Alonso como Subdirector general de Coordinación y Planificación en la Dirección General de la Inspección de Trabajo y Seguridad Social.,Urbano Martín Alonso,1,4,2,1,,,https://www.boe.es/buscar/doc.php?id=BOE-A-1985-12316,Orden de 3 de junio de 1985 por la que se dispone el nombramiento de don Urbano Martín Alonso como Subdirector general de Coordinación y Planificación en la Dirección General de la Inspección de Trabajo y Seguridad Social.,review_for_possible_approval,pending,
delegated_enforcement_v1|es:boe-a-2015-11724:fragment:articulo:bloque-de-infracciones-y-sanciones|Ministerio de Trabajo|Inspeccion de Trabajo y Seguridad Social|Organismo Estatal ITSS|https://www.boe.es/buscar/act.php?id=BOE-A-2015-11724,es:boe-a-2015-11724:fragment:articulo:bloque-de-infracciones-y-sanciones,es:boe-a-2015-11724,BOE-A-2015-11724,Inspeccion de Trabajo y Seguridad Social,Direccion del Organismo Estatal ITSS,institutional_designated_actor,5,25,medium,medium,BOE-A-1985-11137,https://www.boe.es/buscar/doc.php?id=BOE-A-1985-11137,14/06/1985,1985-06-14,Ministerio de Trabajo y Seguridad Social,"Orden de 23 de mayo de 1985 por la que se dispone el nombramiento de don Alejandro Mulas García, como Subdirector general de Inspección de Relaciones Laborales y Seguridad e Higiene en la Dirección General de la Inspección de Trabajo y Seguridad Social.",Alejandro Mulas García,1,4,2,1,,,https://www.boe.es/buscar/doc.php?id=BOE-A-1985-11137,"Orden de 23 de mayo de 1985 por la que se dispone el nombramiento de don Alejandro Mulas García, como Subdirector general de Inspección de Relaciones Laborales y Seguridad e Higiene en la Dirección General de la Inspección de Trabajo y Seguridad Social.",review_for_possible_approval,pending,
delegated_enforcement_v1|es:boe-a-2015-3442:fragment:articulo:bloque-sancionador-principal|Ministerio del Interior|Delegaciones/Subdelegaciones del Gobierno|Delegaciones del Gobierno|https://www.boe.es/buscar/act.php?id=BOE-A-2015-3442,es:boe-a-2015-3442:fragment:articulo:bloque-sancionador-principal,es:boe-a-2015-3442,BOE-A-2015-3442,Delegaciones/Subdelegaciones del Gobierno,Autoridad gubernativa,institutional_designated_actor,1,29,medium,medium,BOE-A-2008-12065,https://www.boe.es/buscar/doc.php?id=BOE-A-2008-12065,15/07/2008,2008-07-15,Ministerio de Administraciones Públicas,"Resolución de 16 de junio de 2008, de la Delegación del Gobierno en la Comunidad Autónoma de las Illes Balears, por la que se dispone el nombramiento de doña Sofía del Carmen Hernanz Costa como Directora Insular de la Administración General del Estado en Ibiza-Formentera.",Sofía del Carmen Hernanz Costa,0,3,1,1,,,https://www.boe.es/buscar/doc.php?id=BOE-A-2008-12065,"Resolución de 16 de junio de 2008, de la Delegación del Gobierno en la Comunidad Autónoma de las Illes Balears, por la que se dispone el nombramiento de doña Sofía del Carmen Hernanz Costa como Directora Insular de la Administración General del Estado en Ibiza-Formentera.",review_for_possible_approval,pending,
delegated_enforcement_v1|es:boe-a-2015-3442:fragment:articulo:bloque-sancionador-principal|Ministerio del Interior|Delegaciones/Subdelegaciones del Gobierno|Delegaciones del Gobierno|https://www.boe.es/buscar/act.php?id=BOE-A-2015-3442,es:boe-a-2015-3442:fragment:articulo:bloque-sancionador-principal,es:boe-a-2015-3442,BOE-A-2015-3442,Delegaciones/Subdelegaciones del Gobierno,Autoridad gubernativa,institutional_designated_actor,2,28,medium,medium,BOE-A-2008-11993,https://www.boe.es/buscar/doc.php?id=BOE-A-2008-11993,14/07/2008,2008-07-14,Ministerio de Administraciones Públicas,"Resolución de 9 de julio de 2008, de la Delegación del Gobierno en la Comunidad Autónoma de Castilla-La Mancha por la que se dispone el nombramiento de don Julio Magdalena Calvo como Subdelegado del Gobierno en Cuenca.",Julio Magdalena Calvo,0,3,1,1,,,https://www.boe.es/buscar/doc.php?id=BOE-A-2008-11993,"Resolución de 9 de julio de 2008, de la Delegación del Gobierno en la Comunidad Autónoma de Castilla-La Mancha por la que se dispone el nombramiento de don Julio Magdalena Calvo como Subdelegado del Gobierno en Cuenca.",review_for_possible_approval,pending,
delegated_enforcement_v1|es:boe-a-2015-3442:fragment:articulo:bloque-sancionador-principal|Ministerio del Interior|Delegaciones/Subdelegaciones del Gobierno|Delegaciones del Gobierno|https://www.boe.es/buscar/act.php?id=BOE-A-2015-3442,es:boe-a-2015-3442:fragment:articulo:bloque-sancionador-principal,es:boe-a-2015-3442,BOE-A-2015-3442,Delegaciones/Subdelegaciones del Gobierno,Autoridad gubernativa,institutional_designated_actor,3,27,medium,medium,BOE-A-2008-11994,https://www.boe.es/buscar/doc.php?id=BOE-A-2008-11994,14/07/2008,2008-07-14,Ministerio de Administraciones Públicas,"Resolución de 9 de julio de 2008, de la Delegación del Gobierno en la Comunidad Autónoma de Castilla-La Mancha por la que se dispone el nombramiento de doña Araceli Muñoz de Pedro como Subdelegada del Gobierno en Guadalajara.",Araceli Muñoz de Pedro,0,3,1,1,,,https://www.boe.es/buscar/doc.php?id=BOE-A-2008-11994,"Resolución de 9 de julio de 2008, de la Delegación del Gobierno en la Comunidad Autónoma de Castilla-La Mancha por la que se dispone el nombramiento de doña Araceli Muñoz de Pedro como Subdelegada del Gobierno en Guadalajara.",review_for_possible_approval,pending,
delegated_enforcement_v1|es:boe-a-2015-3442:fragment:articulo:bloque-sancionador-principal|Ministerio del Interior|Delegaciones/Subdelegaciones del Gobierno|Delegaciones del Gobierno|https://www.boe.es/buscar/act.php?id=BOE-A-2015-3442,es:boe-a-2015-3442:fragment:articulo:bloque-sancionador-principal,es:boe-a-2015-3442,BOE-A-2015-3442,Delegaciones/Subdelegaciones del Gobierno,Autoridad gubernativa,institutional_designated_actor,4,26,medium,medium,BOE-A-2008-2128,https://www.boe.es/buscar/doc.php?id=BOE-A-2008-2128,07/02/2008,2008-02-07,Ministerio de Administraciones Públicas,"Resolución de 30 de noviembre de 2007, de la Delegación del Gobierno en Canarias, por la que se dispone el nombramiento como Subdelegado del Gobierno en Santa Cruz de Tenerife de don José Antonio Batista Medina.",José Antonio Batista Medina,0,3,1,1,,,https://www.boe.es/buscar/doc.php?id=BOE-A-2008-2128,"Resolución de 30 de noviembre de 2007, de la Delegación del Gobierno en Canarias, por la que se dispone el nombramiento como Subdelegado del Gobierno en Santa Cruz de Tenerife de don José Antonio Batista Medina.",review_for_possible_approval,pending,
delegated_enforcement_v1|es:boe-a-2015-3442:fragment:articulo:bloque-sancionador-principal|Ministerio del Interior|Delegaciones/Subdelegaciones del Gobierno|Delegaciones del Gobierno|https://www.boe.es/buscar/act.php?id=BOE-A-2015-3442,es:boe-a-2015-3442:fragment:articulo:bloque-sancionador-principal,es:boe-a-2015-3442,BOE-A-2015-3442,Delegaciones/Subdelegaciones del Gobierno,Autoridad gubernativa,institutional_designated_actor,5,25,medium,medium,BOE-A-2008-1638,https://www.boe.es/buscar/doc.php?id=BOE-A-2008-1638,31/01/2008,2008-01-31,Ministerio de Administraciones Públicas,"Resolución de 11 enero de 2008, de la Delegación del Gobierno en Castilla y León, por la que se dispone el nombramiento como Subdelegada del Gobierno en Zamora de doña M. Josefa Chicote Alonso.",M,0,3,1,1,,,https://www.boe.es/buscar/doc.php?id=BOE-A-2008-1638,"Resolución de 11 enero de 2008, de la Delegación del Gobierno en Castilla y León, por la que se dispone el nombramiento como Subdelegada del Gobierno en Zamora de doña M. Josefa Chicote Alonso.",review_for_possible_approval,pending,
delegated_enforcement_v1|es:boe-a-2015-3442:fragment:articulo:bloque-sancionador-principal|Ministerio del Interior|Delegaciones/Subdelegaciones del Gobierno|Delegaciones del Gobierno|https://www.boe.es/buscar/act.php?id=BOE-A-2015-3442,es:boe-a-2015-3442:fragment:articulo:bloque-sancionador-principal,es:boe-a-2015-3442,BOE-A-2015-3442,Delegaciones/Subdelegaciones del Gobierno,Autoridad gubernativa,institutional_designated_actor,6,24,weak,low,BOE-A-2008-1639,https://www.boe.es/buscar/doc.php?id=BOE-A-2008-1639,31/01/2008,2008-01-31,Ministerio de Administraciones Públicas,"Resolución de 11 enero de 2008, de la Delegación del Gobierno en Castilla y León, por la que se dispone el nombramiento como Subdelegado del Gobierno en Palencia de don Raúl Ruiz Cortés.",Raúl Ruiz Cortés,0,3,1,1,,,https://www.boe.es/buscar/doc.php?id=BOE-A-2008-1639,"Resolución de 11 enero de 2008, de la Delegación del Gobierno en Castilla y León, por la que se dispone el nombramiento como Subdelegado del Gobierno en Palencia de don Raúl Ruiz Cortés.",inspect_candidate,pending,
delegated_enforcement_v1|es:boe-a-2015-3442:fragment:articulo:bloque-sancionador-principal|Ministerio del Interior|Delegaciones/Subdelegaciones del Gobierno|Delegaciones del Gobierno|https://www.boe.es/buscar/act.php?id=BOE-A-2015-3442,es:boe-a-2015-3442:fragment:articulo:bloque-sancionador-principal,es:boe-a-2015-3442,BOE-A-2015-3442,Delegaciones/Subdelegaciones del Gobierno,Autoridad gubernativa,institutional_designated_actor,7,23,weak,low,BOE-A-2007-18255,https://www.boe.es/buscar/doc.php?id=BOE-A-2007-18255,19/10/2007,2007-10-19,Ministerio de Administraciones Públicas,"Resolución de 1 de octubre de 2007, de la Delegación del Gobierno en Cataluña, por la que se dispone el nombramiento de doña María Montserrat García Llovera como Subdelegada del Gobierno en Barcelona.",María Montserrat García Llovera,0,3,1,1,,,https://www.boe.es/buscar/doc.php?id=BOE-A-2007-18255,"Resolución de 1 de octubre de 2007, de la Delegación del Gobierno en Cataluña, por la que se dispone el nombramiento de doña María Montserrat García Llovera como Subdelegada del Gobierno en Barcelona.",inspect_candidate,pending,
delegated_enforcement_v1|es:boe-a-2015-3442:fragment:articulo:bloque-sancionador-principal|Ministerio del Interior|Delegaciones/Subdelegaciones del Gobierno|Delegaciones del Gobierno|https://www.boe.es/buscar/act.php?id=BOE-A-2015-3442,es:boe-a-2015-3442:fragment:articulo:bloque-sancionador-principal,es:boe-a-2015-3442,BOE-A-2015-3442,Delegaciones/Subdelegaciones del Gobierno,Autoridad gubernativa,institutional_designated_actor,8,22,weak,low,BOE-A-2007-17216,https://www.boe.es/buscar/doc.php?id=BOE-A-2007-17216,02/10/2007,2007-10-02,Ministerio de Administraciones Públicas,"Resolución de 5 de septiembre de 2007, de la Delegación del Gobierno en Canarias, por la que se dispone el nombramiento como Director Insular de la Administración General del Estado en Fuerteventura, de don Eustaquio Juan Santana Gil.",Eustaquio Juan Santana Gil,0,3,1,1,,,https://www.boe.es/buscar/doc.php?id=BOE-A-2007-17216,"Resolución de 5 de septiembre de 2007, de la Delegación del Gobierno en Canarias, por la que se dispone el nombramiento como Director Insular de la Administración General del Estado en Fuerteventura, de don Eustaquio Juan Santana Gil.",inspect_candidate,pending,
delegated_enforcement_v1|es:boe-a-2015-3442:fragment:articulo:bloque-sancionador-principal|Ministerio del Interior|Delegaciones/Subdelegaciones del Gobierno|Delegaciones del Gobierno|https://www.boe.es/buscar/act.php?id=BOE-A-2015-3442,es:boe-a-2015-3442:fragment:articulo:bloque-sancionador-principal,es:boe-a-2015-3442,BOE-A-2015-3442,Delegaciones/Subdelegaciones del Gobierno,Autoridad gubernativa,institutional_designated_actor,9,21,weak,low,BOE-A-2007-16015,https://www.boe.es/buscar/doc.php?id=BOE-A-2007-16015,06/09/2007,2007-09-06,Ministerio de Administraciones Públicas,"Resolución de 8 de agosto de 2007, de la Delegación del Gobierno en Canarias, por la que se dispone el nombramiento de don Carmelo García Déniz, como Director Insular de la Administración General del Estado en Lanzarote.",Carmelo García Déniz,0,3,1,1,,,https://www.boe.es/buscar/doc.php?id=BOE-A-2007-16015,"Resolución de 8 de agosto de 2007, de la Delegación del Gobierno en Canarias, por la que se dispone el nombramiento de don Carmelo García Déniz, como Director Insular de la Administración General del Estado en Lanzarote.",inspect_candidate,pending,
delegated_enforcement_v1|es:boe-a-2015-3442:fragment:articulo:bloque-sancionador-principal|Ministerio del Interior|Delegaciones/Subdelegaciones del Gobierno|Delegaciones del Gobierno|https://www.boe.es/buscar/act.php?id=BOE-A-2015-3442,es:boe-a-2015-3442:fragment:articulo:bloque-sancionador-principal,es:boe-a-2015-3442,BOE-A-2015-3442,Delegaciones/Subdelegaciones del Gobierno,Autoridad gubernativa,institutional_designated_actor,10,20,weak,low,BOE-A-2007-15989,https://www.boe.es/buscar/doc.php?id=BOE-A-2007-15989,05/09/2007,2007-09-05,Ministerio de Administraciones Públicas,"Resolución de 23 de julio de 2007, de la Delegación del Gobierno en la Comunitat Valenciana, por la que se dispone el nombramiento como Subdelegada del Gobierno en Alicante de doña Encarnación Llinares Cuesta.",Encarnación Llinares Cuesta,0,3,1,1,,,https://www.boe.es/buscar/doc.php?id=BOE-A-2007-15989,"Resolución de 23 de julio de 2007, de la Delegación del Gobierno en la Comunitat Valenciana, por la que se dispone el nombramiento como Subdelegada del Gobierno en Alicante de doña Encarnación Llinares Cuesta.",inspect_candidate,pending,
delegated_enforcement_v1|es:boe-a-2015-3442:fragment:articulo:bloque-sancionador-principal|Ministerio del Interior|Delegaciones/Subdelegaciones del Gobierno|Delegaciones del Gobierno|https://www.boe.es/buscar/act.php?id=BOE-A-2015-3442,es:boe-a-2015-3442:fragment:articulo:bloque-sancionador-principal,es:boe-a-2015-3442,BOE-A-2015-3442,Delegaciones/Subdelegaciones del Gobierno,Autoridad gubernativa,institutional_designated_actor,11,20,weak,low,BOE-A-2007-15990,https://www.boe.es/buscar/doc.php?id=BOE-A-2007-15990,05/09/2007,2007-09-05,Ministerio de Administraciones Públicas,"Resolución de 23 de julio de 2007, de la Delegación del Gobierno en la Comunitat Valenciana, por la que se dispone el nombramiento como Subdelegado del Gobierno en Castellón de don Antonio Miguel Lorenzo Gorriz.",Antonio Miguel Lorenzo Gorriz,0,3,1,1,,,https://www.boe.es/buscar/doc.php?id=BOE-A-2007-15990,"Resolución de 23 de julio de 2007, de la Delegación del Gobierno en la Comunitat Valenciana, por la que se dispone el nombramiento como Subdelegado del Gobierno en Castellón de don Antonio Miguel Lorenzo Gorriz.",inspect_candidate,pending,
delegated_enforcement_v1|es:boe-a-2015-3442:fragment:articulo:bloque-sancionador-principal|Ministerio del Interior|Delegaciones/Subdelegaciones del Gobierno|Delegaciones del Gobierno|https://www.boe.es/buscar/act.php?id=BOE-A-2015-3442,es:boe-a-2015-3442:fragment:articulo:bloque-sancionador-principal,es:boe-a-2015-3442,BOE-A-2015-3442,Delegaciones/Subdelegaciones del Gobierno,Autoridad gubernativa,institutional_designated_actor,12,20,weak,low,BOE-A-2007-13493,https://www.boe.es/buscar/doc.php?id=BOE-A-2007-13493,13/07/2007,2007-07-13,Ministerio de Administraciones Públicas,"Resolución de 28 de junio de 2007, de la Delegación del Gobierno en Galicia, por la que se dispone el nombramiento como Subdelegado del Gobierno en A Coruña de don José Manuel Pose Mesura.",José Manuel Pose Mesura,0,3,1,1,,,https://www.boe.es/buscar/doc.php?id=BOE-A-2007-13493,"Resolución de 28 de junio de 2007, de la Delegación del Gobierno en Galicia, por la que se dispone el nombramiento como Subdelegado del Gobierno en A Coruña de don José Manuel Pose Mesura.",inspect_candidate,pending,
